sample_id,row_index,fold
d8214d67cd47dce6,0,2
89445419f6c44b95,1,1
0012d44e2ab7f2ce,2,3
686c5b91ab582e67,3,1
cc0ce57587b25c09,4,2
e70bdf3122605208,5,3
507884d0df6e803e,6,0
edd985d5b6cacd6b,7,1
59cb489abb9d404e,8,4
ab75d5134caa4536,9,4
abf7d0fff9acf1da,10,1
39b223853e67eb3b,11,3
66fc3703c11ece3d,12,3
13489d101ac83903,13,0
fca47778c951f7e9,14,2
6c1cd7c33fe6dac8,15,0
f19f38ce247e77e1,16,2
6de248379b51a538,17,2
67332ad819b30a2f,18,1
84681eae629dd552,19,2
f841252494dcdfc3,20,3
4b4ce5b6da311018,21,2
51ac652a2e84ecc8,22,3
bee805a979dbe50b,23,2
7bb0f8ec800e8a56,24,1
b703b81b439d1ee0,25,2
8c66276cc369f4cc,26,1
c2c43b0edbdcc40d,27,4
321205ebdf3c1516,28,4
e691bbca412bca84,29,4
fb368e5b915ca58b,30,1
745f70282c6c3f18,31,3
ea2513c8198dba9c,32,4
611d40158149559e,33,3
81493e0b3106c50c,34,0
d09609ef460cfbba,35,1
56b2704ad8991c3b,36,0
f689d77b9417f1f8,37,1
991c51af58438cd7,38,2
6327b1e4618308e8,39,0
70b57b6dbcd9f7ec,40,3
32a457352c41214c,41,0
17b2d43c38e1e141,42,3
6807f5192b6cd69a,43,3
4fb6e10a2d0e7c68,44,2
364f9b854b2ef1a5,45,2
4962d41a90cbd311,46,0
48b90b454e8382a7,47,4
86c8a41aec7ff30c,48,2
a2575a3d797bbf15,49,2
8e886eebb633ee38,50,3
547e196e016b3a3c,51,4
2fe72f73897d4695,52,0
2327abb9662d878e,53,4
1ce43c8c16d0ce47,54,1
9fda21e1606daac7,55,2
1598f82c531ce3e0,56,4
c634cae166417822,57,2
b825265dbf85cbc4,58,3
75d6f9b0091a9a03,59,4
54e3aa370366a041,60,2
1b8fd33a5561d5b0,61,1
ab9548b83e41d2c1,62,1
db61bbf6fcf354c4,63,0
a1b4aa70c6382bdd,64,4
b2889ef76b7d8561,65,4
a75769c5e3b69534,66,0
58027e13aeec1bf7,67,1
71f4d671cf77be70,68,2
4c43e528957af5d2,69,0
bd0b51e1ddde0928,70,1
baa79241a3194ccf,71,4
ceb2d84b3e64706e,72,0
5209b3fc9d18687e,73,1
197d0950d5b6a107,74,4
4c11de2eb902bf5b,75,1
e563c4b22ae46ba8,76,0
2170c4ac16e97e52,77,0
51ea54ba84f35b07,78,2
45a22445b49b74ca,79,0
2542c46e43f934cf,80,4
0b26f5f248498653,81,1
abba0435522ed7a0,82,0
f1ab3304861d9ab7,83,4
c66ed6eaa03a18e9,84,1
d451967ee72e71e0,85,0
894b1d95e8dcb016,86,2
2ad631eee55af98b,87,0
7fc8def0b8588200,88,0
caabe97ffa7a818a,89,4
97896e347985c9af,90,0
4905c53d66800e24,91,4
0905171c9a8652ea,92,4
db8d3d2fab4b5d36,93,2
3e0ad24f71aa4e81,94,3
12ca8832e9b909f4,95,3
436cf1f9d04ffba9,96,1
57a499289a02d50c,97,1
15d53fe9a7811658,98,2
9e9b05638b0f08b9,99,3
7973dce9b80df4bd,100,4
dfff7f7102a41914,101,2
e445997a15732acf,102,0
b73e00316dfac2dc,103,3
5869a5af89f3ad52,104,4
66b3786fd8accedb,105,4
17cd3075c01038cd,106,0
1e466064a8ea614b,107,0
29e3b766bf6bd7a6,108,3
c85d0703073d948c,109,3
282c2434dd650cdc,110,3
330fcb3045d18d2b,111,4
2c3d6f833f324da3,112,3
cfea7f30759b1518,113,3
9a12a3340bac7e3f,114,1
d1cea101042c31f3,115,2
e2cad3c1ae22f4ad,116,3
a14501a98aeed13e,117,2
9d23ed08fba548fe,118,3
21ccb9776550b1d4,119,0
907a31ba025d9cc1,120,0
b8c0239652d22bc7,121,3
a79f63c0ab4a569c,122,0
2aa74e6cb90d1ad9,123,2
992e0451fb22f095,124,4
32a2339d4e2d5e05,125,2
2a706468450b8071,126,1
1e19fee2b2f5dd95,127,4
08aa88e496250167,128,4
3f1b3ee72a361f1c,129,4
c9cb832ca74f9648,130,4
a7c09879d90550cd,131,1
aba5c8d75cce933d,132,4
64bc01144063120d,133,1
59e04b57f08a909d,134,0
b500e1a0c371232c,135,2
9cc45fe8a6cb6f9d,136,4
3547e18ab266a95d,137,1
35f3117af8becab2,138,3
71d4a09e2c161805,139,1
a7b40a7a50ebc197,140,2
eaf4e5a2160c588d,141,4
6915c58b0e56356a,142,3
cf5af51e3e35da7c,143,3
a925bd0157226572,144,0
8b2ab2c7331d18ba,145,3
12b04ee1374e0720,146,0
680dd06650a1d9fa,147,4
9340c8d49b85bf26,148,3
25f098485e9665cf,149,4
8fad75a291e5abe1,150,4
598638e27ef51e6f,151,3
47dc81e74551fa9d,152,1
41c06a0ce74cecb9,153,2
4a75ffc6ea00e65f,154,2
2e76febb17dff6ba,155,3
57adc9469b6c0adb,156,0
fc7626e5935925fa,157,2
d6fbba33d12d73ac,158,3
d241028945012d97,159,0
cdd977daaa1fae6c,160,4
8c1eec9be07c1fe2,161,4
2aae2f493e5bffaf,162,4
f680f3e7c4138378,163,4
5280bed0087d61a7,164,4
55e680c11fba9492,165,0
9367d068218de5c0,166,4
691f2a77bfcdb3c9,167,2
7525a7106c930c5b,168,1
2fcf1a1a66e45cfd,169,0
f07f201999e06d9b,170,1
60008cc0005dad31,171,3
7921b7f05e09c216,172,2
0eadec6f26d5dfb8,173,4
c34d258708bb6712,174,0
f32414cc5b15f3ae,175,0
d1ff142819ba72ca,176,0
cd50b6d1f0985963,177,1
3cc8ef39b6daa4dc,178,0
902b3921907ed6b1,179,2
e4bbd830207f8716,180,1
7d5e0b6588cb5af4,181,4
f88e1cf31dfcc951,182,0
2face602d835cc94,183,2
5591beea89fcebdd,184,2
457f101988650333,185,4
e22ff107d0982d9a,186,4
05b4a9d517359d5f,187,2
fca7bae9e3c690cd,188,3
591a1b7581fe21b2,189,3
9873c061971f1681,190,1
6bfb0e709cfc04a7,191,2
72ce5a1fcdbc92cc,192,0
2bae541b42773df0,193,2
bd1e474c24374b65,194,1
3508c8b8602ae248,195,4
7e7c73034fe8bb15,196,4
afed23f00a52ebd6,197,0
c78ce6d4210ec119,198,0
0a04599523862c01,199,2
07b611f8f355174b,200,1
69ccbc739afb52a4,201,3
35259f174b73e192,202,0
8b7056d7e13bb8a2,203,3
b35ecd31f7324ce3,204,2
ad9580161542e727,205,1
ac5d1c085d4a7d12,206,0
d923928129cfab5a,207,2
7338288ab3b4d14c,208,1
cf2310040df098bb,209,1
894a7ca9b0c1db45,210,3
1e8f292501fc9f67,211,3
21ce1b216b7c1de7,212,0
dd827ec4390a5499,213,3
f9899156bf52e1c6,214,0
916e5b2369f53334,215,2
c8a7a64bb6e66476,216,2
01625b44c2a22441,217,0
0bc5e6ed08d93f75,218,3
f5df5ee36e65af51,219,0
43369ae800420be3,220,2
e4a33e2a658066ae,221,1
fd9686afccf1d788,222,3
87b5b3bf609aab0e,223,4
4172e0220ab2aa46,224,2
595d167281a31ca1,225,4
6021a730d1f769ef,226,3
6ccf72066c46b6d0,227,4
3058e9eb0c7c78cc,228,4
eef7a633deaac0ba,229,0
374d10993ad44501,230,4
4012d347a79f5c2c,231,3
81bb7528bd4a0d3d,232,3
03b0bfb713e66c5b,233,4
c6ed25b995b5c9c1,234,0
ffa41b0d98e6a220,235,3
5390e26fc98550eb,236,2
df3b1257327d7d22,237,1
aae2270ead605e61,238,0
a2fd8ccd90de1208,239,3
19d2ebe2a4b6bdb5,240,3
87237c8569482b7c,241,0
aa1a2f05f4834893,242,3
4723bd6e3e479172,243,2
03ae2a8d4faafb19,244,1
e4363297db6cbe27,245,0
8890449d0613103f,246,3
ec1f2d9db2f0ce70,247,3
c159578f4b7e58b5,248,0
38d9356e89376418,249,0
6d2d71b3236290ac,250,3
e66bbcbc33a31c50,251,0
4ef8eda0c4ffc7c3,252,0
6f7ef44d5cb7127e,253,1
c9ce94cac2eb1324,254,3
34458a7cc5ea1d1e,255,3
ee021de28b4a9451,256,1
fd83edeee18b20fc,257,0
de2392a0152f6ae2,258,2
f2d8b1d870075824,259,0
5f2bd86986df8cca,260,1
101530803fe1bcfd,261,4
fff3cc96498cff9b,262,2
8a28a7ec3d54cfb0,263,2
2b15f3b7c0aac5d9,264,4
df5e097975917aab,265,0
2d09b49391c2662f,266,0
ef480ce1260d0447,267,4
7524d8ca78bb0535,268,0
242927d9b9174c24,269,2
a4d5a756630a1a9a,270,1
bf89a27413b529d7,271,3
1c4635ec79ff397f,272,4
9b63a44747ee53eb,273,3
6e096defbfb1d522,274,0
a3bcbd53a3d056fa,275,3
6085637133b5e8b3,276,4
77764d6277c582a2,277,3
bec5597e8b1bda23,278,2
406af6b468ddd45d,279,4
e6371ddc0f1df892,280,1
45d2dad5b6819f9b,281,0
50084da0c514c641,282,0
3510ad8d5dbd5fe9,283,2
87eb9b471753d028,284,1
7615c5d26e8abd47,285,1
34d75bc4718eb471,286,2
ea14e05d7219071a,287,0
dccffeb49cbb350d,288,2
dee9ca61ada4d294,289,3
b6ad6d6e68de83da,290,0
d168c6904e420540,291,1
461462db1d61c8c0,292,2
003cef821a883481,293,1
c15840062f86ba77,294,3
1de2228fb7d51836,295,3
0f62d105b0d77ceb,296,0
17c9c57228d755cc,297,2
bad95e033c0540b5,298,0
3592074e9f5a48f8,299,2
45f30568a549b5b0,300,4
4419cf79d0a342ed,301,1
8fde9be912e7429a,302,0
d708ad19aab0c69e,303,4
89f6161f76cef770,304,1
1944e3eda7aea2a0,305,4
b879ea4cdc6fe656,306,4
eb1bab09657413d8,307,3
fe671b32b59875f6,308,4
951ff1a86265ba2d,309,4
c7669976abda0072,310,3
612343c073d1a893,311,2
342ee14e2d4fc23b,312,1
bf6db88ff1a8b047,313,4
c50b29d4ac6764b0,314,1
23dfa14f581ba8d4,315,1
3279d4e83d19b61e,316,1
af1d68e93690df57,317,1
438661784dfd7e34,318,4
00640ceb7f317d80,319,0
43b2cc475fd97047,320,1
0b32a14a199f934a,321,4
84a9ca354b816dda,322,1
76c0d3abeee7ff6f,323,1
539386eccaf248bb,324,4
368ca80256c9b8e2,325,1
8bb4fe7808623d01,326,4
54d018f84bf63192,327,3
d7fdc7f58e194f6f,328,0
6c3936914f14b6ee,329,4
97f645e7807b1597,330,2
9abb60ce183e694c,331,4
32e281cf51c39cd0,332,1
792e9f2f481a5817,333,0
9bc4d69a539d2d76,334,2
f4a6d701a99dc7cd,335,4
f12f3d93893e1cf9,336,3
cb25ecc06c3d7318,337,2
57cdf75adad258d1,338,1
247a950cf9a19cc2,339,0
826f2c9344c57976,340,4
291a55ab570f5a47,341,0
0147b980cbaa9837,342,3
105a98ec1f7c60b5,343,2
29c0461955bf7b10,344,3
a75e894f9e8aee8c,345,3
0b92dd83ca32fe9d,346,1
fdb87c27bc488581,347,2
9f928266e53e3374,348,3
7ee4e6cb047f0ce6,349,3
2422c4de1e407104,350,3
0f0c78fb00937fb9,351,3
29985430f53d0feb,352,1
a9c6be14eff7dd67,353,4
3a63b545522ed377,354,3
bf5ffcb4b1124946,355,2
a53371ae735425b3,356,0
65505919b9d402ca,357,3
10ed377f4b6d6404,358,2
4c5e485167725057,359,4
30a491b2d56560e2,360,3
2095783244f8ee56,361,0
0cba13ec8d951873,362,0
2af8a601c9208881,363,4
040367ce8a753576,364,1
e43e831fd599ee95,365,2
047574fc343d72e8,366,4
69bb06df84b09a1f,367,1
09aa12ecab798614,368,3
62298dd31d5176ad,369,2
ffd2e1f2a68d18b6,370,3
efefb21d82f9af5c,371,0
f2208842c597168b,372,0
2cc0c1366cfaec7d,373,0
a16ed793a90ca29f,374,2
a64f5244d73dd628,375,2
ab0ed5fdeeacfe8f,376,1
ddd70be54d24d867,377,4
c19dab777c9d3029,378,0
510095bc15e163e1,379,2
6451a3f3d58318f7,380,3
ecc49d962a6bae52,381,1
9f015b5a0f2e0278,382,3
1b437eae8337ae85,383,1
df42cc6c2d570e24,384,2
07d60eac70dc6d00,385,4
367f739cc64d793c,386,2
bb0eed73e5c7093b,387,1
7f32e738e1d5bbe2,388,4
324aa1343f3a4077,389,0
9884650c03f0bd3a,390,3
d7f033b71f37f4ef,391,4
1e13be2668aeba96,392,3
0b73abe018214feb,393,4
8802e89e8d98c072,394,0
ce0cfa44af500241,395,1
795738add1e4b900,396,2
ef49452c3d95e095,397,0
ad5e0b3724a01e11,398,1
959a12eaafb52f74,399,0
31b52eec76ba6812,400,0
2f9f748178c4c10a,401,0
0c102f392d6a0d8f,402,2
c65845c10add687e,403,4
6adf3d2d3a5a9679,404,1
327ffbc87c86743c,405,3
3e8a6a571b999c11,406,3
7f8739da2689e6b9,407,2
91fac0ffd860eb8c,408,2
cbf00ebc10830fc7,409,1
02b7a0f4c13bafdb,410,0
0b9c14d519ebb235,411,4
4d8703605246ed04,412,1
98ce2ef246f98a8b,413,4
bd2e525c9f5f35d8,414,3
64712128a6d8f4ad,415,2
6c691c68fa170139,416,0
3d323384334f7bd3,417,4
9b94a7530bb4ae79,418,0
65634555ccb4ae53,419,2
b576e933955eb8ae,420,4
24536f4166fe465b,421,4
e3b6c01dd9e7cc00,422,4
fca5476803be4ad3,423,4
33bb94c057ff7d80,424,3
81099a60275740ab,425,1
814bbe4a81fe5fdd,426,0
ad3eeec72cfb4381,427,3
2c0b37280332959a,428,2
badd7f51b1d6df07,429,2
06807653314bc9ed,430,3
0c155938f7592436,431,0
2d60ca4d9df48ba1,432,1
977b8ce9c8430c1f,433,3
639c19e4484b98a4,434,1
e8c4d73d2e111973,435,2
1dcdcd601fb8ddc8,436,2
1b6ce774692e6867,437,2
c022253dcfd08287,438,1
dd6b808d171f3fe2,439,2
b565f62b126ac1fc,440,1
6d3c0ca61fb86bc0,441,2
613cf38152438a35,442,0
3fac4cf11936cb10,443,0
953d2fe41642f1fc,444,1
78437b7fb79cef1a,445,1
1825d323a061aafa,446,4
91feb652ddf62ab8,447,2
5fcac7d672d2b851,448,1
49b3686635a27ae0,449,4
50db259f868524df,450,0
1bb90bc65d80e675,451,1
501c64e1be2757b1,452,2
e5a6d93eb9b38613,453,0
a6d73e9d41617b01,454,1
731df2b1a0bdf66b,455,3
1ba53036e738c9b5,456,1
00e9cd7a851b60e9,457,2
122185a1973267c9,458,0
0e78ac8c7b3bbc40,459,3
13b90df216f3a1de,460,4
5645a1c76b1ab4c2,461,0
e11a2fc37e6f22e4,462,4
3576204e63f0b2e2,463,0
f3ca55b86e792754,464,3
9ed76f939cf7dbe5,465,2
62edd4529ac1360d,466,2
3b1b78944f2b84af,467,2
f73f1ee6880cbf4d,468,0
7aa492caa34248e0,469,4
99cb9ac7f3fb14fe,470,0
7bb015c84d109791,471,3
86aea56c015c18e6,472,0
37806278426d166f,473,0
6dbdf5da6bc95c1e,474,2
e0155c84222afc80,475,1
0975af005d2a60c7,476,1
7171df82ed6e65fe,477,1
6b52f8974da5e088,478,4
9acb38c2d6a37015,479,1
4c4a1ccb5f73caeb,480,0
6ce034b28967b038,481,3
f9068952de7e050c,482,1
44521a5af3ce9683,483,1
5347bd0106de67d9,484,3
651b22d22669c96d,485,3
85d76e80c66f054c,486,0
ef355dbdeb7f6afb,487,1
fcc94f4c921434b8,488,0
efcaa16757dbb524,489,2
2b14930734b0da64,490,3
ab87f22db9058cbe,491,1
dae5a74fda5850ab,492,4
a9a411947a6b17de,493,3
7e15d07cabfde0a3,494,0
86677d8b081d2f4e,495,0
cba346bcea3c2225,496,3
d6b6b118999350db,497,1
66922ba05f2d2768,498,0
930c208dab25840a,499,3
851583244f82f07e,500,1
0130ab68e3588784,501,3
a3b02d016999c373,502,3
d09b26b146b0cfd2,503,2
71052a36d038f53b,504,3
e8e1ae6949cd51ed,505,2
ccfc9ac3d289dd44,506,0
0e84417ec46a649d,507,4
d603e006cd3edff8,508,2
65559d4b363406fc,509,3
ae99d9e373c431e6,510,1
ac498a798db63c2c,511,3
f8c052d9e9927620,512,1
2467ca66a363e3c2,513,3
d91a9050ed7e2b3c,514,4
d402bb00f29f76aa,515,1
863b5062d86bc8c7,516,4
23ea01857025665a,517,2
597343193fc6cc11,518,4
29a1ccb8acb9668b,519,1
5c816dfb21ab6948,520,2
890863c8e611281e,521,2
cddd1c6af3a57417,522,3
6e010495e7403b47,523,3
fcb22d7f859b8cdc,524,2
3771e5b5b74e40a5,525,3
430d4a1285033da9,526,4
3b556e7d9fa972f5,527,4
e261955bac76cb16,528,4
242207db842f4676,529,4
d593a4e770f89330,530,1
a99fd8f5aafb20e8,531,1
399ed447807634cf,532,3
11f5ea19b4a4e04a,533,2
a82ff5f615ef95da,534,1
6c8de94d2d032d6d,535,4
9bb458d5f5739180,536,4
ef1cfd1400d9838f,537,1
30b7417535302c5b,538,2
8e056e779022fd68,539,0
cebf0b29086c5545,540,4
b419837abdbf53f3,541,3
3fee4ff6963de54d,542,4
ec9869cf50dcf6b1,543,2
8dc0f55fba82a018,544,4
e0dd3aff84fe95f3,545,1
578c7cf9b65965e9,546,0
b4e2755b383cdfe1,547,2
61220876bed90a52,548,2
18f0ec9d31eed002,549,2
f2137f631ea9f678,550,2
0dd948234f6615ec,551,3
234711ee3949e903,552,3
00774e612731fb7a,553,3
954858850163747a,554,0
059bead056fa83e6,555,3
b6d7f679e9d02454,556,4
ee9f14ba2c497d5e,557,0
1af5a3e01be5bf29,558,3
b5a64d35bbf39256,559,0
72bc90156b8593f4,560,4
428f778a6aae86e3,561,1
fd29b62b0bab5e71,562,0
153a65d162b74a22,563,4
b5ea21711ad5f65b,564,2
ea7a384205bcd9bb,565,4
0a41fada327270c3,566,1
2a435c8f01fd49f3,567,4
0a673880a91f0542,568,1
26c2d4437cecf4b3,569,2
cdbe94cf4cc6d0a3,570,1
ff49f14e311bf820,571,0
9fcdfb38f1bdc0e0,572,3
20035f532155109e,573,4
283db3c28393a101,574,2
e07d62bb8bdf85d3,575,3
837680d061db9c54,576,2
65915c765801e66f,577,2
cc35704a50974ee0,578,0
308859ae7abcbba2,579,2
b7434ff5229d1b13,580,0
edbd0c200c4fa299,581,3
bb55bf0d7aad3da2,582,3
e5fce4436c75a383,583,4
9a54f3d0644c1e73,584,2
0545aae18b84b233,585,2
4087646aca5176fe,586,3
4be0aac086fa8ce6,587,0
6b06fcea1929a267,588,1
49bb267571a9f131,589,0
4ee5c080ff4bef7d,590,1
bc593127a1612881,591,4
fec679b72915bf4d,592,1
dd9fd8f6f44a80fc,593,4
dba3a3412a342049,594,4
c61131440f648b55,595,3
f93238beed7d5af1,596,2
677597f5c8c14aca,597,4
acfaf20d9f06dbb5,598,3
3cf4d9a65e94984c,599,4
597df9b176dfef77,600,3
d3cab89fe4fbb99e,601,4
d321f83001e881dc,602,0
3b9c9ed3bf452a40,603,2
a3308cac75456784,604,3
41c9e1dfbfee493d,605,2
9111e416e01d09f8,606,0
be17bac9c0be13df,607,0
f599f4d0f7362f79,608,3
f577119f901589b5,609,1
504500c766c328b8,610,4
84565a618ef81c88,611,2
2e2c3972ecf55d3f,612,4
f6c912b6a8ba2099,613,4
6c191a5b5c1599de,614,3
102bc000b21dd666,615,1
877c64e9d027869d,616,0
8c58c3df4697b269,617,0
de9d435959285b21,618,2
037abd7a595eea70,619,4
4d13ab775024988b,620,4
3c9fd1b4ce6df0b3,621,4
fad72463f347ab1f,622,3
af2fc65af00067d1,623,2
e1db5eb227f2704a,624,1
148cb5273a98e4e9,625,3
bf142056287b72d5,626,0
98937b74d7718f96,627,2
299af826098bae36,628,3
f28646a0752128cd,629,4
b24004713f964f8f,630,0
f09688321016f4a0,631,2
794ceabc98feacc6,632,3
1964c267c22fa04f,633,1
c6d331b07e285d1b,634,3
5945d9c1692ecce7,635,3
e04ad0d3e3d9b3a4,636,4
b044a6525bd08f9d,637,3
20716c177a51f836,638,0
63fa0379fecfd8cc,639,1
ec5dd2d4e5107d3f,640,0
33d3b77d9b211885,641,4
412def6dedf2e16d,642,4
0f9cbecf00b5ea7e,643,3
f124f2e84dad0210,644,3
9ec403d99edf4a3b,645,2
f1af57fccf96f0e7,646,2
4473ac6fabb7000f,647,4
76b120b03696bba5,648,3
5b41d320d7a1dea1,649,4
ba2459e4463a131f,650,4
a724f60949597d3c,651,3
4118ac9a19795c17,652,4
0753a0b4eb85d987,653,0
e8bb6ff099d1589a,654,3
be67568bbd769273,655,3
739bea1327cb37d9,656,4
1d9497f0857803c6,657,0
99419d3535b50b80,658,4
bf54cf63e2a9d449,659,4
04656f3fea239620,660,4
850e959cd70d8eb6,661,4
f2f81449d6c86b3a,662,3
cf588145f6067a13,663,1
a9ef4f3b9375a300,664,0
cd99d3726643690e,665,1
69253beb2b4b9a49,666,4
c46a34a605169e29,667,4
70ee2b0603b96028,668,4
dcaa42c11e647694,669,2
84075763c24fbbea,670,4
78e8a7ef9d94c739,671,3
cb1058a221abab6c,672,4
3344b6ac472cb5cf,673,4
4f88a8e7bb6e25b0,674,4
670e27e798b468a9,675,2
0dcf935ce5d9a046,676,3
fbb81a8375473044,677,0
d477b657000bb9c9,678,0
032e62e964a43f40,679,3
6ad63d3a2a254907,680,4
8aae23430dab7551,681,0
cd07f581978df920,682,1
62ceb955a370558c,683,3
c32a1979364a3f5a,684,2
d2efdc89bf1cd1e2,685,2
3a50cbb891122a41,686,1
86a168ff4af9b1ef,687,3
dfe198ecdab3022a,688,3
5ea11ca46644dbad,689,4
869cbcd988b52e26,690,1
30f0cf5a31310e63,691,3
e6c162b7fa2f7d93,692,3
1b136c2f83de94ce,693,2
67b5719428270b0d,694,4
ea182bbbc3e731fd,695,3
ed8f80a32717a9f7,696,4
3318a2cf80c802be,697,3
60dee2f6928c8d64,698,2
5b99f8dfab7d3b3c,699,3
3029c3a351281fb5,700,0
3fd78b846fda9146,701,1
5763e268eab6ed3a,702,0
19cf3a5e442b8362,703,2
8efa16cfcd57c442,704,2
16be9dc2ca92e54b,705,0
ce0260cb94e8977e,706,4
0a44b7d35a27d879,707,0
a81054d7450f70cb,708,3
0822563b01b5f49d,709,0
822d9c304b63251e,710,3
8232ff0347620fc5,711,2
680d2a1d54cd01bc,712,1
e53cb702c2a295c9,713,1
68c8f020ef5894f5,714,4
bbfc9e4bb36f24c5,715,2
7086e8904fd40677,716,2
e2a7d40f6f8c5dbf,717,0
1645a62f09d73d90,718,2
a42d7db5fad0e30e,719,4
9a0709d640a5e36f,720,1
6c323a099d0f24b6,721,2
12c4e0c7b168391d,722,4
f31242636f2e930a,723,2
11dca2b5403d3ee9,724,0
63e838175e1fde7b,725,0
7c1959a8f0c8353c,726,1
042f74aa0542a05d,727,4
564ae17dd6939dac,728,1
3640d64e7ce537c8,729,0
2f6c70eb232aa9d5,730,3
f318bfe128364866,731,3
fef70a4fbf06c8c9,732,2
41876eb5b273d8ae,733,2
36d4e15a474b96c3,734,0
0bef85bfc53b1b4c,735,0
23713deb778c12e2,736,4
ce4d6994ca80ec2b,737,3
2fd0b215486f72f6,738,2
9561128bc66f797e,739,3
3decc0d0cde682fa,740,3
68cf8bb246926445,741,2
7df7a5a5c59fa6c6,742,3
7977703af82ca790,743,1
ad4ee8bb197b4bb8,744,3
dcd9de0d07a3a765,745,2
6762602226da0a9a,746,1
e3fb64fac631c967,747,4
abda5e7010054d75,748,0
e5a7b5a3f01bb0e3,749,4
0666264f86f54b55,750,3
e5b860252d789130,751,2
adf47a10feb5c7ca,752,2
a34f8bb791314341,753,3
b770ec66a8b478a4,754,3
0ab48d7997a54f59,755,4
69a9bc37b9c5bd13,756,2
4de74a377f4e340e,757,4
e9185e3732ef3d67,758,0
49763a487c0ca714,759,4
32d14a562aa89fa1,760,0
27d159f6708584a7,761,3
cfc0f311863c1232,762,1
b05b7499241cc8fa,763,4
aa9d551c4f361a9f,764,3
6fb15f7b88c523ac,765,3
9e115d6c7ca01651,766,1
1c787971dbe66619,767,4
e59c2ebbf769f5da,768,0
8922026cb8c34a87,769,3
d0a24dad1b9bf7ff,770,1
acf53c6dd64c69e7,771,4
1aa7cd734f431533,772,3
21b6a1e65d849e20,773,4
dc685310c7060232,774,0
674836735691bd56,775,0
21deb40f899369e8,776,3
cfd04661c9967910,777,2
1c070f808cda7d23,778,1
b15ad46f8e82efbe,779,0
64dc31a789530728,780,0
067714f856c7c020,781,4
9c6407eb98d36a2f,782,3
baaf1a883526e69c,783,1
5c116d515173e0c7,784,0
099d909c93db529f,785,0
1031937e7a7dcef2,786,0
cca693684ba4f99d,787,1
6b689196826f03af,788,0
fb9b4930a6e304d0,789,3
cd35eaa9baa5f29d,790,1
e0f6a631a5e15e0e,791,0
61c524ab8b708ec5,792,1
37e2fc5993edb9d7,793,1
21ada4e43815bf1c,794,2
7cfd9395e0c00dc3,795,4
000f7ff5a46d2893,796,3
50852ae69850cce5,797,4
075daac8c78f44a2,798,3
ee86aff1f10eb2f9,799,2
4c34ccc015590c8d,800,1
c90feb7759c151cc,801,3
961cb7dec9fcc49d,802,1
0d84fe0bc40c0cf2,803,0
aed107892298a80b,804,0
d609a572a5837eac,805,4
335a6b56cd9c38e3,806,4
6b21a65375c497c5,807,4
56cb31e54ffc0566,808,4
7f5d6e94bacfa869,809,1
d93aa7594514cf41,810,2
098c5432a6b2ed3f,811,2
9ffd3b7faa41d403,812,4
4ff933259d00bde4,813,4
1475ffa9341bf487,814,1
6db861dbed2bb150,815,1
8ba0b7f36cf75135,816,4
1ef570eadc41b5a4,817,1
cf01c9b2890804ed,818,4
79b662f81f6903e5,819,2
6dc1b02f839e02e5,820,3
555348a1fe0a53aa,821,4
1807fd9caab4dff2,822,4
356179777acf3823,823,4
0e9ac8510d108a66,824,3
0e647e38872a208b,825,3
d609aa6ba5066d6c,826,1
33d75775c318ea64,827,2
5d4362d5f5e8d825,828,0
a92f62dbd621ee9b,829,1
8ed758c3548e364f,830,2
527523b86cb03c96,831,1
31e0bb1b1228996e,832,1
e080867037eb472a,833,1
46fb2175a6b3b78a,834,0
6b59764e8dc727df,835,3
6e01465004fd4ed2,836,3
cb05b5e9d06bd38a,837,3
27414a5bbaca52f9,838,3
069d755138e20ee7,839,4
a46e8b391bdda622,840,4
03c85a601802792a,841,2
86b1953778decb43,842,2
59b2951d9f1e6953,843,0
fd35af00fdcc076f,844,0
1c399003f5bdb0c5,845,3
67a4313ea0ea937a,846,3
b2b5af18d350678b,847,1
11c8b5400f94c79c,848,2
72e2b1e311523c6c,849,1
7269b36447c1855e,850,2
9bb507c606d6eaed,851,1
3d6141e4dc210bb5,852,0
307e0a7fb2758827,853,0
6cb6796cc6de0c2a,854,0
6b57c2d889ae12c1,855,3
a77db5b47d2e52de,856,3
7849142c6200264b,857,1
34d44be5146a3bdd,858,4
b1ce31ca029fa410,859,1
9cda111beb6f927c,860,2
9df393968ab34aae,861,0
fcfd7815b88a4c53,862,2
350fca2ca370d55e,863,0
7cbbfaa55a676d6b,864,3
6ac12e10c7286747,865,0
161789b20a107f9e,866,0
b61f903eb6f1f254,867,4
17d9e6a62208259c,868,1
6722547994d253fa,869,1
9dcb3d6f7150e2cb,870,0
f8ff4041b2f70de2,871,4
2051b53f056c4de6,872,0
c1bf1f276b80d3e8,873,3
b2fbd0079aba570c,874,3
00934fc2d371aecc,875,1
b0e00ee08d59686b,876,0
bb29da4f40f30a12,877,0
c5d66e0b467033cb,878,1
5ae84da53c71e142,879,2
258ae6f5d4bd3d61,880,2
ddaaf817d7f25446,881,3
cbf4f4147f912827,882,3
b09f975d0ec145c7,883,0
5a7174442356c57e,884,0
e4533e9591c86530,885,3
7a24956f447ff89d,886,0
adf524969f08031d,887,4
d23fa0d50cb6b5c9,888,2
ec29a167e2cc32db,889,2
86385eb5de30d401,890,1
cdd462b2f8144ac1,891,1
7fb7a21285d830ee,892,3
bbe4e1e4c11f9456,893,4
0ec776f0d2357f9d,894,3
0e4694343839765e,895,0
a81eb53b09ed4877,896,4
c12284f7fe05a463,897,0
5cc0ad49daca2086,898,0
1dd80167938f324e,899,0
ed5b41ec2c1e1ea1,900,0
8160c1d83243e53a,901,0
7296bcc9c99c0af4,902,3
ec33e6cfdf169768,903,3
15545c67160f6c54,904,1
0350db5c2763f183,905,4
7e3199ae153d40ae,906,0
359ed608a5013ee0,907,1
0acbf04a2a78da91,908,4
2e8e1f20e72b2072,909,4
4316e26e5377c063,910,3
e0dba4d53da6ab4a,911,4
12e26289b9b42e21,912,3
babf4a9cf9581865,913,0
2603fe18c0bf7569,914,3
a63e6445e5f3e903,915,4
53ea3fb938b4366a,916,1
17ba39bde9bcacb3,917,2
f64a6854d55b9abc,918,4
c62fb8bde4a6f266,919,2
f9391e4c7c454767,920,2
d435271eedd1b639,921,3
410e140074177c3d,922,0
43c06f570e8b5005,923,1
601c528802e95631,924,4
7e20227b07ce63e0,925,1
17eeecc9b6f4fe44,926,0
94a046606028433d,927,1
04ee83d5fa5a4361,928,0
7cfd65344fe5b90e,929,1
4cd13a38704932ee,930,3
c14edfe6b4c7bc7c,931,3
f6cbc8cc8ef603ef,932,4
7c83396501722926,933,1
2c26d9bbf915a1a0,934,3
832c1470cd8128fd,935,2
d720446c85ffdfa0,936,1
8464c6416882e20f,937,3
d1545d59c3cd48cd,938,2
fddf639e791c9f56,939,0
d008bfe7daa56166,940,2
015c534633bfa986,941,2
b2fda07d62ac4b24,942,1
663760ed25580b41,943,4
b52817738b03ad53,944,3
7a91b8052aa34d46,945,4
9daa4b67c2c5799d,946,4
a65e6b2f42f03823,947,1
16dcf9814c1e24d0,948,0
bc7afb22d14ed4c3,949,0
e39297089f6321b1,950,3
c3deed92a44afdbd,951,3
4bbf26a5d72713d6,952,4
c947baed5949f455,953,0
16e29888f0b711be,954,0
30ff4e8fe0bb9a11,955,2
c770cec571c82ee8,956,3
850af2de61220089,957,4
abfa87205be237ca,958,4
4638873696bb96d4,959,0
4d4fc21d22a7cb5a,960,4
c877ba1414568083,961,2
f7ca38615eccb668,962,4
0d19ef1b1e15cfab,963,1
4a6b0b40aceb74b4,964,4
03ca55c6d0373bb1,965,2
2d827b0540298d0d,966,0
5cc35580fb0d5ac4,967,2
2b8d1be8832ebd7a,968,0
070a92fe2b5d0184,969,0
e884dbdf7b2c380c,970,2
77aa8bab9ccb2e37,971,4
9943a5a1ffcab2e0,972,3
0c0b87e1213955f0,973,2
8c6166e3d0d3d6d1,974,1
44e957bc1d5c9ae3,975,4
53e674adca734335,976,4
08b98f0e3bebcd28,977,3
f069f97beaef989c,978,2
df738325613ec7e0,979,4
8324d07526033650,980,3
f684fe21f9ce1fac,981,4
a73529d00f2e8c27,982,3
b68cbf4b5b66be94,983,3
b56f64fd05286eab,984,3
11dd55bd5cee6e9e,985,4
147988b1c4fa2f3b,986,4
76c61da993939d52,987,2
63b504cffa54d6a6,988,1
bd205685b488a2b0,989,2
e58c868c7aeea033,990,0
c9f79bdce7c9e561,991,2
86190197c2b8cd0d,992,0
290346a0e0fed88e,993,0
4169747f7e4b5ee6,994,3
7dde772ee21db61c,995,0
3a8a8d2752c33c15,996,1
eed418d56065b6a8,997,4
4d43d24e49cf91bc,998,0
ed31ce53bb6c910e,999,2
46c20d3d2d3753d1,1000,1
bfea218916e98b73,1001,0
f7b7d89f69460776,1002,0
6228fd06b991bbf1,1003,3
036ec98744646e25,1004,2
218d768dc504dd93,1005,2
a6d0b79d321e1c29,1006,3
03aff7e352fb19df,1007,0
3078b39c558c1ad3,1008,4
8211ecacb9fd0b09,1009,1
e3945fbfbe888a34,1010,3
158f9ba57c88ac5b,1011,3
0cc56b79e0d0456e,1012,4
e6ab3ad36a42ff75,1013,1
ce2deb8b83d2d19e,1014,2
68a53b051c2df691,1015,1
04da2dba556fa753,1016,0
10bbe65d2b689cfd,1017,0
2694299a59c03fd7,1018,0
057c707b1783b591,1019,1
f43b90c26cc10d0d,1020,4
5f3333616c06b61a,1021,1
c6d74e86c709958e,1022,2
021a9bbb3c1ec02a,1023,1
2f32ffd2576ddf1d,1024,0
eae43277b232d125,1025,3
44f93851b755501b,1026,3
751c366341a6913e,1027,3
21c4349b153cf9af,1028,2
dfff1e02e04225af,1029,2
48e0757f52f73b54,1030,2
c9a7208a67a2d88a,1031,3
4ebcb5a064bc8612,1032,2
1dcfe5ccd44d71ac,1033,4
0cb9ed45a8e6d78e,1034,1
19fa0635bced77c0,1035,3
34a8cdbe130e75a9,1036,3
be913959f7f8fa05,1037,3
7568ff5bb1ea2dc7,1038,4
9d232b9cc4e1fb6a,1039,0
b44b8f3ad1563631,1040,0
40fc75ff8b552bb2,1041,4
5083721edc468734,1042,4
bb0d3803fdee3498,1043,4
b9d87e4099a36fb6,1044,0
ba70001da937419c,1045,2
249d44ff06e080cd,1046,0
522f3a7c1ddc088e,1047,4
b73e8d64d35e0886,1048,4
03b0092f8c209d10,1049,2
8ed625575a1e5d66,1050,4
d17f198e2c16daf8,1051,1
7586d169e0ef21a6,1052,1
38d2146d8ab4edc2,1053,1
f0da0041907bfbe7,1054,3
b374c7270a0bb2ab,1055,0
f9716b6f8258feb0,1056,3
eb34d9af384b32a2,1057,3
eef594d02f538cfa,1058,1
63f176195823cd33,1059,0
ed6f17c35e6493ce,1060,2
24b4b0bdef6eebb1,1061,3
8571dd33d0c1f63e,1062,4
1ce578596234a31d,1063,3
e10c5ada681c625d,1064,3
f8c5f27d690c2f29,1065,3
0fff07b076059353,1066,0
47c130963cb248df,1067,2
66a62a0fd0b60a21,1068,3
38cc0b9f1eedd6e0,1069,0
ed2033ec5f1bbe99,1070,0
8de3d34b63395055,1071,4
0a89f561750f9533,1072,4
ec17ec74a6b8b308,1073,1
b4b447d870925197,1074,0
d8cad7626c72db43,1075,3
d15e44b32739ca66,1076,2
33a0382b0f059650,1077,3
f288ce909b8ceb70,1078,1
27608d7fe6bf7b27,1079,4
83c36d90a553804d,1080,2
b35dab11dd3ac8d7,1081,2
fb412bade96c7057,1082,0
143e1c4f5db37b38,1083,2
6619f6642ad2ddda,1084,0
31ab7ac929b89f66,1085,2
61d423f9e88da117,1086,0
d777afc6a0e097cb,1087,3
b2b1e63ea29cb075,1088,1
6cbeccf441229db7,1089,0
01ebd96ae9388aa8,1090,1
0de5527981d50c09,1091,3
29077ef01beb9343,1092,1
a3dc614da958cb57,1093,4
bc2d5d0563fd64e7,1094,2
0aba34032b804f69,1095,3
0a6856049e8ae0e5,1096,1
9afea8503506bdd3,1097,0
ffa3898463e0d4ac,1098,2
26ef58879086a69a,1099,2
c289ff3888043b55,1100,3
6ed202779ef8d88d,1101,2
f40a99b74a7a2cf3,1102,1
d87fb5d6f4ab9f91,1103,2
03691f6b0b899c97,1104,3
89670acf64368b52,1105,4
80dbaa31c14df784,1106,3
74f1a40319bfccc1,1107,4
b94a0b80fdac75e5,1108,1
ce4378a576fe970e,1109,2
3cb295adba6c6666,1110,1
bfa68dcadb7a49d1,1111,3
d13c429efd9f7fdc,1112,1
aabdffee33163be8,1113,4
ac5f8068ccb43c60,1114,4
9ce538301b473833,1115,3
43a1f927faf9410c,1116,1
045526d944e3b7b6,1117,4
3496db259c835863,1118,3
7822fdd5db7227d0,1119,1
86524afb2b673ea1,1120,2
d854c33b554f93fe,1121,3
396b62a9ca1120f1,1122,0
b46304376f3daa34,1123,2
37be10e4b65d599e,1124,4
a7ff89a9d7dfa2d9,1125,4
5e7160245e65b075,1126,2
37624927dbc60685,1127,3
4151abab92701cc9,1128,1
fc9124572a5cc300,1129,0
80dbc77ffeda222a,1130,3
023882aa91ce92c0,1131,3
4bf2c8332bc81ccb,1132,1
efb34ef361778863,1133,2
b401ce98117feb57,1134,1
8b08fea7731f6cd9,1135,3
cd08bbae9cd4a6b2,1136,3
206413e07c1316c2,1137,0
b8282553471ea8dd,1138,0
275c2415a75e9ef6,1139,2
d8b610e1086dc706,1140,2
ec91301e31902b20,1141,2
ad5ce0b98ececd97,1142,4
dc0d2e1bf43d7d10,1143,1
e47132b60a17bfd0,1144,4
4abb157f1ec4d9da,1145,1
a8bc6e12eb17570b,1146,0
d282b3fd7e43cc2d,1147,3
455d62041f4829bc,1148,0
1a747e0b777eb572,1149,2
198e9f053bc62987,1150,3
57ead16f904f979a,1151,2
80390b408689c1f2,1152,1
0023d4da2efdc876,1153,3
073fd123c12205e9,1154,2
166225d0ba543925,1155,2
3e393c77fc665250,1156,1
75b7d0a22df23d19,1157,3
32a8175e2003b339,1158,1
4b6e3576bde89bbb,1159,2
97d152084c6b8ad3,1160,3
60ad1d2cb98ef3f2,1161,1
6ca02e988a29609d,1162,3
3b5dafb010fa1b62,1163,1
207a08ddadfef4d9,1164,0
0e5fc32164f81468,1165,3
829de31c5ae1346c,1166,4
f0a9a8f585f07ac0,1167,1
51219e05f2b3d94e,1168,0
b5227d816d7e8693,1169,0
8b01d3c1076dc476,1170,3
28672a80bf5271b5,1171,2
4ad91cf0790f03e9,1172,3
7c3a872a362ae9c2,1173,0
3e5801c2bc85bfa5,1174,3
da353aaee0188dac,1175,0
20b19c21acbf4d87,1176,3
bfd0b8f034daef57,1177,2
04144fb67b6d4872,1178,2
e213a35e9c25fe95,1179,3
421110ce721f2fc5,1180,3
4da227d362caa6ef,1181,1
b10569a01be630d6,1182,3
9f87eb2bdec75ffb,1183,0
744496df075e827c,1184,0
d2f9724b439114b0,1185,4
f3785753dea45a2b,1186,2
6627dea7d5bbcc7a,1187,0
a2038080871eb868,1188,2
319927c8f020514e,1189,1
504d9e15a147e89a,1190,0
9467eb5bf31d03fa,1191,3
6e60a9bad7faf241,1192,1
d44959b3255c0c51,1193,0
fd516a80cd189de7,1194,4
f74b11e718b19ea3,1195,2
b796cf4d0810f287,1196,4
b9bed61da85db1af,1197,3
ce59b99604bd43d7,1198,3
7c2d0d165e899df9,1199,1
ffdce55876efdf22,1200,4
d6a0fcb0bb7bd9e4,1201,1
cab50f7b0eedfdb4,1202,2
eef4fd7194735e56,1203,2
85749e1b5d8e0c2b,1204,1
28e34fdb295e4697,1205,4
bd131219a41429a1,1206,1
a35d7c16e45904cd,1207,3
00369e48ca64b753,1208,2
9a6870f033658428,1209,0
2c346c56cf4d2498,1210,1
f11104188b5fe5a9,1211,0
7bb9ba0db66584bc,1212,1
68ae7689338c1489,1213,0
15e653ccd49c85f2,1214,0
21cd9dc4704a3e09,1215,3
652fd3c19a8101a3,1216,3
6686db534921b2cb,1217,1
cdff9597c2631c92,1218,4
15ad63908a84216d,1219,1
ab59f28972e89c22,1220,4
851f9a1b597e8cb5,1221,4
49e3f61736c1f843,1222,2
587b6e70a90ae999,1223,2
2a89b00419de7253,1224,0
dc41afdd92183f50,1225,2
12126a710ef91dba,1226,1
dd3ee42a200780b0,1227,0
1b62715ffd5311cc,1228,4
3fc5132874385456,1229,0
e6c1f7607278d61e,1230,1
cb19153f74d782b0,1231,0
0de67066e13d7530,1232,1
f865ce29a4578a12,1233,2
84734c37be55606e,1234,2
7cc7f9ab766dc40c,1235,1
145b808e835b191d,1236,3
cd60c7afc8ca9f22,1237,0
ac68848fb1ce947f,1238,0
8a68eef46e2b2c7d,1239,4
e5c8bf3e0ade06bf,1240,0
68d279b51220189d,1241,3
c77473d42f98e781,1242,3
7fef94065df29a8b,1243,2
a3ee50d8c8866f12,1244,2
099341a8239d76b7,1245,2
adfa28322c573fb2,1246,3
d108385845fdab45,1247,3
74f964127dc8c6fe,1248,1
6f2f9cebfe96992f,1249,4
46cdad3cb9d32c2f,1250,4
aa750f17a0869895,1251,0
c5ffed558cec8305,1252,3
ceb1e92d5fd713ba,1253,1
6793b0eaffb70103,1254,2
b9a2e30436c93c3b,1255,4
95932a29617014cb,1256,1
97ff994b4c9e8ab8,1257,4
0122a4ec36b12f30,1258,0
4d9e95cfa7759667,1259,1
d60432c3249114b0,1260,3
f9d4b08cc1534120,1261,4
b38d91021c792dcd,1262,2
3e4567fb2cc6ea4b,1263,1
7725dd52dc35c844,1264,2
b0e7091e5f5c5db5,1265,4
7488ca333eb63548,1266,4
daa42e1f78ab3000,1267,1
35664a327c409fb5,1268,3
f89e30f42e1644e8,1269,0
de81891100497052,1270,4
2c5496c056efd6bd,1271,4
97983e409c8f40db,1272,2
f844d61122bcfaff,1273,1
ac88649b652c33e4,1274,1
f5b70da3fba84d50,1275,1
64c682804600321c,1276,1
8513c8513a315d40,1277,4
6ab246338704b4ce,1278,1
4613b557e666f9f3,1279,3
905490037f273fbe,1280,2
b2dcb926c2a806cf,1281,1
05a33a3a18e41bb1,1282,2
a87b345e2b273a54,1283,4
f907273f79c36e5c,1284,3
47744c2d78bbaae8,1285,4
25ec446208788571,1286,3
aa5fcf4ffbdc0c21,1287,1
be60225881c7c1aa,1288,3
fcbb70fe915268ee,1289,4
a4d5d1e8ac0cae65,1290,2
6da45b3ee73eb73b,1291,1
4a9b9db7bc2544e5,1292,1
130c1819762ad5a5,1293,3
da0bf6e6d3959b57,1294,1
7dca7490afedbdb4,1295,0
753bd404c3b7d529,1296,2
f13be8f8d91803b8,1297,1
3b5ba000a92b831f,1298,0
21bc2fc10bf54561,1299,2
34bc7ff1e8ca9f3b,1300,0
a120363b4ede3933,1301,0
5890919117419197,1302,4
14d6c94432a0c93b,1303,2
924eff29e6b9dac9,1304,4
98a99d4883299496,1305,4
65cdf36c33d5c513,1306,0
24f9feee0b325dff,1307,3
17baba97e5180b0d,1308,3
9fd97528e2403a63,1309,4
ed9932d08f3a5f6e,1310,2
9fe02f2f5f1459fb,1311,3
0f7ebabc3f93f135,1312,1
2173ad07881d0f5b,1313,4
9ba6f529b0ea6fc3,1314,3
1838fe9bd47a23a3,1315,4
7f895a647c6819bc,1316,0
33835141ba6bdc1b,1317,4
71deba21c7463cbb,1318,3
bc067b4baca7517b,1319,3
a662e913bd1614d5,1320,3
1f815b80251f9774,1321,3
0db596be0c0fded4,1322,2
17f69d154e3aa212,1323,2
99becd3568236d22,1324,3
7c466cc328229f76,1325,4
e53636fae4795380,1326,1
ccd2c7b6e52b027e,1327,1
c7b0aee0fb95215f,1328,1
ca197c74b7424337,1329,3
45ad9719ead3d685,1330,4
7d153dff1dc1abe4,1331,3
567db17adbf39753,1332,2
c61db4a684e24e90,1333,0
5f02f8dba29b1180,1334,4
a95815c7dbc6e177,1335,3
85c083aef0fe7dde,1336,3
c895fa3f5ba253c6,1337,0
d1d7823a94521317,1338,2
a48ee3be60185b8c,1339,3
f1c54f32fef1842f,1340,2
76c14b12bb4fab4c,1341,2
c60510423771c933,1342,1
df92f60023f904f9,1343,0
5f3b39062dfe4360,1344,1
a513664c8bee7087,1345,4
70759e6a7e1803bd,1346,3
67526f43de15f87e,1347,2
96306c1aa91d51b4,1348,3
5343467f28222387,1349,0
52af3d650ebbcd0a,1350,3
4ec88178cfb4a4b4,1351,0
299adf8f44903523,1352,2
d960533bcfa70014,1353,1
11319c5547e94421,1354,3
1f1bb2b405fa69e2,1355,3
142bc8d689849dbf,1356,2
a2cfeed2a2bfa837,1357,4
5580bb0ab2b17b70,1358,1
f5742d9da8c99547,1359,3
722b7c104e122ea5,1360,4
24c518f0742c556b,1361,4
acf6b4a2f94aa2e2,1362,1
0a4df6abf637c8dc,1363,2
8bfd1ef80afd65f2,1364,3
aa8d37ff6a7a1848,1365,1
b3770c4183796127,1366,2
96432f6c46585364,1367,3
3875e241f88e1955,1368,4
4d3f194a73d71397,1369,3
b573ea687ece7411,1370,1
9e01d5baa9909b00,1371,1
d85ddfa3cafbc6ce,1372,3
adf4e99b680e9856,1373,2
3b40fb08bc0fcf35,1374,2
9e86ad7b1950688a,1375,2
dac8cea3d7752db4,1376,0
ab7155b6c4fdd721,1377,1
07a354c7ec9356fd,1378,3
6d409c83d3383b9e,1379,3
2818b1eff7a3dfc4,1380,0
d4f57ffdfd3cfd36,1381,1
561ea94c4d0c0add,1382,0
cadc59c4604144a5,1383,1
436ad12d4632f901,1384,2
3ac24f767b7373fc,1385,2
36c1b403d5e2ce02,1386,3
d598a96034caa221,1387,2
749cf48a985e058b,1388,0
1236cd5d8cc2e9e1,1389,2
d018391da19c6525,1390,2
5c1f8f06b5ec222d,1391,0
002c2e2756370e64,1392,1
887cf064bb9ee644,1393,3
1e87d3928361b63b,1394,2
13f8cc49e6c64867,1395,3
b976a697579c4486,1396,2
4e9ee9f41b9ce3fd,1397,1
11141eec6c3e2a6c,1398,3
098aad037a474af9,1399,2
11db2206a978e16c,1400,2
0d9c767ea5d55d40,1401,2
d0a038528ada5f98,1402,1
b8ea85f04e358dba,1403,4
3ab51939cb4cec45,1404,3
0e2250c2b6a5fc85,1405,2
2f09f006f0c42487,1406,4
684b87a1adc31f0b,1407,4
dee4f522cecb7c54,1408,4
e5548e20c587453d,1409,4
2a1b72154e45ad15,1410,4
7e5245360b8ca152,1411,1
0c78333fcdd8d25b,1412,0
7644ef18e39d0853,1413,2
f7b43cb495cd7871,1414,4
af05404bcbb935aa,1415,1
c2be2910223054a1,1416,1
4dff034f0075fb3c,1417,4
ae2e24266c4e42e2,1418,4
a50496b1368ae69e,1419,1
aec91bf5328c7f8a,1420,3
d9a26dac54a1efe3,1421,3
a0bcdca80dcaa83f,1422,0
058a50f036969729,1423,4
5dbb4dc191bce345,1424,2
fa9f266d48b9e287,1425,2
eade7da976f85297,1426,0
536fb25429ca35ab,1427,4
886c6fc3810869b6,1428,0
a06abdb96287602e,1429,1
fef7590617e12bf1,1430,3
8ae1d082c7329d20,1431,1
b500a5ef12c8b95b,1432,1
203223a59396c668,1433,4
157d590bd24ecec6,1434,3
6972f3512aa5d71e,1435,3
9fca01a1ce17a229,1436,2
8ef5271f363e41bb,1437,0
0626b0df8f484b4c,1438,2
fb50cd291006b19e,1439,4
df7094098ca83916,1440,2
ab33618ddff5af10,1441,4
cc0281b790035109,1442,3
cfc460fd6b8d6112,1443,3
7944b316f730eca5,1444,3
8dbb71badf7fd90d,1445,3
3260260fb2efe649,1446,1
1b36cf882564e512,1447,0
0a23c51131c870d4,1448,3
fbcd46ff3152481f,1449,0
bc50bf64e6544f99,1450,0
1958e0fb22a0e50e,1451,1
12014ae78a52e01c,1452,1
4ce6b11b1aa4a93e,1453,4
173270417d7082af,1454,4
db874ae55b7ab189,1455,2
a7637aa7441f18c6,1456,2
1d32eac1d14889ae,1457,1
f518dad74cd96dc2,1458,0
6d8943989383b545,1459,4
b7d5a35a979bebb2,1460,4
a6ddb78248d23eac,1461,3
62e34d20061e6e46,1462,4
a3c72f54dcf53cb6,1463,0
e0cf32bca083f365,1464,4
956eef1c76a8b555,1465,4
cdd4aa3317c5b7e9,1466,2
79309a3f9311a1f3,1467,0
68bb9fce44fc1491,1468,0
d127055f8eb72294,1469,2
128f754dea05071e,1470,2
3e8c7128381401f8,1471,4
7dc7e8166e11f28c,1472,4
d24fbdae548ebd0f,1473,3
984c7c241dfeaa1d,1474,0
24e2c8cba97a0751,1475,2
dfd78b36a83c7a4c,1476,3
4106cf3cc0a6a64a,1477,3
d91d481c55773966,1478,1
249b93fe6a0eb1d5,1479,3
09bb454df930f6ee,1480,0
1231c80d463ac340,1481,2
dc2db1a135805eb2,1482,3
f98e0385a768c801,1483,2
89b4e231adb56f69,1484,4
a12a2d56d8afd82c,1485,4
8f880c06e873afe0,1486,2
7673c80d8bddcac2,1487,3
2e9399d0cd419ca4,1488,0
612ec24753a04c90,1489,0
752969ffb2ad5607,1490,0
49da18f6a4869ce7,1491,4
66697de055289454,1492,1
524d5ab0f1ef5142,1493,1
9a184724f544af84,1494,3
da588e57fd1819c5,1495,2
5ca4217b4f922906,1496,4
c94c50fbdefae196,1497,4
7ad92354d6ff8d73,1498,4
fb0e045015cccc2e,1499,3
a0d6c5d7dbb13117,1500,3
14cbe952703e9e7e,1501,1
3b271cbf0a352b30,1502,1
68d9a8d333a74ae6,1503,2
ad62ec3915d55862,1504,1
705e677fcb2b7a2f,1505,0
ccc37794a96f3fab,1506,0
615dd29a94843414,1507,4
ee7e8ad17bcc54b1,1508,4
a14d55c20bb2ec40,1509,3
320c52ca42f3e2a0,1510,1
4c164dfae09b95f8,1511,1
7af3f203ad9f6176,1512,3
6cffddf1aebe2406,1513,1
e6aaf891221d03af,1514,0
0726cf86a68e14b3,1515,1
0eda555b90c182f7,1516,3
1ba4e00539e0f6a9,1517,2
61c583febdcd4b90,1518,2
68683e7a9ab3fec8,1519,4
66bfaa4f66a8a6ad,1520,4
f8271ae5e90f5ffe,1521,0
98843b0175f2ad2d,1522,0
da95bde65e11ab36,1523,4
b6d92ae44acffea7,1524,3
c3d64385e43923d8,1525,1
4633bd410398a065,1526,1
9d0f8bff36d76815,1527,3
3eefd596dc776988,1528,3
c873054a01e48efb,1529,0
2c807f6aa9798b6e,1530,3
775c8499c8e94ec8,1531,1
6f118c0c9848073a,1532,2
f6e08fa987989eb8,1533,1
434d4400ecdca3d1,1534,3
c5cf7220b8a721ce,1535,1
2f66e7b1c3041412,1536,1
da1140f59e7d31d0,1537,1
f8359d5faf7c3548,1538,1
a1451bf7373d7087,1539,2
f9bcd66a0ed999a5,1540,4
ff12b7b8508aea38,1541,0
fc76671f45e11a4f,1542,1
223025b24caf0e81,1543,1
f13f94961edac10a,1544,2
1ab98a7479988fdb,1545,0
7d6c7c8d28114d7c,1546,0
1ada55981d38b15a,1547,4
034ae7a54a0493c0,1548,1
5941ab4c433e6af3,1549,2
50beea90461fbc04,1550,1
a75697d9b725d2cc,1551,2
93fb33aaf3bff579,1552,3
933460d41635001c,1553,4
0fda525058df770d,1554,3
c7c03eb4036f0e89,1555,1
b24c9ee314f5f9d2,1556,4
40adb269427152a4,1557,4
9f85a361f6f2a47e,1558,0
c663da2a50ffa7e1,1559,3
a4fce76c5d947665,1560,3
69952ffdee03bf7a,1561,4
42b32aaaca95afff,1562,2
4212390621dab710,1563,2
5d676eba14f7ed10,1564,1
6ea2a2d5a03172f7,1565,1
d1919aa0a1a22812,1566,1
ea37969dbca7a358,1567,0
f49acb3fe37c48e7,1568,2
631f6013e415a43b,1569,1
9830251db98937d3,1570,2
bca601cbec2efc4f,1571,3
205601866484107a,1572,0
522c7d52ffd572f6,1573,0
30ccb9fb2f5f120d,1574,4
937f8a4e4f46cbbe,1575,2
a43af15b31e456ed,1576,4
1e00b335ebf509a8,1577,2
75d1ba4d9c6cf755,1578,4
3179a789a9500088,1579,2
f639ffbb96d7d230,1580,0
124032578cda4894,1581,1
edb0a1b17ab3ea0b,1582,0
f44c0181b339910e,1583,1
0d12b5401a4227a5,1584,0
96f968a0c67206e1,1585,1
30b2b441c4bd9ea6,1586,2
696c32c08ff4e100,1587,1
f73365d2ab1cb760,1588,4
51e7b6940885db4f,1589,2
d263dc5dae152176,1590,0
fc8105c7a93ed4f9,1591,0
7bd3258d80ed0a3c,1592,3
e8eb8eef6309b76b,1593,4
95ef02c7f0eb60f2,1594,1
3b8df6ce349a5eb1,1595,1
cd388f34cb1400db,1596,4
022c2fd749af168e,1597,2
b3016a846ee7940d,1598,3
a1fff7c887d38df3,1599,1
39ddc3b47ef3f544,1600,4
a3efcd4ebf77ee02,1601,3
8b2a144d45e88004,1602,4
fe63ff6a7de4c573,1603,4
31e43bb6e4caec5e,1604,2
69951cfb6180b9d8,1605,1
7582bedf0a83daf1,1606,4
3fa36dd96412d680,1607,4
f647b71f1c86e946,1608,2
98d91e6117d7ad18,1609,3
7dc5184d5b93cb64,1610,3
66eaeb44e4ed5656,1611,3
afa478aa2f85c2c3,1612,4
78e57e6233b4af31,1613,3
ebc01fdacd9d16b7,1614,4
178a00d260773fe3,1615,1
88a58cdec05dbf1d,1616,4
7ea4462bf0d5b7fe,1617,1
5ad8082f393cccac,1618,3
5738cc597be3500f,1619,2
4ebd11b430be3c61,1620,2
c46cc0dee34023b1,1621,4
eeecb0896053788e,1622,4
7e8e3ca071c79a8c,1623,2
62bd2d0440237573,1624,0
ef88cde17853b127,1625,0
c084ecc77c01cb73,1626,4
3baf53637c81d4a0,1627,0
25ae1d82c32e2a4d,1628,0
e99c554af89b62fc,1629,4
441093ccae0bb07c,1630,4
cd19c36518dcf60c,1631,1
dc94bab5440e30e8,1632,4
be90c1293f117119,1633,0
7a3346e46077aa4a,1634,1
193f02387bd3d6f2,1635,1
7767dce2e1295b2b,1636,3
a219439da2854284,1637,2
9d54e74645035e03,1638,4
7079ef90d9a1e441,1639,3
8013895839d68a24,1640,4
1a992537775c8c24,1641,2
9dfaabece348be17,1642,4
8279a56a1e4fcfe2,1643,3
605af5067cedb2c7,1644,2
3c91b77750934143,1645,3
5bdcc997d9a16e00,1646,3
eeb8de5c47002e8e,1647,0
9ba09622b773c68c,1648,0
901e9fc21d85313e,1649,2
e8baef85eb5e6a8b,1650,1
1edd2d9e64c55b88,1651,2
c536bcc5cdc31661,1652,1
338ffe88cdd34014,1653,2
411aeb33db70cfa9,1654,2
d7731a7df1cd5ab2,1655,2
2b2d904364939a20,1656,3
dde92c71a3bbbf56,1657,4
6cbe75ca969aec26,1658,4
d232f75d3a8d14d0,1659,1
9f6ff6fcfdcd2d25,1660,2
a0df0d7a1c390ca6,1661,1
d05ff1ec9504373b,1662,4
965f9338261e3bc9,1663,4
7732297ad0681c2a,1664,4
737e7f9ad5509595,1665,4
7379654ab40539b9,1666,0
037a571ab7bd0e51,1667,1
195b51edbf98200a,1668,4
6d6af7591f5a4cc0,1669,1
b9fcb7fa3d003cd2,1670,2
75e175e7a1ea7c7a,1671,3
7d7f1ac0cc84e34e,1672,3
8323d682f5e7b975,1673,2
2da3b0330e980176,1674,1
3c3a1ea21eaa7bc8,1675,4
16589185c709106d,1676,4
e118de9badb3fb5b,1677,3
45436e926ea10de2,1678,4
ff682b00bb29e01d,1679,1
6a93fedacdd9028f,1680,3
d546bd0b017e78a0,1681,2
5a2fd1b77e44081e,1682,2
ab08c3d30ac64150,1683,1
c94fe2aa3f82e9c9,1684,3
f94e499015889d08,1685,4
d0eca6ac301b3973,1686,2
9c1afeba9cba7884,1687,4
029c7084ceb4f870,1688,3
d8b08b403db3bdbc,1689,1
a74c96ee8e28d6bf,1690,4
a8888c5178b48b7e,1691,3
f62089ddfd224a9f,1692,0
a62d060d81d50a4b,1693,4
9d31fec0157729fa,1694,4
bfcc0b4cd0f93c03,1695,1
eb3cac3c50f7c524,1696,4
9255233fd7185f22,1697,1
56bd5f4ad15458b1,1698,2
d37bf32aff56d38b,1699,4
c43ab23ff0462ac5,1700,1
e245afb0ad9f9df1,1701,1
3d412c2d3e1ddceb,1702,4
d78b473d02f49498,1703,4
8f084b0505fbb802,1704,3
f18b39723bc168d7,1705,3
771b0a232271284d,1706,3
7fbac0c8a08b39bf,1707,3
e7e46657539a599e,1708,0
659e1820df06776a,1709,0
ff12cf87985da7e6,1710,2
a41f45975d4f8f86,1711,3
1329eb8b8b98c27c,1712,4
4d8c1cb747d37074,1713,1
758eb479ab58c26c,1714,2
79107e9b482ed286,1715,4
ef70ca19fbf38ff2,1716,4
f970faefb84e3c7e,1717,3
b80dba01039f9486,1718,0
00c2a7765d2a0a86,1719,2
754d4a526a41abb9,1720,3
40db5091630b8a14,1721,4
f0307265f320050f,1722,4
0212c9486fd72873,1723,1
a98d4638602d61de,1724,0
183b58fe8d84ecaa,1725,1
6d8dd71503c415c1,1726,3
eb0bbdf14841ac7b,1727,0
029f54183b180d93,1728,3
62b8c64dd7b990e5,1729,1
bc1329a1683626d1,1730,1
d92af37b062626da,1731,3
bb2ed9104f808f91,1732,1
b42a2845aaa215d5,1733,3
b1a4d40952c05adb,1734,3
0410de19848d1189,1735,1
a60ed7f9466c5d85,1736,1
40fdc693169b6fe2,1737,1
a96a8f44fe0cca22,1738,3
8ca6d409c95c0c77,1739,1
5fc3839dd629da6a,1740,2
c17b9c2dd059a726,1741,0
7cbd2d65acf7e657,1742,3
fff9ce1e51d02b64,1743,2
97040b97057cf36d,1744,0
e979f1187e1000f3,1745,0
c9e4e4b2f9c1f32b,1746,3
72ccd1b68d0c5056,1747,1
094d7a5fc6446e71,1748,3
6aeb09e8f64bec53,1749,4
c35c473ec35e8270,1750,3
5ef930e8f34a1d16,1751,2
ba0c11ff0e4cffba,1752,2
3671bc57ce7bb527,1753,0
e13c17afc2d1db69,1754,4
4259a4203ba05c1e,1755,4
bb6e106c7a4f5b48,1756,3
72904182f487f55c,1757,3
9f4e5680cad4bb50,1758,4
f71ab97cfe0c3b31,1759,1
e7c10d3753e6c0eb,1760,3
2ece6642269ebc6f,1761,1
9efa645774e2ca43,1762,1
58cf06869add2158,1763,0
f79a43105a1a24c9,1764,0
355344c7becf1f65,1765,0
5ff429a802f04a27,1766,1
583cc6d0e18288f3,1767,0
09ac1956781f9ff2,1768,1
98e3a886b68be4dd,1769,4
5a6ba0c0d2340e60,1770,4
2348ed2b5cfe34b1,1771,2
67fc2a50f0fb4831,1772,0
91783ec03c51b65c,1773,3
79709d72771728b7,1774,4
1b5817fa79135142,1775,2
109f7150aafaa9aa,1776,0
2276765f8f3bf41f,1777,1
9961905c8deed074,1778,4
b37084fde810869d,1779,1
c10f6b7c7894f2b2,1780,2
5c158f9eef324e25,1781,3
3965f586ef08d431,1782,2
a4dc5ac827e2abbf,1783,0
8f06c990d4ee0ff1,1784,2
c125bfae4adf2b3f,1785,4
17d9ef30b2dd9521,1786,0
0f92e40f1d8eff3f,1787,4
8cba51d2b8ca9099,1788,2
e4892fdb03cedc39,1789,0
2f3be65124704473,1790,1
9c8be3b72b9a2238,1791,2
5ac0d2c66aab4d2f,1792,0
3e144d6f04f527eb,1793,1
700723577d74a077,1794,2
618b8f427ae57a8f,1795,1
828495be87c6e5fe,1796,3
13e7fcbb1361b848,1797,3
3a88505713ac5ad2,1798,3
11c54dc05f8e50fc,1799,3
471e88aabbe541fa,1800,2
6d78639107cbb4e1,1801,0
4a2890596fbdcb2b,1802,1
07762eff249d1188,1803,0
98b867a6ab2da06e,1804,2
abb46a6644deca5d,1805,1
fa2f7533d5896e00,1806,4
0d4f35c3be175ff4,1807,0
f1c439e664374501,1808,2
7844ae04ad605888,1809,4
45848ef709150812,1810,3
aa1a99ee2d1f192f,1811,3
34f96d8315760706,1812,4
e81625787147dcfb,1813,1
c6d8aa33121c9c9b,1814,2
c39b5274ad3121ce,1815,0
9c8a0cd63d859b13,1816,2
b9ada66043a65b3f,1817,0
d3cd6d3d4a4ec1a7,1818,1
31e0317147bef579,1819,4
1e04d3e56e5272df,1820,2
5241239011c9d6ac,1821,3
0ef3ca258f896143,1822,3
e39cbf835ce3f0bc,1823,3
2f4b7cfc6667fb35,1824,3
24e79a44776273ce,1825,0
9df9fa975d0b086b,1826,2
7dbc47fdda90e5c9,1827,1
ba188f8b5b11e3a8,1828,4
26734f60294d2a5a,1829,1
f6e00b0a8a49d417,1830,3
6ad888356d0ff129,1831,3
7db45dfefa992581,1832,4
e6aed9c3a653c668,1833,3
22f7fe4569ff836d,1834,1
11fb2eefd1970b73,1835,4
36bae1121dd6ff14,1836,3
382bd10b8ae8ff53,1837,1
cd802e77852468ad,1838,0
d6dcc920e21b7e25,1839,3
f7a6374500fc39be,1840,2
8b66c10d20e5d040,1841,4
5c9f26131e403822,1842,0
93e8f812fb2fae57,1843,1
d97d600839fd46e9,1844,4
2a6dc5a44c23615c,1845,2
aed793640b3eda1f,1846,2
b6194c96ca40e6b5,1847,3
8604efc16ff6761a,1848,4
40c13b2bafdaf994,1849,4
d3b25f698b9b2316,1850,3
d63af9e101347ba5,1851,2
fa005e81c34c8d34,1852,0
2d85ad8be3a7c832,1853,3
303959e09298c343,1854,4
3ae3ed13ecb606d0,1855,1
786dd50d3d2cb30a,1856,0
15ab8e5f920a9dd7,1857,1
9566580c79f9ceaa,1858,4
f94a6396db2ada57,1859,3
d10a31a29d8ad671,1860,0
42fef3938b455cb8,1861,3
ac865da4d2b1726b,1862,0
63cad7c5daa9107a,1863,1
c039debd40a819a7,1864,3
c14ccb6826ce89da,1865,3
41fbbf94ff9fe794,1866,2
ff9b7bcb9b9b9971,1867,3
042f91456843d551,1868,0
7b34d34ef82fc5a4,1869,0
10be9d482117af8c,1870,3
c9d7bad51ab20fa7,1871,1
a7f0d5ab5895b46c,1872,3
9a8913cec4e61a62,1873,4
d2479aa1638cf16a,1874,4
687dabce730ad998,1875,2
776db63221107441,1876,0
c8aa9240acbba2e6,1877,2
95bd4d7bfd12ef63,1878,0
2e61bdc02e0a74ed,1879,4
0eaeb5278db8249e,1880,1
f6ed4f831e846596,1881,1
c6aff7f18cf176c9,1882,0
aad1bfe13548e09d,1883,1
31d903ac7636ef96,1884,2
7adad2c0cab72a11,1885,1
5ed37fdae1a3a531,1886,1
f233d9beff7aa9f2,1887,1
961c68a2915174e5,1888,0
159ce17fbe7437c3,1889,4
ac891318db89f434,1890,4
505b73fa5d2978f7,1891,4
c0d1ea785ea0778b,1892,4
5fd02114da019974,1893,2
ef134a229dbb58f3,1894,0
521071de45e4254b,1895,4
b12a32bcf8427ac1,1896,3
77239d8548332480,1897,4
1979215df04f1695,1898,1
c85c20f2c35812f6,1899,2
1cdb3e81a4e97b99,1900,0
c301388a59fa4a11,1901,4
f4e8132d11a0b822,1902,0
f2b381fc9458c0f7,1903,3
63c5ebcf9537488b,1904,2
a48c2312bdf05293,1905,1
6e39ac7aa9a485ec,1906,4
540506e73728504d,1907,4
1562471d10254aaf,1908,1
079604da25bd4729,1909,2
49b4d949f7b23766,1910,1
40e89833de59b796,1911,4
679b7ff465479c68,1912,2
0be57e293131b03c,1913,2
15f392b7c12bbbe8,1914,4
0e5c01eea0b86167,1915,0
eae012fd6c3daaeb,1916,4
9fc95cde8fd74576,1917,0
0387100373d50720,1918,2
0c002920d57b7c74,1919,0
4a3f35cfa3e9bd62,1920,1
24f979ad92a119d0,1921,2
10be01acd1d425bf,1922,3
8c6e995084e411e6,1923,2
cac5062da82f6f03,1924,2
1520430330578d02,1925,4
89a5d29d25eeb868,1926,3
c549d26459800248,1927,2
ae17968958cc847e,1928,2
12b8bf40ad2a3ae1,1929,2
d43b1f66aabaee59,1930,1
0ba671b6f494705e,1931,1
f1b8adc1af0a533b,1932,3
ae308bdf75a5a688,1933,4
880a2c1cfb8c68f5,1934,3
fa5f02b789755ed6,1935,1
a111a27066dd76ff,1936,0
54687af5f9d02f66,1937,0
245ef091b6ad2bff,1938,1
b4f29220e7c820e5,1939,4
1d3d5fa08f3eca84,1940,2
881aca3e4df8a458,1941,0
2f8052d65448f97b,1942,4
0a538813b1705d20,1943,3
d23436d137950ba1,1944,0
c8ddd1fb93c63f18,1945,4
302586556352b375,1946,4
2147d6d969c83568,1947,3
a5395a7e59d5cff7,1948,2
de2811b03b4f7e39,1949,3
a2a3946858225972,1950,4
387fc03e7365d4a3,1951,4
fe1804927fe3a815,1952,0
f97e579e44c1f6ab,1953,0
a78677722d04a4a2,1954,0
b2d46bc03e0825ac,1955,1
68b5c3ab051b9266,1956,3
8e93c8ce5b951f0d,1957,3
c3a3ee7a4b3b94a7,1958,2
7b9d8c1a27e23090,1959,4
ad89e6130f960b80,1960,1
6d3323771fa4ca49,1961,0
c67e210f7e3ee0e4,1962,4
4e3aa90dbf386e89,1963,4
5bc9ed3000f1dcaf,1964,2
1b85ccdb330f75db,1965,1
0b2e00ac515f21d7,1966,3
58b0a6c6f7734fd8,1967,0
3e8f2b3e1b3ec9f7,1968,1
f0a47a66a43e4a56,1969,4
78fbd56c185bf211,1970,2
48d0c63db0ffa805,1971,4
cd9d754abe1ddfe5,1972,0
bef6469c3e870931,1973,4
8ad38a13db283950,1974,0
b830d51b9a233e47,1975,1
078780b97dc1fc40,1976,0
e4f05f2861fcec8a,1977,0
008dbc6720b14b9d,1978,1
b842a05eee7f3766,1979,2
053aaaa6f0bed92a,1980,1
73c4bcc87599f416,1981,2
adca0820cd2f9c2c,1982,3
00871524022aa97b,1983,3
185fddce611a11d5,1984,1
f3838d380638c311,1985,0
368195ed72a5f859,1986,1
9aa9717d4a0436e2,1987,4
34ec823b8a334274,1988,3
05b8564c95550c93,1989,0
324b10b788d7b9eb,1990,2
efc2ea5fe6b4ca47,1991,2
81d5724e647f8199,1992,4
c2e765df2da28d79,1993,3
ce85935e0157ce77,1994,1
8c2baee71a434d85,1995,0
8cf17c94a587a9cb,1996,1
a46f031c36aef4da,1997,4
c2d468191343726b,1998,0
dc8241f728f400e5,1999,2
f7083844b7607f16,2000,1
f5195d66569abbb1,2001,3
96516dfc1d4f4ab2,2002,3
1e92ac2789361b2e,2003,2
19c2670c2875eeaa,2004,1
7a8a2a5b3bc6d23f,2005,4
6cdab57327d0d835,2006,3
2f44352e63c7b813,2007,3
20f68970e50748b6,2008,3
c67a99aa8d70ad8c,2009,0
69a971ebd380709b,2010,0
6512131caf40798c,2011,0
4f569df422212b34,2012,2
ead11780e6e18d5d,2013,2
c490452380308654,2014,1
cea2d3b107485734,2015,2
9b54bb2f7af0b0b7,2016,2
5d3b5186f3708d9b,2017,2
2f5f92bc1ae29f26,2018,2
5cf38d68a468418f,2019,1
5874d94d5b6d3df5,2020,1
5ef880ca077d2ccd,2021,4
05ef765d82987a12,2022,1
532ed624d4431634,2023,4
c12e9a7f6b85146f,2024,4
e488250c93f53701,2025,1
c8f807172e5a3dea,2026,2
818066727cdcd731,2027,3
ac7c72f18aa43aaf,2028,3
d986ad2fa7278406,2029,2
ffdd8c79f756e3c9,2030,0
004477d5ded2f0d9,2031,3
0e27052771ede1f0,2032,2
2fb73e51b133fb6f,2033,1
bfc793aefb370a22,2034,0
b4517a52ef9c77c8,2035,1
84683bb57c74f894,2036,1
13a04e086e626037,2037,1
87cffd72cab0c8d4,2038,0
8bf6b0b5a0f3a107,2039,2
3ac000b10acc17e5,2040,1
40036290dc1289ca,2041,1
4bf73b3985b7028a,2042,3
9a9735c9ed95a52a,2043,2
1705a22f77e2877f,2044,0
a43f5dc8f96f9f4d,2045,2
34b5c9ad07794d38,2046,3
c19196e2fdf20be8,2047,2
b37ac8507c6d5c26,2048,3
df1d868ae0796dc4,2049,1
9aca6fc3b6ffc190,2050,2
266ba27766c453df,2051,1
d7f62e474b6e9712,2052,1
b7b985b90041cc52,2053,0
3eb7dee497c323ad,2054,2
cec6119d0432c1c0,2055,2
9fb7a2adc8fc1315,2056,0
b311c591ed88e04b,2057,2
075f3e0944a6b1db,2058,4
a1e86fbd33e03ddc,2059,3
db6d1abf3d5ab7b8,2060,0
3acff79e9390a5eb,2061,3
66a4697a551994f2,2062,1
1e98d2307a87ab01,2063,1
1a0adac89a17c013,2064,2
42e8e8e10274d03a,2065,1
1bbb5f79a0511aad,2066,2
c51038f9dc95532f,2067,4
7ae2860208427ced,2068,3
5d4ffe120f40965e,2069,4
07b334fb321d25f0,2070,2
c2415fae0580d99f,2071,3
bc9759ef0ed46a67,2072,4
4fe8889d959e15c0,2073,0
d3f22b4896d37e35,2074,0
eaf6d112cb3a0be1,2075,3
dc68be86b582b097,2076,1
5832f95578c03bb8,2077,4
06af557e8c36171b,2078,0
1390131e17a50556,2079,4
8705c61e2b0c4a3b,2080,3
4d527ded0dc19198,2081,1
a06babd318649396,2082,0
80120fddd8715b36,2083,2
de2167d470b54b0e,2084,0
3aa28133d85fa853,2085,1
221f8e49decb28a2,2086,0
2769fd97df5526cb,2087,3
5c39be4d04879ff3,2088,4
07e558074d280f18,2089,2
03bec8170ae53417,2090,0
b72bce63f844f615,2091,4
205348babca48629,2092,1
4814bfa6c0dd0aef,2093,3
23ba75bb82ebdbb6,2094,4
3148392c229e691e,2095,0
70d7e1812b0a5e1d,2096,1
f67d6131b6b1c69d,2097,1
412a592a893b197e,2098,4
98b2da2f2425711e,2099,0
a594358ea523b3cd,2100,0
9b1172265f44f4ea,2101,0
b5b96b5af6395bab,2102,0
8324c8003cc15214,2103,0
cf86a28486eec6ae,2104,0
65320cf62a3b9748,2105,3
4ee4ddcd68e3d2fa,2106,4
a7d3a45b99bf4fd6,2107,0
b05527522d8ea061,2108,3
154ccece89fb0fc0,2109,0
2ba619f8ff396cda,2110,4
26ac223a142314e5,2111,1
8dd2360123642cca,2112,3
d3a490cb2f148143,2113,2
166e6dc10bc50e58,2114,3
f92e92fabbd17f3c,2115,0
d444d2722ef0a9de,2116,0
3dac3716ddc0d5d2,2117,2
eca93b27f91bdef7,2118,2
1092963370dfe3b0,2119,4
c7ecab7966691c2d,2120,4
038936a039466b70,2121,4
0e72bdf84f5268ab,2122,1
c0f0fa2829faae3b,2123,2
6f0e679db8cc278a,2124,1
999199af2fee79e9,2125,2
11ffa72c6cba57b3,2126,4
3639cf4f88ca1df8,2127,0
847dad81dfdaf92d,2128,0
97619c4689dfb0fc,2129,1
e4671266125563a0,2130,0
359b25e196ad9200,2131,4
96ee56af32510b32,2132,1
b689558fbfbdd960,2133,0
14847d16d8322385,2134,4
9be31eaf093e68ad,2135,0
5a8eb0e1a795a426,2136,3
43455a713b2fabab,2137,2
cabe65643fe2bd9b,2138,2
a68b759d824e44c8,2139,4
80bdeababfe3bb7e,2140,0
af4f572d67233184,2141,0
549b734770b221c4,2142,4
901de87c4e4db5c9,2143,2
328ede7acebe2649,2144,1
18e3845d041b87d2,2145,2
671c77d500f514f9,2146,2
e2eb50217f7bfb2f,2147,3
d52a8385d9893de1,2148,1
043b9f4397d79b2f,2149,2
9c0aebcf46b059bb,2150,1
85ea37c3c6c9e019,2151,4
58b9fc9a877c5f51,2152,3
6b6f4d4fdf93337a,2153,4
e0dfd222a99d25f1,2154,2
26bca847008dc177,2155,2
22ea30ef3e91d5f5,2156,4
9043c5bd9f4eb7f3,2157,0
f4919cedddbe5397,2158,3
72b8fed7e85c8c42,2159,1
259437e118f31564,2160,2
4bb12934423f6216,2161,1
eb8f35e61bc2170e,2162,0
604e62bdeac061dd,2163,4
04220975da2141f1,2164,0
2f4ac1f8a8ca12f1,2165,2
12810a77186ce239,2166,0
107e9552bfb52916,2167,3
ad80cc67e76cd897,2168,3
574b89050739801b,2169,0
cb682f57cc418a1f,2170,1
28519236a21df21d,2171,2
ed7a7273d04315e7,2172,1
562921fcae53aa77,2173,1
7563ec2669681d3f,2174,0
6a291cf776c55292,2175,0
32c051d7e29454fc,2176,0
80c42766c3145799,2177,4
f784baaafecd13cc,2178,4
0d1834dff80d6938,2179,4
661d4fc8590f1f34,2180,3
34856d176bf8c845,2181,0
0f093c373c4f249a,2182,0
27b480d64e6a29d1,2183,2
49fe8d5324c209a4,2184,1
a1fe07dc741f87e0,2185,1
b79d63e5fb7ae1fb,2186,4
5cfa69d038860591,2187,2
898b0c7249c20357,2188,2
9d63bc1ab73b3a13,2189,2
6d65fc0740d0d7b9,2190,2
1a0d0ccfe92393d9,2191,0
4e35521bbfade90b,2192,3
1f56ca8074c9acf9,2193,0
851b13a000ebc891,2194,3
d805cd4364d02949,2195,1
6eced355645f400b,2196,0
0f5060d2f1e166dd,2197,4
c88257f9e39dc39f,2198,2
25dd7d109b6e88e7,2199,3
46c12207241d9939,2200,4
3075c7abc7127412,2201,1
d4741afa7836bebe,2202,3
10f22d44ccd18fb7,2203,2
7eb712ecf681d21d,2204,1
c7ee7aba7ce0fe41,2205,4
800c6778790e5689,2206,0
b0c44254318e0cb0,2207,1
4d5a71093b62bd51,2208,0
b0e20c74d0764f1a,2209,1
349961c4b56c6e8c,2210,0
cd4eacee7b5afa68,2211,0
62cab2c44f085613,2212,1
02d26ea411e939d4,2213,1
6f1285245ff85d2b,2214,4
e6e84ef763d9c0ec,2215,1
b24057a10c192e88,2216,2
133c4140766ae34b,2217,2
ac1e3c378b885728,2218,4
46017c045b81d685,2219,4
751afb745f39b01e,2220,3
fc6466507a6b019a,2221,4
8d379d022da031bc,2222,3
833464ffe759a6d8,2223,2
68ebec96bfe0eed7,2224,3
a8953e13944d3611,2225,0
61dbd6e3c35fdb46,2226,0
02282cb5b0e19fa3,2227,0
a997fade98385f8a,2228,1
39a5a19dc2346cb7,2229,1
0d775e7279d2c5cc,2230,1
782bc2e6329f8ee4,2231,1
0caf7a6d10e2a44e,2232,4
11743892c98e0412,2233,2
703dca60f465728e,2234,3
63a523b135464054,2235,2
4f17e5031bd366a8,2236,2
748cd68f488da4ac,2237,2
e34dc12098ed840f,2238,4
95ba54031589aa55,2239,3
65c1d7fa538f9834,2240,2
35d81a473a242d05,2241,1
1a9d04ab57b610fe,2242,2
9b93aeb587758543,2243,1
0cff24d5a047961d,2244,4
40f52cb4e08850ad,2245,3
d9111bd1d8216f51,2246,4
1263dea2451e431a,2247,1
ca192c3de60318d1,2248,2
cb0f8d956247b329,2249,1
64ba937b6c096889,2250,1
b5a09d80ee097e2f,2251,3
e824d293bce9f590,2252,4
4d1a4ceb73ac1e88,2253,4
a583020000d8827e,2254,2
883bcffa59303cc5,2255,1
a7a26b18b22b8c2a,2256,3
9596083c219b9382,2257,4
605b337ad6201137,2258,3
e0cd9337c35289bc,2259,3
04c2eb427a2e5c6a,2260,0
109fafa9bd8bb922,2261,2
7919f067b540b235,2262,0
27b96d24a919126c,2263,4
60409b57e55650fe,2264,2
161e74c208c2139d,2265,4
44fccd1cbc86837e,2266,0
8b93a414aea61ba7,2267,0
80fb7005d33c9b83,2268,2
4208d1d66b5b6105,2269,0
500628cdccdc50a7,2270,3
9cb239fe6ef5e9db,2271,1
b0314d8e7c5e21e3,2272,3
00c16123d9262be4,2273,2
8c8798918cc86b28,2274,1
de71a82f426b4c1f,2275,1
f8958eb027532100,2276,1
6616fb4dfef8bc8f,2277,1
e4b4b4224c17845e,2278,4
4635f1afb4522c58,2279,2
9591675d4b20710b,2280,1
3d3d159d1f472ce6,2281,0
f73cc3f2bbf2b78e,2282,2
3e48c06617809717,2283,2
ed47224cfc624eae,2284,2
22fb915eea24eda8,2285,3
2b46df7f434eef57,2286,4
b9174638b1b7ef69,2287,4
57096427c733fb1c,2288,2
71cfd4114dee98f5,2289,0
0961b99abd889d36,2290,0
8e29ab331d71dee0,2291,0
cd0c5accb896e784,2292,2
6c6beb8cf10a6f99,2293,0
635baf4dadcc3b6c,2294,4
3609de9c27dc2c79,2295,3
a90e8735dc20327e,2296,2
b5071ded0fa139da,2297,1
ea46168246a84c30,2298,4
37861596dc9ade1c,2299,2
6a780480085404f6,2300,0
90736b97079b0698,2301,3
ba42e300964e64e9,2302,3
11671f1011bb9ca1,2303,0
096d6df4f681b38d,2304,2
6d0c61ea03bcc338,2305,4
4440dff380984eec,2306,4
e71b235f92ce7ca1,2307,4
56fac0fc1bd2e8a6,2308,1
89ec41aac9961bd1,2309,3
ac7d6702d0340742,2310,1
b88cb11530b2a294,2311,3
a6edc71a7212d88b,2312,2
d805701986e1cfc0,2313,4
722e30cc444faa3c,2314,3
4db5ee02828cfabb,2315,4
9a4e825667319c6a,2316,1
be8662e7034bd290,2317,3
4f544a5c40f986e4,2318,1
88a8a468e060f95e,2319,3
df75419cab0f007d,2320,3
f1e38851778def36,2321,3
f66dee2cf0f47d1b,2322,2
d5b2aab1ff781d54,2323,2
444343f4fedf2c16,2324,3
2a3e2de213b66e4b,2325,3
b9587e33b9e22a7c,2326,2
17886d3a7f8f0b00,2327,0
d2b51c5e1ade1bd2,2328,3
3d05e9b7d52718c1,2329,0
a81a9ca9d0e40eb5,2330,3
a8d67c1af4b22de3,2331,0
9318245801d05d23,2332,2
d158e9fdf4064ae2,2333,1
dcc538ee97b27f25,2334,3
4685789fa63847fb,2335,0
b16e4f481821f57a,2336,4
9748cc264ab8ce8b,2337,1
c6a4902e64f27420,2338,2
58b126aae0abc5b6,2339,4
8446b97b4e2e6d81,2340,3
eab56e9ba21abb14,2341,0
da93b9088590d3dd,2342,3
77de8d9607197ab4,2343,0
5d5aaa356f33bef5,2344,0
f4c9212d256d4ca0,2345,1
5f879a79e367ab14,2346,4
50e5b327de5b028e,2347,0
7f8d23d953e4e3d8,2348,4
dd46303d0cf332b6,2349,1
66d87cfafbaf2596,2350,4
48dffd3652a595f3,2351,3
93d33ead2b61e9bc,2352,3
391c9215a5e7ff0d,2353,3
a30e40eac0e89f7b,2354,2
e3da43874864453d,2355,4
bccc8ca7875b4fd4,2356,3
f512bccabbd42bae,2357,1
0d73e33989027704,2358,3
cc5a89f8657f4c60,2359,2
b83bd751fa8a4b2c,2360,4
474b0e561cd9a4e1,2361,1
60020b3cb6a5a5a3,2362,3
17c99ebdcc3aa05b,2363,2
835a323421bc6a4d,2364,3
0773321d6da645f4,2365,3
453b54ca263ac706,2366,0
c74c56fa6ef249b7,2367,1
0597fa98451c3a94,2368,1
c9749d586f6a7430,2369,3
d04a1189d8adcc21,2370,2
f8efbbe6d456e834,2371,4
8bd03390179caed6,2372,3
898625b6e509a56e,2373,3
0a6a0d22c8c3379b,2374,0
09b0595bb368fb68,2375,4
a0d5578de113620a,2376,1
9adecebd587521ec,2377,3
b158050536c2356b,2378,0
7092446c4f13f5db,2379,4
5273665812cd4115,2380,4
ae4681777a68a011,2381,2
55e999aa21f19143,2382,2
b4943f7d8b801335,2383,1
35a51f4efe57a54a,2384,2
e0cee1a8fa517522,2385,2
4b58b01d82ab677e,2386,0
681811e6c2c23452,2387,2
e34fd40a05a24c0f,2388,3
de86dca1e367ed24,2389,0
803066f2237d4274,2390,1
740f90885328736d,2391,4
4cf611cad339a70b,2392,1
e710386cd12704ba,2393,1
6152218b956ceb64,2394,1
b10daf17496c4645,2395,4
2c2d1a263d0e9cc7,2396,4
69d90dd1f05c2b1a,2397,3
729806a1d5eb946c,2398,0
b23a35cceac8b314,2399,4
9747d6f6bc4e6940,2400,1
9fea32aaaa286e3c,2401,2
ca6d1b03f73b8dd4,2402,0
716a89295a6541d2,2403,1
9ccdd84a4cd646ae,2404,2
6d54814cec903af8,2405,3
18a34d3e069279fd,2406,2
164cf0bec80e6e91,2407,0
23138b7f47c47b73,2408,3
da7b6e480d983817,2409,0
46086543dd6f6d5c,2410,4
89ea42fb2ed5f18d,2411,1
bdded35e983c7c99,2412,4
7c5ce37c9b2d836f,2413,1
c3367a335f186eeb,2414,2
198608fe9e774a5f,2415,1
ae929dec1a689ea8,2416,4
1c120354378648e6,2417,0
32eda1e9ecfac68a,2418,2
7ce667b6444416c0,2419,3
cdf8e4013440208f,2420,2
c1ec6d720cbc0001,2421,4
2e5133d5a340fd6a,2422,4
a4a124ab404e165a,2423,0
cddbc4b551acf33c,2424,1
345d4ee1ec2b2595,2425,2
bf4cab1c2f673b01,2426,3
2e5d89e904166508,2427,2
8684864e01e80f75,2428,1
787862ea168ca4eb,2429,0
b67f236453a280eb,2430,2
36454da93df402ae,2431,0
8e988b26ec669046,2432,4
40a915e519bbb73a,2433,1
82de7bb84b48a46b,2434,4
b80cfc05a96bc7fe,2435,4
6eb04f23718d7cff,2436,4
7f63710afda7f502,2437,0
cf39690d34482039,2438,3
8013087f589f66b7,2439,2
6499ef96e41e27d3,2440,0
b6bff07a7f2f51b7,2441,4
3503f708470b7a1e,2442,4
56493aa9d14b6a9c,2443,0
e22a3a6cf82c8289,2444,4
fe0bcc80bf3f1956,2445,3
84c2477e6a65d9a5,2446,3
6d31d5431c0feb74,2447,2
a81f4441caccb4ca,2448,4
500500791503257f,2449,1
2a14330b97fcb76a,2450,4
f150cc0ffde20eb9,2451,1
9074e8fd090d17f7,2452,0
00b2825d34c07680,2453,0
f7a7beb14698a160,2454,4
4bbc339a5fef99ce,2455,3
809d64a5404dcca6,2456,2
79cdbd51b548e539,2457,0
503b1e7d8493b9d4,2458,0
b5006d75df6da2ad,2459,0
cffed7a2ac49f0a0,2460,1
d310b9865ecc5993,2461,0
f7bbbe45dbca656e,2462,1
3714f509ada96d26,2463,1
8894073308c3575e,2464,0
5d0e8abb7b32da69,2465,2
a78eff91fe6f92e9,2466,4
37eb47d3c58b324f,2467,2
6e5430008febe9da,2468,1
a45289b4d9328f5c,2469,3
02074fc2851b4ee6,2470,0
1a849ad3cee94810,2471,1
96a5b498054232c4,2472,4
6f9cb4290d83ee38,2473,1
697661e530cfdb58,2474,1
514381d41f85563a,2475,4
7449f6301e8e1353,2476,0
e45eb0ae516df69c,2477,1
55e639741ecbd35a,2478,1
0851e4a1001549f3,2479,4
e67f798abe63ac53,2480,3
d3091683d55e8493,2481,1
8d2f2b02d585c2a9,2482,1
d97091e8fe324214,2483,3
26c2a354038050ff,2484,3
e8cd95b09d23e5c7,2485,1
29f9fbed1620a282,2486,4
3a0a6dcaca19b4f2,2487,4
3292f0df20fc10cb,2488,3
35decea5b8a776fb,2489,0
7dff25fc4873c2d0,2490,3
43e1f9db8d591627,2491,0
955fa6b78762c1a8,2492,2
799c6d12e7cabb58,2493,0
1cc5c0f09bd820d5,2494,4
217f95da58d21751,2495,2
b5fdcf8ff931faab,2496,0
585914af757c1eeb,2497,4
60d556eac3303f14,2498,3
ae1ceed793a1c16f,2499,1
00f12352cbef7812,2500,1
87299d8f336c9b6e,2501,0
44d5a6788862bb5f,2502,4
9be1a8189dc8f961,2503,0
9f10df58d9ccf8bb,2504,0
e1ca9c7dad419899,2505,4
8306219d4ab634aa,2506,4
1b4e302043d5f9ac,2507,1
578eabafa882e311,2508,4
c094f1dc4ff3dd82,2509,4
f49b7ed6ff33a0b3,2510,2
34141771f9d629bf,2511,0
de694e4f4645d756,2512,0
18a84ab66b703f61,2513,1
9c87c1f96ccd8316,2514,3
1734ad887128b7ef,2515,0
1dd1966a137226e4,2516,0
969ad9bb4cb96c1b,2517,1
0562bc980f399a9c,2518,0
48ac52f3cb82db42,2519,4
24253bf64c6046b3,2520,3
aff549e91acc1a30,2521,4
6a50258fc5f54eea,2522,0
20efa3498f1bdb78,2523,3
291dfc2699fb9afc,2524,3
0ccf3f701fbc1b25,2525,2
8b1e84bdf6b06264,2526,0
ab4e47af9f9ccf53,2527,1
05372f7b61378cfa,2528,3
9308879c7c1e904d,2529,0
fde9d77b117828d0,2530,1
2ded9df05e94fd72,2531,3
27a0dc8a4f15c34f,2532,0
daa916692954406e,2533,0
a6cd335a42255997,2534,2
16a9831adc12cfeb,2535,0
4a53d43d8d2b393a,2536,0
18308b5c53b4c2a0,2537,2
628678a8b555e207,2538,3
4df78545347d3974,2539,2
bc5cc31bff85dba8,2540,4
d6c8e46d999b2cd9,2541,2
d266b343f1489648,2542,2
2b5f648ffec0188c,2543,0
cc8e0401fb28bd34,2544,2
102ee04d6f3ebebc,2545,3
85abe5051cc2b884,2546,0
c6e77a1e5cadff6c,2547,3
ae4f50d0867f5611,2548,1
6607932932a255d1,2549,1
f4ed0a38f7a8f40c,2550,3
717a1a8f67cee23e,2551,1
625c18be692ae0f5,2552,0
c45a6354de2b1714,2553,2
512116a3430a3391,2554,0
bd20736b91cce851,2555,2
27eeb456f3099159,2556,3
ba90fa2da5c610ba,2557,3
ebdbfddfcc2f65c4,2558,4
f7047dbcb549d475,2559,4
d740f115037c88b6,2560,4
de3b54008be1755b,2561,1
455715a4bacf61ef,2562,1
30eba49143febcc1,2563,1
7a01494dded1e659,2564,2
5994215d9f4d810a,2565,2
0593a43f1ca4fa4c,2566,0
633dc2e160ef4fba,2567,3
ed130ef169e44f3b,2568,0
0a6533f8906cf82a,2569,3
6102d1a2d26a1b63,2570,4
6c61081bf890b859,2571,0
91911245307a1a13,2572,1
13c70678d6805e66,2573,3
629b2ea6358297e2,2574,1
e7ec1c5e63398da9,2575,0
f19de867cd365c96,2576,3
2b0ec3c0291d56d5,2577,4
dc015349921bcd12,2578,4
662db2414dedd379,2579,4
9d44d9a7d5b75140,2580,3
4edc8f6684722de8,2581,0
c61d20bf789c690f,2582,4
d839d9ee717cd72b,2583,0
f66723a0c77df292,2584,1
bef9c61c5c241ace,2585,1
820e9c9fb25be7c4,2586,1
c49f3658769e604c,2587,1
236287688363ea5d,2588,0
32824f53518ab459,2589,3
40bc8d543ad29594,2590,4
df874ae540e31e87,2591,3
849a5350090c14b7,2592,2
e41ee88aac09c58f,2593,4
441297baa81af67f,2594,3
cc091c8f0d4e94bd,2595,2
86c947835bc0ef64,2596,1
31a2a7da2bb80ee9,2597,2
7448f8bc9dcc8e40,2598,0
cbceea439207dbe2,2599,1
cbc36943582707c3,2600,4
7b55701e1d36e2fd,2601,0
d25c4c0e20e7efc5,2602,2
4efcc6a45bd5056d,2603,1
164e423d999a50ad,2604,2
4e1edc1e743cace9,2605,0
21e01fd286584ed5,2606,3
dd1140141071d025,2607,1
04d419d4e98b7551,2608,3
2f26fff67834d4a8,2609,4
bb3f68e0f2a7f66e,2610,2
d9842ac4895695d7,2611,1
d04176fb8bae23d3,2612,3
9345ab8f7221ef70,2613,3
dcf90faac95e82e5,2614,3
1e541a59af19123a,2615,1
d1e311928566e195,2616,3
d64eba30c42e6f55,2617,3
d688ab3eda900b9e,2618,0
90528d096bbb1289,2619,2
0b3984d2383584a9,2620,4
262ee5ab07ce6793,2621,3
76125c50119301ee,2622,3
07124fb46eb2ba7c,2623,0
fc0db8412df0b188,2624,2
8fd4ebf99b656db1,2625,4
cc69190d618b4d34,2626,4
da816531b390209e,2627,0
c3695447b59df744,2628,2
2f530a04762b5d04,2629,4
4d25a704bfe5a227,2630,1
b606d5784797fd5e,2631,3
0b9c21e7ea1be73d,2632,0
94a0293534817334,2633,3
a7932faaa3d7e165,2634,1
b55ae385fe9760c5,2635,1
76f4edf6a72b2b71,2636,1
88d8de46fcd3f5d0,2637,1
fc11bba16b57c584,2638,3
055560df2da2430d,2639,4
bd8f451e5539c602,2640,4
8080c904775f2d0f,2641,4
9d3ec915a1f701c3,2642,2
a2b1f5e5955e5937,2643,4
08fa11bd72411e37,2644,2
e7aac485d4d808f4,2645,0
b325369a151b1500,2646,4
e4f969ad16a27b43,2647,1
da0a4e1f1a3373d1,2648,2
d19ad97f21325f25,2649,0
8d3dbd08f5b4ac92,2650,3
103bf072518e394e,2651,1
143e0be5e83a38f8,2652,0
8a4bb3cf4ab7520d,2653,4
bdb089ccbb9390aa,2654,1
7a3a40a4abdc86c1,2655,1
a0938d0e29936d97,2656,2
964bf0871027c131,2657,4
9e6cad5ab3f75ce0,2658,0
6b3e22b88b60d38c,2659,1
06659d3a70b3f7a0,2660,1
fa9c9a99107989c4,2661,0
ec54b08042985f0e,2662,2
dbfcdd5cedf57bc4,2663,1
043042a27f201a23,2664,0
6cfa3bf2f7896ced,2665,4
7371aeefd20050c4,2666,4
026a40f39d5cfabc,2667,1
be4bff89f337ea4a,2668,3
0d11cc08e0082a45,2669,2
e4ad3a4c4a08b7bd,2670,0
4f64da3073d127a1,2671,1
b3d07e1c497efcf9,2672,0
3dd7591e2e028f38,2673,3
73088e7a26b156a6,2674,2
a993dc5851f7d62e,2675,2
d53d3461fc4bcc13,2676,4
835d497fc958e2e3,2677,1
cd7dc5e623f384cf,2678,3
73714c35d81e7b6d,2679,1
1c85ea464a28fb44,2680,1
493cbc0be0202ac1,2681,1
64a524c97c85dbab,2682,2
beccb32b42ca6dac,2683,2
af894070c984dad8,2684,1
1753934e04ee3cd0,2685,4
82f0881df27aead6,2686,1
deb09a7d15d7610e,2687,3
c2b01b1d6c2d5070,2688,4
312b92eea7d31cbe,2689,2
38565b99e1daca9c,2690,4
609b8ca38eea92b8,2691,3
7b450537134b68ab,2692,0
a8394e1c6411f253,2693,1
7f9a71a776cfbcbe,2694,3
165010e9a44f50ff,2695,1
b9961153815c9a24,2696,2
b0e2d700ec29b487,2697,3
9e17499875bd98c1,2698,1
b4c3c35c3269bba9,2699,0
166f116c55cbbf1c,2700,3
8c2183e1c59d5060,2701,0
6b96d11016fd382f,2702,2
1656bb4b944ae3fb,2703,2
dd46830e3ac21e04,2704,4
f5a1164e030ed0c9,2705,1
9364777b8160472f,2706,0
8d59c80181a63ba7,2707,1
5f5569c3ae632b93,2708,3
d3d04d54f6a6d555,2709,1
df8da1adf2d400ac,2710,0
cc8dfe62aa3ee024,2711,2
78fe326952516333,2712,1
1afc8e3f3a60a167,2713,2
a890755418a1fb65,2714,3
a8c8a363c34c5889,2715,2
fb77689e7b328139,2716,2
b2c9f3edc16375d8,2717,0
0e0956788e77bba8,2718,4
55b20a41231c151a,2719,2
98a19605c64d9d3d,2720,0
67e1fe4339a2ce23,2721,1
1ccb67a040b0cdf5,2722,4
0979d6d3367d583a,2723,1
710b023ff80b777c,2724,1
d66ffbd51dbb34fb,2725,3
4d43ccfe789fe877,2726,3
bdc796fe954aa9c1,2727,4
5299bb02005caba9,2728,2
89d1b7359bde1a6e,2729,0
ef1c5850a6fd4619,2730,0
9d2d29c0e96d33da,2731,4
1694aa5fe26559ea,2732,4
95d1490d090b6236,2733,2
2460f5dbe00ac6ec,2734,0
09ab5e0c42a03868,2735,1
14f87c7cd1edd272,2736,0
4f2fa1b6d0bac32e,2737,2
bca640956c749530,2738,1
c2bd98848e59c36d,2739,0
68b2323863fbbb3a,2740,4
6c07fb662187a6c6,2741,3
38f233a115a51a9b,2742,2
83d5155be47b1f66,2743,2
ade7667dca84cdab,2744,4
4a6b9a255bf2975a,2745,0
c869ae439b0c368e,2746,4
bdf0e8078e2bff4e,2747,4
ef371fe0f99400cc,2748,0
876c5790982f4a18,2749,0
7278f2dfae522ab8,2750,2
09aec5e4a574f394,2751,0
da826c0f0ccd85bf,2752,4
078a17fde9fe37f2,2753,1
bf7c99104fbec211,2754,1
78520205b87bc72b,2755,1
dac6a06e2f6086fb,2756,0
5988d500a4dff89b,2757,4
990fb7a4ce0bf8e6,2758,0
0c55ad888da5ce07,2759,1
e979691ba6a98a73,2760,4
52f428c1c201c89f,2761,1
d410c3cab027d0a3,2762,2
8a6e9949af6a18d6,2763,0
52f58fc1afb59fde,2764,1
388f9793fb2a8da0,2765,0
ca4f39bceb2b2570,2766,1
314ea65ce7e83fdf,2767,4
7a471c882f0aec08,2768,0
d92590d7b8dc5caf,2769,1
ee9dedc2d184fb62,2770,1
fcf8ef0bad5d1c4e,2771,0
bcf14fffa3fb6b4e,2772,4
c01af815d028a786,2773,0
c3a9c1508ec96144,2774,2
c0c549908ad42bfa,2775,2
e78c2a7cd824f7af,2776,2
e299a88e779c1dfd,2777,4
78f962568907a2d5,2778,1
b0d4180cb736b530,2779,2
a68ca0cb0c9bcfdf,2780,3
2dabd8136fee7025,2781,3
10a089c52ce1684b,2782,0
54ddbc5806961746,2783,0
d2593ea5c324dff9,2784,4
9077a06739514721,2785,1
ac275184d8ced70c,2786,1
a678987ebc5f886b,2787,1
5c121dda72a3a514,2788,3
c8c8f0619d81e7ea,2789,2
3519c76733451ecc,2790,3
f9c4f26a73e4bcce,2791,1
9f5a14dafe11129d,2792,2
f61107f941ff1e75,2793,0
822fbafa012a71d9,2794,2
215ab921f90fd1f7,2795,2
35698d6e68a12787,2796,3
4237bb8cab7ca061,2797,0
a4f1790874013307,2798,4
94395896f4965ba0,2799,4
1439d752a40555fc,2800,1
7e346e103103018b,2801,3
f2242ca4334746bb,2802,2
a1aab47eed766c47,2803,2
f5ff53039d79dfb6,2804,1
c9ea5cd06ce06d14,2805,4
db6c0b2999c698b7,2806,3
fee8892c9e8149b4,2807,1
d55acf834db7352c,2808,2
46f530e7aa04021d,2809,0
76ff9bd11bceb448,2810,3
5063370ab71703c6,2811,2
3ae6b932c09e9592,2812,0
293d3a8e740254f6,2813,3
fe26fa11bc7a1fa4,2814,0
ccca5f4068406bdc,2815,0
dfc2fa75bd94de8a,2816,3
4f4801171d045b21,2817,0
81d48489c8986ad0,2818,2
f4d5ee65854a481a,2819,4
58308e908cfb122f,2820,0
2451eb21fd455935,2821,3
febb619433d12795,2822,4
cb961585c47a3415,2823,1
b644f32c0e76c869,2824,0
39969f95e538a2a4,2825,3
a1aa943bee3f9e25,2826,2
ee6efc58eb3652eb,2827,0
ce6b81088cccf80e,2828,1
cf7898aefb30e06f,2829,1
3222208f2380046f,2830,2
b52cbb750c5f8735,2831,2
cdae602b2009f3e8,2832,0
1800fb6d3f2dc175,2833,2
248e27b018fb15ac,2834,2
2a8c5d25be2dd724,2835,4
183ea0095e9e8f08,2836,0
031ce3a0914e8c47,2837,4
74d4fc01b1313418,2838,3
7ac0ed420b3d7a86,2839,1
addcc9f6ddeba65b,2840,4
7cd7c511d0e1866e,2841,2
14a0c599c5775fee,2842,1
c36bb3c914494cad,2843,1
8e013972e61839f0,2844,1
7b107c81b27d8b43,2845,2
e89ae8395d6d7279,2846,3
db5576c9fc488d86,2847,2
96bee26d95c2479d,2848,0
b3251da20243a827,2849,4
485de90602081a0c,2850,3
df38d85934a2145a,2851,3
39dfe92ebfa5d788,2852,0
a7a47d7335a5b8ce,2853,2
c1e7b313b2d97cd8,2854,0
99f88c237ae33f23,2855,4
2954a56609204f68,2856,4
dbef953ba2a8ed12,2857,1
e92ebf0abd852818,2858,3
0260f6826f0efe4b,2859,3
cd0401433532b1c2,2860,0
5ee39207adcda70e,2861,4
d65b12ca53521410,2862,4
a70f5b77fd69a9c1,2863,0
9a97dc72abf58f10,2864,0
b154f0942a829a98,2865,0
44c66375ca836abb,2866,3
e6c334ef56adf1b6,2867,2
9442094bf1440d89,2868,0
706f5a29aaa046c9,2869,1
b99681403da022cb,2870,1
12a4d97044ce91a5,2871,3
18133fad54c930f1,2872,3
9cfdef86bba398d1,2873,2
511524f1ae2f5f46,2874,0
8efb0ccf0cbc1df3,2875,0
082078ebd9eeaa35,2876,0
8162418e2ddf106d,2877,2
e2bd5e3cb033be76,2878,3
d4a1614b5cc1a7be,2879,0
ebab285a12df3e3b,2880,3
07e055adb86c8c0e,2881,0
e8a9372924341290,2882,3
0add02205f1ad410,2883,0
e8d994aa579479c6,2884,1
31ca1ae64eb1c272,2885,3
c4cc1a117b37b80b,2886,4
6f6c999c1c7a312f,2887,3
beb8d36993e1aa8a,2888,2
a95bde273ec72f15,2889,4
b7325e12905fa813,2890,1
02c1c11f42df5f05,2891,4
aef4e7db9f27d292,2892,2
0b536d24ca0a5a95,2893,3
ca52635d642e51ca,2894,3
efae92c336146759,2895,0
68cbaabf8f0a484a,2896,0
6e419b7c0105810c,2897,1
a46393a3e3c93596,2898,2
eb91b70a81cc1cf7,2899,2
0827ad8ad6aa320d,2900,2
b40b8028ae9afa3f,2901,1
b9ab4f441c307f2b,2902,1
104d506dbf622e10,2903,2
256053d1244afc22,2904,4
6ecea20fc9be26be,2905,2
b26ca84fcb0878fc,2906,1
9fb5c81373699069,2907,1
d3f92cf3481ba16c,2908,3
c88b4c54dd835508,2909,1
dc63b3167d095ceb,2910,3
ec345f6bebcceb7b,2911,1
57be0aabfab4c824,2912,2
bc1b7aab827ceccc,2913,4
13080a1fc0f40882,2914,0
92de1f373d67c729,2915,0
43aa698096b92053,2916,4
56bea3d82f251665,2917,3
4509e9e2d89bbf08,2918,3
8a6c979ddabaf9c6,2919,2
a9e6a6fa656edba0,2920,1
8932df7c0cf4d50e,2921,1
d4e040ebc26c0390,2922,0
bf1f0e4988b25e58,2923,1
da3c417779b9df1f,2924,2
8fb1600eff5458f6,2925,4
ed97b01712c9be01,2926,3
4659f7444fbd8e94,2927,0
39b29da8b8ec46f5,2928,4
c26823ac56e0c6f9,2929,1
1ea867cccfaff882,2930,4
e734217f18bd7eb3,2931,3
df2b055075fd177f,2932,2
fdd345aa07fba918,2933,1
9f281b84467b4530,2934,0
7fd0f55eda04ec30,2935,1
d8075260d74971d3,2936,3
14a968dc19afcc19,2937,0
ad3ba26f767be1d4,2938,4
549c23367e3bbb29,2939,3
2e9bdcb7fa7dbabf,2940,1
23dab9b8e65972b2,2941,0
61ea1789021492ed,2942,0
c320b5337e8654ed,2943,0
6b7c520e58a912c5,2944,4
94437988695c1fc8,2945,3
38bb8f54eb6261bf,2946,1
5130270ccb38666c,2947,2
8acbb9dce53be9ea,2948,3
ffc7cb8a097ea053,2949,2
449f57e98ece6ead,2950,2
9b15554e129b40ae,2951,4
57c7e6d4eea4e72b,2952,1
14ccb88f8e4b22a9,2953,3
d4b4875772fb077e,2954,0
03ca07299efbb2ba,2955,0
7f0cac4502f33a61,2956,3
770347f432dc289d,2957,4
3991646b8a284bd1,2958,3
21a719b97730a019,2959,1
ddb51aba931c73d8,2960,0
ac926d0f02eaf8ba,2961,0
b30730556f86ea3f,2962,0
1d6256911f519ede,2963,2
7fb811ec84b29bf3,2964,0
9c77a10d1027b4c9,2965,4
9d0a5cf01f213ae7,2966,2
bc38d8f74a3c95a4,2967,2
736bf2caa5154d82,2968,1
91ae8c3742abe798,2969,2
eb70b44df9452cab,2970,2
ab255e7a79c07af2,2971,4
3ecaedbb78f39a63,2972,0
d62317ed7a02086f,2973,3
7ee4a89af254b573,2974,2
e1d567280fd716a6,2975,1
a4e96a4cae07f832,2976,0
3e4c5efa6a559195,2977,2
e100ced10148e2e6,2978,1
05ac65d65838fe07,2979,4
7c45b7418b246778,2980,2
0cd23de4d9c34b6d,2981,1
c9bb60b449404cd0,2982,1
fecd85215684c069,2983,4
aed701aa7f84d4aa,2984,4
02891720ff1d9e15,2985,2
7b590744bf5bc2b0,2986,3
4d4ec15100b643a2,2987,0
c5b0a8ca8589152f,2988,3
1124eae8677d1714,2989,1
5308110109f243e7,2990,4
acc8bbc005a3e570,2991,4
75db842ca0cce8b0,2992,4
c67c1f7f8968532a,2993,3
951f5c6c2a3ab2c6,2994,3
2e58d62f99c8227e,2995,2
b9dfd69bcf5ecd09,2996,4
8a4cbd0a2505fd60,2997,0
63d5bc3ac363dc80,2998,3
f5b50c1c3f840223,2999,2
0ea0c19dd64102b6,3000,1
bcb9defaf0c0cfe9,3001,1
6970666c5ef8cacd,3002,0
5ee427e0eb1f2cdd,3003,2
9be516bb1278d7d6,3004,3
550d0a9f8c1aaf43,3005,4
dae6fa82183ea50c,3006,2
5a8ffd49d66686b2,3007,1
c9dbfa9a5a653041,3008,0
f078aae19752bb9f,3009,0
9e6056a93862d228,3010,3
85776dfb3be37891,3011,3
f2797291b235ff0d,3012,4
7db77bdc76a2f4fe,3013,3
1b6105b97bf80e3c,3014,3
1d04ab84350a53f0,3015,2
09fe54d5e7236da9,3016,3
f6fa8a4156c75bc7,3017,0
0a5505af52ecd15c,3018,4
5de03450ced8106e,3019,4
4879f4d1a5ba2b46,3020,1
e327d55e8bad2e3e,3021,1
1820940f5d5497c7,3022,0
6200f94bccc14664,3023,1
026cb68a3668a1fe,3024,4
00c5efff81ab0a1c,3025,2
cb587bd936863777,3026,4
3598a9ac0ad5f105,3027,3
5842caaf445fc0b6,3028,1
db618434a47dbfb3,3029,3
d1556f9e25393906,3030,3
efea48c028781443,3031,4
993e0232cb79d7d8,3032,4
9de838f502fe02d3,3033,0
a775831ff06e472d,3034,0
998f1c0611216f12,3035,1
529713119d9b681a,3036,1
2ae352e049ef3fec,3037,1
5a906e2e113ea6db,3038,3
eaed3f913077492f,3039,2
bd6c9b7c24d383ad,3040,2
9b6be2fc3c778087,3041,1
4a7433b8b4cb9a2e,3042,4
7d24ae6f64023ab9,3043,4
d4c392805f58a314,3044,1
1807c28e97461951,3045,1
bb8bdacd0f9b6eeb,3046,3
9b03cb9d25a53d21,3047,3
eb0f2464c197a945,3048,0
3e5eb0dfc1ae0876,3049,0
96806f60be0350bf,3050,0
d7925e0b9e6e8e75,3051,1
b536395767d0c1b2,3052,4
a0181520c224cdbc,3053,2
08a449fa76163908,3054,3
e60f211dc160bd35,3055,4
49881059ff86c9fa,3056,4
5e0b8d69ec8e471d,3057,3
90a2369260fc41d6,3058,1
6ca81def352ef0a5,3059,3
c41894c4b9c9da3b,3060,4
ccc3f941f7d08dfa,3061,0
08469ce167ef2b54,3062,1
6e9677ef0e230d76,3063,0
b5914449aeec77ec,3064,2
42e39bad689d4a1d,3065,4
c9e64ace31f298fc,3066,3
a07ac6ed54fcc746,3067,4
bceee40631adea2b,3068,4
9a9e53edc6b811df,3069,1
23daa90471bdcbad,3070,4
6f8fd363e9bc5e2c,3071,4
482986a22ca53a86,3072,2
b6a5d7c7cec5fca5,3073,1
8bc5f7665020eeae,3074,3
25bc269e97272525,3075,1
49e75ca22b1cb173,3076,2
d81555e5b96f00e0,3077,0
7882bfbb2cb6c2cc,3078,1
c74641328f2e28fa,3079,1
864a6bc090002fbe,3080,1
e9b3825e40d16fea,3081,0
ac9a025177b1abb4,3082,0
3e847ff84bbb031b,3083,0
26c8e619e9a8adf2,3084,1
093f1004cd9b99e6,3085,0
b8336cbed0f99d88,3086,4
e9e3879a48acb4f7,3087,3
32d7f54e05b41191,3088,3
1aad356f64944f1b,3089,2
09488f04af6f4d55,3090,0
22349adae239da16,3091,4
975dd5734ad284e0,3092,2
57ac398e92395ad3,3093,0
eb34dabe635876ee,3094,2
aa51df55cc7504ce,3095,0
23b58b213d2bc4c5,3096,3
b3c7e9d35cb633dc,3097,4
fc296b678117e4eb,3098,3
e48152c807f6f3c9,3099,3
4e9be790ce0fcc55,3100,0
e5b67330adf94ff5,3101,1
dadb9ee190a06580,3102,1
dd01b70f6f562edb,3103,0
bc1d6471ffc8e47a,3104,0
cfe0bd09b9fd4cb8,3105,0
a6dac4e40814a39e,3106,1
a8430fcf47583c4e,3107,2
525be35ab971fecb,3108,1
2cb5eb8f90edf834,3109,2
3aa6c756b30b1422,3110,0
5322cb018e9c9d37,3111,1
1a74ef1e5ed02d4c,3112,2
59570d48aa43b39d,3113,3
48a3fb0cd081f387,3114,0
cc8925d49af54ab6,3115,2
82e8d845606bc793,3116,4
9478027975d46a30,3117,4
4ca561de57f88123,3118,4
f5be8438b037c5b5,3119,1
2852acbec25b58a3,3120,2
ce83b715313b4ab3,3121,1
08f246c2b8286458,3122,4
a903c67bdd6afc0a,3123,4
32e0cbb65c9962ba,3124,0
791d94561eb356fe,3125,0
6befe22ea38e5a11,3126,1
a8fb546ef03634df,3127,4
6288ce0680ac6a4c,3128,0
5fd4fceb4117ca0a,3129,2
af8dd2b6a92fb273,3130,0
ed4cd28760c9d115,3131,0
4a67e86166dfb3ef,3132,4
e4397db51168b06a,3133,1
e51595f1f2cc9ef8,3134,1
7e179be2df04d7e4,3135,0
cd62bf9d1a07d88a,3136,4
39398bee81d5ce15,3137,3
79a3ff9d473d6fee,3138,3
0d12f8a30cd65ff1,3139,1
5cc4536c20a70118,3140,0
7ba51974bfe52b9a,3141,3
0ad8825648ef5cf2,3142,1
ba6133129306be3b,3143,4
4f3b7e9fd5332c5d,3144,2
075cb4fbb611bbf5,3145,2
bd12c9deaf7d6ab1,3146,2
8a6592345247007a,3147,3
7002a55b4ad4bff2,3148,0
945d81895cd1ac4e,3149,0
5cf1ddf5f5efba41,3150,4
1eb03ea2c6ef2d3d,3151,1
45d3e612b1e98ed9,3152,2
fd3bf82e1bcb4519,3153,2
f47d6eaf8b855038,3154,4
5f87c0db280d74cc,3155,4
581215bc92f9cff8,3156,3
71144ddf3d1f4705,3157,4
be91688bd45699dd,3158,4
abf3cd5493fe8231,3159,0
f6112cf4658d7ddb,3160,4
0f9dad491c1fd0b8,3161,3
a7779919dae03d7c,3162,4
aedc0c4c304fedf0,3163,2
88077b8a844cdd2c,3164,2
9971e32327fe5646,3165,1
ad7bf24c20a71354,3166,4
94d5fec4c3d8f3d2,3167,3
b98c35d8f980c495,3168,3
4ec7f48515f80e53,3169,1
8a7925a6d1455f4d,3170,2
18bffd8470fe11ac,3171,1
b4a75c988af715a9,3172,3
3ea5dde7a2db8979,3173,3
a20eb28fb8425873,3174,2
437c0658c4f19be1,3175,2
9afed2341ba9f337,3176,3
f4a71dc5ea6b55fa,3177,2
f904d6367abe2998,3178,3
2be9cb5d37bf6356,3179,3
eb0f27fb6b20554d,3180,2
66d53fdb458a7efa,3181,1
5f36b4c4358b3a57,3182,0
471f7cf375353f2b,3183,4
0a2d839155eddf1e,3184,2
6b99a09e98a96d64,3185,3
0a54020322971227,3186,2
ea7ab63f01ae1d85,3187,2
c9d8544bcf5b19a6,3188,1
6edccfdd0d6a6343,3189,3
3858e545c8d8ebb9,3190,3
24c748eb7d0e3ece,3191,1
568c1de35b841673,3192,3
ff068f139ac9bf1e,3193,4
44db21d1d7c03efe,3194,1
3db355505b66df47,3195,1
20c75b1b74cbf6d2,3196,0
ec7d403a3b8f6963,3197,4
b4b579311d7c78f0,3198,0
b87c1d06efb03576,3199,3
e3ec5e859a7c866e,3200,2
f33cc433697656dd,3201,2
2ad87d71c5dca46c,3202,2
d55705f798ab3729,3203,0
81ea3f46d038deed,3204,2
aad83e62c81fea37,3205,2
8f3700e04af0e2c0,3206,3
dd07a09012f326da,3207,1
fa9cede5069dcc3a,3208,0
e29597bfcf50f4f0,3209,1
8d2dab0f7f588688,3210,3
343d8124a93d9ffb,3211,2
710e07befb5d082e,3212,3
ba198a4008c91818,3213,4
5182a8c392c5fc05,3214,1
53085dfe95fc4f27,3215,4
9177073573cf147b,3216,0
890ae1270858d960,3217,2
fa43062c03102bb9,3218,1
625d0ff379d575fa,3219,3
b57528f9301bab13,3220,4
20d59d91c0571565,3221,0
688f25e3c734578b,3222,2
df6fc996a00ab419,3223,4
0ec33236bdda851e,3224,0
71991e85c4667e0d,3225,4
7d6f11fcb927a4ad,3226,0
49f53218f1095a79,3227,0
748a32a945b2f63e,3228,1
807a29c61a479552,3229,0
0fdaefe5c74d26fe,3230,4
b313838dc02da0c5,3231,2
c1f61f6d4916e0fc,3232,2
164bc67588bd1d16,3233,0
8295f7a9bc86f15c,3234,0
3ad15a6adc6d81a6,3235,1
8cd978824427e911,3236,2
2b52f012bc0d4590,3237,4
c014b344d1c16e28,3238,2
0957d883a773b19a,3239,3
7d5e89f3d8118b69,3240,0
d98c342b8c3441cb,3241,0
b24654922680ad7e,3242,4
8182f65ad679ba9a,3243,2
fe463ccc3d84fb4d,3244,1
0d1285ba07d33973,3245,2
01bd0eb8c864ebc0,3246,0
73a400018035f304,3247,2
f77856c3e1219e85,3248,3
3cbfa904ae3fda63,3249,1
bb7705fd79c2cd50,3250,4
2c70f00e2ed28947,3251,2
cf80aea305c0da35,3252,4
d81c45b270016a11,3253,1
086e2807d39c7ba4,3254,4
7faf27060f9a56eb,3255,2
cd6d36e4360dfe16,3256,1
6b6f5a42ddb2445f,3257,0
cbe8788b3a4d8e5b,3258,2
ce50308ef2342f6e,3259,1
1395c1451c153e12,3260,4
7e3ba5eea36d4a85,3261,0
2eff9ebf6a397d34,3262,2
4c66ccfacfb8ce10,3263,4
915d1141ac11ecfb,3264,1
c905f67fad27d411,3265,2
8174fde9947519d8,3266,4
753fc07d72a2e094,3267,3
6ab1dbb04d7a5fab,3268,1
52031d2103e18d5e,3269,4
99133cbef6993122,3270,4
af9da1b575c3c637,3271,2
9a6c82bf010d5b7c,3272,0
782514f7e6f97b0f,3273,4
4635d64736deb816,3274,4
91d1fa592702284b,3275,2
d5f94646f1d7b8cc,3276,3
448526861a52a258,3277,3
e3c625e3ab1d6da4,3278,2
9c0ca7eec8380ec2,3279,2
2c6bd513ccfc0776,3280,0
8311f7583fc5a265,3281,3
740345c608fee507,3282,3
b7b232314d7c9025,3283,3
bb409ce4c49df87a,3284,2
05137db085ef7d29,3285,4
feb64fab847de711,3286,2
071b606520d36337,3287,1
fb8e011dc4ec290a,3288,2
cb62dd3d65bba248,3289,4
895a0eaf0bae33eb,3290,3
d056f519021130fd,3291,1
8b2d21360d71c4e0,3292,2
abebbeac7570aab1,3293,4
dd9167bd43136c81,3294,4
249d47c4c499c10b,3295,3
dba211e1cc22bf67,3296,3
f7afbbe83a4cbfde,3297,0
65c6810b41762bad,3298,1
aa88db5dd417e53b,3299,1
0788e3fd26341afd,3300,0
38d7f1b683060f9d,3301,2
92b5d77a0d8b8d87,3302,1
50e36efc6a4c679b,3303,0
d5f961dd68980d72,3304,2
88d533870c44888c,3305,1
4e7523bbdbf09789,3306,0
7c9c6bb66fefd745,3307,4
74119c65b0bd9787,3308,0
2656709fa8d2d728,3309,1
9fd0c25fd4df0684,3310,4
4c25b7533c796bb6,3311,1
81c63afe0178cbcd,3312,1
1283834e0bcb78e2,3313,2
2697ddd0a13efab0,3314,1
5563c8366f17ac28,3315,0
e37ee57301046621,3316,1
51df7bfec9c8728c,3317,0
339377957d56db01,3318,1
169e3902fba238b2,3319,4
ca5bbd2449bccba9,3320,2
9f56cf972aa8a9b9,3321,4
0d95b46d707e1ed3,3322,0
56944d83cce3bcea,3323,3
30eea38080ae5b66,3324,3
e94bdfbe76d7485c,3325,3
6baf69ac5d61f31d,3326,0
139830c981e50b14,3327,4
fe7e53dd912f3199,3328,4
dec286fd76a91ffc,3329,2
7156ddce1f84cd29,3330,1
4ec1df129604a16f,3331,4
16e141e00dedd370,3332,2
1e14b4c3f0f2b885,3333,3
48d26a28c6bfbc70,3334,0
0813aff12b41a8f0,3335,4
77847d57c4b04aa5,3336,0
4e350c927f6040e5,3337,1
c2fda2953c9567e1,3338,1
b1fb302f5cc324d1,3339,2
1dcd9ecdd9b27b5f,3340,3
8accbeb2221922c4,3341,1
b576e894ccf95b2f,3342,4
56ed014ae376421e,3343,3
7e0baf3eda5dceb4,3344,1
20f88661f0550583,3345,3
f3f2f02a6512149b,3346,1
c1a934f3b7cb55ec,3347,2
4394e0cae41a6b00,3348,2
f43b98bc8aaf840e,3349,4
44c98908a79b3076,3350,2
78274b7ff8535904,3351,0
8e2299db986bcb3b,3352,0
8665457f422dfc59,3353,0
014873e656ff3a92,3354,3
9a24fbac37bff7f8,3355,0
065e43e5bc1a0a20,3356,4
86f4ba2216a8f694,3357,2
ce5ebc1006ad9fa1,3358,1
6c2d72f4e95c3fcc,3359,1
bc70622778707f31,3360,3
5b5dff64a8ebf01a,3361,3
ed999f4bec02fc84,3362,4
1ad9b1aca5dfb33a,3363,4
4c719384b2da0fcc,3364,4
a5ddc75554cc107b,3365,3
5fe6000d1a6ce272,3366,0
db508104fc424467,3367,0
403872656153bf69,3368,0
479b51ddc3e76268,3369,1
0e1214e0925fdacf,3370,0
f87019c6b6597060,3371,4
b01b81e32d556dcd,3372,2
037e7a9e221f8f10,3373,1
f6698b8e52a84416,3374,2
34cbd1b9d17905df,3375,4
4ccf8a0f005b100f,3376,0
84db0a9af1a33170,3377,2
1f877421094cbab5,3378,1
d12f8f043b9ddb82,3379,1
afc91bfc0054a7ed,3380,2
2f954c342fcab349,3381,0
1f4bb796142c58d5,3382,2
541943f04eabeb00,3383,1
5a32a82903a64515,3384,0
2924bb8003b3c1d5,3385,1
b06ec8c7102a7c26,3386,4
46316c372600d8cb,3387,1
eaa7c6acb9df2a95,3388,2
01f4856c9edb42a0,3389,4
58797e52369198d9,3390,1
8c7f22f8982618f2,3391,2
465013bf5b96c7e0,3392,2
d4625c5331976716,3393,0
af12fcf3be91461a,3394,4
d550c4c8ee49b337,3395,4
a538f53c2c8ae671,3396,2
71b31009a2e92af0,3397,1
8146bc3acab8b449,3398,2
9c65999f73f0662c,3399,2
3e40d46959336394,3400,4
bbcdc7fcb62a66aa,3401,2
365f51bcd9239be7,3402,2
dab373cb434aed9e,3403,4
25994026825f0cc5,3404,4
c7fa2de4cc91afef,3405,3
75b042b2dfef4ac8,3406,0
0745f227893c9cd6,3407,4
a82a880dc6da37c4,3408,1
28d2c657ec3df41f,3409,0
e2f31f92e6fd1a24,3410,4
e2350f8d97748419,3411,0
f18d492b2ea9bacb,3412,1
2a53d6ec187e24f2,3413,1
1568334f5784209c,3414,1
01077685a13f0ca1,3415,4
277014e67a59f43b,3416,1
8c2ec6b0a1ca8baa,3417,2
10754d3266bc1d18,3418,1
5279bd4bc67e698e,3419,4
fe6feb13cfb5abe3,3420,1
23a43439440c49a0,3421,3
b6e0cab4a42bdd70,3422,4
e20944367dc25162,3423,0
7fe7c592a4e8fd14,3424,3
69bf7fe65b8b6033,3425,4
3ee12876958d3cff,3426,4
d441841c302513fd,3427,0
30fa3518376c80c3,3428,2
ad9c9e622e43dd07,3429,0
e56a217be6a0d109,3430,2
24d67e7d0e228b2e,3431,0
d85a2d1892668d4a,3432,0
95b7c6d05b58637f,3433,3
16699813d4b5e370,3434,4
bfca7ecff78e321d,3435,1
5cbd3c78f3e71353,3436,2
579387d178e97662,3437,3
5b58b4809f91bfd9,3438,4
f91eb0f3fa05ce57,3439,0
3564ca7cc429c800,3440,3
93b3f33358aba9dd,3441,4
1e18e6e1a4d85114,3442,2
78a0d15054aeb444,3443,1
12ac50ec7ab4b621,3444,0
dbe7f2942b40f02b,3445,2
0ce8b457693bd6a4,3446,2
b9700845dcb9484a,3447,3
790d30c4fdacfefe,3448,2
0189a29a4753aa4e,3449,0
3caca04aab9b8a0e,3450,1
40a42dcfcd7331c8,3451,3
25034aab58e9c526,3452,1
97d42d05f07c70e3,3453,4
b22d35f6a3c666b2,3454,2
666237559d169173,3455,2
cada9b66a0d01d82,3456,0
402299aee6b9e472,3457,0
822837d229a2faa0,3458,1
257989b0360af457,3459,4
6a787d9b4edfbe6a,3460,3
a24ab4ff9a9a934d,3461,3
1fd2062d6273fcd1,3462,4
3acba5d88863a4d3,3463,3
d09ec5be9f839f57,3464,2
18944773af0bf7e0,3465,0
a0da1f9549cd174f,3466,3
e5fc5f779b732777,3467,4
2d37a02ae8460502,3468,4
28cc07abac41d30f,3469,3
4d7b1904f81d67d6,3470,1
9aaf54a41b9559f9,3471,2
1f91dec147b58e74,3472,3
f592da999e29ae27,3473,3
a74e4a8895132702,3474,0
d4860edd1dc1c8b6,3475,0
12b4d139072391c4,3476,0
1d391951a14a808e,3477,0
b00f2dd7d35b5bbe,3478,4
b64afa8a379d036c,3479,2
388c1131fe6fe610,3480,0
05465363e21d7a18,3481,1
c8977c94438716e9,3482,3
6942a9169d57dd57,3483,1
cdcc710ce4331031,3484,0
8469f7090766c8a5,3485,3
272e84874f02b098,3486,0
ff19eb9977f1c14c,3487,4
8d090408a503671a,3488,4
6df31d27f4361c9a,3489,2
7472586445698494,3490,3
440bc1087c094421,3491,1
794ca5b3cdbde505,3492,0
1acb9f2bab184f48,3493,1
e07d814108a50c98,3494,1
642cae82d1b9facc,3495,1
4394649dec969c47,3496,1
e80e5ea9ec5b7bf2,3497,0
cc85f9c2cce3622d,3498,1
69a8df3874fd6073,3499,1
482aa7b9038d2ee8,3500,2
5aaffb1ddd09c635,3501,3
8c46b7fbbc84b932,3502,4
5b5c5a5e9b6b5ac8,3503,3
ecb918bfd33671a1,3504,3
dda0193c1bbc8337,3505,4
47d3311c9ea5fe3e,3506,0
2d6da036c6a6b09e,3507,1
2878733fd8095dfa,3508,3
d02ae96da68eff32,3509,1
82673b258aeecac9,3510,4
ba8bd8432db5cc75,3511,1
b85ac11d843209a8,3512,1
b2dc350e9a12c542,3513,4
ce06bbc8abf0d0d3,3514,4
36058115d15dfcfe,3515,2
6ffe63663c7e0656,3516,1
a69861b7b080075c,3517,4
05b93e7110ef34f9,3518,3
056f0758b4d5e20c,3519,4
0d3c14a32e41e215,3520,1
413c0f69f60e2ef9,3521,2
3e558fceff9c28f2,3522,2
7518b32f0e235270,3523,0
dc554be92bb451eb,3524,0
1da432ef4e94dd1d,3525,3
01ece9b2aebce190,3526,3
d2f085c558b6396e,3527,0
d03d69d70bee21df,3528,1
7054ff588f853aa8,3529,1
4330d0317b7c381d,3530,2
c301a3c40a926d98,3531,3
1962b60e53679f9f,3532,1
a14beb6eb8b7e0a6,3533,3
4f4b776a559d3384,3534,4
b12de810dbc2cac2,3535,3
8a48fea24c25ab3e,3536,0
a3d4b3a9e050060e,3537,3
d7fcd11df4c1ee2c,3538,1
abecbdd95553b9e5,3539,1
736b852f063cbb44,3540,1
020e50cee6069e5c,3541,1
743f13240c11cb04,3542,2
63f1e3e35bb3a1d9,3543,3
e824a5851ced9a3a,3544,4
b8f2430dd80a406b,3545,3
5f79d4c32ff685f9,3546,3
bd096d99bdb1b4ec,3547,4
a30b67933c914615,3548,0
45e78121608a2055,3549,4
f91d295debb791a3,3550,1
091e43c970e3990e,3551,3
98b9f2924b18975b,3552,2
dfedaff863da06dc,3553,0
d0a2b03c9f2d2f2a,3554,0
443c4738ad3f842e,3555,0
b9301ed069a31e92,3556,4
c5e03347d886d055,3557,1
39f94828f3dcb1b8,3558,4
e7c035cfdbc6a35e,3559,1
abc68b477ed843fc,3560,3
32f67944c57c40ed,3561,2
4ab2b2586f914a3d,3562,3
5aff6ace871e14fa,3563,3
0f9c7f52b3591f74,3564,1
9e89e7a7a2742482,3565,0
4e7903d5eb08a067,3566,0
0684dd2a4601d4b1,3567,1
b7a23464778f9011,3568,1
69268edaca9f3018,3569,2
b3514b47eafa6b48,3570,3
15533685e30f4460,3571,3
837596c0564f3c04,3572,3
fa94d01b3c0ec0de,3573,2
b8091246a8b40b48,3574,2
77de55aeefeeb8e5,3575,2
a19009daed259d46,3576,3
aed76b32a00d5507,3577,3
0b730bdad332d110,3578,3
328fa79f28a77e82,3579,2
a40995192786c79f,3580,3
42790e891a7a1be5,3581,4
2d34cb1bbdd13d0c,3582,0
2367e349685c1570,3583,3
98707e4237369cdf,3584,3
6a2fa781d6809292,3585,4
31b8bc91527427a9,3586,0
d41c3745455e7e17,3587,4
4badc0ebc33ea0a8,3588,4
a5e173866d55795a,3589,2
e583aa831b427812,3590,1
9c497ad2e90956cb,3591,0
d93193c2ec7592b8,3592,4
27dd745024c25a1d,3593,0
78c7a5c8d501db49,3594,0
4e2c54b5c789ede7,3595,0
ac9634df43703107,3596,2
c32c86e40ec1bec3,3597,1
70b903d1c01627cd,3598,3
792045702f3dad72,3599,3
51475ff30e75a529,3600,2
fe95e45bf0a4806a,3601,4
3bf401b5dd998cd8,3602,2
cabb877cd5837a6d,3603,4
9164adb0a66552ac,3604,0
e97fbab6bf2bd539,3605,2
65496c4f6e0b5f63,3606,3
62b0a541f91b437e,3607,1
ab8fcf063792e3a8,3608,1
8b19be23c5b85126,3609,1
a767148517f6b463,3610,2
46348cbce8e4652e,3611,1
25dd3386c33a7f8e,3612,4
91c23a101555effd,3613,1
6f7eb4525732bf97,3614,4
63d38ed340c2fa75,3615,3
d6dbbfc825fe98fa,3616,3
212b2cdcb69b5d79,3617,0
cb8d4f066e0e24db,3618,0
8a3c874358582470,3619,4
73b9aed0541037e9,3620,2
ad4ed9f2265cd698,3621,4
c00379631f9554f0,3622,0
17c4010d0477e863,3623,3
02d980ca2701d02d,3624,2
872e6f0c343a4380,3625,3
618f1681a480cb22,3626,4
5c829a192e9d1f54,3627,3
f09aab98e28f0197,3628,2
efe3b4609483046e,3629,4
68d82815621632a1,3630,1
8fb87056eddb5248,3631,0
ef79cddaceabffd1,3632,2
1574db72a1a9e49d,3633,1
a00efc826ead0d9b,3634,0
b4823fcf8ba98a29,3635,2
806fb299eb2f437f,3636,3
f4dcf7641a39ce63,3637,3
4b5d7d03c8bb4c9a,3638,0
c75539cd198a88bb,3639,2
5fe3a6d5e7e5c8bc,3640,0
d027b96bb6512f08,3641,0
622277892e0f3402,3642,0
f982667e5dce74bf,3643,1
6e8d4effc2fb18dd,3644,2
7244cf619ce85e72,3645,4
506bba81a44d9375,3646,3
6f267011fdf2aa66,3647,2
2068eec406cee465,3648,2
b09bfe1d15d0797d,3649,2
b2d601d18b96ba28,3650,2
4142a2e025a70970,3651,3
bcc575f0b0204ed3,3652,2
4d8e685095c74b67,3653,1
69b7d26d571623c7,3654,3
57ff039bb0e27047,3655,2
67219d07e830e2c1,3656,3
233d2a1a786fe5db,3657,1
dfc22bddb21a00dc,3658,0
715ecc0ca9d4c253,3659,4
aa1fe5f1bed76a73,3660,3
bdb2a2395c74f1bd,3661,4
398a4e74477cfac6,3662,2
c5a2bdff7110aa15,3663,0
eaa05435ee675e9a,3664,3
dd6cc3c1758b7c43,3665,0
4d1e6d6ea088d3ef,3666,3
723a72385fe50beb,3667,4
9cb6bab4919f5341,3668,0
d80c32b644be5a0a,3669,4
c74a4179f5991e90,3670,4
374f0324e89abc42,3671,3
9228c8f9191f42b0,3672,2
c57785247b3469de,3673,1
ca63acee19d4d278,3674,0
2f3d686190989ead,3675,4
a48fd12ee5997a4d,3676,3
c885d689d53e8d3c,3677,1
287b7c1e4181d2b2,3678,4
a08d9788feaced0d,3679,1
f1b904ac3651a380,3680,2
70d66de0e23f7fdf,3681,2
5885306356f0b5e0,3682,2
f24be86f0523718f,3683,0
bb7fed5ca8fb729f,3684,0
5d4112cb67f889a6,3685,4
a85259764bc849ac,3686,1
7fdfcb76583f9e4b,3687,2
5a3d001c0e53b116,3688,4
1632695c5020576c,3689,3
8df4837d83a81e9f,3690,0
2c3ef0158e070fd8,3691,1
6994bbd15264ee85,3692,0
1e4b19965a6e5f93,3693,3
cbe165afeb2e3d3e,3694,3
e268ffb8935b3124,3695,2
e11e215dcbc56629,3696,0
67df0bd41e9e58b3,3697,3
445e2620efd15793,3698,1
569318f6341f5a0f,3699,4
98bb362b8cc05bb2,3700,3
0d33ee8951ece1e7,3701,2
b90aee22f1e038b0,3702,0
abfc40388758b134,3703,3
3fa055e634a9fee7,3704,1
1f6bb8390d975920,3705,2
1d3d8d31511ea909,3706,4
773aa940a66b955e,3707,4
671671905e074616,3708,1
61973688d1bfe63a,3709,0
55cef08d82fcf739,3710,4
ec3c616e564e04b4,3711,2
9a8a198a2571a480,3712,2
759cd8cce4eb1fd7,3713,4
6e7247f44b78cb97,3714,3
64c32b3b92144ade,3715,2
78621bb0080f19ad,3716,3
e0b9b49b015d4e17,3717,2
886031b3740085b1,3718,0
96e773ce92979162,3719,4
d60b5864c87cc636,3720,4
366c5c8d9ec00ede,3721,4
124b594d655db8ad,3722,4
32b437def06b03c7,3723,3
a85b416898b17895,3724,3
b6be28fe4eeeeb05,3725,0
c4328fa9003d964e,3726,4
62f920b42703b763,3727,1
2dae07e2baf911ac,3728,3
07a4e843782821d6,3729,4
3e140a819c36462e,3730,1
cf70474e28e36eed,3731,1
556656bc4f29183f,3732,3
79849eef276542a6,3733,1
ce9f4a33cbcceb8b,3734,1
9914ceb97b719558,3735,4
8b39c12fdba44cec,3736,4
cb24351072651a54,3737,1
6a48900f3c4d805e,3738,2
a7a48d1e90e71385,3739,3
2176dc69ec89816d,3740,3
9e9e157f851ec67d,3741,0
9398e32c533eb756,3742,3
26dc4cd0e4ceb1f2,3743,2
57eb7e4fa13af247,3744,3
c6491b3b7383a827,3745,3
449dac52c220e495,3746,4
8a131cfaa1a6648d,3747,2
fde68199bc8b8e4c,3748,4
2c6b28761075d698,3749,3
1861c5146b757c52,3750,3
248b0adb6ec1b961,3751,4
ce79676a3aedb759,3752,1
c3910bba082ffb3e,3753,0
f3c0a59ffbac6da0,3754,4
4ee5da0851529ee2,3755,3
d1f3d20a8c0ebca4,3756,0
0ee457dadcf678e3,3757,2
f67fc7c800b6d440,3758,4
51a385589ef37e99,3759,2
526f6ed8825d4d4f,3760,4
144b1204ccd96e60,3761,2
05ef6cb90ac717b8,3762,4
59dfe4c2b0850f1f,3763,3
794f56bee56b3f2c,3764,0
40bc6267e7f327af,3765,2
f40839c50a339f63,3766,1
4baa602c1641ec98,3767,0
e5faa3b27ca86419,3768,1
a1bfc7c2db8b6d35,3769,2
cac9689ae8698feb,3770,0
df96fa96d462939c,3771,1
159154263dcae709,3772,0
910a8f86293f1942,3773,4
6730a0a624189450,3774,0
46991f0537ebf97d,3775,2
86cdb54057ff50b6,3776,0
8ca888ef7ef92b04,3777,0
88f01b44eb6103c6,3778,4
888b9cfc87e039f9,3779,0
75c45339166314a2,3780,0
acac59575fe19cff,3781,2
f958dd4427482caa,3782,3
609f9d4f6d472f77,3783,2
dba99f25d4bf30dc,3784,3
5765b1cbaf7391d0,3785,3
086010b5ee74faf3,3786,1
a08e0954333e3845,3787,1
597ddaef11cd83e3,3788,0
d19b019ce378c800,3789,2
9cc31e32a1515275,3790,0
1d79bbc825a8c8ec,3791,0
ff5fd9012f076f78,3792,1
8308a9cb5e2af264,3793,1
83998fd25f783bbc,3794,4
d4cbc85a4c56c9bd,3795,1
7150a9711aa3e775,3796,2
4f474450cf46d23b,3797,4
344342f69f7c6cbb,3798,4
e36311c02cf2bb1b,3799,4
d5b2e877c416d915,3800,1
b53004f0ee843270,3801,1
0752ef234ef09536,3802,2
94d88585df8b4439,3803,1
5357954dd8ee4406,3804,0
b9dde321f0c14bfa,3805,2
4c763f31cac588ad,3806,0
af4ed3bbb3e8f8aa,3807,4
175340ce936892bf,3808,3
213adc68000384a4,3809,2
e1dada697c74d8de,3810,4
0ca5fc88e1d8fbda,3811,4
cb965676e91f2d6d,3812,2
3dba3d807285819d,3813,4
f0f6dd8099aa3fee,3814,4
45b2730f26fa1ca0,3815,0
9f38c7c6b8a7505d,3816,4
3634eb959e63a4f8,3817,0
52bbbdf36f7cb5da,3818,0
dabca7397c894a2d,3819,1
690ecb9f717c1777,3820,2
d280c2aa99c8f8a1,3821,2
f4113c39e4125e3f,3822,0
d445b9cf2c1b5982,3823,1
34ff8ac43d155db8,3824,0
8f450304a2a5e360,3825,1
7c013d23d4c4fac1,3826,3
b00636d7fda82f2e,3827,0
1e8e94dfea593ca5,3828,2
1d0375bdd2fa8309,3829,4
61260ec1229fb19b,3830,2
0bf294105240d533,3831,3
78b0797e315d2838,3832,3
c9477069d687419f,3833,4
86ac2cb5ed7503a8,3834,3
453abb3831b587f0,3835,1
0c3179bd28141792,3836,2
1704888407032d93,3837,2
e15fd4ebbbe375c5,3838,4
ff8227d75b4291ea,3839,4
d140ab1187a4bb02,3840,2
4f5c518ff7bdf90c,3841,2
0a3fa33c29a2b81d,3842,3
ca45956165e5aa49,3843,3
db982f0f466a202a,3844,2
d2c200f3a729bec8,3845,2
430c32ed6bdd21ab,3846,2
8308bb37b31ed8e3,3847,3
a80d25db5e4450e6,3848,4
b2fc7698e5b5fb39,3849,1
1bcad96501dd6338,3850,0
55c66b9d4a2c3ad7,3851,2
c31e8ce9afd58bf9,3852,4
0b4455dafdc335dc,3853,1
1a01c50c1f400ed8,3854,1
e0eb4635459f174e,3855,4
94bc3298192fc250,3856,4
ac687005f9d9f254,3857,0
a58a2a8f05b8c953,3858,4
b113fdf35b52029f,3859,4
2b0995eadc292d57,3860,1
40f98e2f88cd532c,3861,4
9cd0597ec89db7a7,3862,4
63cf76bc7a907f88,3863,0
43c6c07b645cfba2,3864,1
d9742daece413390,3865,1
b153ec115a4174fb,3866,4
8191da35b61aa916,3867,2
cc7ade5af7114acf,3868,2
08d2713c9f715847,3869,2
03488efe2a5f960d,3870,4
fc4adddeda963920,3871,3
086e6d297be385ab,3872,1
afd3d990f9f716d7,3873,1
2a9f8febc00b4b14,3874,0
d0c1eadb82eadb6f,3875,3
cd3b95e36329b73f,3876,1
362a1ead78fabc29,3877,0
36a63fe43594f253,3878,1
19e29d156d5029d5,3879,3
5f8cc9ebaf485935,3880,3
a9d65795dd35e4d2,3881,1
b31f3fd123243c8d,3882,4
38b722542b181aeb,3883,0
4f24179468466d28,3884,4
9aa0cf69d38f9606,3885,3
0d56b7815665be8d,3886,1
0016dd379d0b0dd9,3887,4
27bf7410df265114,3888,1
906a83a9f0945524,3889,3
9b045720e974a710,3890,0
c8b0c41648381a45,3891,2
06492ce2f9d368dc,3892,0
8532cd675cdb134d,3893,1
34503cf9a321f14d,3894,1
c5cb8a6f19822868,3895,1
4122c4e757049a42,3896,3
e7a296efb3c7395d,3897,2
79de23baaf1c3cfd,3898,1
a5265920ac9b393a,3899,3
0043b5e5762fdc33,3900,1
278515a2b1062057,3901,4
7ca64fd1b3bb7fa8,3902,2
bb8aeec46f54f2ff,3903,2
bc8a0789547a4c8c,3904,3
2bb746f52ba4f0ca,3905,0
ef37885e3ade3bab,3906,0
29b3e4532ab31da4,3907,2
ceaf03dae3a7f3b6,3908,1
68f19706f182d3df,3909,2
00e9d11e6556c5f7,3910,4
a3dd711c4bfb2252,3911,1
49d425aec39e8418,3912,4
a8e7a688f2198546,3913,4
f62d2735cd16803e,3914,1
ab1d4efc7957c725,3915,0
8b375ec49f1c0de9,3916,1
7f13bf284c2920a5,3917,3
4812af0f13c5b814,3918,4
d1cea9ddcdf5fa2c,3919,3
60be8cbbc554fae2,3920,2
65aaf0be739f3dff,3921,2
34008429332446d1,3922,4
b10ba8c36d5a7333,3923,4
2176a228d5725db5,3924,1
dad3d4d44fbfa7c0,3925,2
c1e093a5619c4399,3926,3
b897c2d786878d78,3927,3
73b82cd82749c757,3928,0
cebed630f362d5b8,3929,4
9aa2a410f1d1faa5,3930,2
b95beafd93d1fc95,3931,0
69d90e99388435a9,3932,1
dc2ebabcfb248c97,3933,1
a40a36deb7255c92,3934,4
8aa84f5bbd545df8,3935,3
991d25da8c077ce2,3936,0
efd0f69985dd26b3,3937,4
a10fc1c4eca58761,3938,0
a9487792edafa03a,3939,2
fdae03654b41b618,3940,2
dd41dc49c168204f,3941,1
1f7725b27ef06b1e,3942,1
3e6c5177476105b7,3943,1
add2236bbb503790,3944,4
e5a3cbc64140b8b4,3945,0
229981ff998d4caf,3946,3
65ff3e7d87379413,3947,2
753a6e8e52e1752c,3948,4
439ba32f91356baa,3949,2
b0fac6fe42042e87,3950,1
99b00fdad6a225c7,3951,0
9893938b3d673de9,3952,4
dcce4afab992ad51,3953,0
c89d71ab14b1880c,3954,2
32190ec600fb3a1c,3955,4
4b189907cc23514b,3956,2
ccf4dc3ced29e979,3957,0
ff7163b1eeb8a0c0,3958,1
a4ee25705a259b9d,3959,2
aa4026f9bbe75d68,3960,0
e90cd1f230e18717,3961,1
ca66b8333793eef3,3962,4
0571e5203a637cbd,3963,3
67743136b073db9b,3964,1
964af88c33816323,3965,2
916a7a43149d14b4,3966,4
eb40bf93fea5ece9,3967,1
69446f90968e95b2,3968,3
fb19ba1d41a4f351,3969,2
f0482138ebd8be20,3970,0
3204b0c4b5fe8bcb,3971,4
5a02b8a3ff32dced,3972,0
76a0c6cf898e2226,3973,1
b06fd16cc918b876,3974,4
a471875d905071f4,3975,4
238141c0b996c936,3976,2
114d5da1e6c38479,3977,0
575b23cc2815c67f,3978,2
e9cbec3bf08f2fc4,3979,2
141d5a8b0198a929,3980,0
777f60ddc517d993,3981,1
1d3a133003a02560,3982,3
ae0f923ea2cd0b8e,3983,3
6287c1e1cc2d656b,3984,0
e422f0ff11be75c3,3985,3
1ea46f2c23051a08,3986,1
a56662369f9989db,3987,3
5e37dc732eebf0dd,3988,3
3981fefab05190c9,3989,2
4466b79ccbc27e5a,3990,3
5d24a919c6469d12,3991,4
40cb2244af5a0635,3992,0
a00f6771336c002e,3993,0
e846146b941c5dad,3994,1
03849313ecc2fb63,3995,0
a230e37d1b36f154,3996,2
e513c88cc2445570,3997,2
7b09759063edbce3,3998,3
73d61032eaa4f211,3999,4
22abce755975c509,4000,2
cb0a2957010189f1,4001,2
b35a9052b74e4a9e,4002,1
52f4c4ad308fc3a5,4003,3
ad06eb56344b7b52,4004,4
f7f1b5d9e9da6a1b,4005,0
1802dda1367b4e61,4006,3
a4855c0b745088a1,4007,0
617d485384fb1ee7,4008,3
57025fe04ee957fc,4009,4
feaf5788defaad16,4010,3
d6b64b6baebe563c,4011,0
e7a32d994d15e83c,4012,2
52ff297d031b91e6,4013,2
74367fb9e0fda1b6,4014,1
39760d2ed1d6e485,4015,3
03abd8cbeab97bfc,4016,4
9b0f1b316101503a,4017,2
1d656804d9b653d3,4018,0
0aeeb51d47b61489,4019,1
3766960e55d24bf7,4020,4
12410720cc461708,4021,1
1e867ed5ec120c02,4022,0
98d2bb8b061ae0b7,4023,4
2bb627364e90f440,4024,1
f23b6dd1187201f9,4025,2
b2f5d19d9118cd40,4026,3
5bff46a0650e7e9b,4027,4
9a3f12d2580209e9,4028,3
f544030c8aab325f,4029,4
6553351a06d31244,4030,1
d33a773e676d609e,4031,4
87c5732b89aa38b6,4032,4
69711a299e3f04e1,4033,3
42c8ad472f40a16d,4034,0
46c08b0696c0da70,4035,0
2fb0ea4a20add946,4036,3
fce2a4019fb238ea,4037,4
1e8c54b805109764,4038,3
f9c8b8a141b1e441,4039,2
202b73252302f59c,4040,2
4dafae757fa1f221,4041,2
7fc4c9eef1b231fb,4042,2
3b8a87cac3eb0914,4043,0
1e337ab1fedba738,4044,1
6545132c3629085f,4045,2
7e395547cd374e9d,4046,3
53617dfffee6ff4e,4047,4
937aef883d5eb999,4048,0
f613ac7d0459e847,4049,4
db3258ca0868e187,4050,2
0553f4b118a66f52,4051,2
f881b82db8d4aa08,4052,3
c749cf05ec2bd712,4053,2
15f2914e20338a31,4054,4
b51f54aae0052c95,4055,3
2a6e29962ec05f62,4056,4
9f6c9483c76facaa,4057,0
92fc173512ff3e24,4058,3
d1a45de5ba5ab290,4059,2
8381165441af3c54,4060,2
b075d285c02ce26c,4061,0
185d8abb14285a2c,4062,0
5d8533926849c0b4,4063,3
9f46f80f2d3ac7fb,4064,2
53072c79625dcd6a,4065,3
bb2aa49df7435a70,4066,1
90b2feab61b963e0,4067,2
5860c89465daa782,4068,1
3894bf0b45e043ac,4069,2
3a7a8dff2f3d6988,4070,2
e0f5db3af50a14ab,4071,1
b4b71a9322039dc6,4072,1
2aa586674421ca23,4073,2
5d263ee730ffba59,4074,1
cbbaf5cc833c3725,4075,3
cf1949c95003313d,4076,4
a356e95eb30eec9e,4077,2
89a33278dbf806e0,4078,2
d14ddaa1cc67191f,4079,3
34600834e297af25,4080,1
9f524c8662c3255e,4081,3
429c18101ffddcba,4082,3
4f398c16c5092b53,4083,2
7fdc407119c2e6fe,4084,2
5811810709947dd7,4085,1
30238fd420429941,4086,3
6b64d6c3cccc8351,4087,1
ec1f6941be8a6e30,4088,2
8a39a38306cde92c,4089,0
8fd0a5299c10301c,4090,1
fde34713ddd720ab,4091,2
2b0ced2185a6bbaa,4092,2
770deb93953b1a5c,4093,0
33342a4138663246,4094,4
a6dbdf9d85c183d0,4095,3
685fe37218917af1,4096,3
f16672a0f9cbf616,4097,1
211d64b839a3d515,4098,4
e6cf6fcf07e24b18,4099,0
12909ce971eadde7,4100,4
45b4ed6784d246ae,4101,2
f1ad61097c6e3212,4102,0
a7abe0b479333bf3,4103,4
80ff01b7b0e96560,4104,3
09029bb275830fae,4105,1
e5fb4fc762551201,4106,2
32324fb9eec8a3d0,4107,3
70eb53d202c95b86,4108,2
60a83b4876126a13,4109,1
ffab6bed5ea77936,4110,2
d7ae8cee6e6dffa5,4111,1
6253f5ed2fecda17,4112,3
a09aa263d1eb3907,4113,1
d6b15968444c5d00,4114,4
e4a17a9eb385b66d,4115,1
50181d7ed370fc15,4116,0
cb2cefa90d078b14,4117,2
a5cafd766197a4ef,4118,3
32a2418e3c17a8f6,4119,1
dac01dd42ace0432,4120,0
a71aac6c6a69aee2,4121,1
b901170a4c43f639,4122,0
15999f00f1eb7f13,4123,3
f85d4faefdea001b,4124,4
f6c1154a53da6e1b,4125,2
7eb4e28841fd7443,4126,0
14a11be9be65312a,4127,1
d00bddf2ebae6d53,4128,4
871ce4bbb0d484f5,4129,3
32da852c3143268e,4130,1
30f923c3594b7c3b,4131,3
8f2b164450bdf1ea,4132,1
d22655124a809253,4133,4
67a6ef9aced8a33f,4134,3
2ac578a790f68ddc,4135,1
6474f18b2d7f3024,4136,2
c054c98e87e75ae2,4137,3
d22fcafe640ecd22,4138,3
652517f322bf3ab9,4139,0
48688837ac0e211b,4140,1
b80dbceb79502db8,4141,1
65d775f0c0f96eae,4142,0
98832ae948aa9254,4143,0
69f413686d170b5a,4144,0
ab9fff5e776a9ba2,4145,0
4a73d1a853283fd6,4146,0
80c723f0af386dee,4147,4
6a7be58c5fb21fac,4148,0
5b214a31b8c9d06d,4149,2
8e465e01f250bfea,4150,1
89a7503f5e7c4604,4151,4
c4f3e9750a68a6bb,4152,1
2bdd67c168f2058a,4153,4
5dd95c8770a4fa2b,4154,4
59bf75d8fe53fa73,4155,4
1f917258add4e30c,4156,0
462757714dc3ca1b,4157,3
e3619fc1a5b479a5,4158,4
afe2ec3fceb31b19,4159,1
d891fda2caad56ff,4160,3
3974c244f17766a5,4161,2
b7cbdf20bae85b93,4162,2
bfeafb3cae4eb7c2,4163,3
1942ffe7c3ea6db1,4164,1
5ecc33458c6f305a,4165,1
1989631b309da0fc,4166,1
3921714036261c9a,4167,0
dd6c39011ee813db,4168,4
4023219396590f20,4169,0
2e285c012d6eaa68,4170,1
d85046046dc9db71,4171,1
5baff3057efcbafc,4172,2
06c54d1d9e50f9e5,4173,1
9e53972e7b68db0b,4174,1
01a804019bc3a735,4175,1
747a47c4688c0fb3,4176,1
7054c61f16d91393,4177,1
217c1cdbf45eb08f,4178,3
2d00ee9574c4ffe7,4179,0
3986523a5ee4bab6,4180,0
4114ae307a218355,4181,0
f7c1f00d293d43ba,4182,1
45318b83ae5679a0,4183,0
745a802c8fc6d656,4184,3
c76521970200783f,4185,2
bd16a551e8dcb8ce,4186,4
9c91ac80ba9db2fe,4187,1
13722759ddc78545,4188,4
abc7452a5596d4b6,4189,4
9c4920df079085a2,4190,0
54ca486cbb95f22a,4191,4
7501ab3b8b3811f1,4192,3
d0a4ff3b7bce835b,4193,2
63b24dfe382b1ff5,4194,2
db636e9b98ab8428,4195,3
e7d918831e052620,4196,0
1525a0d22a75e539,4197,2
642e3fdd10c7dbd3,4198,4
9c872035d6c5440d,4199,3
cdee2ae8cea5971a,4200,3
9eb5f84a87569ef4,4201,0
a32b7d317f005da9,4202,4
867e58dedb09b527,4203,4
a35f9be7afb3a7e1,4204,0
d98d8032a1f2b0af,4205,1
3f24d5fa11f336b5,4206,1
80910865204e1ebb,4207,2
e450a41b278275ac,4208,0
fed24d39f808158c,4209,1
01deff2847e3b992,4210,4
1cde1d1425b0d349,4211,2
dbb1dce1d178ccfe,4212,2
321e3f050c69d841,4213,4
9566caa14be65532,4214,3
794b3e21f75028dc,4215,0
7b6b47341b1ee517,4216,3
2eade62bb013a27f,4217,4
bdd166cda6a23387,4218,2
9d28da121343149c,4219,1
237ef247ec7f331c,4220,0
a7560aef712c1a32,4221,2
a4e96af26ca13f86,4222,0
d6263f8150271ec6,4223,0
ae6a00b91d413d8b,4224,2
ce50287ea4ba4449,4225,4
7bd268d52ff2c88a,4226,1
94af97d875fba605,4227,1
d25a96dc8feb5882,4228,3
664c39f0366df90e,4229,2
ca718e6124d91390,4230,4
9f0787288420ed39,4231,2
2ea732d95850ebbc,4232,3
480a10398b35d19c,4233,4
c0b2f94d569cd095,4234,3
eb666ce3160c7ece,4235,0
8c454db7a53bcc4b,4236,2
91abac078a7b2e95,4237,4
a29fec7fd5f5ad90,4238,4
b0fd0b3bf83dbe71,4239,0
b9f8d1bc1c465065,4240,1
2fc203d63e996d97,4241,3
7fdf99d5e1224b2d,4242,0
35b99a877990d707,4243,4
de9655f65ea87aa2,4244,3
8dab9def451305e8,4245,1
90d73cefd42a6377,4246,2
fd2fb6142283829f,4247,1
4d593974afbd344c,4248,4
fb60eeb76b0250f9,4249,0
febed96f0eb955c0,4250,0
24331a38622bcb90,4251,3
a08c94cc329fe2c9,4252,3
c2247ccbd3acc1f1,4253,4
68bd686442e0a863,4254,3
86a4901ce78c1168,4255,1
c16329adb1bc9980,4256,3
aa4700778d497e39,4257,1
4e70ab99d14103a6,4258,4
ec9c6aa10e9ae526,4259,1
23d655d7e73b9655,4260,2
76aa9a2d09f9ffb5,4261,1
76b5b86765d8eaa1,4262,2
0249cf6c483f752d,4263,2
d763e144111220b1,4264,2
04f109918ba19d01,4265,1
06b74c4e11314411,4266,2
298a09d0ed7d1188,4267,2
6f47cab8fb87ef4d,4268,4
defecb90ca94c695,4269,0
7a24ecb7b7becea3,4270,1
3d4724368cd8d2e2,4271,3
c5930fc36acbda8a,4272,0
6cdaec1cb809be31,4273,1
e39b0c631d439b87,4274,1
62fdcbebf80e8405,4275,4
0c2a6762614c46cb,4276,4
e0f4caa50ae44d28,4277,0
e2009d6c7070b663,4278,1
1bd0bac87aff9ca1,4279,3
8585f9c963dff44a,4280,2
0a7f3d05f392cfd8,4281,0
89c845b08b83db26,4282,2
cee8a30cf9991d7c,4283,3
970c1ec42e329f30,4284,1
f1e4b50a5a97e313,4285,2
3dd80e48b4976289,4286,0
0fd0a4b61791f8ab,4287,2
b3b9bac195038e28,4288,3
88a69223346fdfcd,4289,3
d993f80281c72812,4290,1
de4d39d8fc4a93d6,4291,2
cd8883a064d16a25,4292,0
3417ec298f01932d,4293,3
42a3d71e86f29e7c,4294,2
38a673585346cea0,4295,4
58bab07d61daa769,4296,3
f112f45d65e59cf6,4297,3
e94c13e6a1e851d2,4298,1
3805f46b4a7ae8b3,4299,0
5092f95d66c78a1b,4300,4
c65943f40460c3f6,4301,0
d02fe32d99802d15,4302,3
90bb68da56cc9e3b,4303,0
1331eaac320ec7b1,4304,1
83d4b7cb129f24f7,4305,1
3122cb6275b64f40,4306,4
962a528710a7d35a,4307,4
4c1bb8041bda28b2,4308,1
0bc36ad8c7ec57cd,4309,3
54bfa493dba88092,4310,4
9bbddf302eca2d31,4311,4
9aa778333665404a,4312,2
3b5021d89c400d2d,4313,2
a4412620df8ffa74,4314,2
a7060e8b46901ca4,4315,4
2239164a9a49d97c,4316,4
b237dc261368ba5d,4317,0
9b3d90cc51ae7900,4318,1
182409f67f631b3f,4319,2
e1adc4435404a756,4320,0
3c09f0bdf389910f,4321,3
85a74c722cd0d825,4322,1
1de8d4fafafa3a86,4323,4
b1549cf90785ad99,4324,2
d6d9b4443ffce540,4325,2
4a79a05e2cb9b9e8,4326,2
06669cded80fd2c6,4327,4
c9c6c6c0d38d00d5,4328,1
993ac5c72c42bcbd,4329,1
edb0e7047993ac59,4330,2
21749fbf27a008ce,4331,0
cdf60d619a0e406a,4332,3
d751272e6552b8e2,4333,1
638168f9e9e3a256,4334,0
c309fe3e191999e0,4335,1
64c931dd6bdf13e1,4336,0
3fca124f87dc7366,4337,0
c293f5cf5fb82452,4338,3
8a7f795996f0a3f5,4339,3
17cfefd92e42ca6e,4340,4
1f520b72b8688d3f,4341,1
84eceaa06d0f91ae,4342,4
768da1bad5600c6c,4343,1
b14d410e99778a89,4344,1
380ad5c28d40fcee,4345,2
634dc75449c2eb90,4346,0
6de61a858a0c474f,4347,0
beca7e555b96782a,4348,1
e7e3bb72dc6affbe,4349,1
d8ee36ae8e46eb2b,4350,0
8a3ee260700006f1,4351,3
4d88471d3d86507b,4352,0
c5ab1ca3d2f32cef,4353,2
ddac4636d77fdc1f,4354,1
03c40aae41114428,4355,0
6f1df51cce9a91ef,4356,3
61ad6dbf34f1f27d,4357,1
6d44b461d0bce736,4358,3
26fb4c91113b5884,4359,1
1c1c130fd1ddf6bc,4360,2
05ef9940329ef945,4361,1
4edb79a712119c28,4362,4
38da0c04dd9a1e43,4363,0
47a6f619a40108a8,4364,3
17daf2d968e35b3c,4365,0
c1169c4637d7f116,4366,2
66500ea58322304c,4367,2
9b97070decee5f34,4368,1
622dcf229488786f,4369,0
a3b3c12a8d589fbb,4370,0
01970fd9359ed5c8,4371,2
930179bfa36735a3,4372,2
38931b761d614527,4373,2
3cc3b62a38848390,4374,3
ccc4c23a7f99a82e,4375,3
749da20ad46abd34,4376,1
f94f589432f4bf96,4377,4
4a2fcf389833fac8,4378,0
a870d38ca7ffe821,4379,3
25716f57ea9c3d5d,4380,2
e02e4f31d055c2b8,4381,3
8bca5db13dde3690,4382,0
2aab8009e8019df4,4383,3
f99ead3d57dec232,4384,3
33ab4ea0b02a798a,4385,4
c40aaaa4cd4fa2ca,4386,1
5904cc073abcc278,4387,1
f8f9b2ef1f83043e,4388,1
500dc758413e4f84,4389,2
e2faea05af893de9,4390,2
1653b9afac3132eb,4391,1
398f82a65e49e863,4392,2
9b482a0ae16b2341,4393,0
fef3d370e779ab2a,4394,0
42842a530aa1bbd7,4395,3
d4f75a0d5187647a,4396,0
92e0b285b088000a,4397,2
dfa6ef8c59f1553b,4398,0
9cfcad298982cdf4,4399,4
39268d685dac0c24,4400,1
33a2dacfd7b235e4,4401,3
1e2b33948bda0fc9,4402,0
19aea86e4505488e,4403,4
1e40f51208464ecf,4404,3
cabaa25a0aa28929,4405,3
29f13ac85df87f16,4406,2
9f4f54b3d25ffd68,4407,4
101cb684d0bfa43f,4408,3
b76670086ad9c493,4409,0
ee531af3a9d67875,4410,4
c4ee017098917d39,4411,1
a4932420819d35ed,4412,4
1043064b3d2cd4cf,4413,2
4d69c3cb038934cc,4414,0
f66c209015304013,4415,1
d94f4f0bebf3268a,4416,2
7e9b132d86548955,4417,1
a5f7c80f7285a1b3,4418,4
e0f37fea4a709780,4419,4
a9e351516aec08ed,4420,1
e2d7ba05a20b2c9a,4421,4
7d46a4047fbbb593,4422,0
f84e756270dbb34b,4423,3
d5d306b0c578374d,4424,3
89ab615cc193e530,4425,0
38bacd79e01d7a86,4426,0
9600064e16d2d05a,4427,2
416386d1cda724ed,4428,0
15cc73783ba433eb,4429,0
4c3386b5b3330402,4430,4
ed90de95811c12d1,4431,2
360141c5e099850b,4432,0
213c68178ac376fa,4433,2
dd9d960ce642a379,4434,2
c99fa0fddb4f21cd,4435,2
59ef49b60ed041a4,4436,0
51aeb363c85c6713,4437,2
bc004034f7d74bb1,4438,0
33a3800bfe23c84e,4439,2
25b275bb77f3cbf9,4440,4
e9690a83046168c6,4441,3
afa1dcc7d98ecaac,4442,0
ad286ffc681690cc,4443,1
8806afa6ab673a9d,4444,1
bf3349716bf5c72c,4445,0
ae73e58421e2b992,4446,4
f337ebbac247d41c,4447,3
65a9ee9a2e85b31d,4448,0
dbd09ef638f52b30,4449,1
22bf064852a37ead,4450,4
07ebba50542447d3,4451,1
7ce00f826849121d,4452,3
a83a336bc81ce967,4453,3
f42f6ec8f53a3160,4454,1
e55209aba5c6414b,4455,2
091fa48e441e5562,4456,4
4dc427cdf74acd9b,4457,3
dcd15c2d8d25ce76,4458,3
b4accfbfe77b57cb,4459,0
556d4d52c7d72a3e,4460,0
ee75015f048f5b1f,4461,4
ad7bbd9b88329c98,4462,4
11311fe6ae0e2940,4463,2
f5204c43281e7ea9,4464,4
bed8a684cc7831fd,4465,2
3978617dc02226df,4466,3
476d5683e8835ce2,4467,4
e6a278eea281a126,4468,4
51e73d279bda1630,4469,3
16427fa7bf327903,4470,1
8c2543f49963f6f6,4471,2
d5558cd419c8d46b,4472,3
4265eb9c231d9190,4473,3
e5e50c3919ed253b,4474,2
d59f462564cd1df7,4475,1
1ab631a332e129ab,4476,0
7c6b09acb4df9008,4477,4
dbadce39e64650f0,4478,4
c82aaff285d9c8ee,4479,4
cdb9a937bd7c658f,4480,1
f6b79730eb770527,4481,1
9fe2fe9ffff67b07,4482,1
b8f2acc6344ed9ff,4483,4
a150dbf6f2b86682,4484,4
b04b988b0a1417c4,4485,4
adf987ea0c2c81a1,4486,0
d3c7a12404f13918,4487,3
9008cf1a7235626f,4488,4
d78d5c224b425455,4489,1
bc10e9dc9077df29,4490,2
42070cd7cd73865e,4491,2
f99030cd94b82220,4492,1
5419963ec7727f2a,4493,4
91b558a7f05a516e,4494,2
7097b64271d86f70,4495,3
a5639ca7b4a53197,4496,1
130595eb7a72da31,4497,0
2514564e4530ddd6,4498,4
1de8bcb0516d754c,4499,3
83c784a990babe3a,4500,3
2b5ba6f17cc0c8b8,4501,0
a8ed54cf7aa65048,4502,4
f46b74a4fa3393c3,4503,1
7556dd775eea42d9,4504,2
283ed3d0ece81db5,4505,0
9d54ef4d0b1cb841,4506,0
fde8071eb7628f6a,4507,1
402a50fb0b39660f,4508,0
e5c4048f7938a5d1,4509,4
0e73069f99392c4d,4510,0
caa13b40a58529bb,4511,0
7d0fc043d118a04d,4512,3
a2cda66dde4d8b3b,4513,4
6f496bd286817051,4514,0
8975a154ab4af122,4515,3
d9aae6a1db05fa24,4516,0
c76acbc3ae920817,4517,3
43f8c3efca00e1e8,4518,2
78f7874eb57bb480,4519,1
badc05d7a59c5452,4520,0
432966c6a733bea4,4521,3
00f32616b7044f5a,4522,3
353cf93dcb9f11e8,4523,4
e468004deba54d7c,4524,0
bed7961928b23530,4525,1
5f5c1fbb2229bf9a,4526,2
9e2b1b80886ca294,4527,1
159dd29af28ce130,4528,2
32ce1c14ad78049f,4529,0
6f42274de413b65c,4530,1
18e59c8e2fffeafa,4531,3
95899d29df85a3db,4532,0
4e0b0896737543ef,4533,3
c774b0752d0bf474,4534,0
a240537a77e61d1b,4535,0
58c28586a606f35a,4536,4
c525aee5cf95bad9,4537,1
1da584edad230f94,4538,1
a5d2c6c153cf43e7,4539,2
782d10a3f264734d,4540,4
25261b8e95072196,4541,3
de2eb36e1538b4ef,4542,3
b2b25dd26ac7413d,4543,4
fe8b507103fad29c,4544,3
1dd521df1713f3c1,4545,2
782dcbdede5153b2,4546,1
d592eacfdb5f4630,4547,4
20e8501e90f9f98c,4548,0
d37d9c81834de16f,4549,0
166e09dfd3ab30b8,4550,0
d016f4857db39bcd,4551,0
996284b6a8dcadbf,4552,0
f5cccc6f61357649,4553,4
b5d77d8a596dba22,4554,0
64a71d8297a2a020,4555,2
cf2c5bd45235dcd5,4556,2
52471420833de0e9,4557,2
948b28a054d3932d,4558,4
ff3efd41bbf03522,4559,2
931efd55cdf60e15,4560,1
fac401b38dcbf83e,4561,0
1fd510cd9390e11c,4562,4
54cc9c44a729259c,4563,1
3a2fbbde1a081c2a,4564,0
0f27c259e748851c,4565,0
2edcefa68a671c25,4566,3
56c2dd6faa470755,4567,3
98f34878697437c1,4568,2
1cc426d9616adf43,4569,2
fc300e57ff9884b9,4570,2
dd0ec8bc30018d06,4571,1
92cbffe59ac1e8f4,4572,4
d4b4d309d5eceac0,4573,4
ac72deb70496e4f1,4574,1
266106fedec8152a,4575,0
c229801cda4cc169,4576,0
43988e214e7fa94b,4577,3
d29f3d947a733121,4578,0
3b278483a96f60c6,4579,4
fb59ab3ad2c01859,4580,4
256de4782d9717db,4581,1
acc61e52f3b56d96,4582,1
3190235fd4440440,4583,1
0ba330e5e823fdc0,4584,0
3dd1f878f8bc0b8c,4585,4
bff30a6a11003ad9,4586,0
e1dc6e4d5ad402ee,4587,2
f7ce16ac6e49179a,4588,0
fa115de2e52cac8b,4589,4
65bb16cfcbfd4fd5,4590,3
0eed895e398ebe7c,4591,4
d5e063fe5a1031ee,4592,1
3a6450ba5d918354,4593,1
cdb230db04f5b6d0,4594,1
a31c6248681e87cc,4595,4
73d8bf41b5adac24,4596,3
cec2e15119a9045f,4597,0
e96cb2b3288c656c,4598,0
bc7fa7581ff80797,4599,3
7dc53c6bc04c795c,4600,2
11d609eeec569b7e,4601,4
725020f1a5665039,4602,0
ea106677f70928d0,4603,3
16a5a9bf55c3f4f7,4604,2
9bda654a0e8e5e96,4605,0
cfcffb122b880065,4606,2
dcc3025016b77609,4607,1
307aadb9248e53cd,4608,4
0a8826be55ae200e,4609,1
b50c76d40791790f,4610,1
9ba86a8c17289fbc,4611,2
436a2bbf589b8516,4612,2
307c862eee4d1e79,4613,3
21da6636bbe2c747,4614,1
de216f7c4956488b,4615,1
afba998a510a66ab,4616,0
95d62667eba56759,4617,0
e8ca869e25d2b9b0,4618,2
03e3a6ce67b7807c,4619,3
ff48b4c3dc33348e,4620,3
3099cf393b3bfeee,4621,1
c35389079bda81db,4622,2
ed506031551932fc,4623,2
7ded17dbcb786d4b,4624,0
1e9bbfcc7829544b,4625,3
33c7c88577a5c77c,4626,1
b863ac1918c943c2,4627,1
1749de1d89ec1eee,4628,4
96eef104765cea23,4629,1
c1d51df16df6ee63,4630,2
1b89ac7658aee897,4631,2
2b1bef065aee37d0,4632,4
27ef8d94d3f1fbba,4633,3
9dca040d7e268a10,4634,4
fcf058fff0184d2b,4635,0
9165eed865ce98d0,4636,4
c9f6e76f015198f0,4637,4
c1ec9411cf82d36c,4638,3
7cfd45964870f472,4639,2
8303e383741241c9,4640,2
e8039facb59c3f23,4641,1
18865d0a6a0e60dc,4642,4
b2190e6aa9d46da6,4643,4
b6ecf83778995b4d,4644,2
8162746b9fcbeff2,4645,3
f32d9d9bb683d066,4646,3
8119f58e9eb11dbe,4647,1
dfd75c1e5ac4e111,4648,3
d3b012afe53c9af9,4649,4
b230f681ee580be3,4650,4
63a9682f4c59719f,4651,0
9acb6b2c6cfdccb9,4652,2
2ce3012f350b5750,4653,1
9a3dfa865a747b6a,4654,0
90f90b43a0718447,4655,4
289bf648cfe0a9f4,4656,2
0db22d849c38d211,4657,0
44431388c4eeeb76,4658,0
2586e94a1828d4d9,4659,1
0fe3a048cf9d1f13,4660,4
eeb674e4fa9c0fa5,4661,1
7a04b3ea0b9a81a4,4662,4
9c0bc68271400d42,4663,0
9ed2d1d718d2c31a,4664,2
23ab212682eb6dc2,4665,1
418c868fb260a6c3,4666,3
9a013c0f2b87fe3d,4667,4
67fa687e0efa6558,4668,3
884379606b72928a,4669,2
6dbfb39984681215,4670,0
668c232488db8b14,4671,0
615211f632b3f8c3,4672,3
4be68ca1f12b9c52,4673,4
02e51a4d853a5156,4674,4
d5c0dcf6c8c07532,4675,1
f9703a9e4cc7ae90,4676,3
c5d422124e397d73,4677,2
6fab8f00a969324d,4678,0
6a9dac4c7d682383,4679,2
492bed31b731f547,4680,4
0d0168748f53a4cc,4681,0
a0fe814d69c5f3ce,4682,4
8a4e8817a96d86c4,4683,2
975c898ff2b5f664,4684,3
83a1786e18a0e409,4685,4
78538e66ebd14319,4686,0
9b6d75f98b216ea8,4687,1
f0953f1d627d431e,4688,3
da8da5529a4705d7,4689,4
f375c9c9837c0a05,4690,1
0ae937eab727db42,4691,0
500e23b67593d800,4692,4
75020a0a93a3db9e,4693,0
d4ba7f51dd69c4b5,4694,4
7d895cd81169714d,4695,1
6ef0e328735f6614,4696,3
d3f12ef76f6535d3,4697,1
d7145b15cc45c628,4698,0
26c55d607c06784d,4699,0
b5cf84189b3f6756,4700,0
033c12fd49d1c692,4701,4
f4949b9386cec06c,4702,3
aa53d1312c8182ee,4703,0
39238ddb2ff6bd07,4704,1
eba09cd9e6c3f301,4705,3
ce95954360c718d4,4706,0
a35c289970ed7170,4707,0
47718b710e059a25,4708,4
4808479c0222b184,4709,1
b0c7a7af5a08c1f2,4710,3
12e2f39ae7989414,4711,3
dead26cdbbb8e5a7,4712,1
da7fb1747367b7f0,4713,3
8bfad10e898c28f5,4714,4
8271a4f226f72170,4715,2
2419aeec669586ac,4716,3
dcbfb073a5afc618,4717,3
8770a872a13ae91b,4718,1
131f80bd5052ed0b,4719,2
62c42476270821c9,4720,0
b3055302583f7e46,4721,4
bd69fb64f353c0f9,4722,0
ad4e7ca8e6823dad,4723,2
017e3f0ad69fc664,4724,1
7746fd6d45e0a913,4725,4
37c5e0562df50f04,4726,3
efb309b3977043d1,4727,1
eeb94240e5440cc3,4728,2
ed32afceeac58241,4729,1
b656e4af986bfe56,4730,0
ab56fe4fa5aa3a58,4731,2
7e42dc9949cc52ab,4732,1
039f72d90b49f834,4733,4
b327b4dee7e8d122,4734,1
e1befa5a65b9049b,4735,1
c5ba3b51a51c53a7,4736,3
2e2ae084ab3c6d4b,4737,1
fc47b8be944ea7b3,4738,0
06d8f51fc077e95e,4739,2
17f02a492e42d8dd,4740,3
b94c1307200a67f7,4741,1
ec743ceae324c370,4742,4
3dc99e94a79bf53d,4743,3
29fba872ca36b740,4744,1
259979a6b9c0f204,4745,3
fc00fb9eb6de27a8,4746,1
a7444db941d5bf92,4747,0
0993979fb6514230,4748,0
d630dc2bfacc22bf,4749,1
8f9ec83f5593b734,4750,2
6d609e2aaf793f84,4751,3
e860b8fd453f920f,4752,1
3d91bf13cd26bde1,4753,4
eb5a1decb29f8537,4754,4
9cee9b5fbb833b98,4755,4
b7f672b3ecfe2d25,4756,4
e178dfdcc9c15f92,4757,0
7296af8c4bc35ff6,4758,4
0ab3a8af4dcf403c,4759,4
2c1500796920395b,4760,2
52688a6a00d36afd,4761,1
bec772b8fa2fd447,4762,4
9094c81facb46261,4763,0
545848c61cdeed8c,4764,2
ce0ea151f6078546,4765,0
a9be47c7e7ea2748,4766,1
e14aa94a520acb74,4767,0
5144c30612e31a86,4768,2
6b93a112d51917a6,4769,1
af287a8a39c6066a,4770,3
b122ed0c4031cfa4,4771,4
ba216a33e647856e,4772,2
2bcea68e1620cb34,4773,2
8516f745e7596ba2,4774,4
cafdb4b0a31631d1,4775,1
00949be371d73faa,4776,0
d8f30233fa39cc1b,4777,4
7182b47655cfc6d4,4778,0
1b1907a17ac8a71f,4779,3
ffaa2751b1d2a205,4780,2
4639c97ad7a140cf,4781,0
08d7d8b8d700b8dc,4782,3
76315f25aa13baa4,4783,4
a6a0e211a60c6e2a,4784,4
5a53927b12dece4e,4785,2
1138342ca25e5972,4786,2
d3be94a4b0713335,4787,2
0b45aa89fcaea0f9,4788,4
3ed4e61d97cbc2cd,4789,2
ac7829bba6bbf75c,4790,1
2a22fd64ebaacf9c,4791,3
9458ddb4e00a4524,4792,1
83d0259f17209d4a,4793,4
8a2d003ff68d74a0,4794,2
ff2fe2f7ebb740ca,4795,1
a6d9eae2394e0622,4796,3
9a128c34f3e9418d,4797,4
fadf67f82da213ec,4798,3
30c3d5751177f8d9,4799,3
4e9e81885e139b31,4800,4
d261b250ee6e570c,4801,4
3878a858e542814e,4802,0
7fd0013c75228981,4803,4
3e492ea8c3e7ad6d,4804,2
a226ab23353ea0fa,4805,0
6d84ef4302617867,4806,2
24564146ec5e7616,4807,3
58c99d77e60a97e9,4808,0
c0a8acd3df404c95,4809,2
5d83408b883d2e26,4810,0
ec976cb4da2cafe6,4811,4
e9c61a4f6bf9cb3f,4812,3
10bab46debb01be3,4813,0
9c00d3f733e1c2df,4814,2
1addb0cd8373f12e,4815,1
dc7d132e772fcd3a,4816,1
22c32d6fe47d1377,4817,1
02a8454d2181afca,4818,1
2d898f2320d7ea44,4819,4
445a402c9d324aa4,4820,0
ad25759ad4dcd8ac,4821,1
94afdf201345d59d,4822,2
7bb377434bca92a5,4823,3
47830e16d5d83d89,4824,2
a2bad29438491aa6,4825,2
7c84c14ac5394f6c,4826,2
7e6ebfcd4812a58b,4827,4
af100aefe1bc8155,4828,3
a6d67a2c61f5e7fb,4829,2
5693295a83eebafe,4830,2
cc6e77104bbe8432,4831,4
20ed36e8ed42021f,4832,2
db63cbfd9f1ce9b8,4833,4
22b551879a7db192,4834,2
d7ef051709d03149,4835,1
5a6f842ef0ff103c,4836,0
e5de13221298438e,4837,2
fc7716e5e14a88f1,4838,2
e8394b57d8bcee69,4839,3
3f961ee3731f18d5,4840,3
bf778db1f5daf0a3,4841,3
4401c646fa786e73,4842,3
26d678351831ac76,4843,2
e9a6e651f552db64,4844,1
e68d1acdd8ea9643,4845,4
4cedc68b0dd9bca4,4846,3
dee25d01f0a23592,4847,3
616591197d1774dd,4848,0
a37fbd9024593b1c,4849,4
8e5c31de69ae3659,4850,0
636ee583f078fcef,4851,0
a7719fc7c799d6af,4852,0
8fdfafdeac06b965,4853,2
5a8c6d863284a135,4854,0
bbd0b44639673e1a,4855,0
d509f1b18d806c9d,4856,0
8b82153e1e1294b4,4857,1
04598d64fd97b1a2,4858,1
9d8a268f943f218c,4859,2
318b8f0ad85096de,4860,1
4169d590ab8ac4be,4861,4
17d4118e6dcb6683,4862,4
3500b88e6458dbc5,4863,1
6614dc1257e9e821,4864,2
55267d2e3fc16a75,4865,1
919f2f1f7cd08061,4866,1
54055b10c5cd4de9,4867,0
4204b9627e0caf05,4868,1
751c9377bb1a15b4,4869,4
cd83b1c46428c88d,4870,1
7d4e6eb540f7e42a,4871,1
856383e537b3dcf5,4872,2
1d6db2f508c4b652,4873,0
d7d73b0da8ea7c5c,4874,0
dbe170c68ab21839,4875,4
cd0d2faf72a7d80d,4876,3
b10dd27d28efc24a,4877,2
9865885c52ceb1fb,4878,1
78881a6bdd679e57,4879,3
164cbf1df852a65c,4880,4
7dc976bac2bad4a9,4881,0
51c376d58e396d99,4882,4
ffc5e23f83023764,4883,4
54ef019dccf63189,4884,3
9fec569b73b48e9d,4885,1
caa58f46ba8f7dec,4886,0
cffc90ec2c4306ae,4887,1
0660b75b4e489ddd,4888,3
c78d75109c980a78,4889,3
046616f88848051f,4890,1
e87da87180370354,4891,2
045810167ad9dd60,4892,1
44cd05a84464bf51,4893,2
1ea576dfe04901ed,4894,1
61308f4f89a663dc,4895,3
11dfb24684607c92,4896,3
5c62c08b0eeeda87,4897,3
3ef6782a9b64f8ca,4898,2
1d9181f7e72671d4,4899,0
198fdfb44abfbb75,4900,0
bd5100f8dac657fe,4901,0
0fc37b2de723875e,4902,4
5b48f01fbc979f81,4903,4
d270234fd9bea0e4,4904,1
85a6df84334bd3a9,4905,2
bc7ea016b23f9f35,4906,3
07c0ccb8cd0cd352,4907,1
2423963667c6bb90,4908,4
ac2f18d49cd30206,4909,0
d03e444c85ce0e57,4910,2
719cc63ab59eabd1,4911,0
61a729f2f797c13a,4912,4
bca00900326b3191,4913,4
3334e8d5c7d218a2,4914,4
ba2e128e551f666b,4915,2
0865180ac0bb0837,4916,4
d8b3505806e2e7ab,4917,1
23298a6bfd61a47c,4918,2
1fed79274245febc,4919,3
cae097cb04a79752,4920,3
7b6fc047637d0398,4921,1
095175c4c73c2bf7,4922,4
5867a07c1eec0d44,4923,1
0f479f907ac2a9a1,4924,2
50338c9181fb8283,4925,3
ceb5495ce0532f77,4926,3
0fc9876357e488ca,4927,0
a97151e1e6dfc262,4928,2
e28e7029395bff87,4929,3
a677a3e666864cd7,4930,1
c0a60c3db4aca395,4931,4
6002a54950e18269,4932,2
420b7cf192dfa666,4933,1
63c5fa79b2e830a8,4934,4
1c58901850072b8e,4935,4
f70b2c332a6be3d5,4936,4
c8ab86e17e00ca93,4937,0
1c87f46d490561fe,4938,1
ff4199bf1f594b5a,4939,0
ba8c26659cb19b35,4940,3
dfda9c83d8af1545,4941,3
88e3a28aa0b788fb,4942,3
83e78a95469e2dbc,4943,0
bd5bc88dc74203e4,4944,4
74c7afab07361349,4945,3
a10b890a42c475c1,4946,3
e7905c1f52aad1be,4947,4
75237ff2b3bb1f10,4948,4
fd45adbae91e95eb,4949,2
3f208fff4b5e4f32,4950,1
0db751fff9cee86c,4951,1
80aa2254d7896e6f,4952,2
7c2d82e5496e938c,4953,4
c4e52be407fcbe79,4954,3
23cbb80af0768c26,4955,0
f57f6e60386b32f1,4956,1
8002c90b316ec1ce,4957,0
75044f3ed3b4dae1,4958,2
4ec9d62ea8cb484b,4959,4
376723fad2f371ca,4960,0
939e17ea2a7d966e,4961,1
ba8fd349d17090e5,4962,3
9b377b91da8c01dd,4963,0
33b75a00412beeeb,4964,2
19e5ee30508a790f,4965,0
791bd6a60aa89e53,4966,0
c3d2ccd01a9dfe1d,4967,1
e8a718e7f09097c4,4968,2
593f9392fb060fac,4969,1
dae1291166ea5f96,4970,4
788cad556c509e27,4971,1
043a7616cba82fdc,4972,3
1c2004f9a6c9962c,4973,2
b8881fe6573a7196,4974,0
dd80b034d8e9e391,4975,2
f0801c5b43a734b9,4976,1
5abed47f91f05611,4977,3
6621b3b8e62068df,4978,0
009fb42571fac066,4979,1
8a48d823549ff92c,4980,4
ce0864b981a53d87,4981,3
b801d6d425560cbb,4982,0
0b813d6df0997595,4983,2
9b7f5d914c1ad8a1,4984,0
df67595c9a5c032e,4985,2
fef1323e8fd334d2,4986,2
daded4b162e7ca72,4987,3
229ee2e4493b7565,4988,2
92a0ed40812803ea,4989,4
8e2d010ddce48ad3,4990,2
6d201d342ece4ede,4991,4
a5b8fd403d224f5f,4992,4
4ae44e9872c16944,4993,2
be964c0834ef2e3a,4994,3
facede9b77afc5a5,4995,1
9500e48d94e0d3f3,4996,3
97e4095543677675,4997,4
b527b4e8d843722d,4998,0
8326ac6b6329c63d,4999,0
cfc23697d1936db0,5000,4
7e953a2204048fdf,5001,1
5719280c901b526f,5002,4
b73dd9d2af61e873,5003,4
3b488ee5cb99a6cd,5004,1
3d07187447af5dca,5005,4
3cf2d68dd2436c52,5006,2
0790038129318170,5007,4
e288dfa82d973575,5008,2
e043814b74696d13,5009,0
4792871c9b3468f6,5010,0
ba1743764b4c29f9,5011,1
b978fe57bc69bd91,5012,1
70516286d750e4a1,5013,1
43991006254cb1d2,5014,2
be1f9e5045f89c14,5015,1
fbc2ad93b3fdae4a,5016,1
908761e835b0067b,5017,3
96c51f72d64012bd,5018,1
6b4b9ed302b85c95,5019,3
1b1062e40b6a27bd,5020,3
6c2c3123b6f26983,5021,3
15b89fb0efb565ed,5022,1
07b31fef36e59872,5023,1
ab1d0a3e966f878a,5024,2
74dae682ad23855f,5025,0
e7e72efb2d554801,5026,0
79f1ffd46c2e118b,5027,4
112f40b2056b167c,5028,4
a1ecd7dc0370a5cb,5029,2
1ac6a2c1ad812555,5030,0
6c377290fdc09594,5031,2
cea130e513cee06e,5032,1
ffb1ac66b1c6d254,5033,4
80f767611c7290fc,5034,0
c62c5dcecc88283b,5035,0
6ca3504cc620743f,5036,3
3be63cbe9412ce86,5037,1
461281c7d0fa8b66,5038,4
e397d53dba02c423,5039,2
24732f539df9928c,5040,4
d4aeefc50a2ae199,5041,1
ab0179b9d1c4f38b,5042,3
dbde2963533f4f0a,5043,4
4d3bbdf208ec3d90,5044,3
ae5cc3142a1472f2,5045,3
dc6fdf7b9335c0da,5046,0
510379a4b05db177,5047,4
281be0686b5bada4,5048,3
4f41366b1e364231,5049,1
76dd8c9dfadfbd2a,5050,3
96f2caf7122721ce,5051,0
4f6643b4a65af388,5052,2
8f059572afe8c1ea,5053,4
c0f27ad2d838a0c6,5054,3
297b2195add2452c,5055,2
1cd2a73e5d5a6ccb,5056,0
bb8402b94ba95c3d,5057,1
4983ba90c0456ce0,5058,4
b2ae4ecaa55c8307,5059,4
4c7a96038ecf8469,5060,4
1aeda9db6eac054d,5061,4
ce4de6a49f03bbe1,5062,4
d3c03e7c4c48123f,5063,3
22674a4e7c628753,5064,3
c074f824814dc4f0,5065,2
b6986421c77a95ba,5066,1
54d3d0f38d5454e3,5067,1
b58eb0126825a147,5068,3
2c4528da9e7d1e0e,5069,1
ee857c1d122be089,5070,2
03f07061b694386d,5071,4
ba3fbdb9e3b2f968,5072,4
aaa6d347ecec12a3,5073,4
c7166d18252ccb35,5074,1
6b2cc052532e3100,5075,3
e1d21b1e04a8307f,5076,0
aafd11addbe04090,5077,2
8e863d7d9919b60c,5078,0
840f89d43693aac1,5079,1
f641c2c558321e7f,5080,1
85c67f98bd7d77d4,5081,3
a369c1e8b9a0603a,5082,1
cb08a6fe048355a5,5083,4
cf801fe84c1e58e2,5084,1
bf361912c79d946c,5085,1
7f9fadd349ae67ea,5086,0
db2329a3bf693a64,5087,2
859a6fb696c5c236,5088,2
c80ea2232c4caf83,5089,4
520e647a2142cc41,5090,1
0620dcfe79314eb3,5091,0
94fdc8c4dab0e90e,5092,3
3f45261587c4d720,5093,4
bedf7f79bf71fe7a,5094,2
0a540de4a2a1288f,5095,0
527e7d1ce8d46325,5096,0
1b22bd3e8327629d,5097,1
d3c37fe55c4c3e02,5098,0
9e4f1fce12933817,5099,1
2d42390c8ee59deb,5100,2
6c3a954f2f8f14b5,5101,3
598e00dcd785e67a,5102,1
24319057152d14fc,5103,2
dcfc3108a3a98825,5104,0
574899573554aa27,5105,2
eaa65bfe606e3667,5106,3
2e42a8ed3cb26b6e,5107,1
32783977a1e49ea2,5108,4
7ae1992140a3f907,5109,1
c7657ccf0f0fb9be,5110,3
0185962d6c61a92b,5111,3
1a0d497199fe9225,5112,3
f40aae08e9ae354e,5113,2
73d4f8443f56ba3d,5114,1
537b748bab878305,5115,3
70b8dfbc035e518c,5116,2
c98336c58e14b376,5117,2
a2ee749b7c91c4cb,5118,4
bbe8ebf4df50ca5a,5119,1
f816061f39e22f3b,5120,4
a1ccf02850314b7d,5121,4
a1880ff979f00ce8,5122,1
9c8719d2ea6bb652,5123,2
33f1c75ec4dcb882,5124,4
0aae940c6db4e48a,5125,0
cdc295ce23b18a68,5126,1
55f616f38e645305,5127,0
3c39df2653c90d27,5128,4
83be578ee1ae83de,5129,1
1f04750cda96f32b,5130,3
794a31b44924a1f7,5131,1
24c5dd8cb780a6d8,5132,1
1e610120c91cadf1,5133,3
a6f28d78d5e4ea13,5134,0
b45044e529a9ae60,5135,0
44b1bbaeac63af65,5136,1
f202110611ef39d9,5137,0
113528f26c7a44c0,5138,3
3ddabd036825cf4d,5139,4
555d7d052c93e275,5140,0
44e93339993a8556,5141,0
9d61f0317ee9ab1d,5142,4
4dda3f25db335497,5143,0
51a5ca41ffe4f53b,5144,4
56670e25a5b242de,5145,4
d02d624934e777f2,5146,0
135233b19ecff44a,5147,1
a3953ad2807ac147,5148,4
061b199d8d9cd8ea,5149,3
634e9e497d065160,5150,4
4493902b890f09be,5151,0
062a48936e6511b3,5152,1
7aa2e4a9b029e9c3,5153,1
39626cf5435c3ec6,5154,0
bfc6eecbe556e74f,5155,0
4bce97667c73acc3,5156,0
2b69e5298598e42e,5157,2
18a285b869960afb,5158,3
0a661c0bf6af9c8d,5159,0
ce58bf5d6bfb0013,5160,0
cb68631c45699fc2,5161,0
dedb899c072d7f00,5162,1
9ccda1be2510793a,5163,3
43a7c78bfa5ec989,5164,0
de82ac46bf67b2a0,5165,1
90f983f5a92c8d7a,5166,3
82ddae7d19b6954a,5167,3
07bdd2ae5b42fa51,5168,3
c2099d2724db782c,5169,2
177e940ec1ff595e,5170,0
e1c26f6e5f37f300,5171,0
bdc11a0f4b35b509,5172,2
94c0c47272b86c4e,5173,3
c5a1a3efcc8bb325,5174,4
64bbf6c3412a2c54,5175,0
43bc58a779385f9b,5176,1
9167bc71c1281902,5177,4
ae5f1fadb2a5e623,5178,1
26d69f739524bbfb,5179,1
6422a6f55823639e,5180,0
4663c075beb47c2f,5181,2
894c619cf8c95c9e,5182,2
8a5ea1a99afd4729,5183,4
23a90ffed0454fc5,5184,3
73935b600e27a54a,5185,4
a75337b70b0b0c72,5186,1
ebcc343ac06c8ca0,5187,2
39854cedc8f2f43b,5188,2
dcc6e8cfb38c2a9e,5189,0
e1537a7124dc416f,5190,1
96d91ddd5d19d4b9,5191,3
c449666fab47b4f3,5192,3
aad81ddd83b1cf8e,5193,4
6c182681dce81f04,5194,1
79c71b8377ead583,5195,2
63d372b98a92b8c8,5196,3
73681205919770eb,5197,0
8d23b23dfcca0280,5198,4
dcf93d334b03a81b,5199,0
dc338d5dda42cd6d,5200,4
ea105393da8c317e,5201,3
a6de61235e9cf14c,5202,4
62549534e7a1b706,5203,2
5b5679f337c1df6d,5204,1
94eb502848b78e03,5205,2
9175a25e94993b9e,5206,3
2ac14d06e8378223,5207,1
f23a4b097bf835b5,5208,1
58a1488aa4a6d920,5209,1
0b22e1fe66dc9c95,5210,4
3e83b01d711e1304,5211,0
319b267cd3755a0d,5212,0
79a305cfda88de97,5213,0
e9eb99df5cb2ccd7,5214,0
d6d121a490404074,5215,0
1e0ed3bba02aea54,5216,2
e352586041612924,5217,1
4576b2c7a6d956b2,5218,3
b09b7a6486481ac2,5219,4
c7ba49c137fa243e,5220,1
af9e17718406dc9c,5221,0
992e010f89bf539a,5222,3
66fc4b48537cb0d7,5223,1
b51bf0ef194c0424,5224,4
100c33223da2b5a9,5225,4
f3edde4e331d6102,5226,2
d33201bcccc89ed1,5227,4
e79d257e32f31ae7,5228,3
608110c7bbb3c445,5229,0
fb5ad68de28852fd,5230,1
40c06001db22f992,5231,1
91bbfbbf88d41308,5232,4
50a15ce1080bc51b,5233,1
42b27e4044c8f81b,5234,1
d54b6b91cb070e10,5235,0
a5f3cfebc3df0fef,5236,2
e04da3e57fefc9ba,5237,4
10cddbf67cfd0a97,5238,3
36006591b83a8989,5239,2
a04d27b318dee261,5240,2
6f76c30c0b59fbd9,5241,3
1db7567f2911ddae,5242,2
d916e7cc132d5a89,5243,4
4073979880e627da,5244,3
b7bfed3dd4f6029d,5245,4
e53bffe618b8bcd1,5246,1
7d182997178b466d,5247,1
74332b2b7b838932,5248,1
1e33200d99261e62,5249,0
4331f03a6998e191,5250,3
283678e9253bba69,5251,0
710dea2594ed3483,5252,1
c5538704bf5140b5,5253,3
08d1411e1bc1d3fb,5254,1
2629e5d1f3a94662,5255,4
8098aea1cbfe92af,5256,4
ecfa2373c3f1ecb2,5257,2
4d942d6590862ba0,5258,3
3b68f48a391d932d,5259,3
95106fa1addd3685,5260,0
9811f3328e6057ea,5261,2
aa16f7ca8236b2e5,5262,3
7f54e2c57d531eff,5263,0
cc9f6fb8e3c431cf,5264,1
b384f5882b431117,5265,1
88d20d732e1bd868,5266,2
65b13644bc2f15aa,5267,0
6d9fe333dd5e0a90,5268,1
4787daf367559451,5269,1
64c6dd38c4f4ddd1,5270,4
4d3d4d6766f5ad78,5271,0
0699ba113bee49cb,5272,3
85e871e834cb4135,5273,0
019e0339ca27397c,5274,1
84d148305747e21e,5275,3
08c2186fd7773862,5276,3
d28c66674f939b38,5277,1
158e68cca67478fa,5278,3
d23e8054f276832c,5279,3
44802ff5bd0a320b,5280,4
9553059d194f1bfb,5281,4
e52ecfe3db5a8fdd,5282,3
f71227cd6a8af15f,5283,1
df524a3ed40877b6,5284,4
1993cf8c3b2d8dd7,5285,2
f228b61099e3a60b,5286,1
7906ae49172e3953,5287,0
d1970400f37c576a,5288,3
ab1fd1ba719d58ba,5289,0
de68417ea4d42657,5290,1
392a68d871a654ae,5291,2
33fba98d810deb98,5292,2
27b561047b707575,5293,2
e9d81900d2d397b3,5294,2
5b9b804ef764129f,5295,0
722674a81d6db164,5296,4
286dd8081bd015b4,5297,3
a8d3801fe711dff4,5298,3
5b5b60884c54982a,5299,1
3a5630e9bec1fd36,5300,3
402e719f91203046,5301,4
990369c4e1d08b8b,5302,2
93c530432f79b0eb,5303,2
c6c871a08dc22dd6,5304,4
40b96b821eba04e4,5305,0
fed2ce40d6248d45,5306,4
02371c31f3ea931b,5307,0
e3d3a39bc2ca204a,5308,2
8f146a773f1ba21c,5309,0
98da90b16ea4413d,5310,0
14216f42bd8ac88f,5311,2
858a59d998dc3ace,5312,3
9e5f9118a4d6e328,5313,3
af7aa9d254fc56b5,5314,1
3bf1d7ea4338a7b5,5315,1
079bbf9a37ca42c4,5316,3
f420ca26a955ffbe,5317,2
c471b615e7272de5,5318,1
e8c3cfc35951ccd5,5319,0
cfb52f02cbafc00d,5320,3
a2d0daedf3ee2e57,5321,0
7e45eeb367840ace,5322,4
6061bc718fa04f28,5323,1
af09c0b68959cbf1,5324,3
98f326c9cd42b412,5325,2
9eb211fe88f5c8e1,5326,1
cf4c5fb013a81baf,5327,1
1c18cd983c56153e,5328,3
75cc9d07393923fa,5329,0
1da2351f2672cc83,5330,0
0c2e6c252e3749ba,5331,2
f581ba8401a4d95a,5332,2
637525975f9f721b,5333,0
20dbac2f71d72efc,5334,0
6eea38168fe63d98,5335,1
5fc8500f6fc42e2a,5336,4
03bb8b5fc9b03b5b,5337,4
1b459dec6957b18e,5338,1
174c280000237eb3,5339,2
7d8f26796dec1d9e,5340,4
9c603daa0ef2040e,5341,3
038abd618a34f734,5342,0
881f5042aab59a28,5343,2
1a414d250c1a9226,5344,1
275c6622a1e7ed3a,5345,0
e1328a7d53fe7a66,5346,1
2cc2f0c5e2001352,5347,3
d90318a33e39227c,5348,0
c5ebb6710c98a491,5349,1
c5b883a93d57c6fa,5350,0
81bd15b859712fb4,5351,4
94b8519b7c48dca2,5352,2
778fc2707d66c83f,5353,3
811b92bd3ab39102,5354,3
a587848af2d8b21f,5355,1
7c808ecd8db40627,5356,1
97dc7fb4909aeb08,5357,2
a258d451d51bffa6,5358,3
dd00ef9bd24d04bd,5359,4
438b689d87083e53,5360,1
90eab9dda5dca434,5361,2
daaa075ed95c244a,5362,4
f9ce665c37cf09e2,5363,2
0efe036798610264,5364,2
c78d722e257a79e1,5365,4
0d7ff7febadd98ef,5366,2
9b58a5271bd28f79,5367,3
a5b36df6481da562,5368,1
cfba6b86ed97aa54,5369,2
7952dfc2ea30be76,5370,0
e63a86a5e409d61e,5371,1
552fee7120b4c43a,5372,1
c53e406d2d43174f,5373,2
e8d416e5cf59497b,5374,2
3032d36fcf025289,5375,2
1d3590ee5d41076b,5376,3
cacda596ccdc79f3,5377,1
d415b3e9d35cbb7a,5378,2
ba8438157c403e17,5379,4
a150227a1abf2358,5380,0
b4b3ff9d22972f08,5381,4
b76282bd67e5548a,5382,0
bd885492a3a3f68f,5383,3
dcd4cfaa7a11da99,5384,1
99cae9f14b00fd8e,5385,1
ea5cae7658f1ca1e,5386,3
cb0dc06a7c45a192,5387,3
1bf1d63b28be29b2,5388,2
b660d8f2199c9e3c,5389,1
3043184899b5b69d,5390,0
1d75b9efc04cf65d,5391,4
bbd483bb3560e791,5392,4
30a24e19d9fc7133,5393,1
fd4de5e465331001,5394,2
9e44a260cf3aa4d0,5395,2
dc9f50cc3d282dd4,5396,2
18c1b1e5808282ca,5397,1
4f58e7acd4d62aac,5398,1
bc8a3dbcf1a4892c,5399,0
6841f173baa011e7,5400,2
15c2cabd2547bb89,5401,3
4ed4a946044640c2,5402,0
7f93deae1ce25d83,5403,3
81c6123126fc0bca,5404,1
7706b8564f3af8bb,5405,4
7c329af7619a9db8,5406,2
3f0a85fafffbb8d5,5407,1
2932f3dcc9dcbe27,5408,4
36104f971a88dca9,5409,4
2d9d04b75d73fe42,5410,4
b9e5171baafdfe48,5411,0
74abbdef686b09f0,5412,1
3e85486a7ef6d5cc,5413,0
b59b66188792aea9,5414,3
288ad9dab2e6f995,5415,0
69173343a98341e2,5416,1
6941cdf1ea63d0fc,5417,2
8ad922be814148d2,5418,2
dbc44bd111a30d36,5419,4
df49b133c4ab620c,5420,4
696a50077ba35684,5421,2
03e4056819fe11fc,5422,1
48d80c0cdef134be,5423,4
85e1bd7140bf9375,5424,4
3ca37f4f3cf45cd1,5425,2
608e17e9ed384f76,5426,0
0d324fae9711337e,5427,2
cc04d31c76e14502,5428,1
42412b6c4a689204,5429,3
39ceef5b2a942d2a,5430,1
8885b943cf1623eb,5431,1
fad06482c0a598fc,5432,4
e8491bb2341fabb3,5433,1
989ea288a4e9795d,5434,0
be8f4a531e1057e5,5435,1
ad0bb5304af597f1,5436,4
824e13978e11a76c,5437,0
2164fa384d743533,5438,0
09fd29a7af9a1533,5439,1
942b561ad62f4ce2,5440,1
36be8ba0336643c1,5441,4
4353070d8184e806,5442,3
084f1d2ffdf4d630,5443,0
4b1e627f47ea1815,5444,1
727ac8ab84f30cd4,5445,3
85e9b21c992e686e,5446,1
4786174a324a4f11,5447,4
6466b5fabba71cf5,5448,1
81d9abd4e7882b9e,5449,4
9cac5edebeaf642f,5450,1
0ba7060b6c625eb3,5451,0
8ed8580341cbd08b,5452,4
939161b63d580160,5453,3
b4a8b6264ff1bc87,5454,2
c7ac263fe73976e3,5455,3
dcc960424ab14f97,5456,0
77d560aa66b0493f,5457,2
06edba39e024b4eb,5458,4
0a61c766801ee250,5459,0
7d618a5e640a491a,5460,1
b79a04c83d686e02,5461,3
b7d28961e70759c2,5462,0
4af400a1c4f463c4,5463,2
89b19d07508560f0,5464,4
50b890be65a24afe,5465,2
e612c32ef847e220,5466,2
591b546940113814,5467,1
a2c797522f434ff9,5468,3
d433b5965ad055c6,5469,3
c92df9e08cf6a750,5470,0
f1daafb5e788f2c8,5471,1
c2c0990cf2e54cc2,5472,4
a3553489fe1a6bd3,5473,4
5e0cdcb04a1d8359,5474,0
eb1adeeced3531a3,5475,3
df4b3ef6ceb94b1d,5476,3
fc527eb2d5224eea,5477,0
dee8bc92cfb8c491,5478,2
cb71d525ff0320fa,5479,2
587a1b8b565f28c3,5480,3
38f37603633ad3b3,5481,4
3e498f510bf9bd34,5482,4
915ccd48d01044a7,5483,3
78921067ef12649e,5484,2
a30c4daaaecf2710,5485,0
b21f2cf812bb1c20,5486,4
0c738c998bd08667,5487,0
5f7e34a3586bee5a,5488,0
8345b543b319e6bb,5489,1
74cec9ddb3beea16,5490,3
5663975313cde874,5491,4
aac6d1fe09bd437d,5492,3
3492222415d22bb9,5493,4
bffad6e0b48f9390,5494,0
7a94054448f7c983,5495,1
e04c80927dde56f3,5496,2
5c97192d85482cc8,5497,0
a463cdcdb0b32709,5498,0
0abbd55134893c88,5499,2
181fbfe1b80dd7b1,5500,2
5e3c3003e78a699f,5501,4
f278443aff41bc34,5502,3
d8fd2b5f0f777331,5503,4
05e2f74ae1825cc5,5504,2
eff77522af7c73b0,5505,2
416ed92cf6354bf1,5506,2
82b244e4ed318fb4,5507,2
0424d44a38207d43,5508,1
57b68de5aeda0b99,5509,3
7e30d1d247550a01,5510,1
556d056fd6b85807,5511,0
c7a9c8d39490ef01,5512,1
a6c154c93ee6c22f,5513,4
ed2ab388520c0793,5514,2
c6aed668a781586d,5515,4
a9c79131fde22d80,5516,3
238cf3dde8b86b64,5517,1
b33556b233db84b2,5518,0
68a1341915c5af81,5519,4
6795416beb224a1a,5520,0
5dc60374cb23002f,5521,4
e8e5f30a0958eb43,5522,0
fcb0f1afb151a16f,5523,2
99f43d63d1c86623,5524,2
05ba7618b9929c28,5525,0
74c37451c96bb15f,5526,3
ce7e8add3daa8b0e,5527,0
f543602a2f37ddd0,5528,3
f98663777035cd9a,5529,3
27dd9c53a12db569,5530,3
2438eb45d60dd3f0,5531,3
102f8fa49d36208e,5532,3
d521e1f0ec1413d3,5533,0
94598658685b3b92,5534,0
fd03fbdb9bd17529,5535,1
c7440525d3ef9346,5536,4
3893bf96829ef2c5,5537,0
85d36f87e3b8b802,5538,1
f14b0d4565ce319d,5539,3
b5d97a3bc9e75312,5540,4
d672f2725bb23812,5541,2
48dc2e76e9dd1d6e,5542,3
225a4a315ee7e27b,5543,3
dbf1b59b108f9340,5544,0
360832f5fe0b422f,5545,1
d471b9d32d11c3ad,5546,3
1b73a49a26b63ae5,5547,1
98c54aa7729e98b9,5548,0
91c3a23cf43aa864,5549,3
91dde5d0debfa442,5550,4
6cb503b2c0c66320,5551,1
434dbe5ab5ff11cb,5552,4
63d0ea06db99d585,5553,3
c86361c22ce0b885,5554,1
c006e2fc502e23d0,5555,2
e32f9351fa0254d9,5556,1
78917bdf3f10ec05,5557,1
be7ce0071eed0ae7,5558,0
92e8cb7a37399e6e,5559,3
80dc1df73ea64942,5560,4
8dd39fabd6c15e25,5561,0
093d6070600dc9ea,5562,0
a83a986d78ba5e0c,5563,3
43cdb0cdb5b2b9e1,5564,0
99d729af3f9a5d0a,5565,3
6b81577370484032,5566,1
83504c2379658bb6,5567,3
e6b06761bdea91ad,5568,4
f2e945e995ad2924,5569,1
401e5690a50ce46d,5570,2
db8c8b50f4d228bb,5571,3
69be5e91e31aee07,5572,3
4724c035399598fa,5573,4
371320056d627523,5574,2
bb05aaadf34218e2,5575,0
ff7fdd393b25db9b,5576,3
588dac06e34c69a9,5577,2
b6dc5b731dcd27d5,5578,2
a9c21e8b22e61597,5579,3
47446eca75f6f8ce,5580,3
4d052f0fc257db67,5581,0
63c68b5d4cb45745,5582,1
b3ff3eca913aca43,5583,2
dac87688d6350ae6,5584,3
dfc9e2c852c9d596,5585,2
028a743ff357481a,5586,2
7e96e9d7f9f9b0e3,5587,0
a102fd804b174d66,5588,1
19a3bf091ceda195,5589,0
dbee4789dbff48f9,5590,4
0d6bee8666f64c62,5591,3
3e9c0994dfcf736f,5592,2
b4670c9cfec1bbea,5593,4
ff4f7ad4dd501226,5594,3
0cf5dc3838b2e6a6,5595,2
aa42156bc5b97acf,5596,4
540f6633ad0deea5,5597,1
2d14020ff7f52b65,5598,2
0fcb5bee43b3f643,5599,0
0d12466306d6e946,5600,1
c1b6bbd5af58b62a,5601,3
474a8a7e6e5f45e7,5602,3
27b54aaee2b95124,5603,2
dd449e2aea2e466d,5604,3
0ba7051f3621eb70,5605,2
5b60cf2ae2d6c64a,5606,2
59e08b9e7387cedd,5607,2
03a5ec5ad3d657b5,5608,4
0df08e014229aed2,5609,0
ff36f11c6cca4d2d,5610,3
35d84e1584010b9b,5611,2
5e31e4c0f4f01323,5612,1
634926d2bd0f989f,5613,3
9624d2971d010964,5614,1
ba5ddac765b241f0,5615,1
919f068fb55a8aee,5616,4
519ca492eae59164,5617,4
048db72f48134a8f,5618,2
65a0c0e26930cc58,5619,0
6bdb91c9efac4208,5620,1
cdde0ca8d5f89e7e,5621,2
07bc4f921e2a7e60,5622,0
728bec76a41576ec,5623,4
a25d4d68cdc62bec,5624,2
9d44f603070623b3,5625,0
5b6eff494064c944,5626,2
39eba7be4e99ef6f,5627,1
7061a8ae302df3da,5628,3
db9b548b3f471131,5629,0
f07b059662e06c72,5630,1
3bdef7d5b6662cc3,5631,1
12a6e554500299e4,5632,3
749da46a8ffd1400,5633,1
0c9fc96ca472cb5c,5634,1
d7775a98fbd01c7f,5635,1
7b6cad73d57a6e41,5636,0
ed40d1b5275af98a,5637,3
30bf07077aa814f6,5638,4
ce83f900f11109e4,5639,3
65d29cf4e7b7f77d,5640,0
99dec1ae5e3512c3,5641,3
0c48bc01111d63a3,5642,3
772d7c4edbe1d768,5643,1
3eb2c7e831c27120,5644,4
e7d2e8f38892cd69,5645,3
8497c81895074b70,5646,4
b7a9258700ce8c41,5647,1
80c7f933bd80da81,5648,4
6c785ed1fb17279b,5649,3
a29fe89d435e3e5d,5650,4
27f67693f1950c31,5651,0
3dcdf5324266769b,5652,3
59e6c760e1f67678,5653,0
6c166194e5978e27,5654,0
db4bf7be8ee558ff,5655,3
43098b3c58854e52,5656,2
9e4035fe9e478140,5657,4
faa328258ade9f05,5658,3
e53fe728959422d7,5659,0
72e18cfc54f4ffee,5660,1
c736e58c4617379d,5661,1
650c4a16cd69a2a5,5662,1
a1871a15671b6834,5663,2
05d26630e7eae8b2,5664,2
8e333228ddcedb98,5665,0
b6fa67c4b41828e4,5666,1
3fa084a2053f47dc,5667,1
2b841561b1843b0c,5668,1
d2b488a348b77e0a,5669,0
c5d5e0feaed62497,5670,3
3c2bee94aaed272c,5671,2
38ff706683278085,5672,3
7092753de2a72604,5673,0
ee781d35e7a9051f,5674,0
e2a5818debd82543,5675,3
e248b80a25deabf5,5676,1
35ea279e68db9655,5677,3
790eefe8f5809b80,5678,3
b76d00bc1ad7dc6f,5679,4
535136d6201d63d6,5680,1
4124c0ca79c483d1,5681,0
9762f9ff6beb1416,5682,2
1169c18f3b2abbdf,5683,3
63f09b2043d43287,5684,2
72ab2132615a67cd,5685,1
198e1597d01d46ff,5686,3
b2e74a9175cf9bce,5687,1
8048299c080aa057,5688,0
7390f065245513f2,5689,3
ec748c5282f3d42b,5690,1
ea6178e683b4546a,5691,3
6968a1b8b7576488,5692,4
d9f0ae2e48e0135b,5693,0
6eaefaeac07f97fd,5694,3
733a260915ffd9a2,5695,4
9257967cc625d958,5696,0
e3c2cf1518e58f43,5697,3
ee2f3a7e9a6c9866,5698,4
fc6614fce5326877,5699,1
438c3bb59f94457f,5700,2
f98a52fa3f7640e2,5701,3
6df55cd6dc025797,5702,0
0c5fd8d2c2219d7d,5703,0
eaf8bc8c482e7530,5704,3
3af6f5c0ecbcea6d,5705,2
d1263ca023c34ce6,5706,4
fe52b14d5c9b6020,5707,3
bec34f03bdcae8b0,5708,3
599d933a420da5d3,5709,4
0f24b6946e1a14c7,5710,2
77135ac64c634910,5711,4
197d6bcbbf2da52f,5712,3
9f9610da3438cca2,5713,0
f20ef393b162ca21,5714,1
80581beb2efcb396,5715,0
7df672813c7f7001,5716,1
4bbf60d9b3268e30,5717,4
92a186d68549eb0e,5718,2
2f14a2c1ab1c66a1,5719,1
b2512d0ca1f35d32,5720,2
5cda530db83d782f,5721,4
46c375d740a58686,5722,2
3c1d7ed92112cbcb,5723,4
5c087dfe9f60c71d,5724,0
f9ef97f13d7b87dc,5725,2
6c35dd19fd4efb69,5726,1
0ca8f467df920a59,5727,0
55e990aa5569c956,5728,1
2927bbdaaafef009,5729,2
8f27c0af3efc9cc5,5730,2
bfbc764846b46081,5731,2
e3e6eb1101e6bcb1,5732,1
f5d1d6a51e25cfdb,5733,0
8f11c859791ad51c,5734,1
7832ba2c7d666674,5735,2
637404d70f1ea545,5736,4
01b5bc8cf794e8d8,5737,3
befa7f3f0691e903,5738,1
740cc47174a5fcbe,5739,1
5c3600d8b65a0dc7,5740,1
4c5edf4baed3223e,5741,0
11770df95ab672df,5742,1
d2779325db3fe70c,5743,1
ffb80c43d945d00b,5744,1
69cd5d8d20b62dbb,5745,2
06f5bab7be5fdf93,5746,1
fd7bd6a3de93c3e1,5747,3
bb39e0f47676ff39,5748,3
c40e85e4b6fdfae1,5749,1
f17470923553da11,5750,0
2774f44166036a2c,5751,0
a7385a4cd4b707ec,5752,2
8387d7fb885ea37c,5753,0
c54b2d708a5ac8fa,5754,3
ca02bd02e8b03103,5755,4
fa3cf76413285a97,5756,3
0b5d666adad45909,5757,4
c4a2ff202999970d,5758,1
b1ac78e7c2979a77,5759,4
751c9a6bb2d43666,5760,4
3b2df44f19d466c7,5761,3
292a306703afb7ba,5762,2
452972bff419e11b,5763,4
fe76bde296c75495,5764,3
b7b803fb7f7f2fdf,5765,0
10e54b1659fd9b40,5766,1
b79928c81c551dae,5767,2
bd552fe8a8c3e6f7,5768,4
8ba802f5fe1bb872,5769,0
176aff2a093de8d5,5770,2
d8e0177d25849c89,5771,4
2cb507367e5540c2,5772,3
56fa548af9a6058c,5773,3
40bf44c5b2df0af2,5774,1
e77c4410ed50eb3c,5775,3
a3e563cc8166f0c7,5776,1
b4b3f2fe47d1e6d9,5777,0
f72094b7530a0b1f,5778,2
0fb7150769ae478c,5779,4
89badf54c69bd2f4,5780,3
2e604b54bbfd0fb3,5781,1
37574503ba72610d,5782,2
461ce3b61a929bda,5783,4
78bd7aa305246fda,5784,0
bbe0025a15c35132,5785,3
9d9c8389db23abca,5786,3
6f90fd770fa8f05a,5787,3
ff708a913ce17659,5788,2
856c50db0f53d0fb,5789,0
e445483e1c928e7c,5790,0
9bb4bceef227a331,5791,3
e31cda718550f547,5792,1
438667b168bba61e,5793,3
83b1d69cae222ab3,5794,2
22d24de3c15a2037,5795,3
312f5da5733c22e8,5796,1
52bb452bd828106a,5797,2
02993192502da741,5798,0
52e3c19a9187533b,5799,3
3acf8842efa5c138,5800,3
11462f8fe7aa047a,5801,1
e63d9e9b36ac824b,5802,0
07f3111a800c7d74,5803,1
4b34f38c4f0b656c,5804,1
2d3742d2973dc2b3,5805,4
3414a0ff3643c4d4,5806,0
cd500df2d5beb141,5807,0
8e0a79b222d80aa8,5808,3
c5fa04d2fdc2160d,5809,3
85ba09e46e02717b,5810,3
f95c865daa8fa594,5811,4
91b090feabd27197,5812,2
778efafa6d2e262e,5813,4
9277fc8d46d423a6,5814,0
662ff7a0b12a27fb,5815,0
0c40fd7b428f2d33,5816,2
0d60bb6d7d0056ad,5817,4
2e546f3e424a92dd,5818,2
805bc5aeb68c4f5c,5819,3
e734a7cadc5a85d7,5820,4
2143c63499df866d,5821,1
970e280f72cfedad,5822,1
fb443129d823cb11,5823,1
1ede2b11a00f94da,5824,0
f41be439e110295f,5825,1
724bb8335442d4c8,5826,3
bc42ed22e7e11e0b,5827,2
c5b32fc0853433f9,5828,3
8e10160d67684f77,5829,4
1a6e8992650c09dc,5830,1
8a5e75e8e8d3f240,5831,3
6f5f6c5c23dfc172,5832,0
3253fd33f3ecb420,5833,2
1aaf004c5bca2e24,5834,4
b8cbd4b53080b65e,5835,4
138bf6a064d0f34b,5836,4
bab2aec0d55d920f,5837,3
d4d99c497a7e3779,5838,2
e01987d8beeca92f,5839,2
e11631e81dea52e5,5840,2
445ee6c6c988a4cb,5841,0
4c4d36328647a4fe,5842,3
7da63d4694c3666c,5843,1
2a7d00be121f7e71,5844,4
8b90d8cc6b1be4b5,5845,2
8add056d85a8db81,5846,3
8399c7f9a6895f2d,5847,0
01ee7a0ae5e4d6cc,5848,3
3a1a2e733104c025,5849,2
5497d49eaa9c220c,5850,4
bd0bd3cda561d24d,5851,3
599b00f9486361df,5852,2
ede6b66d65811337,5853,2
b5ec89c58b7bba21,5854,1
5f6cfa320f6913d5,5855,0
33e6173f21f318bb,5856,2
b4fc37d32e5eb775,5857,3
81e285441e1d5e5a,5858,1
eea7da64486ef735,5859,4
b78354b5c8898cc0,5860,2
30afb225405bfef1,5861,1
911f1e2b6ec3723b,5862,4
ac36f01f095beafa,5863,3
40430b062810f77d,5864,2
3ddaf94693c8ef23,5865,0
a63bc2398bab5216,5866,1
290189179b134fd0,5867,4
2f96a2c3983167e9,5868,2
df9885bff3353771,5869,0
94e9aded98258ce8,5870,4
3aa0324eaf1ffd6d,5871,3
a992fdeb257fbc1b,5872,0
dc917dcbb753cffc,5873,4
c69dec836afce6c6,5874,0
9580d45f088e6be7,5875,2
bd554d05d8350080,5876,1
17fb2deda8cdd555,5877,3
5d3dec86ba2b7dad,5878,3
ded29ca568e1cbc8,5879,3
d4dee2cf6618595c,5880,0
c76ad51a22e5d2df,5881,1
ff4552e99bdbf2e6,5882,1
6697cca8824b6a23,5883,2
85306ef5e39942ea,5884,3
31e275b28822f72b,5885,3
cafb192c57d14014,5886,1
6afe44a368277cab,5887,3
dac40b74f4cd1833,5888,4
5959aa0357d2e162,5889,1
4dc43a6403ea924d,5890,4
71fdc8ce9308aae1,5891,2
19b0e61822d6b309,5892,0
a692f030fc4927d7,5893,1
77bd3692e5947d13,5894,0
d60cf7c9fae42ec5,5895,0
0e60a662d700873c,5896,0
b884d8f822d9781a,5897,2
72e73efff542c97b,5898,1
7279ce5c60a5767e,5899,1
f6a17ec20a0df20d,5900,2
d04c6790c0714ed4,5901,3
5e052e73bebd6c2d,5902,4
d431560cd2775fb9,5903,1
a3b3a890c52b225b,5904,2
4b306559750aa406,5905,1
cb5cc840c41fac80,5906,2
42af96a5abbec82d,5907,0
8011939adefa22b8,5908,4
094925c16d8500f1,5909,1
7aeeb20d9c5690cd,5910,4
11a543dc8ec077d0,5911,2
0e7a27ee34a09777,5912,2
ea54728ca8decfff,5913,1
c3c4559d917d7ed9,5914,1
2e81fee5924d4f43,5915,4
c8840273c0c5b940,5916,0
249107d54c7ba832,5917,3
149bc6383b647cb5,5918,2
9db443a2c3773de2,5919,4
d47b53ffabfd4e69,5920,1
c2db83c1103a31e0,5921,4
dfbb5f22c0458b18,5922,2
e9a7d91d39064a1b,5923,1
5d89a8d24b3407a9,5924,2
eabf9aa12784a8cb,5925,0
055973ef6134222a,5926,4
eabae7723889a243,5927,3
d57b0825bf51433c,5928,3
b69cd6146ae2bbb4,5929,1
0b107c117816bbbe,5930,2
973a3b13f0773397,5931,1
23513d6331920a3b,5932,2
a9391d259db9ee34,5933,4
2072fe0b6f4a65d8,5934,0
844966f11e9e2a06,5935,3
fb3308c4a9dc512d,5936,2
d86932fab3be3c3a,5937,0
77f70c8b4e5cdd55,5938,2
dabbe3e8bda986c4,5939,4
b91586081b5001fa,5940,2
801c077a147bd442,5941,2
c171a2b4328fc2e2,5942,2
68650b02d1ef5aca,5943,0
33fda70f7359caef,5944,1
8adc989ae23f5143,5945,3
6d371cd7e03f366d,5946,4
65f5030a3a540d8c,5947,4
888cd48a5f1a981a,5948,4
d5f7bdb300761cdf,5949,2
5e3f8e2e91419231,5950,3
77ab326e2956e98e,5951,1
bbf224e15bdf2345,5952,4
107595abb7a46d01,5953,3
97f6e9a02692b070,5954,0
7c249cfae1d34916,5955,2
7dda436ed68ff165,5956,1
ad2312b818c2c673,5957,0
9ff34db54f6d288d,5958,1
fc3c54aa358412e4,5959,4
b7d1644092f62f9c,5960,1
9ef49d28bf9db232,5961,3
2cd5c600ae83442e,5962,2
d5b81b17556ac779,5963,2
deb722e079127c09,5964,4
c306a5b2d2bcf87d,5965,4
8fa6c3b5fa32f449,5966,2
0a1dd3f936cf1f0b,5967,1
746511c5ffe14ec5,5968,3
587bcfd08bc0ac0c,5969,0
61bf5fcc6fa3946b,5970,1
2b2d562283f7261b,5971,3
4af086b044e62f22,5972,0
a3108114a206f607,5973,1
b34bf33639701a36,5974,0
f3cd01499efa401e,5975,0
b81a0645277f47b5,5976,2
272f23a2846c0f0c,5977,1
2bdbc9038940c732,5978,1
d6aa5fdc24effd7a,5979,0
cf246073701db079,5980,4
4785c422c6508551,5981,2
4382f96f12cde0a0,5982,3
99b2a7cba0134cd2,5983,0
b0466342bb378d4b,5984,4
721f5a1af2904f3b,5985,4
1ddc49813a4ab695,5986,4
4074979bd85eebac,5987,1
df7dfa9de33e6c2a,5988,1
2ab3e7207b8ea309,5989,3
9e83b357edc0eb22,5990,2
99150bd658cc814a,5991,1
fd90a6979679f129,5992,3
2349a5ff1af2f063,5993,1
f814a6794a32435f,5994,4
29730808ae169af0,5995,2
10ebf68fdf50fbf6,5996,3
734eb8c1f0eea9b5,5997,2
b3d4ce26aab74809,5998,2
82a41aeface8d8f2,5999,2
7197f9bcfad6d2f1,6000,3
a26b1bbb2b90bb91,6001,3
830ccaa601101e4e,6002,0
135b30ef64030339,6003,0
45c0087911b85b44,6004,2
ee67770537510312,6005,4
b64df02def09c21e,6006,1
311184c148723539,6007,3
9302dff11d6af667,6008,1
8373a9a5683da506,6009,3
8a4ef1408500f1df,6010,0
dc62e9c8ec486d4b,6011,3
245e23042f72a89a,6012,3
8d16a65e817dbcd9,6013,0
e4002f7cd7cd4611,6014,3
5da6884a1b5268db,6015,2
dcb7d450c060e9c2,6016,1
6cc04e25efc454e3,6017,0
f47cc769eb920a92,6018,4
81edf0647c7f3fe5,6019,1
9b67a50b34bde624,6020,4
9a3a7f077782e0eb,6021,0
c4813aa258e42ef5,6022,4
66778080142d13ff,6023,0
9c61b7bab2571deb,6024,3
8722d92ccb3c86ec,6025,1
df6b5825a363d469,6026,2
855d394df31777a5,6027,1
253db8e8b074f8b5,6028,3
afb31c35e3fb032b,6029,0
13852dba40e572b5,6030,3
f5656dc16f10f97f,6031,3
c90d592c8023288f,6032,3
86515ae9cc2a491c,6033,1
6f1b62176ad5d993,6034,4
c761857b6b0aa2bc,6035,4
299f1b8fe317295e,6036,0
9cbd09be82f66c89,6037,2
28de5698f00dd3e9,6038,4
509f6cc278a5ceab,6039,1
f65c43cf00f10c57,6040,4
6e5606ae19a62ba4,6041,1
da269b9dd95972e3,6042,1
de8a3de3fb17cc54,6043,4
b90a3f7d2bfd5de8,6044,4
502b608c74b904a9,6045,3
faba5a9c89f5b076,6046,1
91e8daedd9da6b73,6047,2
a8a693813d6ffb8b,6048,1
83955735f1d675ef,6049,4
e6197aa856bb929c,6050,0
5a08d47789a0a61f,6051,1
7536a458c4a45d25,6052,4
e5da45170ee30947,6053,2
0e58580615d9bc2a,6054,4
772ada54ab946248,6055,3
3e2b5d84f8644141,6056,4
3011499d3b911e57,6057,2
3dd76ad323fd5edb,6058,0
588e494c903bf1f0,6059,2
f16dd76b77a6df90,6060,4
c22f0e5ecf4010bd,6061,0
3eda222bdd9de601,6062,3
d67c62700d1ab1a0,6063,2
3a527f789964cce9,6064,4
c96436549a59edc7,6065,4
106bb75e0ce6e628,6066,2
0807501c10763fa5,6067,3
6f94280d248fd6bd,6068,4
d0d9158ff75c326e,6069,3
d4f0115a712a81d9,6070,0
7a0c22e2376c7259,6071,2
61830f22212f6841,6072,0
15139cbff028485d,6073,3
cd61bce003633c42,6074,2
6cd09f8add21fb67,6075,4
d6c28dc4d37f723d,6076,1
0a266f0ffa260f9e,6077,2
4496a9318bdb69ed,6078,2
c31d6460afc48073,6079,4
83febffd0b42a530,6080,0
00dfbf75ca2227a0,6081,0
551049083e0e80d9,6082,1
dd8dc8598ba239cb,6083,0
122ab621490ed21b,6084,0
8fd288208c7c9397,6085,2
462c31163ac81b17,6086,4
531e21e382611684,6087,2
291b4201a84daa27,6088,1
ff1a92434753bfdb,6089,1
c8dbf79c102a5243,6090,3
8dea09b4f3356de9,6091,2
b9884a4a27439ac5,6092,3
927363e21c0242bc,6093,0
afa1c35133a6704e,6094,0
1c90fe229c41f0a2,6095,3
9ef17a3ddd131a43,6096,3
1e72a7db7b066ea7,6097,2
ec20fae04c3541df,6098,2
1c99eeabf4abff38,6099,1
95891e022c970595,6100,2
5d8ddc221303367d,6101,4
cd22c1b4c6693261,6102,3
7503e56a970b00e7,6103,2
238b865770a54d0d,6104,1
a532d8e2071f7d3b,6105,3
504f089cb7645300,6106,3
f9fe7587bd7e3387,6107,4
d1559db8279085b0,6108,4
1a02824cb208f520,6109,4
6a6ab0e758a21b89,6110,1
49d46f5dabd0586d,6111,2
81600831df64af5f,6112,2
ee42724ebb52cedb,6113,3
12f39680228cc02d,6114,0
a73f69fa7c01ea18,6115,2
61e0c318337fc7af,6116,0
f3efddc3f38cb8a0,6117,1
321e7520aaf207e0,6118,3
eb9faf6f922c41af,6119,2
6994238958a5ba43,6120,2
78a9d10b9c6c89cf,6121,1
e48dcef8b845f243,6122,0
e56b132642bafbda,6123,0
f451148b13b864ba,6124,2
f92c10353bdc5a0d,6125,3
846a0861219b359c,6126,3
ff92b5a81ea257d6,6127,3
0fc4fa9f21f42dbb,6128,2
76a448a8326d0613,6129,3
c9bfa32625409708,6130,4
899934234b91b1e8,6131,0
b72300e6083c7fea,6132,3
4f4ac6971811e1ae,6133,1
affeaaa1380debd5,6134,1
4f3e907fb0c88f54,6135,0
08f219990ecab589,6136,1
869a5a0d0abfa41a,6137,1
8223d30430398ed6,6138,2
9fb3eb3817d3928e,6139,1
2568229ba704aaa2,6140,2
dd364a47603700b2,6141,2
af313fa15e07d077,6142,3
dbf2d18588bab8ea,6143,0
4b5d074efcfc97db,6144,1
78f227d612da32a9,6145,3
a66f0a06f217851f,6146,1
1978d21b015e96d8,6147,0
93ca18c61d0a2456,6148,1
0c896e2a41708116,6149,1
5ed387f0972080c0,6150,0
cf7130ebc91911ca,6151,2
6b94b1b67c07111f,6152,0
74d1265a8c7004f5,6153,1
2d0bae9037826084,6154,2
65eb378e413c74ba,6155,1
a64ff408d127bca3,6156,0
ae105fae9a80d0d6,6157,2
5758d1303a7f127e,6158,4
05b9176781394a60,6159,1
6dbccf2ff00a1efe,6160,0
75610c02d42b0921,6161,0
cf84971212e6a8b7,6162,0
e2798935102677f2,6163,1
cdfb3a7f68aa701c,6164,4
6d5d00f81621cb5d,6165,4
6426fc5afe779103,6166,3
cf4e20890b9c51ce,6167,0
51949532db07b981,6168,2
b776216a3d640989,6169,1
9dc0bb2c53683b2b,6170,3
3e6cfc60e8d780ff,6171,4
415857774c290dbf,6172,0
233dc4af33384807,6173,2
0191461bbc2832d1,6174,3
54c286c8e544e006,6175,4
4a1c22201d3168f9,6176,4
cc1b74767d214fc2,6177,2
45fdf842b3be966f,6178,2
85d5ae5ad1cf0bec,6179,3
c6ada7b699729630,6180,1
c8a4b12b28e6f983,6181,4
b7fa51823aea952d,6182,2
4f4e8e22b4dd6007,6183,2
aa113f2548ecf2bd,6184,3
3c43aa24df6c8811,6185,1
030f42617c5903e4,6186,3
a635efd1ed5ac0d9,6187,1
6eb8e90ce25feffd,6188,3
81afc9df5cd43b94,6189,1
6f5f5969be431abf,6190,4
ca10aa50388ddd2f,6191,4
aa474ec77898a14b,6192,4
499bf430b1a42a11,6193,4
25bfdff9566cda92,6194,0
0b944356b32d6b3b,6195,4
0e9fecb4e9c9dc23,6196,2
f2f355939454ac4c,6197,4
7af6166043454937,6198,3
e4c12c47c7d17e90,6199,0
e95e7d11b1072f12,6200,2
8f3aef1b23fd0263,6201,3
219fa6ad6961a3bb,6202,2
c7180e28472ea3e2,6203,3
5ef919162170de39,6204,4
f10f7fc52dcf24fb,6205,0
62baac9e57b8dd10,6206,3
0b0ad5c84cd0531c,6207,3
812493eae1fe2324,6208,4
bcea4ab873e0e0f8,6209,3
453500511b014070,6210,1
eac0700c1301ec77,6211,0
bd433f66d3389fdd,6212,3
e5a0ec4d352e8cd2,6213,2
0fd5f545bc191cbf,6214,0
7bbd0774d0f3ba94,6215,3
6e3261d3e1bc2730,6216,0
0253a3c8bc5db3df,6217,1
638c100fa2d93438,6218,4
2ea23c5caf9ea141,6219,2
18872644fea2471e,6220,0
21532f89511d051e,6221,4
eef079bc4d0d4b8c,6222,4
6f5da38d81405c59,6223,1
fbf0d55023647057,6224,2
0352b9387d86af61,6225,1
e7bb758c9c98b699,6226,4
d713476e36af2f30,6227,0
59acdc775f3acb70,6228,3
9326fe21c1b0e181,6229,3
271e087eaf19abe7,6230,4
7f6966e855344a0f,6231,1
6ee4e73ba872bce7,6232,1
3a71442e34faa057,6233,1
1b284ec06ebce985,6234,2
504ab01074e737b7,6235,0
85cf4303915f0d22,6236,4
1b107418ebdd8978,6237,2
e41dc62f573a0047,6238,4
53f11fc8fc4e6bbf,6239,0
7fdb438ec015ca65,6240,3
358a9622c4581879,6241,1
8dd7ea300fd2eb1a,6242,0
1ae5b1fc43e6a784,6243,3
55951c050d77109e,6244,1
980ce8e94c63b003,6245,2
1b826eeb2809bbca,6246,3
d84f912a19a2ad84,6247,4
cf0a3ba547f2c1fc,6248,1
ea62921abaa8a477,6249,4
8caf625a2a0c04d5,6250,2
86b7672970bb710f,6251,4
8dfad09cf9a69d5d,6252,0
df12c92d48401b61,6253,3
c01ccd4a655a2961,6254,2
cca1eb30f83c170c,6255,3
0f94635ccb2634cf,6256,4
bccbbcffa566d44d,6257,4
8b7f2fdc0dbeab04,6258,4
883f7be3a7e33915,6259,1
0beef91833dfd86a,6260,4
7b1dc27238cb3f91,6261,1
467fe010b443c36d,6262,2
88bc8c1b67070ac3,6263,1
74169f3e00519f11,6264,1
110e939fedb00617,6265,4
765cf8c49007fb09,6266,4
ccb2ae3379e6b9b7,6267,4
127b8114e773b6c5,6268,2
19fc88857f9dbf4a,6269,4
c395c43de780b9c5,6270,4
9ba3ab69cd4e7a2b,6271,3
3e13e52e76d245d5,6272,4
b6ed5a92aab00c2a,6273,0
ca95500cf53f3dd9,6274,1
a61cf85ecc131a01,6275,4
d18731e4bf12c76d,6276,3
8192cc1eea5ef2c9,6277,4
e06636c64f8d75ff,6278,1
ec179884e92f1b54,6279,0
e32ee782f820d38c,6280,2
bc8d978c68fdfdb2,6281,3
a86f898a46f1d12f,6282,4
c3b4e819685a3f27,6283,3
78eef26012604adb,6284,4
55ab330dae1a7236,6285,1
684f60e43bf7aac4,6286,4
5f774db8f032e38c,6287,4
f718d78dc6f2fa3c,6288,0
ee5c805aacedbd16,6289,2
63d3c03cb992f737,6290,0
dfad962696b64501,6291,3
d59c92893db3a623,6292,1
149fe4e13a90b8f3,6293,1
6114b952ad7989b5,6294,1
97a91bc2f84026d0,6295,1
655600d73ec4e491,6296,0
12c371446600a704,6297,1
9dc181713f412b45,6298,0
65fdabba0da2f14c,6299,1
c035a62352566dfb,6300,0
90cf66181c769cb2,6301,1
cf28152256fc7b9d,6302,2
07bc3711fe922925,6303,3
36f42539d06e9b51,6304,2
b41b98abc308694f,6305,2
7b880f0b60f578bd,6306,4
b7dcbad2feb67691,6307,4
e113cddffb1ea35a,6308,2
b88b2fade92464f0,6309,4
dca9859ac87d4055,6310,1
b90417fe3e90384a,6311,2
cb5e9c4b52509093,6312,0
836782675b73e3f4,6313,3
377bb1ec3ee95972,6314,0
5144f81b01a20494,6315,1
e1c7d147f0277957,6316,4
89ac14c67a169fc4,6317,1
5ca5033b72dd94dc,6318,0
3061b46a369524e2,6319,3
5545126bb41e6f96,6320,4
17df01a1c3d52cfd,6321,0
d70dd51210ebeff7,6322,3
c54ee43151da60b4,6323,4
f09e09bdfca5fe5c,6324,0
b47216e92885449a,6325,0
3f77ba1cad3f54e7,6326,4
a5903c868e14339d,6327,2
672e70158d31102a,6328,0
75dec54eecad41fd,6329,1
d4503b63f91b376f,6330,4
9e272006ace99bc9,6331,1
bf920a4a2221bfd8,6332,1
35904d02f3250e30,6333,3
71319f22e7ff9cff,6334,4
40cb85861bc09d6d,6335,2
8013a41cb34ea75a,6336,1
410035a54a3983f5,6337,2
7b36923028020353,6338,4
b37c854bf1b58882,6339,0
531b95f61b6cbc83,6340,4
558a3f55f10c5f8e,6341,3
d45d6fb9441e4c2f,6342,0
23438cb160c80d06,6343,2
7e904498e6884c61,6344,4
6d88183e05a9e661,6345,2
10e572c54bbb7ea2,6346,4
5ef109429fb46764,6347,2
b33980f47e79dd0b,6348,1
e97544c093e77f12,6349,4
789bb043f40f2785,6350,3
0e16c0285438fdfd,6351,3
c834128ae8ed6ffb,6352,2
dea9b085aad97aa6,6353,1
569134ab47b06ece,6354,0
3f5216c4ffcd43ee,6355,2
99e80d6a40e4380f,6356,1
d1aab5f77f243b0a,6357,2
f0c47159094ca7e9,6358,4
87f602eb57d835fb,6359,0
a019b5a0239a3421,6360,0
c9a02030f3d6f44d,6361,0
62ae6abb90fcec7d,6362,3
35bffdf82ad24c84,6363,4
9f47765670406e82,6364,4
cef65b62f5aa5787,6365,4
79626228d053871f,6366,4
6d824dfb559e8951,6367,4
f1a1527aee7fc5c6,6368,3
865e17cada5f3c30,6369,1
bc95c4a2e1f212cf,6370,1
efb1ed98ed01e13f,6371,0
0e4fe1f9a2c37a84,6372,2
de7e1a12ba9a663a,6373,4
bf7941a69f7a7c3b,6374,1
5287b8a9847f4aaa,6375,1
31da1bf7f2fdbac9,6376,3
9999eba432eb50eb,6377,4
b0ca3067f893d04d,6378,2
7b8be9d334879b32,6379,4
c1e3944dd6b9537a,6380,2
1d70a8f15ad8e3e7,6381,0
c1e16fdc47c9c11f,6382,2
2bcef2cd6b81262a,6383,1
1b7fd59f448bbbae,6384,4
c2ba23eda8455b2d,6385,1
e718f91c1632b868,6386,0
f042af7856415294,6387,2
25f123e82ce66f82,6388,1
fb0ad13e9df5142d,6389,4
8ba6f8b819c1094f,6390,2
47f7eac729c57772,6391,2
a89bd3c309936c7b,6392,1
dfd32e676e3c650c,6393,0
7d93e1d3c9be50f9,6394,2
b0f6c81c2da4d44c,6395,1
76dc28a62e659956,6396,3
651280539ca63e29,6397,3
c93d10fd77d99641,6398,0
63cf1403721adb03,6399,3
33a3279805d49645,6400,3
056110672684be79,6401,4
6935e20b7e0ba523,6402,0
3fd530e3d7888804,6403,4
cd2bb8c9ebee0631,6404,3
b0340e327360b0ee,6405,4
8c693baf20581251,6406,3
1fea0883afd0789e,6407,0
4e49c2c9fe191ac5,6408,3
88ad84d2205221f6,6409,2
3b8a80e29595621f,6410,3
49e3a970ab730db6,6411,1
292189f58a26db7f,6412,4
e83597719b4b8f5a,6413,4
11d79b6477c318f8,6414,3
545e82c4b8d347d5,6415,1
601c0c78ae941b36,6416,3
b9526348459c694d,6417,0
70b8ab6d4509ee09,6418,1
1bfae562db55e3d3,6419,3
1c790d11d38a35b3,6420,4
6f6a59391f098c9d,6421,1
a339542d94a6220c,6422,4
a241f1d8fdfa7c71,6423,1
7b9216c7b7315775,6424,1
cb955b08305e7933,6425,2
79b7a4b29c948109,6426,1
5300013fd206b824,6427,3
58570c5709e67052,6428,3
1f550c5fd983a717,6429,4
1a94264de4e4bf8c,6430,1
617bb9a21cf58fde,6431,4
db419cac71ae92fd,6432,2
37a6290d5f0a2aac,6433,2
8e6323a1cddc7144,6434,0
ffd4f6ed76b773d5,6435,4
ec9fe608d8787f16,6436,3
e1a8c7feef1228ee,6437,0
65bef7400ef4b06d,6438,2
dd6ae4968484bc59,6439,4
51a76bed9661fa4a,6440,2
89ed9cda2138bb23,6441,1
256100bd4b7c91ae,6442,1
e67bc19634db928f,6443,2
392d2ef6ce295170,6444,4
e9fe0e2fe7d65bb1,6445,2
ec7a1ea3e72ce4b0,6446,2
7211b9fc41307f62,6447,1
2d0eb89c2676b087,6448,3
e99076860388d1e7,6449,1
750a8b18ab45241a,6450,0
347527159bd45e21,6451,3
01eda875a4765285,6452,0
92e0a39ef61d482d,6453,2
7cc4b179b5c0a1b2,6454,3
6e64c9d556b730ff,6455,3
c2b168747eb003d5,6456,0
4a30d775c551ba7e,6457,3
cee7f3f140c7ec8b,6458,1
9de6605b9d10a669,6459,2
1d58491cb6aa0cc4,6460,4
b52177e5a6b22f98,6461,4
54d40ba9bbb7d9ab,6462,4
8f11f716ae93264f,6463,3
efaed44ebf543ead,6464,1
04eb6a39147624a1,6465,0
d3bbbaf449d4c418,6466,2
f5f57161dfedbcdd,6467,4
c33e70f6fe1b8f42,6468,0
c551780f7320c95d,6469,0
04c45d7153d2bdcb,6470,2
b438d235e3be3440,6471,4
7ae61a7bd3bbe3a9,6472,0
a1dcd8c28c8e9eff,6473,1
637c85a2f03779f5,6474,3
ff86008c40d4448c,6475,1
a36c3ece01408c7a,6476,2
a9762decfdb09c3b,6477,1
d9c6c42d6cd6d71b,6478,3
8480c49e016741bf,6479,4
351f7875e40e663f,6480,4
04a78d91f9459c25,6481,3
5d0eb88661b65dc4,6482,3
9836e32d52f4e277,6483,0
182632764f776d91,6484,0
a4764d603e9322e1,6485,0
a0c022729c33d196,6486,2
e53b026621606e42,6487,3
506d2a60a90be593,6488,2
e6400a4223016258,6489,1
d14153910d89cc62,6490,0
3a1b3287ac6a4f8c,6491,2
5e07cf2864c05507,6492,4
9bb5aadc4fef6b21,6493,0
4c5b4a99645e44ab,6494,3
09f83fcdfc487862,6495,2
d31b5d24240fadab,6496,2
b6c750e4a2c2fd99,6497,2
acddf9476b7e6dab,6498,0
3334b4437f09ae22,6499,4
e750dca042fefd63,6500,3
f9fd9c2e33d9bf61,6501,3
215704effb979691,6502,2
b9129be3abae4978,6503,0
3f38aab40cfd1b9e,6504,2
26ba21511b6d23a2,6505,0
e43ab5bb28255fac,6506,2
ec2f24a1135019ed,6507,2
4e7bc3064cc45894,6508,1
51e93fc260ddbd89,6509,4
241478d1a8768854,6510,4
99bfeb4d7bf0e18c,6511,3
619058cb7c5924e2,6512,3
a6e9952327bc3afa,6513,2
28bdc69e8bd940a8,6514,0
b8cb7ff4f317b44b,6515,1
40b763020ed7a654,6516,1
47ec63a3338d7921,6517,3
d5c1c424e37eb4a9,6518,0
d4003a7f4293b8f1,6519,4
da743c09ebeb1c67,6520,0
6bf1d8073224376a,6521,1
e053300d71f50ee5,6522,4
7bceb99880c8efd5,6523,4
7fb5a15a34a8275d,6524,1
b211fdcc97a78f25,6525,2
de8bb3966538b379,6526,3
aa9b971b0b805a09,6527,3
9260c5a5476b1ac3,6528,4
9d87c29a9f2ff549,6529,3
4d18f98771a359b0,6530,1
ac1a49334dfab22c,6531,0
fc92bb9644b9048d,6532,0
be5721ed61096a4a,6533,0
2986ad1b25b8b522,6534,0
b56a6be1f9a099c2,6535,0
f5e5883768f092ff,6536,1
c76cb4a46dbc8312,6537,2
78dd0d5a57fe717e,6538,1
84c7468e3527862c,6539,1
0b9d7c67c39a1f38,6540,0
28eddad2f2933063,6541,2
81c8b2bc9fd1e829,6542,0
8c95ddad7f1a85d5,6543,4
afaa3798dc9f2ee3,6544,4
695291a7ec02e607,6545,4
85586f6c3f4f03fc,6546,3
994aff8b399a36c5,6547,0
3a03cc3d949a7380,6548,4
ce8be0672a6f5cc4,6549,4
903100682989b3f1,6550,4
add509578d6c3d98,6551,1
010895359a58f399,6552,2
cd931d4ae789b7d0,6553,0
50ac48db118819f6,6554,4
1891bc30e744358d,6555,2
bc90f21365adf3f3,6556,1
b51018a38395075e,6557,4
689bd0fe0e84b12a,6558,2
a1a67a95e6061808,6559,3
3d7fe1eeab0d36c6,6560,1
a24ca78d249daa10,6561,0
b51845a98bb9e0c7,6562,4
ae9ea4f38030a1fe,6563,0
74591a3a8bbe405c,6564,0
f8f1a1eb0e9a8130,6565,1
297e45da17a3a556,6566,0
f3e422a4fe16bbc0,6567,1
ea9fc47e77ebe6b5,6568,4
4a6832be07ff0402,6569,4
99dac1a7399109d7,6570,2
6d8d45e2542aaa6c,6571,4
d63f2c08cc8c7993,6572,1
555dac947f4fcde3,6573,0
8d91e436d40b4d8d,6574,4
8b122e35e60ff65b,6575,4
1342bdf8a29b482c,6576,0
aea5bc1bbb863ae3,6577,0
87b77a257409e64f,6578,2
43c28a2f31777ecc,6579,1
854130f312fad549,6580,0
036815d78fe85240,6581,1
d1522d5433833f07,6582,4
3d3ebbbcb676b956,6583,4
90ac0281b1a9840d,6584,1
48df765cbe1a79b3,6585,1
e7c7fb30bd7bb432,6586,4
d8576336f4b47b96,6587,2
6a16d13270462bf7,6588,3
7685f6528954f9fb,6589,0
56e4fb6ef6045435,6590,0
91f7b1d4904f4953,6591,1
d263ef18fe250443,6592,0
9f12f145d92f1e96,6593,0
92710c7dde604d36,6594,4
a04b4b7a77b043eb,6595,4
aa34067e16aabed2,6596,2
282d1eec02d656e9,6597,0
7ac2e247a0d09033,6598,2
b34ce5ff0c2c9d0d,6599,4
e3715c15fa13f372,6600,0
631a2172a986a1a2,6601,4
f2e4ff8895f75a38,6602,2
0d6dc980ef4c99d2,6603,3
d6fbd9dea0977070,6604,3
0e5dc1af3e3e8a36,6605,0
f80e22d68341d03b,6606,3
a57c0fb9cf1ba5fb,6607,2
a73530d4a7e2ee84,6608,2
fe2220f4ed7bacc5,6609,2
6e371d12baa8de3b,6610,4
f04d00d7d005a810,6611,3
2fdf77de8063b935,6612,4
e742064b49b576ab,6613,0
d3367f9d795ec273,6614,4
67ce096a69c5ed8d,6615,0
e79a5e3ae6ad0dcd,6616,4
ef22f97921fceea2,6617,2
cd6dba6fcf16478d,6618,0
6c8fb4af55ce838d,6619,2
e8c18d1319c7228c,6620,3
8148fabfc6d0a81e,6621,3
a708d2798784125d,6622,3
5894aad1a632ddc3,6623,1
ed8142d250ca259c,6624,2
d2935d3a4ca0df87,6625,0
31cd6f321a12ce1b,6626,3
b8430acc36e91731,6627,2
c7c887627dd0f445,6628,3
f59452541c6bf147,6629,1
e648a0d70a6b5a96,6630,2
830e77f2853d09d5,6631,0
4f49d57af0dfde94,6632,4
9b43db364186bafa,6633,3
c5f83f16013e04cb,6634,3
372254a754141e2f,6635,3
62b132570adabe09,6636,2
d0d33faff58b5a0a,6637,2
2ebc9ffeabd2a165,6638,0
afb0a288253b50f2,6639,0
b9634e5f3c73a102,6640,0
a8522d7bfd92b7d7,6641,3
4e945e3dbb401ce5,6642,4
e4022d4ecd64461b,6643,4
c5a890b96e034cc6,6644,1
7f8d9211827f0452,6645,2
46a756f48c664246,6646,1
69c2d753569f6bf0,6647,3
142e818a7182e5e9,6648,3
ec355d2391fff414,6649,0
ad991976b76906bc,6650,1
05b77f853ee939e2,6651,4
76ede22d32f3170e,6652,1
837027bd15527533,6653,4
f37dcebc6d981385,6654,0
a80c61020857ac54,6655,3
d448e0d3f8a497fd,6656,3
1c14d5d0e00fdaab,6657,2
1f04eddb601b7f0a,6658,0
e971ab92d94713a0,6659,3
73f4cf2fb881d9e0,6660,1
26278b46a94b1461,6661,1
4466173b1bd20aaa,6662,3
aef84f63d9f99cb0,6663,3
659f9094e4320e52,6664,0
8431e4a3a7f1e0b8,6665,3
8402a28a74a20004,6666,2
673f7f15b66e14da,6667,0
73032bedd0995bb4,6668,2
ec411dafadb80b42,6669,3
e2b601ad9f7c3ae7,6670,4
cfa60b42b6cbb934,6671,0
8b749781844c177c,6672,3
c4304ebf029f7c89,6673,4
61f94a5da8530611,6674,0
33f2997b3629ebfa,6675,0
904951d76db314ef,6676,4
2ccee4bf9d490ed5,6677,1
e76ca9fec4b01488,6678,1
fb2040096b52a981,6679,2
8e07f0f60baf687b,6680,2
a49fbab33c89b764,6681,0
831f81600f992e49,6682,2
e15446a27d3a507a,6683,0
c9f2e0b26aceb33a,6684,0
2b9cec375ecf01cc,6685,4
c28fc3401fa55711,6686,3
9d68d316ebff1445,6687,0
acd61a09eead28a8,6688,2
90976961ffc30853,6689,4
e0f7d0719633bbb8,6690,3
f89a4a610fcde103,6691,4
4b67bfcc75c7231e,6692,2
ec5c41acd009abc7,6693,1
c8ea4d8d7165969e,6694,0
3a84a0d7e47de190,6695,2
1618bfba3d9be25c,6696,3
38a5f632478a33cf,6697,2
74c01eea686ca43c,6698,4
d2576e22cc9e632e,6699,2
77c68fc73e0ef8e3,6700,3
62d67e7eae8d3c61,6701,4
ee71e67b793499dd,6702,2
f53abdb7115bb5e8,6703,2
c47c3d11991ccd04,6704,2
a00dd05c70da3200,6705,3
e999748ba15a2c89,6706,3
3af9939d739ecf1d,6707,0
f7136770e3d93091,6708,4
9b584e60ac031f1d,6709,1
ee3ad1e884bfeca3,6710,3
03cbd0aca70ada73,6711,4
dbf6d9a83e06615f,6712,1
381c7bfb421d11a3,6713,1
561b52b0375cf69e,6714,0
7479763425adb86c,6715,0
ef8e146d5b2a59af,6716,3
ce585687ef120b6d,6717,0
8562f76b74c7b163,6718,0
2b90a6e3670e0105,6719,3
c923b89cb387daa9,6720,2
3c3934845bf47f27,6721,4
ee1ada65b7c3d8aa,6722,2
15af1fe6edf835b4,6723,1
8c99770f38bc1133,6724,2
f09a16eabb2d31f8,6725,4
8d31f98c1dc9e8f5,6726,1
7ddb9624fcc165d4,6727,4
9dc975cc5d9d031e,6728,2
15e26ffb7be41257,6729,2
aa3a1508668725b5,6730,0
6fb63660bc138aad,6731,4
37c1c05b7d94c7fa,6732,1
118276b7be40cbab,6733,1
192c295265a0d896,6734,3
7551fbd245c16253,6735,3
b03e8245f1ede739,6736,1
b481a012dfde28cc,6737,3
86a8aac7ae308d3d,6738,4
fd625dfb0a4f3d8d,6739,1
b03bd2a83ae06bb6,6740,2
3e2e1388f65af3bb,6741,1
f1256f63ab28de4c,6742,4
28798e8d29d7635b,6743,2
ed0eaffab5179317,6744,2
3f2801c3f67051de,6745,3
40ffbf940080c9e6,6746,1
e18254956e545945,6747,4
9280476215ad34d2,6748,3
829be262be038a90,6749,4
9ce84d913dcd7273,6750,1
dd762f41f3f83fb0,6751,2
eb6ff9a850f71f6f,6752,2
22fa4c02db5b31e8,6753,0
319ef404bb12cfc0,6754,1
46ff2a4c22b770a7,6755,0
3e2df951751965a0,6756,3
e519dcb9879f7e8c,6757,4
fbc3b610aaf431dd,6758,4
c8bbb10996417018,6759,3
22864025af82a824,6760,3
749fd7c12c6fd50c,6761,4
b42e87abe04a7ade,6762,4
de53c34c481b82f7,6763,1
63d16a8946aed01f,6764,3
5c34b0826e794b2b,6765,4
be3cb6de0fa22686,6766,2
a813f19d70c31ef0,6767,0
e894261ba8c48d6b,6768,3
58991597c0e4dd66,6769,1
24642bf9e3631fa0,6770,1
ff83e85ef4c06c30,6771,0
8abd937eb45ec7a1,6772,3
7d30180d3899c316,6773,1
d273661f3fbf1867,6774,2
3b1aa33a308f4457,6775,4
386bde303f61d73a,6776,2
e99fdf9805d855f3,6777,0
8bdd559446fce147,6778,2
096b68975072cddf,6779,3
9e38aaa5923c8e80,6780,2
6ad69255bbc2ee2f,6781,3
08b6427b77de6410,6782,4
710696c163d5252b,6783,3
13468e01135606d3,6784,4
90600a44dd25f67a,6785,2
f73ef7b2501630b4,6786,0
c11a707db999dc1d,6787,0
ad3dfd9d2c894b94,6788,3
df65469add9f4c9d,6789,0
eb50f9b40d70adb2,6790,1
bc9adf87d5a9ef54,6791,4
6f140d5293689d6b,6792,4
1db4a17203351e22,6793,1
43d6d2a58aec0b9c,6794,4
26f0e8284161c74f,6795,1
63a72c1552e6cae8,6796,2
b2ec08eb681829cd,6797,1
67b80a6ef5ff1b3b,6798,1
e29ac2e4b9481284,6799,3
6ac5d5d044f4f6be,6800,2
e476830caaeeeb77,6801,1
c82e798b923c93f3,6802,0
a894c9b021faa7f3,6803,1
5678557ef96e0636,6804,3
265ad6b35744906f,6805,4
a467aaddd0dcf824,6806,0
a045eccfa7f2d603,6807,3
e4f276d2690ddc91,6808,4
64ce48f9970af363,6809,3
65996f56fdda6d38,6810,1
3e9f71f50530ec3d,6811,3
597dbe8297fa95c0,6812,2
0f1c41347e406f02,6813,2
d8362f264e8a70f2,6814,0
ab05e4d8156f8a71,6815,0
d53d1db1c3c5fa22,6816,2
b9d1c2adf9cc5e78,6817,3
c159e1894c32241f,6818,2
3496819e02f1653d,6819,3
b66c327a624bd824,6820,4
86f25aaaed7be13c,6821,0
7a2c7412aada02c9,6822,1
543baa16ea277da1,6823,0
727cc8e160716056,6824,2
ee5cd355997ebd9b,6825,0
8933e56967702e71,6826,4
f7d99a188818ce48,6827,0
d65fa6635fde2b8b,6828,2
ca4f3909e495b31d,6829,4
58e899a761e3803a,6830,0
82e545fe64e38402,6831,0
2780a56bce4fbaa8,6832,1
1b4f7f9f361cb3b7,6833,0
62ebb2c71b952ea1,6834,1
683e977ad86c4577,6835,4
f47731d5d791986e,6836,0
00735daffc4cb195,6837,2
405df8dd31450fe3,6838,0
fe5538d3eb2149a0,6839,4
10f336a1ceaf1509,6840,4
42455d8ee51287ab,6841,0
1c1e98045bc32421,6842,4
44519fa167e63046,6843,4
0e225ab875b7d80a,6844,3
80b4cfd8fc0afc14,6845,4
b45e15ea5374a069,6846,0
ef656bdc00ec8e58,6847,3
f8f5a57c3dbcc0d3,6848,2
0d84bf07cbbac056,6849,1
718558d849543b04,6850,2
76af3951ad5466ae,6851,0
cdcd857e4c4018cb,6852,1
e7600fbc04862839,6853,0
c20b0c8a4e388df4,6854,1
0f89ca4443c5a276,6855,1
906fdd5392a8e474,6856,3
584d9992c6516678,6857,2
e48efd2d7addbf53,6858,2
3f57e9382c5a4639,6859,4
4578f33ccaae31f0,6860,2
0e57c8147e0915ac,6861,4
b6f52a75e1c61dd7,6862,1
142bc802b8ad498f,6863,2
a79c7232918a1a4b,6864,3
87c3bac266878336,6865,1
208a5d64fd1de93e,6866,0
437fb47d65df63e8,6867,1
ac640820921661a1,6868,1
697009cc9615634f,6869,1
b0442e69d9de3e17,6870,2
baa5b06aa1f20ab2,6871,4
357d69eec48e659c,6872,3
5fb7d748123b8614,6873,0
9543b18e6e8fe5f6,6874,0
4ad22c66504deef9,6875,0
08742d79e33f91cc,6876,3
1441951efe8fe442,6877,0
3eed495a307aab1c,6878,1
f4986d6be9e90272,6879,1
4fb6af5e7489b69c,6880,4
ef6cab5fd3eb4a6e,6881,0
2ede872fc6512dbd,6882,1
8330863644dbe093,6883,0
3dfc4de64e61489a,6884,4
ca6f944e1e41051e,6885,3
944351301cda967c,6886,1
4f9329a3211308f9,6887,1
8e0feda4cb45d79d,6888,2
a0d81190a85ec2b0,6889,3
4b445b6b7b2ad37c,6890,2
9364e6ec06caac8e,6891,1
99e58eac492b60e4,6892,3
4a07c837902f17d2,6893,3
20679e0bfd1b8aa0,6894,4
be447a42113e5009,6895,1
ba8b72345c0bc4d0,6896,1
d330514999b7c8f4,6897,2
dbe279e4441708b2,6898,3
6134516d28e1d0a5,6899,3
f05365e3f6fe55c9,6900,1
255a4f752a4febcf,6901,4
5fd2f7ad0adc80d0,6902,0
5ae2c78e703a739f,6903,0
23daa010cfa24325,6904,4
0bd69c633954db80,6905,4
cf32c1b9260583bc,6906,0
56e0656aea94ae0e,6907,4
22e80521faf1bcf2,6908,2
7714608e424107dd,6909,1
0e3f02e19e39763b,6910,1
89a757d31a97959f,6911,0
6f741e947e0ce663,6912,2
74ad390974372d38,6913,2
3c28a80501b820fc,6914,1
9a09dd076a0c7b32,6915,2
4a8ce3da206f5604,6916,4
28a4aa78da3ffe3e,6917,0
e6d3d802c6da31d0,6918,0
41b677d5ca93b73e,6919,4
26caed855326bc59,6920,4
3d4d74468b9428fd,6921,0
9cd8840ecd0c4547,6922,0
c14af3cdfbd471bf,6923,4
65fdfdfd1690d897,6924,1
eed0fd5460638140,6925,0
ab34520b152698cc,6926,1
e89785485b64988b,6927,0
42c6c6974516b6f2,6928,0
2f521367d51ae20d,6929,0
f0a01527aef4a467,6930,2
eae478cac11406f0,6931,0
6f0dc9596152aedd,6932,4
3f6d644b20570613,6933,2
2007766242cdd5b8,6934,1
f15668dc33f3e04e,6935,1
d5398756ae70dfc1,6936,1
63b571452623e9df,6937,0
6256d06ebb910854,6938,2
2a7fe9af9972fdec,6939,2
abd3f1e367dc6e14,6940,1
196a568c5b9c27b4,6941,3
0d1c43d030114956,6942,3
226f05264c8fb1a5,6943,1
11fd6d648ff0cb32,6944,2
9a64a02dda05a6f5,6945,4
c91c745a6b468114,6946,3
1d239affc8690e5b,6947,1
7ba19703f3a00b03,6948,0
475aa1787a0fc8fc,6949,3
076a5ad1cbc04cff,6950,2
526064fec37a7825,6951,0
93d97b4328cac5a9,6952,3
a1db8649893add8a,6953,3
764f9abffd96e4e9,6954,2
bbec4ea302e2b426,6955,1
ddf1064173eeef20,6956,3
3542c69d7a7eccd6,6957,3
06ff71af1ba3cbcf,6958,0
f5bed1d69dbb2abd,6959,0
85613de26e745fd6,6960,3
af3ba9e85fb510ed,6961,3
8e3f18648a45118f,6962,3
8c35da6cb30c9f60,6963,3
952b35e1a033f09f,6964,1
c269cceb6dc67f60,6965,1
9e9ad92926ef7d4d,6966,2
bb5ff2bb60028023,6967,4
062e172d64c83f91,6968,3
7744fabf50e7edad,6969,1
4e5459acfa524a44,6970,4
335fda6178389639,6971,4
2ce61803422dba37,6972,3
4ca0b5131e4a4cbf,6973,0
32221cf56622a08d,6974,4
87f753afa71763a5,6975,4
7b1a64c8c6b900ba,6976,4
c9cc6517d2d8cf17,6977,2
9d3fec50c90a049b,6978,1
f8761269570bfa0a,6979,3
24b99e9a359fa8a1,6980,3
787a92ceb1a59547,6981,4
d30e37b1b1c5cce6,6982,0
588ea7167d3da51c,6983,4
d23390945868afb2,6984,4
fa74c6fb9164cfa0,6985,0
779fa68a464820b2,6986,0
89fbb8c67a2ff162,6987,3
6d3e8b46847783a9,6988,1
c4ce72262ec8e051,6989,2
d3dfc2ac870556a2,6990,3
e6aa721bdb21dc99,6991,1
27a0d6d92fe63b8a,6992,3
f2d9b989f3c018e9,6993,0
9f2f7fa404f86b64,6994,2
2284f058b94c12be,6995,0
a88490db11af9ece,6996,2
e62c9d4a37a7dec3,6997,3
365c5f41b7fca5d5,6998,3
074f16cc149e4cce,6999,4
1b4fdfb656174614,7000,1
8b24a04752b2f5a8,7001,1
e99d23dde2dc6a3f,7002,1
69dca72bddc23b20,7003,1
6b7ca297a7b5f703,7004,3
e4431fdb9913861f,7005,0
9217895bb7c50c48,7006,0
35538442b6c02a90,7007,1
4df58c40844caa5b,7008,4
51ac880622c165ef,7009,3
8351de13cd7e596b,7010,1
a6c4a4a6c7bbe42f,7011,1
da5aa7d57e490fe1,7012,1
3b0663b7667f0ae0,7013,0
a26ea8e23973ee80,7014,4
5d22d20a459f5076,7015,2
d835fe73ae660a81,7016,4
3d8531492da6ca82,7017,2
625847901f2dff27,7018,4
427145f66c1f96c5,7019,3
ff922abe15d27e59,7020,3
d87bb8f1f42f196b,7021,2
4ca127f3cbe9e1fd,7022,0
c21686c68182d358,7023,2
e41c97c5085b6dbf,7024,1
268839bf174174fb,7025,2
cd859ad3acc6a60e,7026,0
0ede55dda06660f3,7027,4
44bd5f2c74853eab,7028,3
f878d4e27abad030,7029,0
9ddf0d06fadae25c,7030,4
b4a61c2bb89f6f92,7031,2
5d21aaa3eeaa3c78,7032,1
f74f9c5b24f9f757,7033,2
23c346f79ae8e909,7034,1
9eb370b9afe36976,7035,1
933e6c9c629cbd73,7036,1
ea0728f79dce065a,7037,4
7fc085fdc5fd8d0a,7038,0
6338df43764e065c,7039,2
ff350abc5a480277,7040,1
fa235102dddd078b,7041,1
2d18aad97cfcdb8a,7042,1
047b6c84efd6a690,7043,2
340c697616bd4226,7044,3
ec946c6c2fb43eb4,7045,0
7813d5713bdc660b,7046,2
77efbd55ef698f29,7047,2
3c5ee0d082ca6c26,7048,4
3a8ad562d9a69386,7049,4
d55e93c769ed22be,7050,1
af7ae73dcd4622b4,7051,4
15bb845c97440a6d,7052,4
f4d144fc162764b1,7053,4
573bc79af9397057,7054,0
2b0236f6343cabd7,7055,2
e59759b96a132b9a,7056,0
df81a37e0c489f43,7057,4
178114e18627d1f6,7058,4
a61d56883c681ede,7059,2
c9599d0973cc3db9,7060,4
4b244bd70b3f6f55,7061,2
f75622980afddb81,7062,2
b9980671c33955fe,7063,0
58525ca1db5c4703,7064,2
6708441eb1226df9,7065,4
0b89d26a888dce9c,7066,2
3e3b3e4575cf44ee,7067,3
e4308f545f3a5d44,7068,4
7a06f04980eb1385,7069,0
6efb51304e960af6,7070,1
ec75f1240a782b87,7071,4
58784ea93d2a6475,7072,2
2b8a6209bd2e2776,7073,3
3f9f17ec33a08216,7074,4
23578654aa15c553,7075,2
8d30039d1eeb46ec,7076,2
0c9836e84ea6caba,7077,4
84ff31e0bcd62e04,7078,1
6627f9578916ce56,7079,4
1651d22be36767a9,7080,1
e4ba33bbcf59df27,7081,3
51032fec94d332d6,7082,1
55a4a8d995f4ca6f,7083,3
18df413280267cc3,7084,1
456c69b26fac8e15,7085,4
f05e994e9bb6f9f2,7086,1
9bc30f0f672c8e64,7087,1
1bf795311aa66057,7088,3
e0ad7c13a474f527,7089,4
bfc4cba97205c43f,7090,1
1492bb5126ce3459,7091,3
5c87a0d66a5654aa,7092,2
202bd0d385db5a38,7093,0
7ccf7fcbfb369ccb,7094,3
36053308ca23dc73,7095,3
04fbe4cdf4ba3227,7096,0
8d2464ee246ec319,7097,4
a79a90486b63435d,7098,1
b9a1ee31080377ca,7099,4
4c1959452dd16088,7100,2
fc9f4aba03edeaa1,7101,0
1c7a9ab9e65f32ea,7102,3
272183207108fcfd,7103,3
e19054f4d0790653,7104,1
5eb8fdcfad90e7cc,7105,4
6a88dcb94ba3f926,7106,1
e35c453c1a53cfde,7107,3
8fce140b25a6ebe5,7108,3
c50e10e6a94a4af6,7109,2
0907b76f6f9ddb76,7110,4
827d6808e4d78337,7111,3
e915ed7bf0ce6142,7112,2
444b91894766b0aa,7113,0
4cf4737ef85fe0fc,7114,3
d6c2a9fbd536af77,7115,2
cf13e3448a1209aa,7116,3
8f0eefc140526c08,7117,1
e08064d36a2763bc,7118,0
72909b601879582f,7119,0
decf3b424f0a4fec,7120,1
21a44740876b43db,7121,1
7495eaccedf426b1,7122,1
d849c2137b09afcf,7123,4
95c58585dfc35ffe,7124,2
4c677d5664a57f44,7125,3
cb64c694fe32ae9f,7126,4
5a6e4c1f73ddde2d,7127,3
699097a7621f5899,7128,2
c7a2251de44c7f8c,7129,1
011740595f62786a,7130,1
4d0c8c24a8238fd2,7131,4
daca20659fc0e3a1,7132,0
445276083c847ee5,7133,0
2f4ce6ad5be0c342,7134,1
d3bcdcc921ef8997,7135,4
5bd4ef6cf81da8ca,7136,0
b0d3f12b1ef1c9bc,7137,4
1c315957da071072,7138,4
afbe83b86a1581d9,7139,4
8f7c915e78366144,7140,1
fa5a89852b56452f,7141,1
115a153215f2dfab,7142,1
e88a85d4225db390,7143,4
8ee4814a0f4a00dc,7144,4
a587f74954fe99bc,7145,4
e05480eaa0bd638d,7146,1
966edf3bf9b3fef5,7147,2
038ce830d2fbcb1c,7148,1
9c336f0361d98ca8,7149,0
8e7544abadceeb37,7150,1
ee61361f075597d1,7151,0
fd639df0c97f69e7,7152,0
f371e1c8ed3cd07f,7153,2
26909a307befc411,7154,0
45b16790d8d15318,7155,3
7610e078bfb88851,7156,3
768062b747338e08,7157,3
7e54086aa3293ade,7158,0
a91dce1b5ac5c4c5,7159,2
c66d214e92210537,7160,4
703a3cc436522e16,7161,2
632cbd534c1dccb5,7162,0
b23cdc8b40ff3352,7163,0
3ca2565a619381a1,7164,0
366ca3d0f2101c31,7165,0
386b49930af3042b,7166,1
627172f3692b04fb,7167,3
d567e0ddd6ed7057,7168,2
dd1c2a6518255718,7169,3
690e161fc2c78c98,7170,0
641eef4fc76ec1ca,7171,0
6bf362fbe391ac36,7172,1
859ad12c7c72276c,7173,3
12763338ccd87f32,7174,4
d5434e939bf4eea9,7175,2
fd3ad977672c3a9c,7176,2
633442c967ad9847,7177,3
6ae0ca0b9aa53a2a,7178,0
ad8dcec1bb7e53ac,7179,4
5637ffee8f4b6c49,7180,4
233412c75985521c,7181,4
5536498678776b9a,7182,2
4acf943c3d392e93,7183,4
a64cdb03507a1847,7184,2
e75889a037aeb4ef,7185,2
83766d86ef9d86ba,7186,3
880afdc4c7310522,7187,2
b0e7c8cb2f045c6f,7188,4
48dffc4beebce5e6,7189,4
2368f042ab964731,7190,2
6739dccaa096a8cd,7191,0
d7aede0ca948d0c0,7192,1
4459edb7965b7496,7193,3
145670fd93bbc6f6,7194,1
2f58e681329ace3f,7195,3
db7cc87cb303489b,7196,4
8167c93433f02ea7,7197,4
fdc64501c4362457,7198,1
81bfa6f356e111b2,7199,2
1aebaeeafe8263aa,7200,3
9858376c41282b1e,7201,0
ef6f940e28fd44c3,7202,0
5ec86faca780f841,7203,1
2b6040a938f1c389,7204,2
b695d743f2f9af47,7205,3
b2275c7dcf75d3f9,7206,4
6e9bb7d0a5c0c2c0,7207,4
66c6a760e44ce398,7208,3
469ce515e5a8dd92,7209,0
fc9248d8fe23eb10,7210,2
48548b1bf8296540,7211,0
29420a0ba50f6f86,7212,3
38e3dd0d87098e8a,7213,3
4c8ae257c774f483,7214,4
2429b25a1e18da88,7215,1
d36dbf78f175e31f,7216,1
2d958ad2ac0b435b,7217,0
818e87fbeca0e9ea,7218,2
c2ca80f33e92f9a1,7219,0
09af4cbf49889cbe,7220,0
efa04bc71d8ea810,7221,4
e42c80cca0605409,7222,0
94e1b90000080099,7223,3
d0125740a8dc3803,7224,4
78b42162d192ce21,7225,2
5f4e35be0595d653,7226,4
d8c173354a3011eb,7227,3
8045ab21cc25004d,7228,1
5fbb0a166c4a82a1,7229,3
05ffb67d6509941d,7230,1
3a6fcaa8833f893e,7231,3
c4c4becd357cf47b,7232,4
99468ac5a5a9f4d7,7233,0
3924b44f59134165,7234,4
0d33f5b6b104dcf9,7235,2
bd16fe757025fa3c,7236,4
95a1a3fba1897a36,7237,0
04fc938e70d7e1f3,7238,1
6680306a92d156a1,7239,4
4809bd038faeda59,7240,2
3f2ee9a02c37ca6a,7241,0
92f255a0d3c167a5,7242,1
504b91b458ed491b,7243,0
b18d2d16d7f1b891,7244,4
72c9016fd3b9a9cc,7245,2
2906a492eefa1183,7246,4
769e63a2c16a48a3,7247,1
7c3f2f76234cad07,7248,2
d32a43468f5f0edb,7249,1
936b76dc681bc76d,7250,4
b8e0bcba388ac53f,7251,0
4d8ea4c52e1384b5,7252,1
d6ac9f670955ed31,7253,0
c57c18c87672f126,7254,3
e644029608e002c8,7255,4
9b4b0bf01a362c33,7256,4
65943db3e1d9f0dd,7257,4
c928b91bc08f4882,7258,2
0a3742929172b63e,7259,4
112d9d77693087fe,7260,3
c1a7036d86c4c5dd,7261,4
fc23765aa163ea4c,7262,1
9b64bfe530f22e5e,7263,1
6d3bc138cb2dcdab,7264,3
5931348082029359,7265,4
eeb4bd26fc60ba8c,7266,0
5a9db47d231c4853,7267,1
6fd87be2cb3b6c4e,7268,0
e4b9c7bb04a9e809,7269,0
2747eb02a904f542,7270,0
1311eeeba7535ea2,7271,1
d2bc31f8861eed9e,7272,2
251685c835e81102,7273,4
1e23b5b191111b3e,7274,1
17b4cba242f68fd0,7275,4
e266138c3c0b43d0,7276,4
d412332eeb4ad993,7277,4
9ac240bbf1c26e6e,7278,0
92ae4a3a87b233ff,7279,4
23de240bca18ab38,7280,3
8cf1556d9d3e1ee8,7281,2
1635bc24617c961e,7282,2
7575f21e354306ae,7283,3
e2a640a2056e3578,7284,0
f7c1e903ef143b72,7285,4
6f6583be2d009c9e,7286,2
9af00ca376845522,7287,2
70ce83459deae981,7288,3
225a340e538d06ed,7289,3
2db3d8ff3757f819,7290,1
827773a3f96b8300,7291,0
08d341ecae1ed4a4,7292,4
f2ef46c55f575497,7293,0
39dcc763f548564f,7294,2
5a70b1afe0909d24,7295,3
9320ae5b3212b5e7,7296,2
81d275ed787dd50f,7297,4
9c30f03d6c186ee2,7298,4
92a5b035e01a5b0b,7299,1
35a50012feeccf2a,7300,2
76f46c1e9e80c5fc,7301,0
6393306969d4b87d,7302,2
d0c3ad207bb835aa,7303,2
68a2c656c125a1ea,7304,2
333f78845574ea77,7305,1
1c9ebd38c6a46e6a,7306,2
8ff5da63b926f9af,7307,1
7af4a1f9f05c2509,7308,1
23cf0484557d5dd4,7309,0
3ec656d9f9a2b5a2,7310,4
70d61a1ba7fd1298,7311,2
010680d6c1681637,7312,0
fda74f7f08b50619,7313,2
3ea3fa114cc0871e,7314,4
af7c6bab97db8aec,7315,1
7a1e838f83e047e8,7316,4
b1348158e6c80ae3,7317,4
9f1a5a52d43236f1,7318,0
55300048998646d5,7319,1
54a494e82076fddf,7320,0
19c1beee2b7dab64,7321,2
be9575d41ce4561c,7322,3
a0fe536efabf5b7c,7323,3
d88f272ec616d560,7324,3
6049632bf9a1e469,7325,2
bffe3becfa981a58,7326,4
f42196ad78a2d476,7327,2
14aa1ca2b53083eb,7328,0
d1babbb68220c96a,7329,1
6db1101c0d7e6c58,7330,4
e6b5c5d980e310e2,7331,3
620190ad24284a21,7332,3
65ed443926feca8d,7333,4
08b1af03bf59ecf3,7334,2
2a107cbf0d42d2bc,7335,4
6da72b7a5c5ef655,7336,0
204e90e75d413e9f,7337,1
142b3dbfb7a2b989,7338,2
0e8b4efd355a2c9c,7339,2
5c61176d693d9b4e,7340,3
620dae6f46711c94,7341,1
df09ba1eef788c49,7342,1
ef5164a85dabfa00,7343,2
79759d31d3b1a4d4,7344,4
6fb7879554285725,7345,3
3fdf57094600d490,7346,4
e4f4a6d8d0bb525a,7347,3
b97f4954d6354159,7348,0
c47b2b960f521316,7349,4
1da773892a10a7f8,7350,1
802cd1c5eb15d56d,7351,1
5a153fe614e1b59d,7352,3
62eb08a3f6631309,7353,4
8108de600d0591bc,7354,0
94f0f4827f0e9992,7355,4
3373eea6678103f4,7356,4
f62d2029f7530de7,7357,1
b9dbedd6b933f3d9,7358,1
d98c811bf0a08b70,7359,3
6909d49dbef5d26a,7360,0
71cc5c2a1c0e415c,7361,4
f66df2b0906909e8,7362,3
ddac036e20ddf817,7363,1
768aaf8d37d0e767,7364,4
372f9df77c4fbc15,7365,2
68690e73a73fb065,7366,0
3000c8956130abb1,7367,0
783092710731f326,7368,1
4aab33b5995c308d,7369,0
cb3868790dce499a,7370,3
e5fa8ec4d703bb03,7371,1
be987346ee6eb56c,7372,2
f604dfcf79f9bd98,7373,3
a728becf6ff4a351,7374,4
c6cb1b7243d7b167,7375,3
f545281377c82a41,7376,1
1c646d17755cc17c,7377,2
f254f61567f16a60,7378,1
c2ad63a0b5c25e77,7379,3
4e781b6b1040ff67,7380,2
078c10177ee8edb5,7381,0
4988e647d4dd9818,7382,0
db2f303dd9aa82e1,7383,4
23cd7ede9194eb21,7384,1
0b56c927ac768142,7385,3
c7857684619e3134,7386,2
b714a09d9e823539,7387,2
7817824402752140,7388,4
a5d3755bb7decba5,7389,2
77b47b7c29555c21,7390,0
f8a6df38a85a40dd,7391,1
9a08370ebd8c0eac,7392,3
e106a0a5f1dfbf7f,7393,3
66ba07ec8f034656,7394,3
e05cb6580af9cf1a,7395,1
a70446fb0e1021a7,7396,4
ec84b546ffcae450,7397,1
cf35be4df85da1e7,7398,3
938584628994d21e,7399,2
4cb217600dd64a9b,7400,4
79053457ec1b176d,7401,2
3396fd9837fba182,7402,3
4ff0ac87a9ba2235,7403,0
c826f494eb11d49f,7404,4
36102cf8cd263ee2,7405,2
130ce367c01bf192,7406,1
e3946b2d24fac093,7407,0
afdeb1e57c63e3b6,7408,3
c829b17fe3e90b0d,7409,0
e3d9b0b1d593b0da,7410,2
b31622479870ce02,7411,4
3b1bc87cb42f8c6d,7412,1
87cbb92012d6bc44,7413,4
55bbfa5de8d21f68,7414,2
b0ebe5f29e2f768a,7415,0
630910d0120278ef,7416,3
63b47aec9063c622,7417,4
90710adb42cdf258,7418,4
5097a50ffe624aba,7419,4
8fb493e77471f012,7420,2
7d185ccfa044bed8,7421,4
3168ee28b62653ea,7422,0
0bcb587e3c61ddf2,7423,2
eeb352fad7b58f4d,7424,1
23a935b5bf073ef2,7425,4
5f5d101c65a5e5b4,7426,0
7e954dd209fb5a34,7427,0
3501d4720b0bbc10,7428,4
d99c6aa8734b51d3,7429,2
cffa08a12697e4e9,7430,4
7b25ebdcb17f6919,7431,3
47cbf8815f2f2b1c,7432,3
096410b3a2693a59,7433,0
82d56238210a42cb,7434,4
df9005979c22a556,7435,2
7476a96471151639,7436,4
a95a5f7efb74a807,7437,1
1ce53462b8c024ee,7438,1
355952825ad8fb16,7439,0
fd3a1992c330ac19,7440,0
901e4a06b5e2df11,7441,2
0083db6491e6c69c,7442,0
7f045ad5877a1186,7443,4
632b16505e959884,7444,0
8db6978b8b3fa60b,7445,2
01739e4bc97d9a84,7446,0
b73e2aea490d72ac,7447,1
1e0e8167abb7a4e2,7448,2
c383f25ace57f2f0,7449,0
9831d9fd566e0e51,7450,2
dedd822a3d74c47b,7451,2
0403b4d92a1309ba,7452,2
d399c7654fc29e1d,7453,1
66ea70e7260a0743,7454,3
40f511045feca23c,7455,4
5e38abb6434466d5,7456,4
c2d302928ed8ea7e,7457,0
efa00683f3e3045b,7458,3
682cc3c170ad713c,7459,3
7442a3793e34586b,7460,4
6085691b2c51d3f1,7461,1
f220da29ab5aea1f,7462,3
01cbd302844abccc,7463,2
5feb7dde65a6a4c8,7464,3
de14c2540004cb0e,7465,4
59fb88acd5555e61,7466,2
7e39c0ed27f8aa15,7467,4
ef470add1b1f40b2,7468,2
520859866ef9ac98,7469,4
01ae08a93c0f5559,7470,1
6dd36f0bf843b633,7471,0
363464784a3f8c0a,7472,2
f6e6f14082b6f80b,7473,3
7adb46d6626456f7,7474,4
8725951ba95005e5,7475,4
d730f20f9383532b,7476,2
26e24d39e161fde7,7477,0
e8c38de54c490406,7478,4
eddf78a31876b4dd,7479,3
3bb9e76ba8a631df,7480,3
7d48a08b462da923,7481,3
42888536f1e2e1f8,7482,3
b70076299d3e07c3,7483,1
d2118877ebc519b0,7484,4
3f6f35971a04edac,7485,3
757d978c20515f28,7486,1
3e53f7f3a4e88006,7487,4
f10bd121f7cb6a02,7488,0
d5d01069dfc999cb,7489,2
931e0e3432b877ae,7490,2
2ffc08ecef08268b,7491,3
75c361899e6f7182,7492,4
cf9b44bab28b4c5d,7493,3
8c0c26d283743f50,7494,0
920cbdfc93961e02,7495,2
ca9e22fefe4dfa41,7496,3
0cfd23d56ca4ffec,7497,3
9d2e735ea322d49a,7498,2
45f3c9447edb5bb2,7499,3
8d11c99fa43ffd79,7500,4
57730850f22c78c0,7501,3
910209da3247a6f7,7502,2
db06c1b00eba81ef,7503,1
2e6c60f244780bb1,7504,3
1284ba6b85da1b31,7505,3
c54f461ba64bc261,7506,3
95240fbd138b03c4,7507,0
fca8395875fdbc28,7508,1
3220478d1df4441b,7509,2
6030a7193acf799b,7510,0
07a690aff2fe723b,7511,0
b3c70fe99d24e47c,7512,2
40d43c37930e91af,7513,0
2a107ccda573a866,7514,3
3fe0f0ad1724c4d6,7515,4
04c9bb229f5ff802,7516,0
39342084d382eb34,7517,4
1f37efddbb1d6ecf,7518,1
bb79b19f857a40f3,7519,0
41baaeb036c97ee8,7520,4
2f481e8f537d89e7,7521,1
ec38d40ee6cc4c9c,7522,1
39ff496dfedd5ec1,7523,3
15d54651330d5c3e,7524,2
980513950d837513,7525,3
db0edd06d4fa9163,7526,2
634e6beabb04d876,7527,4
78e7924d10690c4c,7528,2
4c51d5ad2f4ea65d,7529,3
032c2083b98ad15a,7530,0
7f27d405957b0f1a,7531,3
5251a6bbeb549990,7532,0
0fb87f118ec7e528,7533,2
438c5b46bc57a2cb,7534,3
2a79e09ef9b1729d,7535,1
b04e75c9b8decee6,7536,4
ca9597c65169e182,7537,4
b52fda3218b87402,7538,0
6a966002d88e432c,7539,1
8c89e1d8b3433873,7540,2
c201e3fa780789d8,7541,0
702cdeca920f9169,7542,2
8746d8f6ec9fcc09,7543,1
9d142f6e207301a3,7544,3
f4599ca1654c5e07,7545,2
c063a6941b30e67e,7546,1
be39d05665457353,7547,3
1accccd3bca23da4,7548,0
d5d2d8a06f4b9e74,7549,3
3e9445dc1854324d,7550,2
b5164ba66da75d8a,7551,2
56ef192d457b28b5,7552,0
90abba30c6b5c79d,7553,2
5cf8efdd6072998e,7554,2
c8219efaefeaf47f,7555,1
41dcfe38e2346fca,7556,3
04c308d1dfcf197d,7557,4
c1a264cc0c21fc8e,7558,4
80e4d977492fd3b3,7559,3
58aaee66367d6729,7560,3
28198d3adb04d663,7561,0
e1c7816268dd98b0,7562,2
e08cfa5dea0024eb,7563,3
2c7190946ad3e9a2,7564,4
0ffa6e0ef6d41d44,7565,3
43d107453324d9ae,7566,0
4bd0709eda050f15,7567,2
9844b26a37b51642,7568,3
cd1c9f70b65460d1,7569,0
052b8c65341791d0,7570,4
a68b815e68e78474,7571,3
03a0db0ce9449a15,7572,4
268921bd39bfb27e,7573,4
d386db966eaa9e0a,7574,0
257bcaa343d54dbf,7575,0
19f852ecc24d60f8,7576,1
d5952667318612ca,7577,2
27f8404ce6625abc,7578,0
38e1dc4ecc8eb860,7579,4
16c527233dfaf946,7580,0
0513cf68b1021348,7581,1
484d63bd83da0f2d,7582,4
58652d978aae5c44,7583,0
18916ff7336aa553,7584,4
b45e36f38ae12bec,7585,2
325c75d067ca0faa,7586,0
ac5bde2a4945bee7,7587,2
0884a2fd37c0f6cc,7588,4
b88403a2ba2d2d39,7589,4
2a6f6754773dc653,7590,4
41f817b449615b60,7591,3
7e6fbb56a41277d2,7592,4
9b3a1b06004a5d15,7593,1
e8ba8f226af98aa9,7594,3
aa73de8aa776ac35,7595,0
8cc4a04f9e36d004,7596,2
10118b08cd6c44af,7597,1
8bd0edb774b9cd26,7598,4
673b9e069ce3fc61,7599,0
3c4adb4fdc5c64a9,7600,1
f650caad0d8df332,7601,4
7ff01bf9a267ce3c,7602,2
517f64e69866fe7e,7603,1
41faa948328c5ce5,7604,4
6acc340a2e71e193,7605,1
8bde4e749adff644,7606,4
16ee15f22e12e096,7607,3
ac92e4ce3ea8effa,7608,0
58d42c08caf330ce,7609,2
b6a906d8248dd830,7610,2
b531ec4be66b2050,7611,0
459ca27c7fe21905,7612,2
10a4491898b7a9f6,7613,3
1b2a114987719efa,7614,2
5da977ac633c33c4,7615,1
fc2c3b306a3eefd2,7616,2
100316a166956307,7617,4
e5ce67045faa009a,7618,4
64517301511e9ee7,7619,4
4659ee0539f8809a,7620,4
a9f3ee3ac7359592,7621,3
fdb1ddf4056c5f7d,7622,2
2ba578d63abfac3b,7623,4
4fb512303bf3c9fe,7624,2
a7caf0caf8269892,7625,1
25fcbeebed93efac,7626,2
1add61b8f3860c0d,7627,1
f5b87c8881918047,7628,4
3ba57d58e26b1ad1,7629,0
0a46c644d15bf16a,7630,0
2b74648a0b2e1bb7,7631,3
223ee365547e2a2e,7632,0
8ff73ea026ff1e4b,7633,0
c165b1d6720beac6,7634,1
d7e3ec5a53c6c3c6,7635,1
31cfcad1e48e8327,7636,1
fe00144c27ef67d4,7637,4
5e0b1acaa1e03f32,7638,1
8e87bbd81fa09853,7639,2
4e056eb53c396887,7640,2
b4a91f4dc8419f37,7641,1
6b9311d3d2743570,7642,1
a29bf0d1c27cc0b3,7643,3
a59364cab288c8f7,7644,3
fddf7efba71598d3,7645,1
36d9a49797d4e36a,7646,1
c965849c087c3f2e,7647,2
3f7495e8eb86da58,7648,0
bbf324273bd0b92c,7649,3
dfae98ca95a5d999,7650,0
c3455d742dcbf4cb,7651,3
870d5096388a0922,7652,1
ddaf00ebad55a7c3,7653,0
53b22b78bb448192,7654,4
ac29f98e1503f660,7655,2
cd14c829abc77aa1,7656,4
75cb8a4948a25dda,7657,4
f3e9a765cd4a45cb,7658,3
0c55853d60ebc9c7,7659,2
6e2b417bb9c6b365,7660,2
204a6f5213a74906,7661,0
76dce6b0c824a912,7662,1
de40b8cd71ec9575,7663,0
ca59163787e2f478,7664,0
ec14a78fe66f2890,7665,4
051ddbd81919f850,7666,2
dfe9855793214cad,7667,2
a3cbcd43435e55f7,7668,1
af5c85c586fd77c8,7669,2
5593da1e36f66f97,7670,0
299818bf45e11df1,7671,1
ac88aeef479a808f,7672,0
791bdfa323297449,7673,2
0bd5390c7db687fa,7674,4
938a65c19f69cd82,7675,2
32047d9c33d5c1f7,7676,3
b662166c607d9749,7677,0
15881810b4c516ed,7678,2
c1deaef443ba11bb,7679,3
3c1ac47e6975a65d,7680,4
2e0297cd28a52083,7681,1
1a48a27959fe6801,7682,0
26258c4a0d6337f0,7683,3
32555bbb1e919b1f,7684,4
8e3e315d3d86d76a,7685,0
996d3410f4dda3c6,7686,3
83d38e7f49a518c1,7687,0
6205081d5d8cdac5,7688,4
22bf6481d4c69062,7689,2
2f62681e47cc1775,7690,0
4a69634b9c1e4b48,7691,4
c2fe6ae6ca81e158,7692,3
47941517e374dc76,7693,3
fbfb8acdf4daf8f4,7694,2
e4dda8935542eb17,7695,1
e870a417db297e8b,7696,1
8da974a75a59e4b5,7697,0
1aabe0c545e7ec89,7698,0
d6c7b3242a48a487,7699,1
1cc4ac4c4e86abc9,7700,4
ab155dc1c02abf8b,7701,4
be4644a1db35e22e,7702,0
3b5537f9ec6f5e21,7703,1
381ff2ab29c7b31b,7704,2
44709c186191e952,7705,3
b6e191af9572fa69,7706,3
09db790127a5bd82,7707,3
464e4f21780cf99e,7708,0
8bac1e0bd723d4b0,7709,3
9b3f18a94e0409a5,7710,4
1285867cb52f28ee,7711,4
61cc93565fba2ceb,7712,1
5b421922b7440595,7713,2
68918c54159c9405,7714,4
1e0344e2a698191b,7715,3
29b366241e17d8b7,7716,4
53b00d9cdcd8e412,7717,4
179d47c1f2f519b1,7718,4
17e284e0984186f0,7719,4
878a9e64d74d695e,7720,1
fcda3f60b401a587,7721,4
e6917fbfac526df4,7722,4
69a4245c3fffb43f,7723,3
fde9dace7a8db7dc,7724,3
43aa4c940fdcbe36,7725,3
147905aa0c874adf,7726,2
100f880bf59bf5c0,7727,3
efb1e4469463cf12,7728,3
f229b52bf9d66307,7729,4
6cd22e4bd7c9b3c6,7730,3
8fadafcfeb7f7a5e,7731,4
2c79ed1dac91fe60,7732,0
347bb1e3bd58b2e8,7733,0
dfe70737fd27ac68,7734,2
1868acf00921f50d,7735,2
9cf4e91d81470fb9,7736,2
ebcf23b950e7d847,7737,0
1dd0df55e25a6190,7738,3
a71669d2b25f6593,7739,0
83deda8a08fa0ac1,7740,2
697e9315d1c9a710,7741,3
ebf34f56631544be,7742,2
e77ef96b28e3fdaf,7743,3
4995c124e77d6fb2,7744,0
6f9817d400980ea3,7745,4
6c9889e6f54e3a79,7746,3
02f97086ce3267c8,7747,3
09a448dfdf64b5fb,7748,3
419c0d4153382331,7749,2
709c4dc4eb87a4d0,7750,3
db127855960fe6da,7751,4
a34242891f141cb9,7752,0
5b165fb63969f027,7753,3
491375031a457ad2,7754,0
c34062fee3e3deda,7755,2
918af50ca5442465,7756,2
f8572051bbbb7d55,7757,0
2bdc7faacc57df1c,7758,1
0409dc37f3c52257,7759,4
3f5987cd03a100b6,7760,2
ddb8197262a61bd0,7761,1
c6724d93847a7aed,7762,1
1ed3ae613fe3debf,7763,4
9a806dcbb7a12cad,7764,4
5869435c2da128b4,7765,1
5b042d729ff1bf1c,7766,2
c4db1154a13f9ce4,7767,3
b2353fab2272c84b,7768,0
af55be13005b2cd6,7769,2
3496ef3aa39e475d,7770,0
9270091f093504c6,7771,4
3baade80299fbce1,7772,0
53ec35e54445f627,7773,2
56e10b04179ccf6e,7774,3
d85d9622ae7975c2,7775,2
57ef2e2aecd8813b,7776,4
0c9f0a7d79346470,7777,2
3ed7bdf45c2cdc88,7778,4
07854d64b0a4f5b8,7779,0
0dc1d8618036864d,7780,2
c85160bc0b8e766f,7781,4
334e2e6f44cf212e,7782,1
3e8b049b2f533e2f,7783,4
64456719544d36f8,7784,0
868bf99d8d4f9e69,7785,2
6ea6cb1a3cd4ad03,7786,1
24663851423adda6,7787,4
ac2017e06abc536d,7788,3
79b2f19378f24670,7789,4
352de41e4130870f,7790,2
cca271bb2571fa3b,7791,1
6126819a7b1ce1b7,7792,1
d2c6ac19eaa1a92d,7793,3
7aebfa23f8aa2e16,7794,0
26cc9dedf4e02da4,7795,2
cd5f56fc496aa725,7796,2
4c475ae76ca9c9cb,7797,1
dde0ed867d898119,7798,0
8eaa2571f30f9bc2,7799,2
f8bb94ee7c58b5bc,7800,0
419d7fae7cccd8ed,7801,3
f1ec3c3872783847,7802,0
cfecddce6f25209f,7803,3
972939c541687db9,7804,0
59db790f4b47551b,7805,3
188c59a94613a6b3,7806,0
50531a5819a8e010,7807,1
9377d69e5f280129,7808,0
8b5d0444d94b65cf,7809,3
7addcd8ec7d84fd3,7810,1
73afcc0f7be2f917,7811,3
5cb58cbf65c2b60f,7812,0
f2888f6b51681f28,7813,1
e7bee9af63a5aad5,7814,1
4a68c4fb424deb81,7815,1
cacb81971fe7543f,7816,4
63a415eaa289fa36,7817,1
89f3fa6a21c33e28,7818,0
d8af15bb65e9ac50,7819,0
f3bc68b48063d8a7,7820,2
082fd4fc5fbf2a56,7821,1
14c4669be8c72e67,7822,4
445152708b7de9c0,7823,0
8e0127f8d618288f,7824,1
116e9bc50e1ff3f0,7825,2
bff48c75c70b3f9f,7826,4
30276f2dd65fe22e,7827,3
a2728f010cecafc4,7828,4
c876151b8eec882c,7829,0
a834d10105439353,7830,3
dfb2582e96b41b09,7831,4
acdd87ea4d0913b6,7832,2
bf40644eb0ae38a2,7833,3
b1f0bbc92ae8b570,7834,0
adc2ad2d15ced07d,7835,2
b3b1acf4a7bd2f0b,7836,3
9c006dde5e85d15c,7837,0
c529bf52be735d1b,7838,1
0255dbadc9782224,7839,4
fbf49ade6e93bc49,7840,4
f3773abbd8591db5,7841,2
c0fa37a8e208e78f,7842,1
097e04c3b894d906,7843,2
251bbe60a5ec5ab5,7844,4
a74b8c34921ca785,7845,1
5576770258f354d9,7846,1
65e909381f7c492d,7847,2
10e5d491daaf5aef,7848,3
0694399d8f71d2e6,7849,2
877169855f089923,7850,2
834bc9fa95e27c89,7851,3
f995f7f833d37d49,7852,2
8e9ad94eaff46d72,7853,2
b6327b5416a5efaf,7854,3
0264e3de3ca1507f,7855,1
7ea9e111c1a8e2c7,7856,4
b327714cbe92fb2c,7857,4
ff620aa3ccfea498,7858,3
c8fd94eee6b6732e,7859,2
d778ad066aaec9dc,7860,2
fb80be6aefd800b6,7861,3
6c56c8e249d531dc,7862,0
9bffb76d5fad5766,7863,3
2ed2718efd0799d9,7864,2
ac4cce3da8f76337,7865,0
a0b0bf5ac17f516d,7866,1
ce4aa3961caa69b1,7867,4
763acc86dcefea4b,7868,1
cc9c06b9e72dbc37,7869,1
66f8c786cad7d05a,7870,1
243c4b5dae844ff2,7871,3
643bf375df3b5cc6,7872,4
6d61ba28532ee3e9,7873,0
f918524e9d1fbc15,7874,3
dd427f864ea32d38,7875,2
fe44a92cd0cb91dd,7876,0
58239a793999606f,7877,1
484fb5ddcb2dd876,7878,1
d7159b0bda72f8f9,7879,2
cc953c62da4bb450,7880,2
7eb1bd63528e58ec,7881,0
8f0f136a254b59e2,7882,0
f322f665047b7105,7883,1
3b4f14193d84f675,7884,2
c9775e80ecfda973,7885,3
824f861f74ce34b5,7886,3
ca92b87ee8582892,7887,2
195f7fcbe33d7fba,7888,4
bfc83384de3f1657,7889,1
575d43eb42b2971b,7890,2
06e51ae0680f16da,7891,3
b933eb9e07639ef2,7892,4
b72e6fcd31eda854,7893,2
27d124dae40c99c3,7894,0
242eb7535d118507,7895,0
be374f9f59b5040d,7896,0
ff43383a8a91a1c7,7897,1
bce0b300e488e8e9,7898,0
957fb7e75de7b674,7899,3
8b22d4c36d70fee1,7900,4
a3a816e03dc0c656,7901,4
bd83880ed6a1a197,7902,3
aa5d48678e7e6d04,7903,1
0e89d2005c472404,7904,4
3ca0ff7f40797d32,7905,1
29c290e150baac30,7906,4
daf01b11f1d07f14,7907,1
a43b8a0a755be237,7908,1
a0a715006924971b,7909,2
c12f42b0464f8f7d,7910,0
d72a38e02358a32e,7911,3
638b4d6968e0a1f8,7912,2
c94625ca86153e2d,7913,1
7d7ee5d7f6bd243b,7914,4
98461e6f246dc442,7915,0
8fa62b87c23968b3,7916,0
0d856df624af6f13,7917,2
6bcd28139dc1bcad,7918,4
ca626161a5b5e415,7919,3
134f1cc5cf488420,7920,1
6a4145f758694630,7921,2
df7480826c5bdeb5,7922,2
68f40b6f70018d0b,7923,1
2d88f88ef2626fc5,7924,0
85ea4ded72fa0c4b,7925,1
7697d68bf7939f2b,7926,1
3446d96fd927b07a,7927,0
386359d7a5ef919e,7928,1
02d07aa690b694ac,7929,1
3332be91303562f3,7930,1
ec72f445867868ea,7931,2
94efe80be6cabf64,7932,4
417bf2f58bef829d,7933,0
0cae703bed4bb1b3,7934,2
b199217e5bce7ebb,7935,2
613b57527b0c093e,7936,3
7fb22682540ce027,7937,2
36dec87427022a54,7938,4
b6ab785cbb504ac5,7939,0
3ae316c85e64886c,7940,1
c40c180685c10cec,7941,1
1fc9172bf8d13acb,7942,2
1a737679d168ba25,7943,3
3e763ab28bbeb8ac,7944,0
c6f8c3d04213e1bf,7945,4
a2d17ea0b2d9912c,7946,2
1cf97b62f44e1bab,7947,1
704f3d18cc088ef5,7948,4
8f7589f410feb1f9,7949,2
d7d66f7ac8fd9014,7950,1
55d4aa4d530ab617,7951,4
92b34efa7ba2d949,7952,2
eba6542c19031a49,7953,4
77f4c86374eb4d08,7954,3
d2ad8946f5ece341,7955,4
0b5c6aae052aa24e,7956,1
77797f0fb26aa10c,7957,1
c506691ed9b75345,7958,4
381e571383d789d7,7959,2
0f7dce265eb10024,7960,0
d677c22bcd1dc37f,7961,2
8d916c203153aba1,7962,4
5b97f745ec626b1e,7963,2
b0947395f62b5b21,7964,3
af7620fb0cecd79b,7965,2
d4ec1ea74298b765,7966,0
fbc84f8b35fb3a6a,7967,2
58ce22e1f7bbbb82,7968,1
447597ce4201cf34,7969,0
b94f232b8a097197,7970,2
859a025c896fe69c,7971,2
4fa6f2aa3b26b222,7972,1
bb4c0630cf4075a8,7973,0
387df6464ab0d841,7974,3
fbc2cfdb606453fb,7975,3
fbefd25966bd4915,7976,4
4b723738f4e20070,7977,3
b5c4a95544866bc7,7978,2
dd78e7d49ca8ce96,7979,2
5559097158206afd,7980,3
6b5db8f29ff27b39,7981,2
bed2fd4b94fc2817,7982,3
821a8588fca8af1e,7983,3
82f863d8aaf0f493,7984,3
4f52dc52f0c758db,7985,1
c5accf4430a5fb81,7986,0
bfea9eb0639006d5,7987,1
6bb17b0cb07c4e58,7988,3
c419d15f425a250f,7989,2
6eb897e4cc15b904,7990,4
624d7cd23ca80ec4,7991,2
321246ae3bcde925,7992,1
e14fd702cae74c74,7993,2
1645d497a1090241,7994,1
e96b042133a7349c,7995,3
f17e9feb5d1f6bba,7996,4
2c2c9bef93cef368,7997,0
c780506b0ad297af,7998,2
65872f6ad3d514b7,7999,2
0391854af2914709,8000,3
4da23ede9c8d8eac,8001,4
130a86d4921508c4,8002,0
c6ae3b7a1f790ff3,8003,0
3def39fdcb95b42d,8004,4
02761800d47bcf45,8005,1
2f2f37e5dd5b2f7d,8006,1
a86be88636bc9c92,8007,1
17279d54e52d98a4,8008,0
f44ea24eb6aab2ac,8009,1
322fc5804d1c59f8,8010,3
9ce9e9ad84433e38,8011,1
7f80e7e6813d5fdb,8012,0
b00e6b808d05e37a,8013,2
21898212b91ad767,8014,0
5d834ea9d321330c,8015,4
fc1e291890435f7e,8016,3
fff30f59bc946ec2,8017,2
c69811583c1802d0,8018,3
1c75e58560ca74b6,8019,3
ad679db186f6bd02,8020,0
e25400299c5da15e,8021,1
62c6ce81a1c34dc9,8022,4
8d05c27d66fe9211,8023,0
4ba88234b28705ab,8024,2
292c604f70a3c79d,8025,2
643502a79238a48f,8026,2
a1bd580de9a8cbd3,8027,2
cbd94020a8e3f783,8028,2
cbdac3eb33683ecc,8029,3
4c6d17e5c1f3d729,8030,0
3f55544534795ff7,8031,3
334f4985d977b249,8032,0
c08ef946619263e0,8033,4
9a4c189201bc55f2,8034,3
7bbc76c314392d7c,8035,4
11ddb531e954dfef,8036,4
f1d677d61a3da54c,8037,3
2dc84cf355f16881,8038,1
325bdb61447e747f,8039,1
d7838fe8c492b96b,8040,0
31b5b26b5efcdba3,8041,2
63033db88c403b46,8042,1
3dd5ae109ec416c0,8043,2
d262e383191b1ff8,8044,4
714fcd03b795ce66,8045,0
f1ace0b49d3e23f5,8046,1
467d64f597a77406,8047,3
7ea24aa859aa5fb1,8048,0
3500ee161619f1ca,8049,4
771fbc03cbd00bf9,8050,3
6fbacf8cf2d1e3b4,8051,1
64f6fa4ca8f2caaf,8052,4
2e11a833ba30cb36,8053,1
ab00a35500599acf,8054,4
da8112fe65675a8d,8055,1
00781129cb9e1b44,8056,3
ddbc0607adb8b9f6,8057,0
8eac8947b0aef0a3,8058,3
63e292095a5b3f55,8059,0
9c315b96c10eacaf,8060,0
24596e44c8465f0c,8061,4
4d2ec65aa365e79b,8062,1
1f38cef6acb4915e,8063,1
864c5f1aba47d563,8064,1
b575c14097768035,8065,1
3c0cd278bed4a330,8066,4
8fe4b1441a3149fb,8067,2
8d5bbd68957d09c9,8068,3
e41fa8e201fa7ade,8069,2
6c2da035006f803e,8070,1
fa198e8014645057,8071,0
bcee93786ea9d630,8072,0
c074086ba006bfcf,8073,0
2c8ff0bd051c65ee,8074,4
847608f92b87e7b7,8075,2
0b47c84ce6aa8057,8076,1
d92c65ed1918f3d9,8077,3
33573cef2bf36bd1,8078,1
143d4faec1d94624,8079,1
d82702359bd383db,8080,0
8c08d2ecc05d42f5,8081,0
3a3ffdbb86f7f7ff,8082,4
6f4ca9b212f49e73,8083,0
fcee51286f599fcc,8084,3
78ecc5da3f9add51,8085,1
66a242aa2d45fd48,8086,0
806b32dfbd018f0a,8087,2
ba5e0560e98c4d12,8088,4
348b2b73562cc4ff,8089,2
c199a9fa4aafda96,8090,2
a06115bc59463902,8091,2
03f9c5f335c1ba6a,8092,2
f933eff054b8b6b4,8093,1
aa69db63a33a48f3,8094,2
0d4431393ac16b3c,8095,0
35c838e6f8f138e7,8096,2
6d7087b770eda68b,8097,1
a24c7de256a58a26,8098,1
a6d1ea0c238a6879,8099,0
6384f241663a5d22,8100,0
80696badd212480a,8101,0
fabc1a5b77420fe4,8102,2
fbbe8e148cac948c,8103,1
bbc4361b55809fef,8104,2
e4afc7d57a153298,8105,0
66968bdccc6d92ab,8106,4
76bae4b27d4a8ab9,8107,1
a9e28e95f804b5ec,8108,3
9aff69cbb9dec2e4,8109,2
cda6d0b414b675ad,8110,2
ca5b007bda346763,8111,3
56c315cb4064816e,8112,3
60e9e723075d6329,8113,0
c1cc95b1a063cac7,8114,0
7243e03d488c2a72,8115,2
6f47e8cf85252751,8116,2
2848c61dcda090d2,8117,4
41730470e8a0a8f5,8118,2
ab111e0017c9ce88,8119,3
1812886cae280308,8120,4
297e7c8fb3abfcee,8121,0
fce74084ad6bd403,8122,1
98a4796118d6cdfb,8123,3
ff04eeb768a36b29,8124,2
f49db9bd1da64b80,8125,0
37337d9da2b318f0,8126,1
a1bf443cf9476b57,8127,4
3757c9350110bb4d,8128,3
55f3ca5082edfa17,8129,3
6324fb3c662d75c9,8130,3
7b38fe0064b8cf62,8131,3
378130eadf5af925,8132,1
6ad732856f14726e,8133,0
490ad719e41b0003,8134,3
524cba1992b40dff,8135,2
ca3d065421c80179,8136,2
db40c3e82b1d5a4f,8137,1
a01b2990e309e166,8138,4
b6a056bcfcf6f8f2,8139,0
58a2887241a1a04a,8140,2
ffa620b67732e02d,8141,2
1454397def4acd0d,8142,4
7b7ce418de5204fc,8143,4
4b602182d42b99b9,8144,0
8da4e7982420bcad,8145,1
67d1d32082bb4b86,8146,0
ae911d8ac131e891,8147,3
840f1cdd309f56cd,8148,1
c446bf291f903d6b,8149,2
49c7bb21b2799f3a,8150,0
fa86b98f7f32ba67,8151,4
4f2bd32a6bfdda03,8152,4
75df4ddc609671c3,8153,4
8b722b0912e4b2c2,8154,0
6bf071f24088de16,8155,4
0578c76db58f4c92,8156,1
5e33031ca5423f70,8157,2
e2d09a3b54c99f95,8158,0
a069909bcebc72e9,8159,0
8eaf884faff46074,8160,4
c4928d7cc1b10feb,8161,1
da511057b7a62577,8162,4
23f0807849d56f03,8163,1
4060afbced8254f5,8164,2
37daf6ec949694d4,8165,0
3d410a6b9a075e1e,8166,4
ff16225ac294fe4e,8167,2
7285088fc8a635b1,8168,2
b812769647934eee,8169,1
c2bfd5a40d775c50,8170,4
704ca32bba0375aa,8171,2
8a7547fdeb2f6ee1,8172,0
0cc4b30386bb7a73,8173,0
e88d62a2e6da9a8b,8174,0
9299eb2601d340fb,8175,4
07d1fd0ecca2ba7c,8176,4
0f345cd6671d7413,8177,2
684bdd7fa01fdfc5,8178,3
12a2d63958b0362c,8179,1
28f07649e7022730,8180,2
ae40e9a89d7ad79f,8181,1
f3b6f3ea41928aa7,8182,1
d1bd6552c925d1ef,8183,2
1c5906f29f98b6c4,8184,4
451e8b63cb02e7d2,8185,2
3349c03a6a0c3d1d,8186,0
e90c02088d1a253f,8187,1
720d3309c64ca251,8188,1
f5f3ef0f5179d1d8,8189,0
5e991979938c2740,8190,0
978d67221042c2bd,8191,1
fcbf82a24a5e7db4,8192,2
c8e05d03d72fa38c,8193,2
ce4aaf8d73b89755,8194,1
1973cc7b1c413a9f,8195,0
61bfc7551dc9fae7,8196,0
d825fe22fe32cedc,8197,2
db2425a08bfc0563,8198,4
8cae858f6a3bd019,8199,3
1752d263ce98f4ee,8200,3
66c143f5528788f5,8201,3
1686995b9c963c87,8202,2
9ff931caa7214b32,8203,2
b1aa87309987874c,8204,3
51e518a6a85c53e8,8205,1
f47740bd4894be43,8206,3
e53f114a283e59cb,8207,1
289b829c665d25c3,8208,4
9718450c64683cf7,8209,3
4c5bc28df846b4d8,8210,4
db2f113a9dd5e645,8211,0
d2dba49dd869aeca,8212,2
3bb2708e550c05fc,8213,3
d3ea3ef5d6e2a6ec,8214,4
f182e5c9957ef397,8215,4
eeb9994cc83d775e,8216,4
101e2b681cab5576,8217,4
0809f5439746f2e4,8218,1
27d8a8d70f279df9,8219,4
8945bc2f6b231a17,8220,0
ba17fbe741251720,8221,3
9b9a5fb55cca17d7,8222,2
aa26b1479c3a4192,8223,1
9c903760811b1e1b,8224,4
d76644a660ae5be2,8225,1
b0a41bb66dc07c9e,8226,0
8937a1d6ab6812be,8227,0
43404634596dbc18,8228,2
d170183a1f580e49,8229,3
4d9cf63c802f8247,8230,0
14bad3da29260b98,8231,2
fcdd8209aa8c0303,8232,0
fa451dcef93089f7,8233,4
231c7f36c6002263,8234,0
bc8649ed1866010b,8235,1
4fb96d66d1c55b7b,8236,2
d76bdaa49481ea38,8237,2
81bcca914f51a850,8238,4
310a52cf434e9923,8239,2
af1d132ece75aa4d,8240,1
44420e73c0561a33,8241,2
0042200b4bf73799,8242,0
6bd646769d08260d,8243,1
0aaa3b271adccb04,8244,4
146e2799a8c7198a,8245,3
f87d83c2a979a5e7,8246,0
cfbcf142ee3d552b,8247,3
dcb5afecd68509e6,8248,3
a9b407ec49383a25,8249,1
2c63bab56b8b46b0,8250,0
9ff2590295d8960a,8251,4
2f60b986d48bbceb,8252,1
0c9606a69673c953,8253,3
802f502b868f1813,8254,4
20c1979ae8d745b7,8255,0
217e9ac9c90e1395,8256,2
33cf193c4450ff20,8257,1
c3fcdfd2d2c23be9,8258,2
0a53d59bb7aeb10a,8259,1
25ed855f3883b4e1,8260,1
a442b4abe4c73249,8261,0
61b37b1524ff0e88,8262,0
bda7cf93391f58e1,8263,0
b1727f0eb7183f9d,8264,1
a554309ea2c04df1,8265,3
2af0880c3b5e133d,8266,1
d6356ddfc2649bec,8267,4
21f9349bc766fc46,8268,1
84234f1d1a2b5547,8269,4
a1da3f2e5962c2bc,8270,4
b945ff3f3e08ee6a,8271,4
e8779ee99881f297,8272,4
c65151cda4ab9530,8273,1
728a16512fd629dd,8274,1
26a3143aa47e0c0e,8275,4
7aee35f8ec81dd6f,8276,3
ced23cc6536d01d0,8277,1
efb4ce32de311ec7,8278,0
d06e239cbed5f7bc,8279,4
7cbbad01a415601d,8280,1
c4948c40935105ba,8281,4
6a782614a436f241,8282,0
a8c2a10894efab8c,8283,1
05faddea1f2b0f8c,8284,3
f8b74b524d32b839,8285,2
e5f573595b7c63bb,8286,2
c59c2035de9f134d,8287,0
e56fab4b912df8ee,8288,4
fdb30cb837804419,8289,2
5b99a6047d090b38,8290,4
6f91153c5e7dc782,8291,0
2ed1544a69ed6eca,8292,4
17c8e34b57b20ad2,8293,3
075822b37841ef6f,8294,2
4ed810c079ab0322,8295,1
a76110e6cb8ccc61,8296,3
e11e4480fc62fc1e,8297,4
87d4019a80bd9751,8298,2
3973bc2112ac9f38,8299,0
737c06cbf3e38e01,8300,3
4567f376ab3f4ad3,8301,0
7958afed1c5f8953,8302,4
05e609706f989a92,8303,3
ed6c7f0805c53a58,8304,4
3b7e94b3dc861b00,8305,3
03ff38d6e2a5dd43,8306,0
ecca209d258a39c2,8307,0
547b1a3a206af62d,8308,3
148917d9ec618b84,8309,1
296e4eeb07a42ae0,8310,0
862777eb5004bd7f,8311,2
471cce05e33bcd4c,8312,3
2b6df89af1f4117a,8313,4
8fedc39373acfc0c,8314,4
64093a4f9e5b803b,8315,3
0339d27527bc4d1d,8316,1
731da8254a28d840,8317,4
ae2fe7b832926396,8318,4
c87b478ab6b6bebf,8319,0
14f57d8394eae8d6,8320,0
fa0a496aaf441c18,8321,4
0c1e70f64e678c72,8322,3
87083059ddf0738a,8323,1
11d4078cdf5652ae,8324,4
7bfb0769c48eb01d,8325,1
e4ae909253d23279,8326,2
cb127710c0c8d33a,8327,0
597695f25b56dbd7,8328,1
8dc91336d1ba3fa4,8329,3
c59b0034b3d39816,8330,1
553128a7ee6c8e4d,8331,2
67cd68b5269f747a,8332,0
503a0f2d1d8fe35e,8333,1
8785928947544464,8334,2
c35075475566253a,8335,0
0c62dd9752b6bf3e,8336,0
143fd30be309022c,8337,3
028755bae3079a7d,8338,1
9a8c961fe4f39eb8,8339,2
05a698ce722fe2b1,8340,0
0c2b80078e27602a,8341,1
0032752d7938007b,8342,4
bee2aca135331dd1,8343,2
a99b0a386d507779,8344,0
6ec5393fdc3a4650,8345,1
90868efe7deae4b9,8346,3
f013aabbc1846222,8347,2
2005b6a2a302fb82,8348,4
6d9073b0f759150f,8349,0
20100bd7f8ea7c06,8350,2
aafa49480917097f,8351,2
16f48eee03c0fc3c,8352,0
c8787b7b85cdf00f,8353,0
55f7b1e4f51c7169,8354,3
51f1bfe0259ad772,8355,3
d753ba5979ce1f9b,8356,2
861f1840c0985c6b,8357,0
b923936efbab8aa2,8358,0
24dc2f12826df83b,8359,0
49bf482557cbf645,8360,2
e808ceee05045752,8361,3
69a9cd060f476aa3,8362,3
c11054c8f50babe7,8363,1
90d2bf1a35a33c34,8364,0
b8f9ec41553b1850,8365,1
736bc0224e3da1ae,8366,2
ca581a3103369007,8367,2
72b2f52a8525b4b6,8368,0
295d109209a60a88,8369,1
e5de92b94dc375eb,8370,4
6fde71bd34bfe866,8371,2
b8a704c3321e1179,8372,3
e98cc851b04dabb6,8373,3
303c851128ba3eeb,8374,0
593ece27a8f3482d,8375,0
dd12ec46651811f1,8376,2
3b624fd5138d31d8,8377,0
7990ded4559b8a44,8378,1
2bfb19841a4604da,8379,2
a0e8c1cd7cd27b53,8380,2
600851d89943753a,8381,3
56a34f2436e26593,8382,3
b5fb2b0c10e5bd29,8383,4
a536dca7831ba6b3,8384,0
6e527e278571d1e5,8385,4
a9a9ab651a4d2504,8386,3
de966cee4ce9b5d5,8387,1
2faa681d5fa87a91,8388,3
fd5d1602d054e2f4,8389,2
e02f774a7cedd88e,8390,2
d8c9f91665150e20,8391,2
cbdf8b5665581d57,8392,4
6780ffe61dd0ef95,8393,3
59c9f8e9c9a6e8c5,8394,3
6bccf5d01d24950c,8395,4
6a7fb64cebfe5b7b,8396,3
7cdb42c9a94fd2ad,8397,0
a0cc584f29f0c829,8398,1
0f04ddf2b8a67158,8399,4
a53f09efccde093c,8400,1
b2a86c2f394721eb,8401,3
b8ecd9768bd655e9,8402,0
3faa1b994d38aa11,8403,0
06af654e38f0cf04,8404,3
ea76402b95d7cff6,8405,2
f938116f54aaaae1,8406,4
a514b81f1489954d,8407,1
84fc0d0039fdb781,8408,0
ae4449bd30d235b9,8409,0
cee6c8cce142cff7,8410,0
0569c54e28c325f4,8411,1
1350543585a97c43,8412,0
04cc6d760439d9ad,8413,3
f2068f050144320f,8414,3
dac4133b43e5c548,8415,4
8bc58cf8fe4e595a,8416,1
1b4010eb0d32dfb3,8417,0
1bfa43f149359bd4,8418,2
675518cb7b3c86c8,8419,3
56ac3ffb0d64c637,8420,1
004703763452e569,8421,0
b28a61967ebfe4ee,8422,4
46df56a4fd24cf66,8423,3
de397a738987faf5,8424,4
0e31f29052de1a46,8425,2
0768301aaf46dd62,8426,2
6c9b714ad7c8128d,8427,0
58319ca945b69eb9,8428,3
412c435583d4b4f8,8429,3
f24c2553cbb45c6c,8430,1
eb8bd7d90d9a2a56,8431,3
9d69d5c7188fa20c,8432,4
9e0d56b401a9f963,8433,0
940c9d2b5f4624fa,8434,4
f8297dd69af1846a,8435,3
7a9655afa98b8893,8436,1
3d24354b177ef5b3,8437,1
20f3d6a870429356,8438,2
68675b83a160891a,8439,0
02061f20c0bdefec,8440,4
8fc2fdf99bf6075f,8441,3
e3b5a2fa2f687ad7,8442,0
d4b7bdce54eff45d,8443,0
a20c6b523990eec2,8444,4
7503325f65368918,8445,3
fdb96e45931dd19b,8446,4
18ab478f7605b3bd,8447,1
457bbfced5fc8329,8448,3
f21a5dde2ece4aaa,8449,1
848aac48086dcdaa,8450,1
a8937f02e132fd92,8451,4
f83394ff0ff096dd,8452,0
04c825410d4a41d5,8453,3
1440b995c7c4499a,8454,4
176fc9e4872875c7,8455,0
18cb7ec69672965a,8456,2
46eb91b643ae1925,8457,4
b6564a784350ffbb,8458,1
59d09d4e39fcb110,8459,3
6544212fa1b8fa4d,8460,1
43408836177b6d43,8461,4
233311a88152e9a3,8462,2
be1a91472bcc6665,8463,1
7e09e58694bff367,8464,3
8007a465de1badd8,8465,4
12de7992097910af,8466,2
30c3bfc534e7524f,8467,2
e12468074aa54eee,8468,0
86b57d3a6c75a4e3,8469,2
98fa0e6a9adc4be8,8470,3
8bda8efb1d91c63d,8471,2
b9df9fa32108dd2c,8472,2
da46792ad2a2d7a4,8473,4
7e2c662964d785d6,8474,0
8af2d57f6020a0f0,8475,0
72142a2772bd5d17,8476,2
88879e5b417cc191,8477,2
87bf7178a5fc0aac,8478,2
57016c5d22f5e863,8479,1
f40b95368cd2e0bb,8480,1
f9825c102536e34f,8481,3
1095805202559962,8482,0
7ed2d71ceec792bd,8483,1
7e6bdee28f4cad79,8484,3
1100821d2d9607ba,8485,2
009f408d19e5a408,8486,0
b4cc0ca7d164c5af,8487,2
9bee46b1ae372bce,8488,2
33c0c78824c44404,8489,3
160becde81bd838e,8490,1
334a892a0b05d167,8491,4
717f0ed6135840cc,8492,1
2ab47acd51ebbca7,8493,3
58ffbdc2378d450e,8494,3
40ed3c78da250a0c,8495,4
a365261126dd9196,8496,2
a8f5450d2fba346d,8497,2
592f56cd3b5dedd0,8498,0
f43de2c621c61f97,8499,0
b382af236974d93a,8500,0
f93666d4758fd9ea,8501,4
12f0b5bf8571d79e,8502,1
ffd77b109ae51fbe,8503,4
9b12b08a09ce6517,8504,3
91a200c1c6c52c00,8505,1
c4f720baeec3dbf8,8506,1
12f7d973dce2221e,8507,4
4b9360bff33a9561,8508,1
4b300731b0e32428,8509,0
db9a58fb07e076a3,8510,2
a2ae0a35a5acc42d,8511,0
c5a454f90b81efee,8512,3
c17d744061fa1410,8513,4
6111630f33fe781e,8514,2
50eac34d845c861a,8515,1
ec3ff95d639f0ac6,8516,0
10bb356f63978141,8517,4
81c0c981b74da695,8518,0
94ad23606f74c011,8519,0
652436468c0df806,8520,4
8d73194b36a4cbcc,8521,1
9d8488fce631eece,8522,4
335ae715902008da,8523,2
fa2caf2207181349,8524,2
f5b7d02229dee3d5,8525,1
0bb5c2b324209a6f,8526,0
74538ba2a3e05cc4,8527,3
53230794e7baa313,8528,4
d6cd1782a5a0cb5f,8529,4
d4a93ac3a88ef37a,8530,0
5c3e7fdd827539e7,8531,3
85027c9df1922e18,8532,1
01aa313ac4a10360,8533,0
b9432708cc6256f3,8534,1
6d67a753b3166016,8535,3
5a08e2a9c7de5fc0,8536,4
57120cd58a76d381,8537,3
01bf50883a5f67f6,8538,2
ac3d7b71383be57a,8539,3
ea65f7ebbf2f4bf9,8540,3
4a8402480ae63f71,8541,1
f2880909d1dfe398,8542,0
63cfee3696c47236,8543,3
50f483d098d7156d,8544,3
185ae5c8d320c7de,8545,1
382910fdcab979e1,8546,3
c106aa74ca2bb0d8,8547,3
8b21c43dcb7dfb98,8548,1
09fc8039ac9c3466,8549,1
0f0f0194dcc89327,8550,3
d8c2852f27d14450,8551,1
600fd073d7f09b37,8552,2
28bc1188ac8c1b11,8553,4
d6024c938d3d4cbf,8554,4
67fdec50b08dbdfb,8555,4
8287c8f1d405a8bf,8556,2
d925261496bfb602,8557,4
0e3fabfe11294f82,8558,3
62ba4cece36ffba7,8559,0
604ab6a47b093ec1,8560,4
be666fa959654342,8561,4
41c294910ebc7db5,8562,3
b91a447bdeb84664,8563,3
4a80616da65ceed7,8564,3
e7b66aa0686e7ca7,8565,3
458adbae2adea233,8566,3
28407c4b9c681469,8567,4
ed380a215981df5b,8568,3
2f7bcf24eb9300a3,8569,2
d7c36e6476fb6658,8570,0
a9e7d719f785b612,8571,2
fa7ebf8294719b42,8572,4
8670adc0624934c4,8573,4
fbe99a22025abe57,8574,3
1b1f4d9f30ad7043,8575,3
635690c26c3d574a,8576,4
4c46ea0726ebbe20,8577,3
65907a222f8ecc2b,8578,2
22b28fed94c29f67,8579,1
77b6f01da3c49aa1,8580,2
96e5c5e57b378138,8581,2
826157564b277184,8582,0
987a5f673f8abd76,8583,0
cf63a484e6508791,8584,4
be8d2908d697c979,8585,3
2ea6ac91c42a0b60,8586,1
390e9808977ae6ef,8587,3
6a2fd695ca184785,8588,1
388e169efcb224e7,8589,4
21fc302d666e4eba,8590,1
529d3767d5e7a40f,8591,0
60b199cbddcc1fbc,8592,0
ad73a5a498dbb27e,8593,3
76d67ad5f68693fd,8594,1
7acce01df92b5d81,8595,4
accc043673cbf5da,8596,2
d2d7893485c25d95,8597,4
3290a0a102835af1,8598,3
55cd4e7dd86236f1,8599,4
452c8b8df94844ad,8600,0
5f043d621aa4e67b,8601,2
fb7c7df6de18f35a,8602,4
c7dbba4e8ca77226,8603,0
889c6f7f3954ff2f,8604,3
ccd8b0a4a11bed2b,8605,1
b08539bf3be02619,8606,1
892d3bf51478bc01,8607,2
e06810965488fc8b,8608,0
f07b4476ec17e418,8609,2
75331bf79339f1fc,8610,4
2d0b200a99d6f329,8611,1
8d7c5cd081cac73e,8612,0
3b08da0a541c87e6,8613,3
3affcb028d149566,8614,2
7b9075b0a9abdfc0,8615,2
417c002586433ff6,8616,0
c421365d482a9528,8617,3
784a818fb39934ab,8618,2
7c5d9532d6e264c9,8619,3
0122f22815ec867a,8620,4
40efd56f2884bd44,8621,4
8190fa592dff26e0,8622,3
ebb58d2f66795b42,8623,3
c7fa60ba07f6c204,8624,3
b3d30c4ee4ca0f06,8625,3
73ae0984b091c863,8626,1
72674c760d2095da,8627,3
0e0b6247e8e912e2,8628,3
6e1bba6b0e4c43ef,8629,3
1da1492f7180aa1d,8630,4
eac2a3430407956e,8631,0
e39c66f66328529d,8632,1
0b5b8927c345079b,8633,2
88ac797b7a5628f9,8634,3
e4f7c4ea4fb191f5,8635,1
a55ce514c9f94272,8636,3
423baa62b2fef9fd,8637,3
683eb9de933fdc40,8638,2
42c00acf364a6c64,8639,4
db83ed21684f3deb,8640,3
d52bb2d3509553a0,8641,3
990fd89e3f782565,8642,4
af270230a7f1e45a,8643,2
59cef6c863c61754,8644,0
45011b9bdd673c9b,8645,1
20c87c9803fd4d67,8646,3
1196b3c1ae293a0a,8647,1
f9f64c7adcd2780b,8648,2
2532061e8054e8dc,8649,2
bb6626e280c14603,8650,1
3e72ea96b6320021,8651,1
1d70820f02c5b8e1,8652,0
409e279499732cca,8653,1
38867c70f55427df,8654,0
bb2b966683384945,8655,2
5cbc4d384d592d4f,8656,4
91259d25be474193,8657,2
b8ed25e008bb65c1,8658,1
991e978e548b4a92,8659,2
f2b23945232e8f83,8660,2
247a4a74add77701,8661,0
5693866466170d86,8662,2
1bd30069c46ddf18,8663,1
39824dc736839f02,8664,4
c79e8f72b2a01e77,8665,4
1d585b5e6dfbfa17,8666,1
82af225becf46252,8667,2
ef5711270e485cda,8668,3
c24a3c75419846ce,8669,4
e84880ef60bd54e5,8670,4
b1b33131ba479f3d,8671,2
1494f0c2f019e9fe,8672,1
7d334ab8c413b13c,8673,3
d4ea09d7149e0444,8674,0
28473ec0ee56b655,8675,1
26487c694f0fff30,8676,0
e6026b6b40912e60,8677,0
a47534a3ad2ce92b,8678,1
9280f193f286e515,8679,3
405841558f0ee48b,8680,2
4a331c2144ffd25e,8681,4
cfbee72479666a05,8682,1
bfc8f2bbe9493e57,8683,2
56f7d07de4d359ac,8684,4
0e6246b668b8aca3,8685,1
bbf77486068b110f,8686,1
d3e829e3aefbb35d,8687,4
c0a467764d45f7d0,8688,4
13a0e7ddbfed9076,8689,2
b8ac19a2452cfa01,8690,3
afab8f4fe6bd4307,8691,4
570e08d63902967f,8692,0
f6a7f9fcf09e04ab,8693,1
5c222c1f2c4282aa,8694,4
d77315494e8de1d9,8695,3
26ec987663e6ff0f,8696,4
293ca6dd95b10f9f,8697,3
70f8148a263f57b7,8698,4
9daa3b0cdea3ce70,8699,4
ac2f77fd496a50da,8700,1
708d14fda1f9bf74,8701,2
c29cfd6c7693e713,8702,4
16a80009dfc57b14,8703,2
8b2dbb934b0d6ce8,8704,0
0d508adc9014ff5b,8705,1
892dab2f4708777a,8706,3
27177de2277319f7,8707,0
7d26309ccbd7c625,8708,2
48fd9c137ab7eac6,8709,1
ff3198a8fac8b2f3,8710,3
37205021aba38493,8711,2
e39fe88c459f7c8b,8712,4
4292550b15f833c7,8713,3
f3af8459f1c8331e,8714,0
132c48f52f0d8f56,8715,3
aff471f3dd17060c,8716,1
f127ea9a414bde1a,8717,3
f8929d1b0be03ecf,8718,2
970a704b6919b151,8719,0
4e7f9ad73285d607,8720,0
2ea7c2bec79c9f17,8721,3
09249fd7cca24165,8722,1
fcb5e905bcb6456a,8723,3
c198a9d893c49601,8724,1
23080b941be1f89e,8725,4
ec8d735cd68dc5d5,8726,0
866d2c50695113bd,8727,1
557df9bd173c0f6c,8728,3
fc553dc1a64e8663,8729,0
986dfb02e1795f22,8730,2
314a0e0eb7de650a,8731,1
72e36a8316eea129,8732,4
cbe7edbb3db4b2c7,8733,3
3a4b044b59d21587,8734,3
f1cd8eb00d9490d6,8735,0
d745a60ec261b79a,8736,1
83161b144851474a,8737,3
0674834703df05e4,8738,2
f306a12ff8bcd1b9,8739,3
6ddbbbc1da98b48e,8740,2
e493c0665c97bfbb,8741,4
28432ab839d60555,8742,4
853d51597d72c493,8743,1
37aa4ebed86cc084,8744,4
38d0622a98c69f90,8745,3
19f645a0b54199b2,8746,2
78fd5c7bee547a99,8747,0
f2722ad1a0c2e089,8748,1
da9354580996cbfa,8749,3
32c7773293a6eab1,8750,3
6088df52394ade19,8751,0
d6e637e6526ec7a2,8752,4
3ccf8bc97375ff6f,8753,1
ce6e9b01f21b6fa7,8754,4
6647330d8d22e488,8755,0
55cf489d733c6135,8756,1
1a3346ef9945c117,8757,3
611641980399a601,8758,3
cc81f5b8c4fb6432,8759,0
9e83fbc78e3add86,8760,1
0c364d14af305297,8761,3
065a33c7d6a7ca21,8762,1
d317046f8c433ce1,8763,3
e80d83ea9bdd338b,8764,4
09851713298751d6,8765,1
73c8b03a9834220e,8766,3
2b116a22d666e7b9,8767,3
ec92e37f4f3e1807,8768,0
7e7737b5fd6d35f1,8769,0
7159d72187a0ffff,8770,1
11cb364e2b0f8cef,8771,4
9a69875562dca123,8772,4
84ecf2fdfcac5a38,8773,2
99447bdef4dea5d7,8774,2
7b7c488a378d7443,8775,3
2580e10a2a98584e,8776,3
44990bbbea94f4b3,8777,2
09b89406793534f6,8778,2
5f8332c8dd8de947,8779,0
049080393b45a550,8780,2
81c591b9ebb4e3fb,8781,2
740ced9dd02efc95,8782,3
47b9e523ea82f6d8,8783,3
726764d0792a1392,8784,0
e9bd39c11026de37,8785,2
c9398887ffe5aeef,8786,4
aed02f63889c67ce,8787,2
ddb4a722a312c33b,8788,0
28aebf958ddf30f8,8789,2
d02a2989343ee6ad,8790,0
1dc22ab787a76ea8,8791,4
00f0066382d75799,8792,3
e93c3d1fbccd4212,8793,4
c4145e3edc438358,8794,4
e2a5fd9cd9236b93,8795,2
e6a7279649c52369,8796,2
e649a0b1fd5a9d1b,8797,3
72db8d3f014c7357,8798,1
bd82cb2b52e85a5e,8799,4
6dd7878160403e6c,8800,0
7f70928d42917996,8801,4
52548c6a927c9224,8802,4
a44e96b7fb55b348,8803,3
0832f6811349309d,8804,1
081de9bb829bfeba,8805,0
490c64ac211f5e72,8806,1
54cf679a6513bd38,8807,3
5c0b9dd434586e80,8808,2
af82bd7d1bb1ec57,8809,0
423313a15c3ff580,8810,2
864be3f5a71c3918,8811,1
99fa40525fe99fc4,8812,3
527c40581e69bce2,8813,0
07b536760ac554d6,8814,1
cc6981c0d8e27acf,8815,3
fdafb4c29f741e37,8816,3
0f1bf6deec6c9276,8817,4
fceb13972fc3437c,8818,2
b33c4b11541f4653,8819,2
587e3e7e5841393e,8820,4
a4098d7fe4f34ffe,8821,4
9067d361bfbb270d,8822,3
b45c9b31c56e3bce,8823,0
38ad613921daee50,8824,4
3cf0faef7ffacf9c,8825,4
d6aba71addeedaf6,8826,1
adb783e578f5b3d2,8827,0
76c377d65ef9c901,8828,0
fe8bff87fb9daa05,8829,4
770e5ae8a14107cf,8830,3
005a7ce25d633086,8831,0
04c259e1e699f5b0,8832,2
db397728dfd8bb2e,8833,1
757078666ad0725f,8834,0
cf0de3f7417dae4e,8835,0
78e7bec9997a71ac,8836,1
a5817198aca87c49,8837,3
3032aa93fe58e282,8838,2
6e7a3fbd88321eff,8839,3
e1fae47c588a3b2f,8840,0
76ebb43dd51587a4,8841,2
bf6996d7f8f03798,8842,0
9ed01d0c7f10db64,8843,1
96388e8eedec2d7f,8844,4
81f3a28258a0eac8,8845,0
7f3089eba48fd3d4,8846,4
cca2257984586337,8847,1
7827487c67d42ef4,8848,0
20a2f1c5f2d2e990,8849,1
18454c3f81aaf413,8850,1
fa7603b4c744e332,8851,0
1cec73d1da5ddb48,8852,3
dce4ffc1782db53d,8853,1
d8933a0aea7cc9df,8854,4
20562ac95cb052b6,8855,2
8a9735796421726c,8856,3
96176385cae28d16,8857,1
92c7d633d9e0608a,8858,1
7fd92aea378ec5a2,8859,2
1d4e7bf26d89457b,8860,0
ec8c6d0ed627116e,8861,3
e1cf275727ef9936,8862,3
e73ed19a7a9f17c1,8863,3
fe50db6e4245bf90,8864,4
2a28955512f63dbc,8865,2
471b5168976a0ed3,8866,0
ed3c751628ad285a,8867,4
74fc1e24a978d917,8868,1
4e703af35494f950,8869,4
f3697679203c8e1f,8870,4
91d28b4c4fdd1d71,8871,1
cd5166bf27dad982,8872,0
7ff807d8d373c94d,8873,4
e43916e9fd496e1c,8874,0
12b251782db852a5,8875,4
2c1078207d142bdb,8876,1
90eed99d5dddfd83,8877,0
91bd62ccf4cb42ce,8878,1
c4c7ca11bff43a7f,8879,3
d82cea3d75c457e4,8880,4
8886b976f5d36695,8881,0
785b33661d39078b,8882,3
fff755f25020b036,8883,3
b95869d10021b4a0,8884,2
a8a1a2a0a7896169,8885,4
3bb00ad46072f4e7,8886,4
5eddbae63a2550fa,8887,2
170c187051bf730a,8888,0
6886002553f9439e,8889,1
9db9d67652f4fb6e,8890,4
60d5de615dc1fbce,8891,0
3d7e6f4eef1c2959,8892,0
b6bd9ef5883b0ed9,8893,1
f22330e277261029,8894,2
f493e84803c78791,8895,0
0ba2cd6d3f6c55ca,8896,1
00950a220ae0ac7f,8897,4
2797d6811eadfa4d,8898,0
7790ddddb24f9b04,8899,3
dd2a8f52a038c57a,8900,0
d317c681e9166bbe,8901,1
d445cb8f27340272,8902,0
4e0015b6cc9d45e1,8903,1
eb401759f8922973,8904,1
ac9ef3e5c701d8ad,8905,2
25559430b97bbbac,8906,4
d8a73af958d9cf1b,8907,1
01e7974e34152517,8908,3
4e128d7a51802c02,8909,1
d1b65a334664133b,8910,3
47c49f6621bdc328,8911,4
de4f9a4887a12420,8912,1
dc8e5f613da162f2,8913,0
26d39c2944c83994,8914,3
ada9c1453ba17fde,8915,1
6108c6240ae30bda,8916,2
6c0cc7c009c28c4c,8917,0
81d5f2770a159293,8918,0
3bc9919f9cb46fc6,8919,1
1fa493b118d8eca1,8920,0
a9b206cc057e3564,8921,3
d0af60ff27061136,8922,4
0fd93c4447fb086d,8923,2
be85fe3294bf3d25,8924,2
a2c3ce6f5eecc4e8,8925,3
b5e6c4060617e268,8926,1
b85d44c567470887,8927,1
8e4829e6709eb085,8928,2
9dd8e79a23bd01a4,8929,3
2caf2b960aca5e6c,8930,3
89a1267b37d66ccd,8931,1
d1baf0711c1f8385,8932,0
f06be029028fedb4,8933,3
0db07d9ef0886dfd,8934,1
041eb98ce7f8ba61,8935,3
2b9ab571dee4e5e5,8936,1
a9bf7f9a99db0f2b,8937,3
95323cec236d0434,8938,2
709bc3279464e5b9,8939,2
1388e5763f77b193,8940,4
f71fd42cafb49ab6,8941,4
411d2d3f41372fe1,8942,1
9ae7b1da226541af,8943,4
1631306ce700ef21,8944,3
a83811e3e838b6d8,8945,4
0e363d843512681e,8946,2
215354840b6f7a87,8947,4
28098a34de9a0f80,8948,3
d4cfcf13e8c2f206,8949,1
09e9c526fb26cf03,8950,4
22031e2a5467788f,8951,1
41b34dde1f2a3130,8952,0
0d079ea2f0042ccc,8953,4
f2aebaab57bc242e,8954,3
be373213dfc1a919,8955,3
ca78f1b81bdbaf65,8956,3
5a88648b857d3869,8957,1
8b4dd03f3c615c64,8958,1
2b18211eb1940601,8959,3
0d9aeaa5565c77b4,8960,0
1ebcf3a32da02133,8961,4
b04902545653fc82,8962,2
413c070b89b8fe48,8963,2
9aca17c094b32e34,8964,2
5d734e68edfeb131,8965,0
27f2efdaaa9fcf10,8966,0
ca66acb1ae5b184c,8967,0
b4d29d2661218e7c,8968,0
eb9ce0011a69b21a,8969,4
3eae463d81218782,8970,2
d1b8ee04f38dcdfc,8971,3
aafa169a791c25ac,8972,1
3be73da561881c25,8973,0
0273e72acd2d00a3,8974,0
12c19f0c068f4fda,8975,0
91d4f067c0eb2461,8976,3
ebe2be61f3da541a,8977,1
6a5d8afaceb0bb1d,8978,0
a4f6f4d06d336f34,8979,2
06d3b9a6f8480134,8980,3
7f46ed877782b48f,8981,3
8753e55baa8b2798,8982,2
0e6b7f1fa46162b0,8983,3
7f5717af40fe8541,8984,3
230b5acb9f1d80bb,8985,1
17f36230f3bf7c00,8986,4
153c15b2d2e74199,8987,4
3c65959297eaa5b4,8988,4
94aac4c30aa646f3,8989,2
3bf569bc33b778f1,8990,0
b18a46540dab97a3,8991,1
cb8d74ca427e1df2,8992,4
fc979318098fb62f,8993,0
3f95a4fd41a4030b,8994,2
b3816d667b7f465a,8995,2
254a0156dc0850c4,8996,0
84033d97ee0a409b,8997,4
39f743a76c43da61,8998,4
a1ea83841acb90cf,8999,4
5420ebc8b16ecb13,9000,0
da3bc1b2392bd0ef,9001,3
633f6eb64d5df6b8,9002,2
21866ed75a38417d,9003,1
cd9fd07fb9e81a3f,9004,1
37fa157edd266170,9005,0
ec257283c991c9bc,9006,0
72864e110aa40dc4,9007,3
5869c9d85dd8f3de,9008,0
cb3f5d13ecbd79bb,9009,2
2155dd45498a61a8,9010,0
c79545219d65f711,9011,2
46fb384e0bb581b6,9012,4
f70f032092e86d32,9013,0
5fdd26335a467c63,9014,3
d2bfd50b728b92d2,9015,4
34d935f88e539baa,9016,0
172efd206ff13981,9017,0
ecb77eb1714877b2,9018,2
22f2b02928153519,9019,0
f519023865e387f7,9020,2
ae9b9a3d2fdd6e8a,9021,2
587ea8b22455d991,9022,2
393af39cee2edad4,9023,0
fe27e6426e3936ad,9024,2
bb35edeef527b73c,9025,2
ea91f50b0560d312,9026,0
14cba7b6e681708a,9027,0
4b67bd9ae1c4202e,9028,3
c1f4ca29d9986eb0,9029,4
4951c6e731af38b5,9030,4
f1053861d6bf3187,9031,1
e4c19fc34cbff1f2,9032,4
4cf41edea0ce3dfe,9033,2
5a290f07449debb2,9034,4
457ae0974600c544,9035,3
de44ae9423987f11,9036,1
9b9545be067f15b5,9037,0
881051fc66a813ed,9038,2
3b0c3e431ae17aa2,9039,3
4967213d5ddb327d,9040,2
58667c566d1216bf,9041,0
101285f3ad276130,9042,4
1c15702d1e19c354,9043,1
2b39a680ffb7caee,9044,2
f7e401e552b1cb29,9045,0
46f59bc2c34f80cf,9046,4
78058d92f37a93e6,9047,3
e9e34c06b9ad1a90,9048,4
f3fe0925d8a84174,9049,1
94ed00bba49002aa,9050,3
3afa7748e17cba25,9051,1
21bba0973b733b23,9052,1
f8103957c160eabf,9053,3
a99ff6c554269371,9054,4
e9d51d4253b9c0c1,9055,0
1b96c351957dfaf9,9056,3
925f4f7a7994cdb5,9057,0
6c97fb4b3f0048d3,9058,1
072c8fec11aa00de,9059,2
f0f8d7dd5f5a0b19,9060,4
617d2d6177893246,9061,3
efaab552f2fde9a1,9062,3
1e6bb7e3c68ccd0b,9063,4
1c1aacb78b687cfe,9064,0
83f5d54aeb216b81,9065,4
5d0ee5033aad6386,9066,1
fa5bce6f3839d76f,9067,1
d8eeb646afb24aac,9068,3
f3313bba0ea7ea81,9069,0
edaf876bd4347540,9070,0
da40521fb951dcff,9071,2
7c9e5da1aca9c74d,9072,3
b731d55ee76c4b22,9073,1
07b95c40779e4862,9074,0
94a6663621a4099d,9075,4
3c7a8f1fa46f1b3a,9076,2
4315e43c4df52656,9077,1
4582d6d70f7c2afb,9078,0
c9f94ac5f8c5c55a,9079,1
3b5bdb85d9bbb2bf,9080,4
f94ba66efcadbb9f,9081,4
ca4424fbc5599489,9082,0
dbdbe0b16c0aff86,9083,1
5725c40622bf21e0,9084,4
a3ac4868bff4d7bd,9085,2
36af885b4d57361e,9086,1
d5950fcb383e8cad,9087,3
f4507df3663ad475,9088,1
ef2518d1fc3c2a9c,9089,1
0e9eb03865496d6c,9090,1
4baf37dfcc3388af,9091,1
eca928927624f2ac,9092,3
0c319ac045060051,9093,4
cdb626881cc1a5cf,9094,1
1b5867edbb0b4873,9095,3
6eff7aa96a62cc61,9096,3
bd60bafd38da887e,9097,3
e1f369e0e79d326e,9098,2
2f09332dea716a55,9099,0
75034ed7ca21f422,9100,3
bd946857a596b4d7,9101,3
0c90698dc937255f,9102,3
f95f99a7843a4e96,9103,4
aa9095d903950019,9104,4
b040362383637be2,9105,2
c9f9598c4c8f5906,9106,3
b7861a7a81b72a3a,9107,0
7b44f7d3d3e96537,9108,4
dbfc386f232d679a,9109,4
01f15a1301b99c36,9110,0
a3c29e1d8e4b6343,9111,2
968a9407cccde3c9,9112,3
9631ae8688bce049,9113,3
b37f341bc4f6310c,9114,0
3326eaf2a7075ec5,9115,3
da2cdd6bfbc00ad8,9116,3
40c1d15c218f5c62,9117,2
37ec7d6ca88e9d56,9118,0
51e052257fec2728,9119,2
c0828943920c1d8c,9120,2
3b28d6dc7ac85ff1,9121,0
bb7e26c7fc80ee7d,9122,4
23803b07115be5f7,9123,2
cb5f74659caab48a,9124,2
0f5e7c468ec47e2c,9125,2
24046e38af781fb0,9126,0
113e27b2b1ec9d85,9127,1
a50822fb8bc836e0,9128,1
4e7b163517c4f8b4,9129,0
134d246f02963a16,9130,1
4115ff4549e9eb91,9131,4
230c3d7ede677d6f,9132,1
101abbf61dd988e2,9133,1
8fbce60415fcb133,9134,3
05c4daf426f584f2,9135,2
716a1d131b8a65d0,9136,0
2424b77697a84ff2,9137,4
c4ee0a103fdd356b,9138,4
7694d44cfaa7e055,9139,0
c210765fe43376e8,9140,0
4a9630117cdfc3a6,9141,4
dbe0f58001b863f9,9142,1
e7fe6bc33e97b116,9143,4
7be25d8f6ad5f3a5,9144,2
a11e6c74db843f0a,9145,1
82ea1501a8368a63,9146,4
9d70921f9e63694b,9147,1
20ab0388cdb8d12c,9148,3
ddab93ad08664776,9149,4
e6802a8948ad1711,9150,4
8d197d1d180b7184,9151,0
23150eaf46e1c75d,9152,0
1a6fd4ee34e37438,9153,4
9dd792648eb3aefc,9154,2
3003f462b8ed302b,9155,3
76c034c0154c07a5,9156,0
aa9b7dc215b38783,9157,3
a6b87c52454511e9,9158,0
63a479f8ae94d28f,9159,0
3c56efa2eceb6df0,9160,2
5f618989db3893b8,9161,4
a5801ce7afdb1193,9162,4
3816d816427c7ecc,9163,4
94b88f57ed4bf7dc,9164,3
e4ba65a5f432c5c8,9165,2
cd27e7277f483658,9166,3
e74ba09da1e78c7b,9167,2
0966ddfe99ac9c4a,9168,1
27d997f3466d4814,9169,2
cb5e36905e873d2c,9170,2
dd2b68ff18cb24de,9171,4
adf709b3e617b3dd,9172,3
9aaabfb11aa8f733,9173,2
8d178c4c134d88ea,9174,0
017bd0f8d94717b6,9175,2
5badf9f77a8c2f82,9176,0
cd3d2f646200f870,9177,1
9c7b209a9c4da7bb,9178,0
fbde6d57cd2af32b,9179,4
f2dc6855f4b1e9a8,9180,0
12b02a34b8a3ae18,9181,1
05cf3f94060541de,9182,2
63b4e6c221d8956c,9183,0
2700d4c390425dfc,9184,1
b73b0cdabfbf0546,9185,1
8259544499092a1d,9186,4
8a823b51d18d6a4d,9187,0
c331281a273eab5b,9188,2
0bd956f4b297d550,9189,0
d68e92df377defef,9190,1
fce30f293e94608e,9191,1
61878f56fcf6e513,9192,0
e4c7c4adaaeff7c3,9193,4
2fa98048c3762920,9194,0
b904344c3328a3b3,9195,0
7980bfa5c49a90a3,9196,1
77daa75fd2ee8ba7,9197,3
2e2ab7773ef3494a,9198,3
a426c1292700f90c,9199,0
717eb5d4ebead9f3,9200,1
241471b240b11903,9201,0
b3f3e95a5a27a50c,9202,4
5bf3f7f48e0f2c0e,9203,1
6795d2ac7cd39e29,9204,2
cccbca48d154ca93,9205,4
dfebe0e8e6166ec9,9206,2
d7258c0c649a3b0e,9207,1
df4fb8865cd93054,9208,2
856829e9ad034688,9209,3
ef3076413f96226e,9210,4
f30ce810417d6062,9211,0
53d903bd952ec9b2,9212,3
63a5c721d1936dec,9213,3
660cfecec84505cc,9214,3
d81eef1d658987d0,9215,1
665e9a563e4d1abc,9216,0
699a57313b7e1bb2,9217,3
8cf550ca5e31d481,9218,3
daa087923a6dfb39,9219,3
3e86e7af4b1e27fd,9220,0
afe670909b015458,9221,4
4a06fc0d7a800295,9222,2
9df215e4f9129d4b,9223,2
0bd31ec01fa47e47,9224,2
1bfb7986ed94c276,9225,3
32ef44ef9e4a36c7,9226,2
3941491ff0839c0b,9227,1
201578456d121425,9228,3
08045586b3459d33,9229,4
635f08069acfdd8a,9230,1
cc88acf814fb955d,9231,4
1bf51522f3be4759,9232,0
58088b06fe5d9dc0,9233,0
43939826c5e0a550,9234,0
f119cd10cb09bdd3,9235,0
9e944d4c554109fd,9236,3
5b825fdab9c2e5bf,9237,4
5d5e70e69610c9b7,9238,3
4f4b047bf58a9fd2,9239,0
e2f7587da0d62511,9240,3
64ec2bf4bfa28e84,9241,2
44c6127c3c1d6803,9242,1
e0f657483f13b236,9243,2
543d6c0d4e4d5c40,9244,3
f4be9f4365fe272a,9245,2
ad469f856ef3e06e,9246,1
ec534a279ecf6bd5,9247,0
3157f99b82c8546d,9248,3
c4563fe260b8a9b5,9249,1
b75c334fbe788464,9250,4
604b4fc81364baf4,9251,0
90e8f52c1f15ee9e,9252,2
82162319811090da,9253,2
425726b87bd151d7,9254,0
0263e70d243ae151,9255,4
5c201bb226737ce7,9256,2
f481ec7324771339,9257,0
ddf85c34d58cbd1a,9258,3
a27d37daa6a95738,9259,3
790a4af7a03cf01e,9260,4
69fec1f29e28eaac,9261,4
9961caf25c8f1a92,9262,1
7c4d28c3b722b45d,9263,0
6c09c57e30accb6d,9264,2
f2e8df1fcd98ca38,9265,0
367822b1c52720d8,9266,3
e29d383dd83680cf,9267,1
45dd884a37848715,9268,3
2ea3a1cb8cf17a32,9269,4
a630106daf799c5d,9270,2
be21a97586e379d8,9271,2
8271119c17277ebd,9272,2
75656409f33db997,9273,2
c5e90481ad0bc4ec,9274,1
288f62fb3f4586b3,9275,1
1120c20b776b45ef,9276,1
91e4c809297a0dbc,9277,3
5453c5f1100a3fd0,9278,0
b9ab7a7a726b8ee0,9279,4
c8e492f944e9b51e,9280,0
9fae100879b9e74c,9281,3
cbde59828e82c8f8,9282,4
bbfdb58f7cf76db4,9283,4
8c6b7c138ca8ba0f,9284,3
37eb42e8c0250f0a,9285,3
f38bb0031e014626,9286,3
0979f9726f2285b9,9287,3
287ac180745a0810,9288,4
2dadddd197967cbd,9289,0
94abb70eb842b2b1,9290,2
1464641afa28c340,9291,1
034b99df98fed0e0,9292,1
53c832b0489479cc,9293,1
f2136dab00074f2a,9294,1
86e89d109a5adbe0,9295,1
9dd07794eba0d9a7,9296,1
80f83cbe9327ede5,9297,4
60142219f5f5518a,9298,3
dbe224c8374c5537,9299,2
df386898589cdd20,9300,2
28c454134c4bbbe9,9301,0
f7d0a3eec8acb934,9302,3
78f49198d990efb7,9303,2
934c15a8c4139ea6,9304,1
1ac47aa9a708db83,9305,2
1867a7f3c2cdb689,9306,4
a32dfe5817fda0b0,9307,4
2d305bfeb57c50d3,9308,1
bd27f36b470687fc,9309,2
2568e5b153bcc782,9310,2
21100b9df70d1ef6,9311,0
42a6e18bb25f636c,9312,3
8c36a77836ee6cc1,9313,4
9c88a540d3aa579f,9314,1
284694bc30c4142d,9315,1
a474be91fda6fa84,9316,0
486b89e6891bc4d6,9317,2
1bf4adbea801147a,9318,4
54906b34c0af0aea,9319,3
ef1c4778b7d937b3,9320,0
a6fc85c23cf3b3ce,9321,3
f9adf2615cae6a06,9322,1
7d2abfa021be8056,9323,0
0098f6949e264280,9324,0
cd525d26abdd2682,9325,4
6c84f9c43049b66e,9326,3
67207d6ed3f72f24,9327,2
1e1c4f92a2184f6d,9328,1
e0d8a70c60926cf3,9329,3
0f9559d96575e43a,9330,1
ef2a402ce0aa227a,9331,4
0bef3b58ccf648cc,9332,4
64b3fc3910d01186,9333,2
5a1b4e7f5ef3db51,9334,1
23acf97d0ce63f93,9335,1
48864c52a3bcda10,9336,0
3676f53ff7efcbe5,9337,2
70a5105b7799e3c6,9338,2
220015a48eced030,9339,0
74b722b90362ea98,9340,2
3152a81ba6c90dea,9341,3
1cdae27d6d14dc6a,9342,4
1c4c84ee37a1bbee,9343,4
2296bee50197881f,9344,2
edede61cccf48778,9345,2
7774ff3d5697da15,9346,4
1333b4631ade1218,9347,2
d5a92cea425eb180,9348,3
25beeba0811300d5,9349,1
023f9c693c353050,9350,3
9fe7f8dc55d446bf,9351,2
5864ed642cb30e98,9352,1
2738d582a94b0cd1,9353,2
2de10170ccbbfe38,9354,3
b3255e1c6034fe08,9355,2
d2304e5d99a59452,9356,3
e0aae201e685b9cf,9357,0
02cac3a7a9cdb5a4,9358,3
8bce62b4a894d98f,9359,2
dd00773eccb97338,9360,3
4f88f527a2b0cd70,9361,2
0032fb44ff815427,9362,2
b42c4ab41d370ad6,9363,2
e7c3f781cb50c3cc,9364,4
b107b9e2421c4c70,9365,3
fa9849ed7e34b94b,9366,4
3233dd8b9d7aacbc,9367,1
af44d23632743ac2,9368,0
f02dfb6be92488fd,9369,4
ec47ce1d1ef8b04b,9370,0
d7341ce2ba098d64,9371,1
66c512c9ebefe868,9372,4
fc0d52309ce8e7ee,9373,4
ae5e80f5815be852,9374,3
c338abeb2c93ce34,9375,3
543259d97b69bbad,9376,1
2ef5da6907743436,9377,4
603c52fdc2d04f53,9378,2
5e2c1c588fbd8076,9379,4
f7175191d57e8b5b,9380,3
b1d89168025d2814,9381,1
e088f2ec820a5bb1,9382,1
44a24a54ad4b7c98,9383,3
573481e6b3fcc5c8,9384,3
3c1230f899a678f9,9385,4
6457cc0ddc9a3fa8,9386,0
c9c3b2a7689c58c0,9387,2
6e6ea162b9bfc130,9388,3
323b066cf41beede,9389,3
fba7aeffee77589f,9390,2
59ec43656217421e,9391,1
4bf0c910dc31180b,9392,4
a70fff26e837d371,9393,3
996f1aa553409978,9394,2
26117923f078c956,9395,1
6bfd92db5194c491,9396,0
8d4d2179853ec3a5,9397,4
df49808050420626,9398,3
afac988c341a6a92,9399,4
b195b65e9c0f7449,9400,2
baf36cec94701cf7,9401,0
c37e1a6702092dff,9402,3
4572aef193926dc2,9403,1
937efd9c32d01ce2,9404,2
ff7edd1d583f269c,9405,0
52edbf5da68be030,9406,2
6db0ba2ed70d4ed1,9407,3
ddb40c84498785c1,9408,0
9a0b7f7cc54c2ec9,9409,4
cf79938360026211,9410,2
1c65ee011ddcfa33,9411,0
5b7aea02e9c504ed,9412,4
6122771319e6c300,9413,1
a9370c1691b7608a,9414,0
082242ea5873ea32,9415,2
f07aa6d2c83bce4e,9416,4
01a99d1fa6673a1c,9417,3
5522264e632c2656,9418,1
744d857c174066c8,9419,1
44d408b5ad541459,9420,3
53b9b09bfa68d0fe,9421,0
8b3ba00dab1af134,9422,0
810df7d7d756fdf5,9423,3
39947fbc14fe78d0,9424,2
2aac7bb66c79f73c,9425,4
88052e2acf579df4,9426,3
ce3a45dc363ce686,9427,1
fb40c67a7e2e8dfe,9428,0
51858ea0c69a4c63,9429,1
8ce5c0e734f97624,9430,3
639c577832413ef7,9431,3
4db9dc53ab76fda5,9432,0
b494df353a965a10,9433,4
6949d291a75f584a,9434,1
e4dff707f435b050,9435,1
506cf12de06ce896,9436,0
d25f310e82022de8,9437,4
752d5ca23fe7ba44,9438,0
b082e38e0f53a698,9439,3
2e2c668cdd12e4ed,9440,4
af19537ced75b2d3,9441,0
dbee9c720c10e24c,9442,0
2d2e364538f8b5b4,9443,2
023b1733f753e646,9444,4
a318dfdc62822525,9445,2
e2a63a1cf715fea7,9446,0
84184ea2a29825c8,9447,3
bdbdf0294a983287,9448,0
0116a621f368f46d,9449,3
b996ffaddfbe48bb,9450,0
e94cdd241516f069,9451,1
1ee40986ffc3d52e,9452,2
afbf9d7ab178e4ea,9453,0
454ec1ead1a4268c,9454,0
a9b86c74492a2753,9455,2
565fefd443d8dad2,9456,3
a3bd1c4b9d6fe4fe,9457,3
a2ab0938d70f0171,9458,4
6673ef2ff3bec78e,9459,0
2b760a936ab9baaf,9460,3
8b2367f213d64179,9461,4
97e6c9d2a93b8026,9462,0
9afe5688c7eec32a,9463,4
02b2e7094f0b0b98,9464,2
b44167bb678bb86c,9465,0
7d058bfb570a3c93,9466,2
f2b03ed74d0e3417,9467,2
f9e303ad32bcb9a1,9468,4
51125abb244a0c15,9469,0
6fa029534bbf7d49,9470,1
2995b6141c1906e8,9471,2
183ac91d98f9b5b3,9472,0
db13293c297ea5ea,9473,1
6d10aefae127f21d,9474,3
5568bd2591b7effc,9475,2
359273c7d7a74b84,9476,3
bd8bab340fa57ad6,9477,1
a9be265964b4158e,9478,2
ddacaf0d1e261b00,9479,3
a1c070bcd92d8fe5,9480,0
dfaf7cf9aa4afe8a,9481,2
8ab4048854ea60ba,9482,1
f8330204264a51b9,9483,4
c2200744aa7dec82,9484,3
fbc81a514e2b7cc0,9485,1
cca88c3a9b8e9c09,9486,3
e61ab8319424dbdb,9487,3
9d2d4ddcae3ce7c3,9488,2
b7418647ffb93c55,9489,4
a4f38202272c1eeb,9490,0
2f6c8afd570e7d1f,9491,3
b98c079bbdce88a9,9492,3
259a029f1b9c5510,9493,3
1ef380c4201a88f2,9494,0
7bc62d1e1d814bf5,9495,1
b9ded86289546c0e,9496,4
7a9377a8b0582b12,9497,0
fcfaf9a7479d242c,9498,4
00084c4ff6cb4ecc,9499,0
a5bc9ae66374088d,9500,0
216997bcf9ff5f5a,9501,2
f283a20e56ad60c0,9502,4
6d4acd28a24e9da4,9503,1
bf26a50bee5c44b7,9504,3
11af6b6a9510a496,9505,3
6c3f0c05dae4f442,9506,3
a1a84f8216347126,9507,3
58c3c3bf06978c7b,9508,1
822d4eaee6884876,9509,0
6922699b816c2085,9510,1
d11240c00fc814e7,9511,3
b996bc74eee46503,9512,1
07699a734954b93c,9513,3
b074398972ff76dc,9514,1
3d2b831a842e57fd,9515,0
05ea49759c4dd11a,9516,1
9cb6010cdfe0a7e9,9517,3
056d90b5c4dd5cfb,9518,0
1c4e62f5015c19d4,9519,1
d59c5bd3d470d912,9520,0
771a85c52740500a,9521,0
07a1bdcd7f927628,9522,1
3d983fff8427a743,9523,2
fb8b4f8876fa4bd0,9524,2
61518b12ceb98fa6,9525,4
74daeff9943b9776,9526,0
bb4ece57db384ff1,9527,3
878d26bdaf0bf21b,9528,3
5b47a11030efdf93,9529,3
3ad17702e103a7c2,9530,3
4a22062b0964759a,9531,1
5f839d67c4a39239,9532,3
9dc1840ec92334ac,9533,2
47938bfb527326fd,9534,4
ee7191a463e36fbc,9535,0
5c690bc3fe56ee7c,9536,0
322d6535548da1f6,9537,3
5bba0ab0b6d15b74,9538,3
6c6926826fe76a27,9539,3
1fba66924f5d706b,9540,3
8e689a957be481bb,9541,4
bf0b4e761399ad53,9542,4
13c36d134366d32b,9543,3
6e5d5e009e14de77,9544,4
89b7e5c9bbbfcb1e,9545,1
2002914c32e5bde1,9546,4
d08bd4ce6df70f89,9547,3
f8af46d0b204c0e1,9548,4
36d77def0d7508be,9549,2
4c15462088c510cc,9550,3
14ce4850304ec87a,9551,4
f339ec41d8e26bc7,9552,3
12fe07efdab7c9a4,9553,1
1742124dd44fd22c,9554,0
ac67c45727613996,9555,4
b47a2f15434e339a,9556,3
578964b9e86ef96b,9557,2
348d48d2003e815a,9558,2
39a61cb56fce4465,9559,3
87b3e58aff386818,9560,4
03490b9527cdb5e4,9561,2
61df91782d8932a1,9562,0
fedd2fa51917d7c7,9563,3
70702346745ebcd9,9564,1
50bf2c3f128913f2,9565,2
a35bf8a824282bca,9566,2
e9a42b1d4b6fb805,9567,0
33fd5405a5d5aabb,9568,4
6b498f1186273fa2,9569,4
d8287bbcfa7ac96d,9570,2
680f483543686bd6,9571,3
b4f153a2428648c6,9572,3
2f49203d03b25c9a,9573,1
e1777544485ea650,9574,3
7a86e236874e3ba3,9575,0
a9a3c0ddfcba6610,9576,4
2aa50884ab286056,9577,1
6cc3abb3c2e157a4,9578,0
f035765b2db91c65,9579,2
e32a90b7a6f43f86,9580,0
4d3cc109fd2520af,9581,2
25385b1e890d7cba,9582,2
0e35fee167eec1ff,9583,3
48f3ccd821fada09,9584,2
b09a24e3b1852282,9585,0
46632b63abf72c02,9586,3
9711901bac92d7b6,9587,2
df7ab694aa1d5470,9588,2
09c90820b1e9cccc,9589,4
c3c62568cbc5061a,9590,0
bbb15c344ab50fda,9591,0
964cdf535e07367f,9592,2
f33b57e573d0d650,9593,3
af2f90ee356d5371,9594,0
8bd737179b36984c,9595,0
d52fb8c4989e1d4f,9596,2
fd88cb3b1fbeef1f,9597,1
f3e6d9145256b8de,9598,4
01e36c6f49f918b0,9599,0
82ac7e0958028df3,9600,2
f3ea67f9690a2efc,9601,4
22c18eb58632d9ac,9602,1
6322e498e7396ee4,9603,2
d574c3ee627a4db7,9604,3
f3abff4ae79add89,9605,2
2a17f3253675fd89,9606,1
7971ec55adc3d4ea,9607,1
8e09d40106a205fe,9608,4
63edc2d117531ca3,9609,2
9f9670726137da72,9610,2
80404e643bb37688,9611,4
46dfdcd5d0e778e2,9612,4
ef3f577e05782b3e,9613,1
52a58c8ba0ccda7d,9614,2
b86abdddb2e2146a,9615,2
2a16c5f263a9e364,9616,1
d7ca8678cef3b374,9617,4
2707a20c1a54e3be,9618,3
6a15d609979ce04a,9619,1
84fa08419f54859e,9620,4
65028a3399a4b2d1,9621,2
31ca436cdf4450ea,9622,4
498e289240a33bbf,9623,2
b848f5f2d0426150,9624,3
01d3164132c8c506,9625,3
aa11902aac93b705,9626,4
eb172b8c71dd8ccf,9627,1
f5d642d6ba105e16,9628,0
539927c6703d0b13,9629,4
51d0bc7008523918,9630,3
0b5e30fd2555628e,9631,3
afd879885e4e1909,9632,3
6faf63edadfda446,9633,1
c5cc7f72bac8cb28,9634,2
5637e865a4c9623f,9635,4
3cb90174a299b9ed,9636,1
515cb2a91849da4b,9637,0
519478ff5b8cb89f,9638,2
f6eabdfdca694b04,9639,1
930290c2ed01101b,9640,2
a1ae06b77413c1ee,9641,0
aa903b97260f9614,9642,4
d4a2f3476e10556a,9643,0
e8a7978290ef5faa,9644,2
1bf6b5550db78a88,9645,3
f3507c1e5ca87ce8,9646,4
57eb02a7d98c6521,9647,1
03c473a7bc6588c3,9648,0
027cdcddcde8eced,9649,1
5eb0fc33fa33705b,9650,1
d5eb71802da467c2,9651,2
9ce946e9023c785b,9652,3
5df213352734f5a4,9653,1
c1f4187f935e7f3d,9654,2
9b5edc714a276a5d,9655,1
17240c38bffe3799,9656,1
be2d681f4b631f92,9657,3
30d507e89ce433f0,9658,3
e276fdba660cb1ca,9659,4
7b6620665739c353,9660,3
22b6b9e8531427a0,9661,2
c77911973af37f3e,9662,2
3f3c74570ba841c6,9663,1
1cb89008d53f1610,9664,1
42a48fda4c7f5368,9665,2
f9a2c79acb77c047,9666,4
f1fed7b85e5176de,9667,0
d8a551a3e62753be,9668,4
e25f5d98da2c7999,9669,3
c7a2b5a10c403cd0,9670,0
97d270e4ae2d5949,9671,3
cc6c311ce0d81f2c,9672,2
2a0340a14b1928b7,9673,1
6ff06e893932c994,9674,0
0352b0fec2720c67,9675,4
1ac85b42a7ddb11c,9676,3
b33fe005f4b929b1,9677,2
050918a2b1a970ce,9678,4
f2c9403427fc3374,9679,3
32a45890ae7120e7,9680,0
2ca1ce15a3089b34,9681,2
501e21367179971c,9682,2
e8ac914396e4b35b,9683,4
6ec22aeb3cbe54ea,9684,0
8d3068e2090131cf,9685,3
aab41d50cf718a2a,9686,4
90bcbe3f552271c2,9687,4
ee5c2b7346bea731,9688,0
64540c7b31a53220,9689,0
873ec7af3a77135d,9690,3
553e133142967b77,9691,0
0fa85affb3508f0b,9692,3
fca74a3a8ad0446c,9693,2
45a653b89c3315da,9694,3
5e0221d2ae5fe1cb,9695,4
2abe026cfa209e5e,9696,2
a7f4a48fb3693243,9697,1
19a1e188a51a5afc,9698,2
b83b4856baa59375,9699,2
abe227b47659189c,9700,1
b20c84314639ed3d,9701,3
0685bd680bbb779b,9702,4
a86e9bdf3449900b,9703,1
bac6d1c84b959173,9704,1
ffbf30c6ebe1909c,9705,3
0051c1d956cb1aaf,9706,0
e47a1852f97fed35,9707,1
d5635277c9857691,9708,4
4fc92a849e6ab78c,9709,0
bc63ed9a9dc865af,9710,1
acae4cbf40053d0d,9711,2
61734aab54f197aa,9712,1
3a9d14d005a139b0,9713,3
b869f37e80254626,9714,2
51c08bb36521dcc8,9715,3
66f29eabaf17ff36,9716,4
f496d0df28c25e89,9717,0
65a9a1b7c8478665,9718,0
76a33069dbf7bbe7,9719,2
c871c4738eefc735,9720,4
762005873cfdc134,9721,1
03782f0a263ca29e,9722,1
7bb4585b2fb1220a,9723,3
8c3b5c49531aa641,9724,0
4346e2c340da2a68,9725,3
b99252673646d351,9726,0
e1a113fd22d2dd55,9727,4
c694ec1619e1fc50,9728,1
4e0b18e440d58b8c,9729,2
90e372f2e8d215ca,9730,1
2bf7d26e59e8fb8f,9731,1
8f836af8c2701ddf,9732,3
31833d301018df89,9733,4
ede67aad28fcd111,9734,0
6d242f26cde2b522,9735,4
1f66a3222739e352,9736,0
d5d87967c51de233,9737,0
02459e750e549cc9,9738,4
fe06aa042270b040,9739,2
10ea93c478865573,9740,1
3071e3ea6a98978e,9741,0
014290563b5f999e,9742,3
dcf0769b40c34662,9743,3
8c20b375817be5a4,9744,2
035478326e87ba06,9745,0
a8e39c78b9bf0562,9746,1
9e241ec0b0a151fd,9747,3
237bdeaafdf97639,9748,0
fc385daebd459c8d,9749,3
41fe998f16427814,9750,0
9977751ccede525c,9751,3
54d958dbd00d0a89,9752,2
73c84d24ececc5cf,9753,4
9e6c947b08e2fee8,9754,1
4cd7e646fea82a1a,9755,4
1804ac5fc75e0d16,9756,4
5f2500da3883b8eb,9757,4
100c022b79cbf42f,9758,0
c10680c55ed85952,9759,3
efbb59006a1939e7,9760,0
48c14e87420e1b4a,9761,1
7b47d7da7ced78ff,9762,4
497d574dc5ddbe5f,9763,1
a7daca5328bfaf57,9764,3
e6dcb56d52a1c5d8,9765,4
2140f89ad89a3747,9766,0
f7a9d0de95e3b286,9767,2
d298c59ddbe07046,9768,1
462c92d3433bfe40,9769,0
3456f4fdf6c0fd82,9770,2
673ce609108a2c13,9771,1
0c13c2a73004d0e4,9772,2
c764ba8045e331e4,9773,2
4d04f8f61df2edb8,9774,2
0ed928ce0d90635a,9775,0
e589a43a406209ac,9776,2
eb232b45535ec382,9777,0
fa8139466766f50d,9778,1
fa35c7a6cd177728,9779,2
e1810b217c91d257,9780,2
74bf968bad6c44ac,9781,4
13803eeb06567a36,9782,2
0fa7270eef92a81f,9783,3
2e33016956540399,9784,0
a41b6991d332d543,9785,1
2900686a029b6e29,9786,3
4b2b0575b30453ab,9787,2
a2431efcf8b3af66,9788,4
20b5d905acdeb856,9789,0
ae550ce5374a0fee,9790,4
b804ef33d68d46c1,9791,3
1ea04b51855ee41e,9792,3
34fdc5a2ad26c537,9793,3
b960377919d531dd,9794,3
3476cfd7baed1b2c,9795,1
b22e03a8bcace8c0,9796,0
02db66fad78fec7b,9797,1
fcf8d32ecf9bcabc,9798,2
f3e2320a08c3b4e5,9799,2
506b322c12075b59,9800,3
70b4d32804da6eaa,9801,3
0bceac271ec65ebc,9802,3
d10df997a1bc5172,9803,4
f7e0973b464e7a7c,9804,2
320f773f48e2897b,9805,2
aacdef35eb48fc15,9806,1
b015021a44ec79ec,9807,0
f62a5d8c31ea829a,9808,3
66651ae92a916831,9809,4
7630db00637e5b0c,9810,1
787d456c5c00988c,9811,1
9afa6b98b2373aad,9812,2
cbdb2f58e012b93a,9813,0
988b73a689b1a599,9814,1
b9b7b9f9d98ad662,9815,3
d77a156984cb2d21,9816,3
bb10b756c38e5885,9817,2
61a8a64909643209,9818,3
5fe545b9f190ad2c,9819,2
76ab4bc79adb66ef,9820,1
b8a10cd3778ea8c5,9821,2
9edad63f730cac6b,9822,2
cfb194f3096fd9a1,9823,0
700e2ad08b99ae35,9824,0
ec1ef5297d621f45,9825,0
bd0962ebf5eabba4,9826,2
8eb7e8aa9d18a0f8,9827,1
8f63a9c304ccedb2,9828,0
47b5da01491c4663,9829,0
587a5fa5b66f6d5a,9830,3
9cef8eb9325a5174,9831,3
4d8fd62c00765202,9832,4
395af4bef35eb1bc,9833,3
5d0feaf7a89223d8,9834,3
6175a3870af9ca21,9835,4
0de8461c38d0b083,9836,1
dc6099480e2aa647,9837,1
1d930b854925376f,9838,1
4dd799f1bb17226d,9839,1
d8e1dd132907ab94,9840,4
c338e8a0f13c9d06,9841,1
e0d690c500327e57,9842,2
6ee434d4b66f1c14,9843,2
75e7d5617c470a3b,9844,4
96de67a985bb7096,9845,1
207a7bd64df68ef5,9846,4
23b72dcef3a890f8,9847,1
ff4bcb52d96c5fe3,9848,0
35616af9cf4d112a,9849,2
dfe02ace7169fe86,9850,4
11f06e04e75a93e1,9851,3
b5026d180b91d819,9852,0
f7a34d70b1f611ba,9853,1
948984ae02b8972d,9854,1
e901f8cc3f8fe3ef,9855,2
cba0b29a037f3cc5,9856,0
dbb6e8e79910526b,9857,3
b36bb1833995607a,9858,1
f5aead6705c94301,9859,0
9873af572051689e,9860,1
c20df5dffe48b538,9861,0
c818cbdd9db5b12f,9862,0
96e8e21125111dde,9863,4
16235e42d63b87ef,9864,3
bf7d3181bfa73ae1,9865,3
8f0b24ebf2f9a08e,9866,4
c712b64199404a56,9867,1
5c40953fa96661fb,9868,1
30b6abcb067b48f5,9869,2
9fee4720c799bd0c,9870,1
d0a02103d3e40203,9871,0
0c27141a18e70790,9872,1
a8d82b6ba10ed00c,9873,3
0873f1c970784f0d,9874,1
6f2be11776825d1a,9875,2
f9331255c3a93893,9876,4
9cb03fd228afd75e,9877,0
a643f7a5bc32b84e,9878,1
7081ca31275fa6ec,9879,2
7c8d08ab8cdbd812,9880,4
74c3a6583e743e7b,9881,4
c9b66bf4bfadba72,9882,2
ecbb95cb2f702b92,9883,0
d1007ca82abc4c3b,9884,4
57f6f45c052eef2c,9885,3
3eab81e957e69c1c,9886,3
d557e5649ed109bd,9887,1
0b562f64e01dbf1a,9888,3
3d5d0c228487cf63,9889,4
578864f7bbdd3a63,9890,1
f3fd4b96982917d7,9891,4
d047698b20480ec5,9892,2
bbd57e0c83099a9f,9893,3
bed01fdaa925c1c6,9894,4
00de9ea1fe22edbc,9895,0
df47b7a14704f1ef,9896,1
8612546bfa3da357,9897,1
40f5e394ecef34f9,9898,3
1a9c617e9e4a06d2,9899,0
f7af85e1fd5dfb6d,9900,2
6b45e39007d67c47,9901,1
45225daf4bf2f2e7,9902,2
08ed02ccbdafa03c,9903,0
ef3e01afb9551f46,9904,2
c6eebf353c0425c6,9905,2
8fcd40206d102eff,9906,4
25261df3b1c6d812,9907,0
6299a723a7dfa1ab,9908,0
32391798d3b1432f,9909,4
e37ad64ab33880d6,9910,3
906e879870a13bd7,9911,4
2dadb25c6b95f3b5,9912,2
64256ba2a324695e,9913,0
88ea2a7706caa5a3,9914,3
0603f20a74db29b0,9915,1
e90431e9cb83f22c,9916,0
b974ff714e7958c7,9917,2
695c11868527c876,9918,4
d9323ae5d5b38f60,9919,3
0ce0671d634af918,9920,1
6a47763904fc7fcc,9921,0
6e0c4bb1cd008e81,9922,4
fed97b5874ad1086,9923,4
296706d239f1eac9,9924,0
5c49ad51c5342c89,9925,3
578eb946d7037ac2,9926,0
36947785e92533d1,9927,0
203e547b7b36577a,9928,2
7c6db447b1b67fce,9929,3
ba3634b49a0e65fb,9930,2
8129a7e50de26275,9931,4
d5eea1e6672a5fee,9932,3
1a6cdfe348eb275f,9933,1
5b63e692ca4bc752,9934,2
d0b4ad2bbb8610f0,9935,2
cd7cc19b089df6f4,9936,0
8e8edbe5441420e1,9937,4
2e406da42a0b43e9,9938,3
b8cdaef0b7903ec4,9939,4
74d1e2276c52e3b2,9940,4
6f3add8500966853,9941,2
cb4de53242711a09,9942,3
a66bd37f342f6663,9943,2
f07b6bd2fcd41514,9944,4
9288b91dddbeea91,9945,4
29d600806ffb5239,9946,1
0a0c1a944dbb5be5,9947,4
7772d9124a76682c,9948,1
b06ffc1657e024e5,9949,4
ec98d525978d3643,9950,0
136aac3f9bc062c7,9951,0
d65270c71f6675c3,9952,1
cc1c408c01af1dc2,9953,4
7e037302a1a42390,9954,1
8178b32d314db2e1,9955,3
fccd716103b1b8bf,9956,3
00c3d477ca87a851,9957,0
a9847d63a36d5447,9958,0
0e9dbe44d7e2cace,9959,4
1814611ceab29d1a,9960,0
bfb3f11e94b319f5,9961,0
cd39a6a916721e6b,9962,4
30dea5de09e3cd17,9963,4
548226f066206354,9964,3
b02b9fe2c5d3ecd6,9965,0
2be0852b05cd1752,9966,1
aec06215e3e16624,9967,4
a852498ba64ea956,9968,2
9ee15ef5c996d738,9969,1
4584ce9868187e51,9970,4
2a27f32689944fab,9971,4
8fad167a1d5ffcb3,9972,2
8dab6ffd393ad744,9973,1
7ba31ff409572a79,9974,2
48402840ef532808,9975,2
cf46e95f67267e2c,9976,0
c65013835bd2600f,9977,2
e5e4ec29ca7d0d68,9978,3
d4b802cf35438250,9979,0
32e22d85b8f9b3d1,9980,1
55cf27a39ca5af96,9981,1
f59253257168f88a,9982,3
95f402ae769a4339,9983,1
f2b1f30d56f03b0f,9984,4
e4f1fbc851450ff7,9985,0
8d5a806a5194c6aa,9986,3
b8cb0f241593a234,9987,1
7868ac6352965dcc,9988,3
2b3f30970fbded43,9989,3
7e3c53e386d96446,9990,3
df3b7f8d9d600cf5,9991,3
68ebfaafa537f75c,9992,1
2e2a845b050888b9,9993,3
119a210e207f16b5,9994,1
4c748024ab1ecfc8,9995,4
07da7011725cf8bb,9996,2
e760f8682e141b20,9997,1
c70db6a952395a93,9998,1
0e2d9ed178576866,9999,0
670275e552d01a56,10000,4
23462d6eeb8a919f,10001,0
66566ce2211f26ee,10002,0
1d60dbea6ca2e73e,10003,1
8b287e7f7a53ea93,10004,0
0e34f95c85fec74b,10005,4
4ab63220e8d59d4b,10006,1
a9940c7ba2d2fd48,10007,4
3abed32c074c5c81,10008,2
86b16b37e1995a88,10009,3
ee1e5bd506d86a31,10010,4
8a8dab2d66dd89bf,10011,3
d5b5a4cf53184040,10012,0
14aec69003909310,10013,3
91fe4f4117a54c9c,10014,4
8e00a489a250d875,10015,0
d2ed0116c9e9ce28,10016,0
1cad1a2b834d2917,10017,0
21e25013a04f6c33,10018,1
4cbf500f47869d18,10019,3
362a5dd7fd5bc946,10020,3
b31f5a1225b3d0cd,10021,1
405d6579bb7ab516,10022,0
ab4da27aab441b81,10023,0
1ab93adf550fe88f,10024,1
4af72697d52ca95a,10025,3
44bdb0805d31e610,10026,1
716014e15001f758,10027,2
00f53c520c1dce84,10028,0
c5a26814a0c1d6b0,10029,4
c860e949342b843d,10030,0
acff7297c3867040,10031,2
fd85beeab2e9163a,10032,4
a1326d3a36e156d4,10033,0
5c6cd9ca0ee1232e,10034,0
5d1c79fc0ed0523b,10035,0
70ab959a3f671393,10036,4
5cd41491531e0765,10037,1
9dcbbc079c757120,10038,4
b72b2b94e5586589,10039,0
211030dcaced4ae0,10040,0
2529ba05d9180a0a,10041,4
95029011b862aec4,10042,0
9639cd2fc311c8d9,10043,4
6def016a8540c401,10044,2
a3107cfe5a62a7de,10045,2
2f48302b2b9ad133,10046,2
b422bce391d36b4d,10047,4
10bcb870ec872148,10048,1
abe92219dbe21bbe,10049,2
5d627e2b7e207ed8,10050,2
47e106791032db51,10051,1
dab75ebfa19e31c3,10052,3
a359c6195ecfd424,10053,0
92372c90d11f9f4a,10054,4
441aa608b81b309e,10055,2
de3ac83f02328acc,10056,2
93e71bdec00c97a0,10057,2
784003edb79e6574,10058,4
9e7bf8d55c374159,10059,1
fa781115ddcb7fad,10060,3
ee099ca25f856dd3,10061,2
971ef6b40135030b,10062,2
5ed83e1d003943cf,10063,2
f8f157bc62068022,10064,4
d816508657485921,10065,2
bfdbc2213f66a4a2,10066,1
564a4ffd26f7e5bd,10067,3
a9506072e0486f9b,10068,4
2af1fdf5203a9e85,10069,1
25cd995ce9fdf43a,10070,1
746261762863ccb7,10071,4
5e5051e1679473cc,10072,3
843cc635697ac3fa,10073,0
cc322cb0db05a747,10074,0
6af8a6e3fd9f524e,10075,0
7dc4e404eed21767,10076,4
2f53850b96611a60,10077,1
fbffb3f0e3dd9439,10078,0
1b3c83c43408aad9,10079,1
64fe25460f9cb744,10080,0
2f01135197338570,10081,4
4d6fdab2bdc73601,10082,3
e42738933f20e593,10083,2
5f169b0ffc29e848,10084,0
cd02013973dac761,10085,3
d87add5d2b4ed9cc,10086,4
a3a24a99774561ba,10087,4
f73e0deebba414a5,10088,3
b1b8d8456cf48240,10089,0
d76abfab05615fbb,10090,3
ef65bf34315a4198,10091,2
5db3755e791ce006,10092,3
433d368add960873,10093,3
adb65d00560a13a3,10094,2
771fa720e8e9f472,10095,1
83add8c21bcc6468,10096,1
74ebaa2931177567,10097,3
849f2896e9578536,10098,0
033d23b6596f4aa7,10099,2
ce0c68d324ba3094,10100,2
9cf692b1880abf65,10101,0
a601a76271683869,10102,0
ac9f5b655e47af29,10103,3
f68d8a38e8b0b4f2,10104,2
6ae4b54724524f88,10105,3
da98f94e494c6d02,10106,3
9f003f4254f0b90c,10107,2
cfe6bd3ce9db0f56,10108,2
01bb8b1691a8f8ed,10109,3
db34a58e7f894b75,10110,1
bddf582f2fdc5b41,10111,0
d77a5e4f0ddccd68,10112,3
ba34d00a7b0b9bc0,10113,1
6ece2557401caf21,10114,2
be523ba8a94e34b0,10115,3
4b35ba286505501b,10116,3
b6a8783e9cec12fd,10117,1
6b434107c04cf448,10118,1
42fb70a93aa3c954,10119,3
ef239135e5457788,10120,1
a695aa7755b22005,10121,0
9990eb22b3dab512,10122,0
e11af86e4ea36547,10123,2
9b6f958284f0aea5,10124,1
5d8ef26749addd8f,10125,0
6c09e99cf7b25227,10126,3
13724352e5072857,10127,1
e056b9afc80bd22a,10128,1
06e4684e62bb8f6c,10129,2
30bece342b209488,10130,2
92d58493658bc565,10131,4
c8119a4c3fbfb3ab,10132,1
43fa76695a0058f3,10133,4
dd428943993868bf,10134,1
a6ee58b1c99fb77f,10135,1
b303710952eb482b,10136,3
82fdb24853651480,10137,2
91a56d9ff213beee,10138,3
366ab8cd00dd7cb0,10139,4
799096aa6d4117d9,10140,0
737b34b2e1c7de8d,10141,3
8749b9f2121f4857,10142,3
a6683946d7b2eb35,10143,4
9761a27680fa2a1b,10144,3
19d2359681a23369,10145,2
20e86472f971cf86,10146,3
a15e0f6b09665c40,10147,2
b54173987b5498af,10148,3
a2d028169bc89aba,10149,0
4899bf1df492d003,10150,1
eac9663022545fda,10151,1
98e2774913381a59,10152,2
85eb5888780231af,10153,4
de781f284b96c75e,10154,1
749e1f24c1630efa,10155,3
fc6b1f25a971588e,10156,1
b6ad4fa12b40562f,10157,0
4bc2f842ef57f849,10158,3
7cc3f732a0a2bf61,10159,2
a20ff64a203f032b,10160,1
433ab9d1c906ff92,10161,4
15b112dfe57c87e6,10162,2
f1f05d8a7f2ae084,10163,2
d2f127e422565104,10164,2
6059fbf44c9958e7,10165,4
94bb958fd22d24ef,10166,1
b30fa6788d2dc55f,10167,0
841aaf2cafeee5a6,10168,0
0075488ba5638d6e,10169,4
54732fead52b0186,10170,1
a562bf53e86679fb,10171,0
c16890f462f40bc2,10172,0
f0df94b5c8c7fef9,10173,2
369012c4d0e67c15,10174,0
b0703a65cb272001,10175,1
7bc8a8f0383eeba2,10176,4
3b41246f3b019263,10177,4
e24a1a3527676ec2,10178,2
836e2752b34afecb,10179,0
83fb9cdfaee99428,10180,3
4d14ef0ff8b9b6ec,10181,2
d11c6428910835a9,10182,1
fed9781e7a67b840,10183,2
82cb9af843a8a562,10184,0
9127c7e9e1331687,10185,4
4341f1918156ed6a,10186,2
65313d4a83c965b8,10187,4
3179e292179ad6de,10188,4
a1eff75444c8a768,10189,1
fa391988161035db,10190,3
2c345af296d9118b,10191,4
41aa315622255c75,10192,3
f6f4682c92068d97,10193,4
419ea0b5908deae8,10194,3
2a6179cb0041665a,10195,0
5b025466537bddf0,10196,3
761fe0bb205c95ec,10197,3
07129b33949102b3,10198,3
10502294cb486fdc,10199,2
292845f3aa4f57ba,10200,2
9a0a6263ec9bf582,10201,2
fad541bc55d36134,10202,2
c650e17ff2f2a473,10203,1
5e3d070e9bf32103,10204,3
9e51d6f880b3941a,10205,4
befab7d7129ac625,10206,4
d18306e5859df8ce,10207,1
5be3f88e5856b470,10208,1
2c5c4b8ab6443a4b,10209,4
90f4e0dda8184dd8,10210,0
f6110dc12e7b7679,10211,4
e406cd86948ae9b5,10212,0
59c7ad29e329acee,10213,4
616ccc5bca528214,10214,2
59840553042e18e1,10215,1
318d3ffa745735bb,10216,0
5fa9a5e57cedc606,10217,3
c52c8209761c864b,10218,1
46c7013180899940,10219,1
1e279e191b076fb5,10220,1
7e72215d2acb10e2,10221,0
f72652045398f46a,10222,3
0511237de38406a6,10223,3
15bdf349e138f262,10224,3
eb12f14eb6e7161d,10225,3
383f0efd4305d1ee,10226,0
e4b98787782ad224,10227,4
cd0c1434ad9bad6c,10228,0
69c0659cc0eaed08,10229,3
308ae72571e497cc,10230,1
2d6f99a29577914c,10231,3
7fae8f0ed020b79e,10232,1
d3c356da76935b8a,10233,4
1072bc3122518097,10234,0
039c0429bdbe5e7b,10235,2
dd4d9e512cd4affe,10236,1
4e01b4e7a93119b5,10237,2
8715211a8019efc8,10238,3
5ba11acbe9e1e467,10239,1
39cc051f9df000af,10240,4
9ce2bbcc1a973013,10241,0
1d621b3e3d54e8f5,10242,4
858ac3921ab1d13c,10243,4
4dcf07fc400d9685,10244,4
363a3bc707fe0dc8,10245,3
53991748344b7bb9,10246,3
19ef75099b967e2c,10247,2
99f20540a20d8883,10248,0
17cbf68041a7674d,10249,2
c2e53805bd8e6582,10250,2
c399486206ecb703,10251,1
c7d5ec482c82f104,10252,0
5de5671ea8e1d155,10253,0
f2cef6b9e0cd1542,10254,0
44443e1c2784404f,10255,1
a604b1e8b1f675e1,10256,4
0300bb3ba20a597f,10257,3
30590520b2dcf3f9,10258,4
5f44124a1f80fa0a,10259,0
126e0450f39b467a,10260,3
9bd1c6e1c2a013d3,10261,1
883e214e5e7a7363,10262,2
1f406061690af3e8,10263,2
1117d9aef64b8d9d,10264,2
77567c0a5abdd5db,10265,1
2f08205dae5feee2,10266,3
cca597f7aac50802,10267,4
cb58742627be1300,10268,0
c7d134cb963ff99f,10269,2
2e7ff64321ce3e1a,10270,1
7c56c158181a7812,10271,1
c3960108ceec453e,10272,1
91eab84a2a639abe,10273,4
01fe11c29d078c5a,10274,3
a90578ca6dff74f9,10275,3
2e6122c8d96a5757,10276,4
53c62980665637c2,10277,3
25dbe6ac26c90b72,10278,0
5a64f2864803b42b,10279,1
4ac08f6957eed06d,10280,1
d1bd0e31fcd52a22,10281,2
62d11c4dc356645b,10282,3
0156ba64a87abef8,10283,2
a934fa8aab1c4479,10284,4
95ec30763d71a691,10285,3
684a408dca05045f,10286,3
f7d8806e272e62ba,10287,4
9de7fc542f5915cf,10288,4
993cf1098a1b74f3,10289,2
d1c348feace14015,10290,0
c0c6ef43a8ab7745,10291,4
c98bc01683c51adc,10292,4
c73e3fb4badb6416,10293,2
c50d98d56b075ea3,10294,0
9ea5be1d9c1b2c2d,10295,2
d22e91881033db7d,10296,3
ca5c0eb25786fa4c,10297,4
dc42b03a6ccec311,10298,2
1d86219fddbf6d63,10299,0
ecdd92eb37c56782,10300,0
7313d6fd91bc9c67,10301,2
523c5b121fc9d3bb,10302,1
48bee7b54b41beac,10303,1
e80e1e949387cb39,10304,2
6136a3efe9daebc0,10305,0
4982f87606ef0476,10306,2
14bb1df9c78edbdf,10307,0
cdbbba8810caf678,10308,1
da5ed5e5a4c3f906,10309,2
1e8f0e9e7d106db1,10310,0
aa91ded3334073b3,10311,4
dac29e36f16f809c,10312,0
98001bf6bb25e629,10313,0
0edddbdf20b89c16,10314,3
8efab5b62413c202,10315,3
647500e0cf40bdcf,10316,2
0c8319a4768af929,10317,3
8d836de89d1dd370,10318,3
38e1fcc4f51603d4,10319,0
e3f584599ecf9438,10320,0
4bd1a90427672e63,10321,4
0389d225de6cb763,10322,2
974423fe5c057e40,10323,0
4341932b8ed43751,10324,4
b3e28b43775e140f,10325,3
87cff9f40ad3f3ce,10326,0
2f2f7e26e01de8c6,10327,0
4cb62abdc6834232,10328,2
5f874845d4f55a43,10329,4
b03f7d697d141a44,10330,3
29d7ae3572d665eb,10331,1
a1d22cf74de8ebce,10332,4
0d00ddf9aef99aec,10333,2
1aff461ac30dbe2b,10334,3
3944ad40aad517c3,10335,4
aa3b653b16b7b722,10336,3
04dbd056d604320d,10337,0
b6405afae686c032,10338,1
398316b6afd3783d,10339,0
9530e566495f5035,10340,3
5780f21c3f91264e,10341,2
b235aeb0f6d4007c,10342,3
792d508aab7f87cb,10343,3
8776e5f616345ea2,10344,2
d89248a2877eb0b5,10345,0
ecae1408b033f1e6,10346,2
25429aa8deda851e,10347,3
8c5bba4585b53c98,10348,4
ca0931986a878c79,10349,0
40a84238a90440df,10350,3
67ed1f94fa89d346,10351,2
1740283bd36af11d,10352,3
0444a66750ed4f2c,10353,3
87cc60ffe0eb8bd5,10354,3
b8bdc9b544f9e89a,10355,4
0fc816ee8db4cfae,10356,1
4d0c36dca0258cc6,10357,0
7274b48dda990517,10358,3
23b501a67f96f523,10359,4
7df466fee0b55b15,10360,3
e72a94ee76862aed,10361,2
3eeec0c5c7092120,10362,4
27e737c1151f6380,10363,2
2a3b03a65d7eeb27,10364,4
feb742a7c9ba7cbf,10365,1
1ad7a2f059aefa14,10366,4
e5c038a82ff08c3e,10367,1
a7405fb3694e1031,10368,3
eaef630e06ff4a86,10369,1
23deec7fc9813c4a,10370,4
55ffa564eff4f1de,10371,1
f4a88190faaa1fd1,10372,4
513b2341dad2cbd4,10373,0
9ab5d707c275f846,10374,4
68e7cd558392b0cc,10375,3
388de37ccdaa60ca,10376,1
87e2a2fe515429e8,10377,2
667c5f0260b120ad,10378,3
7d25558ad0da9c64,10379,1
caa5393109ac1cf9,10380,2
31bbc2154183b10a,10381,0
93c532b72ed9b6c2,10382,4
868fa66cc08c9ef9,10383,3
355bee149b5f867a,10384,3
79a35f56a77531b2,10385,2
d56c83b45dcd675b,10386,2
edb746b39431bf0c,10387,3
dc8fa87e5484374a,10388,1
8e8e59ceca5ad3ae,10389,0
644bf5d23ebb2b66,10390,1
0a66f1883d89a1a8,10391,4
50cdae79eaf43adc,10392,2
89f057e1f946bcbd,10393,0
33cb5157a7766898,10394,1
caa85e35b35a3462,10395,3
0d6bac59aee08780,10396,4
7c9b79fba99e89f7,10397,2
e2488b809eaa5e64,10398,3
8ead2e3ea671b247,10399,0
f65d6c5d33f08279,10400,4
90da29f4893154ba,10401,0
19be15e8fce39a96,10402,1
1eb02d655d704119,10403,4
8c5fded42c438381,10404,2
482400941a1468cc,10405,0
c0331e4ba42613d9,10406,4
56bbfbc07ad4705c,10407,0
c467ae2e5dbcc4fb,10408,2
0301c8a5071eda31,10409,3
b50fb172d384d617,10410,2
98313d39138640e6,10411,4
625e0fba044f9027,10412,2
5762c6511c5de601,10413,1
fc96626a68c924f2,10414,2
3de0dd3827fa74b9,10415,4
6fb207b488d4f75e,10416,4
7f2e5c09b37d7b2c,10417,1
f2f3c23ac1b10fa7,10418,3
43c826ac6c921a54,10419,3
1bf605d08c370823,10420,1
498048d4c4041c22,10421,2
e2a6dbadfa05c798,10422,3
6afa4bfd5be5705c,10423,1
c3b309fc5297c69d,10424,2
60f605eb577cb52c,10425,2
aba67c423c51f51c,10426,0
5ff4fc7ab3821997,10427,4
d0186424b46ab1a7,10428,2
07ce5884bc3e37ca,10429,4
27f14f446610ca2a,10430,3
4fa42dccbc9855fa,10431,3
efdbfa47de7f0482,10432,3
88d3af8dab0350ff,10433,3
69a5b30569798cc4,10434,0
f37c6ad5d79187f0,10435,2
e9fed0af4aabc8fd,10436,1
7801a14e5b653818,10437,3
3eaa3888a50da707,10438,4
6f96d123db628400,10439,0
f848eda878133178,10440,4
f9709c6097bd5182,10441,3
00dde8b6aa99a4b7,10442,3
c2f23c6e288c70ba,10443,1
e3ade9b096e8af13,10444,0
04857b23323e13c2,10445,0
e05436c4bcf75d48,10446,0
d23525ae5a7744bc,10447,0
ef8127dbb2702b2c,10448,0
541f71fadac22c3a,10449,1
b6021623aa9c3bee,10450,2
ca335fc270e53652,10451,3
a074e7cb7e91c25b,10452,1
3ed273959208cbad,10453,4
7406088fe628034e,10454,0
a05f2e8e0c6a56b1,10455,2
a62522a939209589,10456,0
ac5daaa84e79fe6e,10457,1
064521a66b5fc0d5,10458,0
0b9cb58bdd56f0d0,10459,1
aa6eb501db9441a7,10460,2
791a2c79129475e5,10461,3
ad825fdf6ba0048a,10462,4
9f1cd6ba840f7c71,10463,0
ccf88bafba16d622,10464,2
ad0ca8e01aed171b,10465,0
382a75f7be1c660b,10466,4
702a4e3c60a6d0b3,10467,1
49119d15dffd8223,10468,4
51868caa926b5067,10469,0
9b41648ee7dbbb25,10470,1
d5c16cb21c87cb6e,10471,2
235110c67f627426,10472,4
fa99a3ab51de29c7,10473,3
b9668494720c9f86,10474,0
8f659a4de2c31a68,10475,3
8a9329d3de52c437,10476,0
1f39f0bd192f527a,10477,4
be291493a4b3023e,10478,0
4c9347edc9784e89,10479,2
b067213ed48ce36c,10480,2
1649ee0d8ce74444,10481,3
1740f87293a1989d,10482,3
474aca067b2bb557,10483,1
20367ea37a814a76,10484,0
108b2e9de953899f,10485,2
1c35be3ecd45c4ec,10486,3
47d4ab33a51ae6ff,10487,4
480548c82329da97,10488,4
1b0e767623b13f70,10489,2
33a195667360ea7b,10490,1
093ec3b61a2961be,10491,2
b6c5a73d310ea369,10492,0
6d6034157a66d420,10493,1
31b2a086f0c7a3ff,10494,0
d5e0a607569b7edb,10495,3
150d5f99ee996c77,10496,0
ce9a74119af2a5af,10497,3
e5084b9ae9dafb53,10498,3
6156e3aa79a6ff22,10499,2
383c1fe09b6ecdb4,10500,1
c943b66ff77663ee,10501,4
4a448acd0d5381c2,10502,1
5c0a5a6bd271ed3a,10503,3
f9077a15f322aa6c,10504,2
787bc89623b9b48b,10505,1
b4db3804b3e551cf,10506,0
c6d09d1a55461e84,10507,4
1ea0be1811852937,10508,1
886378b8c582a0af,10509,4
8c560b269d2e02bc,10510,0
d3eaf435e52b4559,10511,1
3925c0557be8b86f,10512,4
1a263f492473a702,10513,4
e104d70e03db2d00,10514,1
ac622dceffbecebd,10515,0
aafce3632fa418fe,10516,2
be6c8b96e9d7e974,10517,4
959f4e7a15a22332,10518,0
169d31c046a2c3cd,10519,3
094701ecaeebeaa2,10520,2
59298162199e08a0,10521,4
9b9aee7e1d8db3de,10522,0
53ad0dec879010c3,10523,2
0dbe0c9788c7bd53,10524,1
6e5b05016103e024,10525,4
9cc85f1778858dda,10526,1
654889dcea2aee59,10527,4
92d4119282769de0,10528,4
f30eba8f70b044aa,10529,1
d3dc710314be68df,10530,2
c73fc1afa23e2ba9,10531,0
ec65d7b4773b77f0,10532,2
81af04d3eb24c649,10533,0
4041d27389c58dc5,10534,0
ee950a70c5798314,10535,1
c11a7b2522547934,10536,3
9a6cfa1c17bf4c90,10537,3
652b5d9aa8bb95b4,10538,3
d6f7d7e867e659f7,10539,3
b6e57fb34378ee6f,10540,1
0379bc278a6a9348,10541,4
9f3906c5ed1f1df7,10542,2
30c0d1055d17da6e,10543,1
ad8ab2d2a574d274,10544,3
077b6263801d7a19,10545,3
3f8069996451c5ce,10546,4
34d94018d41b69f6,10547,0
cba1536c1b3c7fd8,10548,3
d1a2ce318f508a4f,10549,2
91041adb3ed7d376,10550,0
ccdcd9171116ecad,10551,0
991cc173cf0cc21b,10552,3
05e9e9ac96021118,10553,4
66844970337575a5,10554,0
3f2441a391fefebb,10555,1
0e2a97e054a608d4,10556,4
def3d1ffbe9d66e1,10557,2
ac46c2cb2fe2a0ba,10558,1
b0e31f34789cd3c7,10559,3
a8e2d8ba2b90c06a,10560,0
2f42733846c49c88,10561,4
138aa4c1956a4469,10562,3
c2e27bf161a62550,10563,1
3e50b5a30f2a9a1a,10564,2
e4f4100e49e439e0,10565,4
e7b130fa58e44ec5,10566,3
2877ed32cfcbb6ca,10567,4
1f1ca9da8d0693df,10568,0
b48e65ed7f66bdb0,10569,4
7775e94c9b6eef3b,10570,2
b5ee2a97868d62eb,10571,4
381e61200c44e3da,10572,4
c6cc171b3de3c97b,10573,2
443885136e8e70dd,10574,0
3db0312983fc1dc4,10575,0
fe533c421d31e08c,10576,0
8363009be719d970,10577,1
3d321fc63add37d6,10578,2
9d9c8ea2f1435a64,10579,4
951710307b1be775,10580,3
2fae9f1c7ea99a9f,10581,1
26f1519a54345de2,10582,3
f3b8f51183f826e5,10583,1
88a8d0091d247b4a,10584,0
72e4f953b374e585,10585,3
e51b7c77e6b27a4d,10586,0
02f05e8029ce74ba,10587,4
90031a5c83cc2da9,10588,0
4321824eb466a92e,10589,1
0dba27e58838cc70,10590,0
49950a57a728ee53,10591,0
743ce9f394ff56d8,10592,3
0c718d15f7eadf52,10593,2
521b1dee80598a32,10594,0
c13d336dd9fb7e5f,10595,1
ef0a6565a8ecfcb0,10596,3
189c568dd2124414,10597,3
9489a24150cdcf5f,10598,4
38ec14468c23d66f,10599,0
bab2e0ca37c83f1a,10600,2
5654b9e62b67facc,10601,1
314154bdd75bb536,10602,1
938473d83dad7a0e,10603,0
e6940afa5b3d117a,10604,4
36d68874016e3371,10605,2
8c4d782d2e070035,10606,4
c12586d6a78a9c8a,10607,0
dfee1af3f7603d5a,10608,4
9887bd2320069ac5,10609,0
11db70fa54bea3c2,10610,0
5e72fb6ac91d48c3,10611,3
a1ec7b9f6a573fc0,10612,1
674b38ad81792a52,10613,3
1bdb914d7c5464e0,10614,4
17851927dc191d26,10615,0
a31d616cb58309be,10616,1
732fd32534cdafed,10617,0
725aee3a2f907b3a,10618,2
268d494e305d19c3,10619,4
d1b3fd63385886f0,10620,1
5f7fa4b88fdccbe0,10621,0
fa77a85c40603e7e,10622,3
c41cbb370b62aaa2,10623,4
2675fba903048170,10624,3
9b6050b4e6e5bd4b,10625,4
c1a9f2bc84fe15a1,10626,2
55d0ac75ac856ab8,10627,4
b7df48740c3fbb3d,10628,3
3acdd644953a5f1e,10629,1
50151ed196abe862,10630,3
7bc1c99b9ed6d492,10631,3
32757ffd0c3a4dfc,10632,2
1a8344dff35cca08,10633,3
7ac36dda54c07b13,10634,3
3bb26552ef912e85,10635,4
066bdc2ad3b73465,10636,3
1be752e532fead38,10637,3
52397de6f0731cc3,10638,4
6a9fedc5b9142eb5,10639,1
dde2a375d3be170b,10640,0
8b0061d7863bf667,10641,1
c428ee1cde88e9eb,10642,1
fa0b937f2250aa42,10643,1
60eda61365388eaf,10644,3
257725532c03e8d1,10645,0
5c231f288ad823e8,10646,1
c3f0a9831251e32d,10647,2
159f794e66c1aa55,10648,1
4d0c3c170f6c3635,10649,3
5f9e2c3021518708,10650,2
7dcab180503bcd08,10651,3
3ca969ef3b563466,10652,3
e59112ebd994e149,10653,1
cf020773d9ac089f,10654,1
212158d1588a62bb,10655,2
e7890cbda72670da,10656,4
1682b74de1b42eb8,10657,1
4f5ea8f30d6acbff,10658,0
6c030d17c2000c56,10659,0
b50febbf69f4a315,10660,1
61bd557a954e2e6a,10661,0
69f0252b0cb54fd0,10662,2
e19a3d56a4a52ea9,10663,2
703cb0a5ee30b8d0,10664,3
6916f9a62d378e6d,10665,4
4be03fa0baf05e02,10666,2
c078e6a573d02fbf,10667,2
7693cd5810eaf9ca,10668,1
c0d0b8a968f13b44,10669,4
0424196326aee70f,10670,3
c8aebdb0b49e9435,10671,1
9d3ae7efa8b45a79,10672,1
d36c2d167a9b256a,10673,1
ffb35214a1f51833,10674,4
17114cebebafcec1,10675,4
5b55ae6f9ee02728,10676,0
d7357560c62b9eac,10677,0
e09620090522dc22,10678,4
28c9c44a6d56679e,10679,0
4053fe07d3321ec0,10680,2
fc2e0894e5911618,10681,1
213c3532b3536c05,10682,3
376f585bc0d5f7ef,10683,0
36e8b0dd63cff85c,10684,3
a6540deb61ce34f5,10685,1
271d6db1c6000c4d,10686,0
0a734cba45943c7a,10687,4
efa8c2d66750de73,10688,2
772d3d839feaaf71,10689,3
66f95f407cda1ef9,10690,0
905da4ab08d4b8a8,10691,2
