strategy,family,precision,recall,specificity,npv,fpr,fnr,f1,f2,mcc,accuracy,balanced_accuracy,roc_auc,pr_auc,positive_support
tool:bandit,CWE-20,0.14296161550584327,0.08260869565217391,0.9780240561672944,0.959547521539673,0.021975943832705725,0.9173913043478261,0.1045398163278958,0.09015781276789232,0.07878749684705527,0.9395102089568811,0.5303163759097341,0.5303163759097341,0.05334927189476134,460
tool:bandit,CWE-285,0.6133116883116883,0.06282858200666419,0.9987403823282642,0.967807041968722,0.0012596176717357636,0.9371714179933358,0.11312650763870276,0.07640743354685173,0.18709453095957834,0.9666982184012897,0.5307844821674642,0.5307844821674642,0.07337952764117048,366
tool:bandit,CWE-287,0.41200441209510813,0.26221381953796746,0.9620821895056044,0.9278502333766123,0.03791781049439551,0.7377861804620325,0.3202849004742626,0.2826938993231261,0.27602130144671033,0.8976447813931709,0.612148004521786,0.612148004521786,0.17802075050549476,984
tool:bandit,CWE-311,0.3,0.005095748133722817,0.9997081993153246,0.9635023831812953,0.00029180068467529616,0.9949042518662772,0.010001562744178778,0.006339542266964052,0.03556446610010825,0.9632385590619252,0.5024019737245238,0.5024019737245238,0.0403103212479798,392
tool:bandit,CWE-327,0.4559097108565194,0.7056818181818182,0.986721604061527,0.9954054456118003,0.013278395938472968,0.2943181818181818,0.5530033134497542,0.6350595238095238,0.5585344675816135,0.9824396445513386,0.8462017111216726,0.8462017111216726,0.32816724967587796,163
tool:bandit,CWE-330,0.3820670646629612,0.6533333333333333,0.9845169412161658,0.9950064647243734,0.015483058783834247,0.3466666666666667,0.4810442908065119,0.5708943053578759,0.48984343492850313,0.979864900311,0.8189251372747496,0.8189251372747496,0.25835985770763437,150
tool:bandit,CWE-345,0.0,0.0,1.0,0.9394782146158839,0.0,1.0,0.0,0.0,0.0,0.9394782146158839,0.5,0.5,0.060521785384116164,647
tool:bandit,CWE-400,0.05247023819299575,0.06121057118499573,0.9618579832813834,0.9686561820263515,0.038142016718616514,0.9387894288150044,0.05639327816280777,0.059154825132833586,0.02208336141822969,0.9329579535789921,0.5115342772331897,0.5115342772331897,0.034480401708934585,343
tool:bandit,CWE-610,0.0,0.0,1.0,0.9553800572390705,0.0,1.0,0.0,0.0,0.0,0.9553800572390705,0.5,0.5,0.044619942760929475,477
tool:bandit,CWE-668,0.5327353942979716,0.04654928017718715,0.9928104572391506,0.8641261911645195,0.00718954276084934,0.9534507198228128,0.08537182210219538,0.05689642117450241,0.12437797801407405,0.8596768890677741,0.5196798687081688,0.5196798687081688,0.1594810967850472,1504
tool:bandit,CWE-669,0.0,0.0,1.0,0.9768012916499209,0.0,1.0,0.0,0.0,0.0,0.9768012916499209,0.5,0.5,0.02319870835007909,248
tool:bandit,CWE-706,0.35238095238095235,0.023762376237623763,0.9978430425683118,0.9537407058943584,0.0021569574316881454,0.9762376237623762,0.044513672551055726,0.029208949023796803,0.0812907424158966,0.9518326788837775,0.5108027094029678,0.5108027094029678,0.05705036778711664,505
tool:bandit,CWE-74,0.3808923979725504,0.3942750533049041,0.8802540652352777,0.8863769198034197,0.11974593476472231,0.6057249466950959,0.38724952231717324,0.3913779823908446,0.2708262660361759,0.8039337307232369,0.6372645592700908,0.637264559270091,0.24547608797079765,1679
tool:bandit,CWE-913,0.46165501165501166,0.13170731707317074,0.9970470854209529,0.9832619500118656,0.002952914579047134,0.8682926829268294,0.2044655163145729,0.15354637467623652,0.23893142852566823,0.9804560883135904,0.5643772012470618,0.5643772012470618,0.08029813889624678,205
tool:bandit,CWE-923,0.0,0.0,1.0,0.9676330112055483,0.0,1.0,0.0,0.0,0.0,0.9676330112055483,0.5,0.5,0.03236698879445159,346
tool:codeql,CWE-20,0.03514670814916046,0.12826086956521737,0.841437804911344,0.9554837162467662,0.15856219508865604,0.8717391304347826,0.05516023300980657,0.08380689578135465,-0.016848715918764703,0.8107502963602116,0.48484933723828066,0.48484933723828066,0.042305198670270425,460
tool:codeql,CWE-285,0.42354645354645354,0.06830803406145872,0.9968007483418224,0.9679267654057915,0.003199251658177492,0.9316919659385412,0.11682476752456468,0.08190070671921648,0.15838453711641207,0.9650105789762463,0.5325543912016406,0.5325543912016406,0.06369586652853648,366
tool:codeql,CWE-287,0.4618434008520215,0.07315342380607065,0.9912399327980179,0.913415615099683,0.008760067201982174,0.9268465761939293,0.12596817738380217,0.08788668859280721,0.15503031919686117,0.9067330476401254,0.5321966783020443,0.5321966783020443,0.11971460172005455,984
tool:codeql,CWE-311,0.0656084656084656,0.022882181110029213,0.9860326133215885,0.9636535447293632,0.013967386678411478,0.9771178188899707,0.03392901226792957,0.026308368288955542,0.016290514722131437,0.9507179247259417,0.5044573972158088,0.5044573972158088,0.0385024465637354,392
tool:codeql,CWE-327,0.13623810044862678,0.16553030303030303,0.9831103224784471,0.9870335981551813,0.016889677521552973,0.8344696969696969,0.14905379992372536,0.15837266172567638,0.13519439733706134,0.9706508952774053,0.574320312754375,0.5743203127543751,0.03671451513010214,163
tool:codeql,CWE-330,0.24666666666666667,0.03333333333333333,0.9989563174527213,0.986419949788527,0.001043682547278642,0.9666666666666666,0.058507766743060866,0.04025911355887753,0.08644159290544338,0.9854111188040475,0.5161448253930273,0.5161448253930273,0.02778206795212692,150
tool:codeql,CWE-345,0.4,0.004627310673822302,1.0,0.9397406620306683,0.0,0.9953726893261777,0.009137529137529138,0.005765653601310242,0.04113194545885195,0.9397572903192379,0.5023136553369112,0.5023136553369112,0.06487002035458436,647
tool:codeql,CWE-400,0.1915029415029415,0.023273657289002558,0.9961244814266058,0.9685191067236071,0.0038755185733942384,0.9767263427109973,0.04131216087356438,0.028194771583433496,0.055462018306686324,0.9649101168656277,0.5096990693578041,0.5096990693578041,0.03733139469262502,343
tool:codeql,CWE-610,0.30314814814814817,0.07118421052631578,0.9928549077501844,0.9581450791971994,0.007145092249815646,0.9288157894736843,0.11477821688288907,0.08392010531655689,0.1288918526038927,0.9517355707940531,0.5320195591382502,0.53201955913825,0.06568830216208892,477
tool:codeql,CWE-668,0.22159113487466958,0.1622281284606866,0.9069351683065194,0.8686508052322022,0.09306483169348054,0.8377718715393134,0.18724150552082722,0.17137464591400609,0.0789906722044906,0.8021778416357661,0.5345816483836031,0.534581648383603,0.15405451483922203,1504
tool:codeql,CWE-669,0.0,0.0,1.0,0.9768012916499209,0.0,1.0,0.0,0.0,0.0,0.9768012916499209,0.5,0.5,0.02319870835007909,248
tool:codeql,CWE-706,0.3047892578040671,0.14257425742574256,0.9841856124349171,0.9585944482748647,0.01581438756508303,0.8574257425742575,0.1938351605265567,0.15940621625497076,0.18249583973657826,0.9444271718201145,0.5633799349303298,0.5633799349303297,0.0863071016237625,505
tool:codeql,CWE-74,0.30679023473899164,0.11970682302771855,0.9495288800130004,0.8527201042259545,0.05047111998699959,0.8802931769722815,0.1721705362861406,0.13631982613431637,0.1050752463775028,0.8192121779319141,0.5346178515203595,0.5346178515203595,0.17513271175683504,1679
tool:codeql,CWE-913,0.8347474747474747,0.16585365853658537,0.9993334839706686,0.9839360994721089,0.0006665160293315049,0.8341463414634147,0.27434671125975474,0.19695773848777523,0.36475862821566135,0.9833430395368374,0.582593571253627,0.582593571253627,0.15479601287187855,205
tool:codeql,CWE-923,0.2,0.002898550724637681,1.0,0.9677228081560646,0.0,0.9971014492753623,0.005714285714285714,0.0036101083032490976,0.023694432921854518,0.9677257325778246,0.5014492753623189,0.5014492753623189,0.03517281814681296,346
tool:pylint,CWE-20,0.0,0.0,1.0,0.9569714846666713,0.0,1.0,0.0,0.0,0.0,0.9569714846666713,0.5,0.5,0.04302851533332869,460
tool:pylint,CWE-285,0.0,0.0,1.0,0.9657622061910558,0.0,1.0,0.0,0.0,0.0,0.9657622061910558,0.5,0.5,0.034237793808944136,366
tool:pylint,CWE-287,0.0,0.0,1.0,0.9079558762920558,0.0,1.0,0.0,0.0,0.0,0.9079558762920558,0.5,0.5,0.09204412370794421,984
tool:pylint,CWE-311,0.0,0.0,1.0,0.9633309785506639,0.0,1.0,0.0,0.0,0.0,0.9633309785506639,0.5,0.5,0.036669021449336134,392
tool:pylint,CWE-327,0.0,0.0,1.0,0.9847522129615143,0.0,1.0,0.0,0.0,0.0,0.9847522129615143,0.5,0.5,0.015247787038485745,163
tool:pylint,CWE-330,0.0,0.0,1.0,0.9859689623913059,0.0,1.0,0.0,0.0,0.0,0.9859689623913059,0.5,0.5,0.014031037608694138,150
tool:pylint,CWE-345,0.0,0.0,1.0,0.9394782146158839,0.0,1.0,0.0,0.0,0.0,0.9394782146158839,0.5,0.5,0.060521785384116164,647
tool:pylint,CWE-400,0.0,0.0,1.0,0.9679152697146189,0.0,1.0,0.0,0.0,0.0,0.9679152697146189,0.5,0.5,0.032084730285381065,343
tool:pylint,CWE-610,0.0,0.0,1.0,0.9553800572390705,0.0,1.0,0.0,0.0,0.0,0.9553800572390705,0.5,0.5,0.044619942760929475,477
tool:pylint,CWE-668,0.292643363379518,0.14959689922480618,0.9405253059575898,0.8710474500734142,0.059474694042410146,0.8504031007751938,0.19776210249855505,0.16572355478112522,0.12138820052271408,0.8292555409823624,0.545061102591198,0.545061102591198,0.16345576228713946,1504
tool:pylint,CWE-669,0.0,0.0,0.9957821499180097,0.9767050865957142,0.004217850081990206,1.0,0.0,0.0,-0.009876710039073169,0.9726815189338727,0.49789107495900486,0.49789107495900486,0.02319870835007909,248
tool:pylint,CWE-706,0.0,0.0,1.0,0.9527621733840631,0.0,1.0,0.0,0.0,0.0,0.9527621733840631,0.5,0.5,0.04723782661593693,505
tool:pylint,CWE-74,0.2835392189463815,0.05896410803127221,0.9722808687619885,0.8472210051747402,0.027719131238011584,0.9410358919687278,0.09753254467466366,0.07004057341685033,0.06386913550485382,0.8288330146476687,0.5156224883966303,0.5156224883966303,0.1646378142082598,1679
tool:pylint,CWE-913,0.0,0.0,1.0,0.9808242486014513,0.0,1.0,0.0,0.0,0.0,0.9808242486014513,0.5,0.5,0.019175751398548654,205
tool:pylint,CWE-923,0.0,0.0,1.0,0.9676330112055483,0.0,1.0,0.0,0.0,0.0,0.9676330112055483,0.5,0.5,0.03236698879445159,346
tool:semgrep,CWE-20,0.0,0.0,1.0,0.9569714846666713,0.0,1.0,0.0,0.0,0.0,0.9569714846666713,0.5,0.5,0.04302851533332869,460
tool:semgrep,CWE-285,0.40601731601731605,0.05738615327656423,0.9970917949492273,0.967571841367997,0.0029082050507727333,0.9426138467234357,0.10021278390874422,0.06921324328774714,0.14204023671675384,0.9649178576039701,0.5272389741128958,0.5272389741128958,0.058237121627857116,366
tool:semgrep,CWE-287,0.24857142857142858,0.01116751269035533,0.9963904568577376,0.9085887671806626,0.003609543142262403,0.9888324873096448,0.02130680193118461,0.01379249174493365,0.03419719013436247,0.9057054027952308,0.5037789847740465,0.5037789847740465,0.09510758157667751,984
tool:semgrep,CWE-311,0.13330995223317618,0.13252190847127557,0.9677739915443304,0.9670078016782625,0.0322260084556696,0.8674780915287243,0.13276862173296808,0.13258555058872573,0.10025798881738428,0.937144402884666,0.550147950007803,0.550147950007803,0.050882105103066934,392
tool:semgrep,CWE-327,0.40460376680622917,0.5649621212121212,0.9867179270080783,0.9932183675153621,0.013282072991921676,0.4350378787878788,0.4673659492470219,0.5199054841884375,0.46645244673258296,0.9802829383040939,0.7758400241100998,0.7758400241100998,0.23535010244972981,163
tool:semgrep,CWE-330,0.0,0.0,1.0,0.9859689623913059,0.0,1.0,0.0,0.0,0.0,0.9859689623913059,0.5,0.5,0.014031037608694138,150
tool:semgrep,CWE-345,0.0,0.0,0.9998016807970327,0.9394669663614815,0.00019831920296721709,1.0,0.0,0.0,-0.0021881811177511317,0.9392918602848059,0.49990084039851634,0.49990084039851634,0.060521785384116164,647
tool:semgrep,CWE-400,0.0,0.0,0.9998075027605475,0.9679093200659545,0.00019249723945248523,1.0,0.0,0.0,-0.001567898304737917,0.967728915383541,0.49990375138027376,0.49990375138027376,0.032084730285381065,343
tool:semgrep,CWE-610,0.21765883372730704,0.13826754385964912,0.9768178296715094,0.9604465418888919,0.023182170328490535,0.8617324561403509,0.1689820632058725,0.14909217824703344,0.14311468435833483,0.939417497142936,0.5575426867655793,0.5575426867655793,0.07020807323800247,477
tool:semgrep,CWE-668,0.5059894053315106,0.03191805094130675,0.9947673997166768,0.862566274849461,0.0052326002833231215,0.9680819490586933,0.05977304390409358,0.03922875803330929,0.09817103742285256,0.8593035838833811,0.5133427253289918,0.5133427253289918,0.15298795330169493,1504
tool:semgrep,CWE-669,0.0,0.0,1.0,0.9768012916499209,0.0,1.0,0.0,0.0,0.0,0.9768012916499209,0.5,0.5,0.02319870835007909,248
tool:semgrep,CWE-706,0.2743722943722944,0.01782178217821782,0.9973546672955681,0.9534471955520042,0.0026453327044319913,0.9821782178217822,0.033375434658277185,0.021904088616237518,0.05853456830054752,0.9510830328764459,0.5075882247368929,0.5075882247368929,0.05329962070577669,505
tool:semgrep,CWE-74,0.47317658125667733,0.3198312011371713,0.9335691590283602,0.8804887721551969,0.06643084097163984,0.6801687988628287,0.38125170963347205,0.34180078607602526,0.29923181384065106,0.8371639063251323,0.6267001800827657,0.6267001800827657,0.2581247604108071,1679
tool:semgrep,CWE-913,0.24524727830423004,0.3463414634146341,0.9787173727220141,0.9871044181049584,0.021282627277985907,0.6536585365853659,0.28630198243850824,0.319210254141994,0.2744241759425109,0.966586068631616,0.6625294180683241,0.6625294180683241,0.09835078878286656,205
tool:semgrep,CWE-923,0.0,0.0,1.0,0.9676330112055483,0.0,1.0,0.0,0.0,0.0,0.9676330112055483,0.5,0.5,0.03236698879445159,346
or_1_of_4,CWE-20,0.05089289114470019,0.20434782608695654,0.8289413432333695,0.9586430551520836,0.17105865676663048,0.7956521739130435,0.08147657430308672,0.12744021038451167,0.01781640100537097,0.8020767150900238,0.516644584660163,0.516644584660163,0.045188976187054995,460
or_1_of_4,CWE-285,0.3333333333333333,0.06830803406145872,0.9951521609627856,0.9678749628589023,0.004847839037214462,0.9316919659385412,0.11267277438009145,0.08106281471065731,0.13740003183078758,0.963418541845658,0.5317300975121222,0.5317300975121222,0.0576848220888055,366
or_1_of_4,CWE-287,0.4107789288215307,0.27947270278669845,0.9592948874473424,0.9292320501812794,0.04070511255265767,0.7205272972133016,0.3322652175133652,0.29838712946386936,0.2847830183598051,0.8967061865218771,0.6193837951170205,0.6193837951170205,0.1821515728623174,984
or_1_of_4,CWE-311,0.1078258858878125,0.1427134047387212,0.9554571195638089,0.9669784022576667,0.0445428804361912,0.8572865952612789,0.12267574689679243,0.1339048030753755,0.0856456854503524,0.9256540174847933,0.549085262151265,0.549085262151265,0.04766204760114379,392
or_1_of_4,CWE-327,0.32789869447764186,0.7426136363636363,0.9760774519282451,0.9959338615638309,0.023922548071754857,0.25738636363636364,0.45403497512905416,0.5914200009001529,0.4819092493561599,0.9725183653876661,0.8593455441459408,0.8593455441459408,0.24821682808862913,163
or_1_of_4,CWE-330,0.3820670646629612,0.6533333333333333,0.9845169412161658,0.9950064647243734,0.015483058783834247,0.3466666666666667,0.4810442908065119,0.5708943053578759,0.48984343492850313,0.979864900311,0.8189251372747496,0.8189251372747496,0.25835985770763437,150
or_1_of_4,CWE-345,0.2333333333333333,0.004627310673822302,0.9998016807970327,0.9397295281589289,0.00019831920296721709,0.9953726893261777,0.009068472708488779,0.005754593708704608,0.030317656537900785,0.9395709359881602,0.5022144957354275,0.5022144957354275,0.06306918553049372,647
or_1_of_4,CWE-400,0.06417451314396344,0.08448422847399831,0.9577899674685367,0.9692816669106488,0.042210032531463236,0.9155157715260017,0.07283211197150748,0.07936313807816744,0.03760275236068396,0.929766446398923,0.5211370979712675,0.5211370979712675,0.036156606959801295,343
or_1_of_4,CWE-610,0.21952953066037528,0.1655043859649123,0.9727986464820872,0.96149913597505,0.02720135351791279,0.8344956140350878,0.1885445297907488,0.17398029517749455,0.15815844810225232,0.936793397461518,0.5691515162234998,0.5691515162234998,0.07551922802999202,477
or_1_of_4,CWE-668,0.2553106784722621,0.31315836101882616,0.850497333590875,0.8832186329951176,0.14950266640912502,0.6868416389811738,0.28122489064477785,0.2995312478323877,0.1505580118700444,0.7749044622751231,0.5818278473048506,0.5818278473048506,0.17675958692314,1504
or_1_of_4,CWE-669,0.0,0.0,0.9957821499180097,0.9767050865957142,0.004217850081990206,1.0,0.0,0.0,-0.009876710039073169,0.9726815189338727,0.49789107495900486,0.49789107495900486,0.02319870835007909,248
or_1_of_4,CWE-706,0.26944065571899384,0.14653465346534653,0.9806564341426602,0.9586355894870191,0.0193435658573398,0.8534653465346536,0.18940307361333358,0.16107987099495774,0.17012726300003028,0.9412508406107735,0.5635955438040033,0.5635955438040033,0.08246630632682148,505
or_1_of_4,CWE-74,0.3587656252396996,0.462771855010661,0.8456427283926236,0.8941741295113962,0.15435727160737647,0.537228144989339,0.40404986511231444,0.4373013850545734,0.2792753549527733,0.785510200748242,0.6542072917016423,0.6542072917016422,0.2505058454367067,1679
or_1_of_4,CWE-913,0.2485780885780886,0.35609756097560974,0.9785270756544403,0.9872963497483929,0.0214729243455597,0.6439024390243903,0.29187833670009844,0.32694655482754403,0.28052200399658483,0.9665906170059108,0.667312318315025,0.6673123183150251,0.10117301093904618,205
or_1_of_4,CWE-923,0.2,0.002898550724637681,1.0,0.9677228081560646,0.0,0.9971014492753623,0.005714285714285714,0.0036101083032490976,0.023694432921854518,0.9677257325778246,0.5014492753623189,0.5014492753623189,0.03517281814681296,346
traditional_2_of_4,CWE-20,0.029523809523809525,0.006521739130434782,0.9905205178452687,0.9568516686985754,0.009479482154731274,0.9934782608695653,0.0106826801517067,0.007725333262661331,-0.00633779216454153,0.9481837902270687,0.4985211284878518,0.5162457467931947,0.04533246109276816,460
traditional_2_of_4,CWE-285,0.6133116883116883,0.06282858200666419,0.9987403823282642,0.967807041968722,0.0012596176717357636,0.9371714179933358,0.11312650763870276,0.07640743354685173,0.18709453095957834,0.9666982184012897,0.5307844821674642,0.5318275360023781,0.07402581996687026,366
traditional_2_of_4,CWE-287,0.4070400791308719,0.058940225836527506,0.9913514778482521,0.9122100515031596,0.008648522151748028,0.9410597741634724,0.10275881677628403,0.07105679416531083,0.12643215261221247,0.9055201002773691,0.5251458518423897,0.6193777008903211,0.18376490634202586,984
traditional_2_of_4,CWE-311,0.26666666666666666,0.017786432976306395,0.9980576846174347,0.9638956820294065,0.0019423153825651788,0.9822135670236936,0.033229588131548915,0.021847207573212495,0.05988541439483547,0.9621158906370759,0.5079220587968706,0.5493402149247378,0.05230183165332969,392
traditional_2_of_4,CWE-327,0.431308503216257,0.5833333333333333,0.9877678840945778,0.9935112260785333,0.012232115905422232,0.4166666666666667,0.4923898311088388,0.5418951502626884,0.49083612522322273,0.981598786589419,0.7855506087139555,0.8603577274075451,0.28788177478975785,163
traditional_2_of_4,CWE-330,0.24666666666666667,0.03333333333333333,0.9989563174527213,0.986419949788527,0.001043682547278642,0.9666666666666666,0.058507766743060866,0.04025911355887753,0.08644159290544338,0.9854111188040475,0.5161448253930273,0.8188378175505712,0.2597402720202521,150
traditional_2_of_4,CWE-345,0.0,0.0,1.0,0.9394782146158839,0.0,1.0,0.0,0.0,0.0,0.9394782146158839,0.5,0.5022144957354275,0.06306918553049372,647
traditional_2_of_4,CWE-400,0.0,0.0,1.0,0.9679152697146189,0.0,1.0,0.0,0.0,0.0,0.9679152697146189,0.5,0.5211370979712675,0.036156606959801295,343
traditional_2_of_4,CWE-610,0.37756132756132754,0.04394736842105264,0.9968740909396067,0.9571350730031847,0.003125909060393388,0.9560526315789474,0.07843607663164334,0.053322301649006476,0.11631501781760951,0.9543596704754712,0.5204107296803296,0.5695008665225118,0.08468359415469637,477
traditional_2_of_4,CWE-668,0.44508961324808716,0.07447176079734219,0.9849740812284203,0.8666719707927948,0.015025918771579683,0.9255282392026578,0.1274817872334748,0.08932710631511927,0.1360185555343049,0.8568758587399798,0.5297229210128813,0.585055821195804,0.1930030396595222,1504
traditional_2_of_4,CWE-669,0.0,0.0,1.0,0.9768012916499209,0.0,1.0,0.0,0.0,0.0,0.9768012916499209,0.5,0.49789107495900486,0.02319870835007909,248
traditional_2_of_4,CWE-706,0.5638095238095238,0.03762376237623762,0.9987268881561366,0.954406761137574,0.0012731118438633672,0.9623762376237623,0.07050947967893832,0.046252476944843336,0.13712770094643567,0.9533298695855015,0.5181753252661871,0.5638637974516697,0.09968105845504253,505
traditional_2_of_4,CWE-74,0.4446918737128094,0.2870717839374556,0.933141148120298,0.8753934062616914,0.0668588518797019,0.7129282160625444,0.3484868900337877,0.30879043116673144,0.2653634563791287,0.831649822399773,0.6101064660288769,0.6595285611228199,0.2678869902303883,1679
traditional_2_of_4,CWE-913,0.6111974789915966,0.24390243902439024,0.9969498857282263,0.9853833819001231,0.003050114271773803,0.7560975609756098,0.34765373143017364,0.27689035030340436,0.3784079288146437,0.9825032393240463,0.6204261623763083,0.6693832929688758,0.19589222883258256,205
traditional_2_of_4,CWE-923,0.0,0.0,1.0,0.9676330112055483,0.0,1.0,0.0,0.0,0.0,0.9676330112055483,0.5,0.5014492753623189,0.03517281814681296,346
weighted_fire_specificity_silence_sensitivity_tau_0_1,CWE-20,0.05089289114470019,0.20434782608695654,0.8289413432333695,0.9586430551520836,0.17105865676663048,0.7956521739130435,0.08147657430308672,0.12744021038451167,0.01781640100537097,0.8020767150900238,0.516644584660163,0.5113278966672713,0.043429066172631016,460
weighted_fire_specificity_silence_sensitivity_tau_0_1,CWE-285,0.3333333333333333,0.06830803406145872,0.9951521609627856,0.9678749628589023,0.004847839037214462,0.9316919659385412,0.11267277438009145,0.08106281471065731,0.13740003183078758,0.963418541845658,0.5317300975121222,0.5318321372696986,0.07442066283552458,366
weighted_fire_specificity_silence_sensitivity_tau_0_1,CWE-287,0.4107789288215307,0.27947270278669845,0.9592948874473424,0.9292320501812794,0.04070511255265767,0.7205272972133016,0.3322652175133652,0.29838712946386936,0.2847830183598051,0.8967061865218771,0.6193837951170205,0.6194261566072635,0.18627910784344123,984
weighted_fire_specificity_silence_sensitivity_tau_0_1,CWE-311,0.1078258858878125,0.1427134047387212,0.9554571195638089,0.9669784022576667,0.0445428804361912,0.8572865952612789,0.12267574689679243,0.1339048030753755,0.0856456854503524,0.9256540174847933,0.549085262151265,0.5499201040911768,0.05634405117383097,392
weighted_fire_specificity_silence_sensitivity_tau_0_1,CWE-327,0.32789869447764186,0.7426136363636363,0.9760774519282451,0.9959338615638309,0.023922548071754857,0.25738636363636364,0.45403497512905416,0.5914200009001529,0.4819092493561599,0.9725183653876661,0.8593455441459408,0.8610425537428075,0.30705152631633525,163
weighted_fire_specificity_silence_sensitivity_tau_0_1,CWE-330,0.3820670646629612,0.6533333333333333,0.9845169412161658,0.9950064647243734,0.015483058783834247,0.3466666666666667,0.4810442908065119,0.5708943053578759,0.48984343492850313,0.979864900311,0.8189251372747496,0.8188378175505712,0.2597402720202521,150
weighted_fire_specificity_silence_sensitivity_tau_0_1,CWE-345,0.2333333333333333,0.004627310673822302,0.9998016807970327,0.9397295281589289,0.00019831920296721709,0.9953726893261777,0.009068472708488779,0.005754593708704608,0.030317656537900785,0.9395709359881602,0.5022144957354275,0.5022156409649479,0.06487002035458436,647
weighted_fire_specificity_silence_sensitivity_tau_0_1,CWE-400,0.06417451314396344,0.08448422847399831,0.9577899674685367,0.9692816669106488,0.042210032531463236,0.9155157715260017,0.07283211197150748,0.07936313807816744,0.03760275236068396,0.929766446398923,0.5211370979712675,0.5207942755338799,0.035408117646719736,343
weighted_fire_specificity_silence_sensitivity_tau_0_1,CWE-610,0.21952953066037528,0.1655043859649123,0.9727986464820872,0.96149913597505,0.02720135351791279,0.8344956140350878,0.1885445297907488,0.17398029517749455,0.15815844810225232,0.936793397461518,0.5691515162234998,0.5694167899978954,0.08461923057683116,477
weighted_fire_specificity_silence_sensitivity_tau_0_1,CWE-668,0.2553106784722621,0.31315836101882616,0.850497333590875,0.8832186329951176,0.14950266640912502,0.6868416389811738,0.28122489064477785,0.2995312478323877,0.1505580118700444,0.7749044622751231,0.5818278473048506,0.5832598233230267,0.18861878700507068,1504
weighted_fire_specificity_silence_sensitivity_tau_0_1,CWE-669,0.0,0.0,0.9957821499180097,0.9767050865957142,0.004217850081990206,1.0,0.0,0.0,-0.009876710039073169,0.9726815189338727,0.49789107495900486,0.49789107495900486,0.02319870835007909,248
weighted_fire_specificity_silence_sensitivity_tau_0_1,CWE-706,0.26944065571899384,0.14653465346534653,0.9806564341426602,0.9586355894870191,0.0193435658573398,0.8534653465346536,0.18940307361333358,0.16107987099495774,0.17012726300003028,0.9412508406107735,0.5635955438040033,0.5640223784513076,0.10380802551341657,505
weighted_fire_specificity_silence_sensitivity_tau_0_1,CWE-74,0.3587656252396996,0.462771855010661,0.8456427283926236,0.8941741295113962,0.15435727160737647,0.537228144989339,0.40404986511231444,0.4373013850545734,0.2792753549527733,0.785510200748242,0.6542072917016423,0.6614072583868831,0.2843401810859523,1679
weighted_fire_specificity_silence_sensitivity_tau_0_1,CWE-913,0.2485780885780886,0.35609756097560974,0.9785270756544403,0.9872963497483929,0.0214729243455597,0.6439024390243903,0.29187833670009844,0.32694655482754403,0.28052200399658483,0.9665906170059108,0.667312318315025,0.6694222833297516,0.22114611046311553,205
weighted_fire_specificity_silence_sensitivity_tau_0_1,CWE-923,0.0,0.0,1.0,0.9676330112055483,0.0,1.0,0.0,0.0,0.0,0.9676330112055483,0.5,0.5,0.03236698879445159,346
weighted_fire_specificity_silence_sensitivity_tau_0_2,CWE-20,0.05089289114470019,0.20434782608695654,0.8289413432333695,0.9586430551520836,0.17105865676663048,0.7956521739130435,0.08147657430308672,0.12744021038451167,0.01781640100537097,0.8020767150900238,0.516644584660163,0.5113278966672713,0.043429066172631016,460
weighted_fire_specificity_silence_sensitivity_tau_0_2,CWE-285,0.3333333333333333,0.06830803406145872,0.9951521609627856,0.9678749628589023,0.004847839037214462,0.9316919659385412,0.11267277438009145,0.08106281471065731,0.13740003183078758,0.963418541845658,0.5317300975121222,0.5318321372696986,0.07442066283552458,366
weighted_fire_specificity_silence_sensitivity_tau_0_2,CWE-287,0.4107789288215307,0.27947270278669845,0.9592948874473424,0.9292320501812794,0.04070511255265767,0.7205272972133016,0.3322652175133652,0.29838712946386936,0.2847830183598051,0.8967061865218771,0.6193837951170205,0.6194261566072635,0.18627910784344123,984
weighted_fire_specificity_silence_sensitivity_tau_0_2,CWE-311,0.1078258858878125,0.1427134047387212,0.9554571195638089,0.9669784022576667,0.0445428804361912,0.8572865952612789,0.12267574689679243,0.1339048030753755,0.0856456854503524,0.9256540174847933,0.549085262151265,0.5499201040911768,0.05634405117383097,392
weighted_fire_specificity_silence_sensitivity_tau_0_2,CWE-327,0.32789869447764186,0.7426136363636363,0.9760774519282451,0.9959338615638309,0.023922548071754857,0.25738636363636364,0.45403497512905416,0.5914200009001529,0.4819092493561599,0.9725183653876661,0.8593455441459408,0.8610425537428075,0.30705152631633525,163
weighted_fire_specificity_silence_sensitivity_tau_0_2,CWE-330,0.3820670646629612,0.6533333333333333,0.9845169412161658,0.9950064647243734,0.015483058783834247,0.3466666666666667,0.4810442908065119,0.5708943053578759,0.48984343492850313,0.979864900311,0.8189251372747496,0.8188378175505712,0.2597402720202521,150
weighted_fire_specificity_silence_sensitivity_tau_0_2,CWE-345,0.2333333333333333,0.004627310673822302,0.9998016807970327,0.9397295281589289,0.00019831920296721709,0.9953726893261777,0.009068472708488779,0.005754593708704608,0.030317656537900785,0.9395709359881602,0.5022144957354275,0.5022156409649479,0.06487002035458436,647
weighted_fire_specificity_silence_sensitivity_tau_0_2,CWE-400,0.06417451314396344,0.08448422847399831,0.9577899674685367,0.9692816669106488,0.042210032531463236,0.9155157715260017,0.07283211197150748,0.07936313807816744,0.03760275236068396,0.929766446398923,0.5211370979712675,0.5207942755338799,0.035408117646719736,343
weighted_fire_specificity_silence_sensitivity_tau_0_2,CWE-610,0.21952953066037528,0.1655043859649123,0.9727986464820872,0.96149913597505,0.02720135351791279,0.8344956140350878,0.1885445297907488,0.17398029517749455,0.15815844810225232,0.936793397461518,0.5691515162234998,0.5694167899978954,0.08461923057683116,477
weighted_fire_specificity_silence_sensitivity_tau_0_2,CWE-668,0.2553106784722621,0.31315836101882616,0.850497333590875,0.8832186329951176,0.14950266640912502,0.6868416389811738,0.28122489064477785,0.2995312478323877,0.1505580118700444,0.7749044622751231,0.5818278473048506,0.5832598233230267,0.18861878700507068,1504
weighted_fire_specificity_silence_sensitivity_tau_0_2,CWE-669,0.0,0.0,0.9957821499180097,0.9767050865957142,0.004217850081990206,1.0,0.0,0.0,-0.009876710039073169,0.9726815189338727,0.49789107495900486,0.49789107495900486,0.02319870835007909,248
weighted_fire_specificity_silence_sensitivity_tau_0_2,CWE-706,0.26944065571899384,0.14653465346534653,0.9806564341426602,0.9586355894870191,0.0193435658573398,0.8534653465346536,0.18940307361333358,0.16107987099495774,0.17012726300003028,0.9412508406107735,0.5635955438040033,0.5640223784513076,0.10380802551341657,505
weighted_fire_specificity_silence_sensitivity_tau_0_2,CWE-74,0.3587656252396996,0.462771855010661,0.8456427283926236,0.8941741295113962,0.15435727160737647,0.537228144989339,0.40404986511231444,0.4373013850545734,0.2792753549527733,0.785510200748242,0.6542072917016423,0.6614072583868831,0.2843401810859523,1679
weighted_fire_specificity_silence_sensitivity_tau_0_2,CWE-913,0.2485780885780886,0.35609756097560974,0.9785270756544403,0.9872963497483929,0.0214729243455597,0.6439024390243903,0.29187833670009844,0.32694655482754403,0.28052200399658483,0.9665906170059108,0.667312318315025,0.6694222833297516,0.22114611046311553,205
weighted_fire_specificity_silence_sensitivity_tau_0_2,CWE-923,0.0,0.0,1.0,0.9676330112055483,0.0,1.0,0.0,0.0,0.0,0.9676330112055483,0.5,0.5,0.03236698879445159,346
weighted_fire_specificity_silence_sensitivity_tau_0_3,CWE-20,0.05089289114470019,0.20434782608695654,0.8289413432333695,0.9586430551520836,0.17105865676663048,0.7956521739130435,0.08147657430308672,0.12744021038451167,0.01781640100537097,0.8020767150900238,0.516644584660163,0.5113278966672713,0.043429066172631016,460
weighted_fire_specificity_silence_sensitivity_tau_0_3,CWE-285,0.3333333333333333,0.06830803406145872,0.9951521609627856,0.9678749628589023,0.004847839037214462,0.9316919659385412,0.11267277438009145,0.08106281471065731,0.13740003183078758,0.963418541845658,0.5317300975121222,0.5318321372696986,0.07442066283552458,366
weighted_fire_specificity_silence_sensitivity_tau_0_3,CWE-287,0.4107789288215307,0.27947270278669845,0.9592948874473424,0.9292320501812794,0.04070511255265767,0.7205272972133016,0.3322652175133652,0.29838712946386936,0.2847830183598051,0.8967061865218771,0.6193837951170205,0.6194261566072635,0.18627910784344123,984
weighted_fire_specificity_silence_sensitivity_tau_0_3,CWE-311,0.1078258858878125,0.1427134047387212,0.9554571195638089,0.9669784022576667,0.0445428804361912,0.8572865952612789,0.12267574689679243,0.1339048030753755,0.0856456854503524,0.9256540174847933,0.549085262151265,0.5499201040911768,0.05634405117383097,392
weighted_fire_specificity_silence_sensitivity_tau_0_3,CWE-327,0.32789869447764186,0.7426136363636363,0.9760774519282451,0.9959338615638309,0.023922548071754857,0.25738636363636364,0.45403497512905416,0.5914200009001529,0.4819092493561599,0.9725183653876661,0.8593455441459408,0.8610425537428075,0.30705152631633525,163
weighted_fire_specificity_silence_sensitivity_tau_0_3,CWE-330,0.3820670646629612,0.6533333333333333,0.9845169412161658,0.9950064647243734,0.015483058783834247,0.3466666666666667,0.4810442908065119,0.5708943053578759,0.48984343492850313,0.979864900311,0.8189251372747496,0.8188378175505712,0.2597402720202521,150
weighted_fire_specificity_silence_sensitivity_tau_0_3,CWE-345,0.2333333333333333,0.004627310673822302,0.9998016807970327,0.9397295281589289,0.00019831920296721709,0.9953726893261777,0.009068472708488779,0.005754593708704608,0.030317656537900785,0.9395709359881602,0.5022144957354275,0.5022156409649479,0.06487002035458436,647
weighted_fire_specificity_silence_sensitivity_tau_0_3,CWE-400,0.06417451314396344,0.08448422847399831,0.9577899674685367,0.9692816669106488,0.042210032531463236,0.9155157715260017,0.07283211197150748,0.07936313807816744,0.03760275236068396,0.929766446398923,0.5211370979712675,0.5207942755338799,0.035408117646719736,343
weighted_fire_specificity_silence_sensitivity_tau_0_3,CWE-610,0.21952953066037528,0.1655043859649123,0.9727986464820872,0.96149913597505,0.02720135351791279,0.8344956140350878,0.1885445297907488,0.17398029517749455,0.15815844810225232,0.936793397461518,0.5691515162234998,0.5694167899978954,0.08461923057683116,477
weighted_fire_specificity_silence_sensitivity_tau_0_3,CWE-668,0.2553106784722621,0.31315836101882616,0.850497333590875,0.8832186329951176,0.14950266640912502,0.6868416389811738,0.28122489064477785,0.2995312478323877,0.1505580118700444,0.7749044622751231,0.5818278473048506,0.5832598233230267,0.18861878700507068,1504
weighted_fire_specificity_silence_sensitivity_tau_0_3,CWE-669,0.0,0.0,0.9957821499180097,0.9767050865957142,0.004217850081990206,1.0,0.0,0.0,-0.009876710039073169,0.9726815189338727,0.49789107495900486,0.49789107495900486,0.02319870835007909,248
weighted_fire_specificity_silence_sensitivity_tau_0_3,CWE-706,0.26944065571899384,0.14653465346534653,0.9806564341426602,0.9586355894870191,0.0193435658573398,0.8534653465346536,0.18940307361333358,0.16107987099495774,0.17012726300003028,0.9412508406107735,0.5635955438040033,0.5640223784513076,0.10380802551341657,505
weighted_fire_specificity_silence_sensitivity_tau_0_3,CWE-74,0.3587656252396996,0.462771855010661,0.8456427283926236,0.8941741295113962,0.15435727160737647,0.537228144989339,0.40404986511231444,0.4373013850545734,0.2792753549527733,0.785510200748242,0.6542072917016423,0.6614072583868831,0.2843401810859523,1679
weighted_fire_specificity_silence_sensitivity_tau_0_3,CWE-913,0.2485780885780886,0.35609756097560974,0.9785270756544403,0.9872963497483929,0.0214729243455597,0.6439024390243903,0.29187833670009844,0.32694655482754403,0.28052200399658483,0.9665906170059108,0.667312318315025,0.6694222833297516,0.22114611046311553,205
weighted_fire_specificity_silence_sensitivity_tau_0_3,CWE-923,0.0,0.0,1.0,0.9676330112055483,0.0,1.0,0.0,0.0,0.0,0.9676330112055483,0.5,0.5,0.03236698879445159,346
weighted_fire_specificity_silence_sensitivity_tau_0_4,CWE-20,0.05089289114470019,0.20434782608695654,0.8289413432333695,0.9586430551520836,0.17105865676663048,0.7956521739130435,0.08147657430308672,0.12744021038451167,0.01781640100537097,0.8020767150900238,0.516644584660163,0.5113278966672713,0.043429066172631016,460
weighted_fire_specificity_silence_sensitivity_tau_0_4,CWE-285,0.3333333333333333,0.06830803406145872,0.9951521609627856,0.9678749628589023,0.004847839037214462,0.9316919659385412,0.11267277438009145,0.08106281471065731,0.13740003183078758,0.963418541845658,0.5317300975121222,0.5318321372696986,0.07442066283552458,366
weighted_fire_specificity_silence_sensitivity_tau_0_4,CWE-287,0.4107789288215307,0.27947270278669845,0.9592948874473424,0.9292320501812794,0.04070511255265767,0.7205272972133016,0.3322652175133652,0.29838712946386936,0.2847830183598051,0.8967061865218771,0.6193837951170205,0.6194261566072635,0.18627910784344123,984
weighted_fire_specificity_silence_sensitivity_tau_0_4,CWE-311,0.1078258858878125,0.1427134047387212,0.9554571195638089,0.9669784022576667,0.0445428804361912,0.8572865952612789,0.12267574689679243,0.1339048030753755,0.0856456854503524,0.9256540174847933,0.549085262151265,0.5499201040911768,0.05634405117383097,392
weighted_fire_specificity_silence_sensitivity_tau_0_4,CWE-327,0.32789869447764186,0.7426136363636363,0.9760774519282451,0.9959338615638309,0.023922548071754857,0.25738636363636364,0.45403497512905416,0.5914200009001529,0.4819092493561599,0.9725183653876661,0.8593455441459408,0.8610425537428075,0.30705152631633525,163
weighted_fire_specificity_silence_sensitivity_tau_0_4,CWE-330,0.3820670646629612,0.6533333333333333,0.9845169412161658,0.9950064647243734,0.015483058783834247,0.3466666666666667,0.4810442908065119,0.5708943053578759,0.48984343492850313,0.979864900311,0.8189251372747496,0.8188378175505712,0.2597402720202521,150
weighted_fire_specificity_silence_sensitivity_tau_0_4,CWE-345,0.2333333333333333,0.004627310673822302,0.9998016807970327,0.9397295281589289,0.00019831920296721709,0.9953726893261777,0.009068472708488779,0.005754593708704608,0.030317656537900785,0.9395709359881602,0.5022144957354275,0.5022156409649479,0.06487002035458436,647
weighted_fire_specificity_silence_sensitivity_tau_0_4,CWE-400,0.06417451314396344,0.08448422847399831,0.9577899674685367,0.9692816669106488,0.042210032531463236,0.9155157715260017,0.07283211197150748,0.07936313807816744,0.03760275236068396,0.929766446398923,0.5211370979712675,0.5207942755338799,0.035408117646719736,343
weighted_fire_specificity_silence_sensitivity_tau_0_4,CWE-610,0.21952953066037528,0.1655043859649123,0.9727986464820872,0.96149913597505,0.02720135351791279,0.8344956140350878,0.1885445297907488,0.17398029517749455,0.15815844810225232,0.936793397461518,0.5691515162234998,0.5694167899978954,0.08461923057683116,477
weighted_fire_specificity_silence_sensitivity_tau_0_4,CWE-668,0.2553106784722621,0.31315836101882616,0.850497333590875,0.8832186329951176,0.14950266640912502,0.6868416389811738,0.28122489064477785,0.2995312478323877,0.1505580118700444,0.7749044622751231,0.5818278473048506,0.5832598233230267,0.18861878700507068,1504
weighted_fire_specificity_silence_sensitivity_tau_0_4,CWE-669,0.0,0.0,0.9957821499180097,0.9767050865957142,0.004217850081990206,1.0,0.0,0.0,-0.009876710039073169,0.9726815189338727,0.49789107495900486,0.49789107495900486,0.02319870835007909,248
weighted_fire_specificity_silence_sensitivity_tau_0_4,CWE-706,0.26944065571899384,0.14653465346534653,0.9806564341426602,0.9586355894870191,0.0193435658573398,0.8534653465346536,0.18940307361333358,0.16107987099495774,0.17012726300003028,0.9412508406107735,0.5635955438040033,0.5640223784513076,0.10380802551341657,505
weighted_fire_specificity_silence_sensitivity_tau_0_4,CWE-74,0.3587656252396996,0.462771855010661,0.8456427283926236,0.8941741295113962,0.15435727160737647,0.537228144989339,0.40404986511231444,0.4373013850545734,0.2792753549527733,0.785510200748242,0.6542072917016423,0.6614072583868831,0.2843401810859523,1679
weighted_fire_specificity_silence_sensitivity_tau_0_4,CWE-913,0.2485780885780886,0.35609756097560974,0.9785270756544403,0.9872963497483929,0.0214729243455597,0.6439024390243903,0.29187833670009844,0.32694655482754403,0.28052200399658483,0.9665906170059108,0.667312318315025,0.6694222833297516,0.22114611046311553,205
weighted_fire_specificity_silence_sensitivity_tau_0_4,CWE-923,0.0,0.0,1.0,0.9676330112055483,0.0,1.0,0.0,0.0,0.0,0.9676330112055483,0.5,0.5,0.03236698879445159,346
weighted_fire_specificity_silence_sensitivity_tau_0_5,CWE-20,0.05089289114470019,0.20434782608695654,0.8289413432333695,0.9586430551520836,0.17105865676663048,0.7956521739130435,0.08147657430308672,0.12744021038451167,0.01781640100537097,0.8020767150900238,0.516644584660163,0.5113278966672713,0.043429066172631016,460
weighted_fire_specificity_silence_sensitivity_tau_0_5,CWE-285,0.3333333333333333,0.06830803406145872,0.9951521609627856,0.9678749628589023,0.004847839037214462,0.9316919659385412,0.11267277438009145,0.08106281471065731,0.13740003183078758,0.963418541845658,0.5317300975121222,0.5318321372696986,0.07442066283552458,366
weighted_fire_specificity_silence_sensitivity_tau_0_5,CWE-287,0.4107789288215307,0.27947270278669845,0.9592948874473424,0.9292320501812794,0.04070511255265767,0.7205272972133016,0.3322652175133652,0.29838712946386936,0.2847830183598051,0.8967061865218771,0.6193837951170205,0.6194261566072635,0.18627910784344123,984
weighted_fire_specificity_silence_sensitivity_tau_0_5,CWE-311,0.1078258858878125,0.1427134047387212,0.9554571195638089,0.9669784022576667,0.0445428804361912,0.8572865952612789,0.12267574689679243,0.1339048030753755,0.0856456854503524,0.9256540174847933,0.549085262151265,0.5499201040911768,0.05634405117383097,392
weighted_fire_specificity_silence_sensitivity_tau_0_5,CWE-327,0.42339368276645734,0.7056818181818182,0.984822893124365,0.9953967681277607,0.015177106875634918,0.2943181818181818,0.5280517287845036,0.621386695616574,0.5371334195522655,0.980569745187459,0.8452523556530916,0.8610425537428075,0.30705152631633525,163
weighted_fire_specificity_silence_sensitivity_tau_0_5,CWE-330,0.3820670646629612,0.6533333333333333,0.9845169412161658,0.9950064647243734,0.015483058783834247,0.3466666666666667,0.4810442908065119,0.5708943053578759,0.48984343492850313,0.979864900311,0.8189251372747496,0.8188378175505712,0.2597402720202521,150
weighted_fire_specificity_silence_sensitivity_tau_0_5,CWE-345,0.2333333333333333,0.004627310673822302,0.9998016807970327,0.9397295281589289,0.00019831920296721709,0.9953726893261777,0.009068472708488779,0.005754593708704608,0.030317656537900785,0.9395709359881602,0.5022144957354275,0.5022156409649479,0.06487002035458436,647
weighted_fire_specificity_silence_sensitivity_tau_0_5,CWE-400,0.06417451314396344,0.08448422847399831,0.9577899674685367,0.9692816669106488,0.042210032531463236,0.9155157715260017,0.07283211197150748,0.07936313807816744,0.03760275236068396,0.929766446398923,0.5211370979712675,0.5207942755338799,0.035408117646719736,343
weighted_fire_specificity_silence_sensitivity_tau_0_5,CWE-610,0.21952953066037528,0.1655043859649123,0.9727986464820872,0.96149913597505,0.02720135351791279,0.8344956140350878,0.1885445297907488,0.17398029517749455,0.15815844810225232,0.936793397461518,0.5691515162234998,0.5694167899978954,0.08461923057683116,477
weighted_fire_specificity_silence_sensitivity_tau_0_5,CWE-668,0.2553106784722621,0.31315836101882616,0.850497333590875,0.8832186329951176,0.14950266640912502,0.6868416389811738,0.28122489064477785,0.2995312478323877,0.1505580118700444,0.7749044622751231,0.5818278473048506,0.5832598233230267,0.18861878700507068,1504
weighted_fire_specificity_silence_sensitivity_tau_0_5,CWE-669,0.0,0.0,0.9957821499180097,0.9767050865957142,0.004217850081990206,1.0,0.0,0.0,-0.009876710039073169,0.9726815189338727,0.49789107495900486,0.49789107495900486,0.02319870835007909,248
weighted_fire_specificity_silence_sensitivity_tau_0_5,CWE-706,0.26944065571899384,0.14653465346534653,0.9806564341426602,0.9586355894870191,0.0193435658573398,0.8534653465346536,0.18940307361333358,0.16107987099495774,0.17012726300003028,0.9412508406107735,0.5635955438040033,0.5640223784513076,0.10380802551341657,505
weighted_fire_specificity_silence_sensitivity_tau_0_5,CWE-74,0.3587656252396996,0.462771855010661,0.8456427283926236,0.8941741295113962,0.15435727160737647,0.537228144989339,0.40404986511231444,0.4373013850545734,0.2792753549527733,0.785510200748242,0.6542072917016423,0.6614072583868831,0.2843401810859523,1679
weighted_fire_specificity_silence_sensitivity_tau_0_5,CWE-913,0.2485780885780886,0.35609756097560974,0.9785270756544403,0.9872963497483929,0.0214729243455597,0.6439024390243903,0.29187833670009844,0.32694655482754403,0.28052200399658483,0.9665906170059108,0.667312318315025,0.6694222833297516,0.22114611046311553,205
weighted_fire_specificity_silence_sensitivity_tau_0_5,CWE-923,0.0,0.0,1.0,0.9676330112055483,0.0,1.0,0.0,0.0,0.0,0.9676330112055483,0.5,0.5,0.03236698879445159,346
weighted_fire_specificity_silence_sensitivity_tau_0_6,CWE-20,0.05089289114470019,0.20434782608695654,0.8289413432333695,0.9586430551520836,0.17105865676663048,0.7956521739130435,0.08147657430308672,0.12744021038451167,0.01781640100537097,0.8020767150900238,0.516644584660163,0.5113278966672713,0.043429066172631016,460
weighted_fire_specificity_silence_sensitivity_tau_0_6,CWE-285,0.3333333333333333,0.06830803406145872,0.9951521609627856,0.9678749628589023,0.004847839037214462,0.9316919659385412,0.11267277438009145,0.08106281471065731,0.13740003183078758,0.963418541845658,0.5317300975121222,0.5318321372696986,0.07442066283552458,366
weighted_fire_specificity_silence_sensitivity_tau_0_6,CWE-287,0.4107789288215307,0.27947270278669845,0.9592948874473424,0.9292320501812794,0.04070511255265767,0.7205272972133016,0.3322652175133652,0.29838712946386936,0.2847830183598051,0.8967061865218771,0.6193837951170205,0.6194261566072635,0.18627910784344123,984
weighted_fire_specificity_silence_sensitivity_tau_0_6,CWE-311,0.1078258858878125,0.1427134047387212,0.9554571195638089,0.9669784022576667,0.0445428804361912,0.8572865952612789,0.12267574689679243,0.1339048030753755,0.0856456854503524,0.9256540174847933,0.549085262151265,0.5499201040911768,0.05634405117383097,392
weighted_fire_specificity_silence_sensitivity_tau_0_6,CWE-327,0.431308503216257,0.5833333333333333,0.9877678840945778,0.9935112260785333,0.012232115905422232,0.4166666666666667,0.4923898311088388,0.5418951502626884,0.49083612522322273,0.981598786589419,0.7855506087139555,0.8610425537428075,0.30705152631633525,163
weighted_fire_specificity_silence_sensitivity_tau_0_6,CWE-330,0.3820670646629612,0.6533333333333333,0.9845169412161658,0.9950064647243734,0.015483058783834247,0.3466666666666667,0.4810442908065119,0.5708943053578759,0.48984343492850313,0.979864900311,0.8189251372747496,0.8188378175505712,0.2597402720202521,150
weighted_fire_specificity_silence_sensitivity_tau_0_6,CWE-345,0.2333333333333333,0.004627310673822302,0.9998016807970327,0.9397295281589289,0.00019831920296721709,0.9953726893261777,0.009068472708488779,0.005754593708704608,0.030317656537900785,0.9395709359881602,0.5022144957354275,0.5022156409649479,0.06487002035458436,647
weighted_fire_specificity_silence_sensitivity_tau_0_6,CWE-400,0.06417451314396344,0.08448422847399831,0.9577899674685367,0.9692816669106488,0.042210032531463236,0.9155157715260017,0.07283211197150748,0.07936313807816744,0.03760275236068396,0.929766446398923,0.5211370979712675,0.5207942755338799,0.035408117646719736,343
weighted_fire_specificity_silence_sensitivity_tau_0_6,CWE-610,0.21952953066037528,0.1655043859649123,0.9727986464820872,0.96149913597505,0.02720135351791279,0.8344956140350878,0.1885445297907488,0.17398029517749455,0.15815844810225232,0.936793397461518,0.5691515162234998,0.5694167899978954,0.08461923057683116,477
weighted_fire_specificity_silence_sensitivity_tau_0_6,CWE-668,0.2553106784722621,0.31315836101882616,0.850497333590875,0.8832186329951176,0.14950266640912502,0.6868416389811738,0.28122489064477785,0.2995312478323877,0.1505580118700444,0.7749044622751231,0.5818278473048506,0.5832598233230267,0.18861878700507068,1504
weighted_fire_specificity_silence_sensitivity_tau_0_6,CWE-669,0.0,0.0,0.9957821499180097,0.9767050865957142,0.004217850081990206,1.0,0.0,0.0,-0.009876710039073169,0.9726815189338727,0.49789107495900486,0.49789107495900486,0.02319870835007909,248
weighted_fire_specificity_silence_sensitivity_tau_0_6,CWE-706,0.26944065571899384,0.14653465346534653,0.9806564341426602,0.9586355894870191,0.0193435658573398,0.8534653465346536,0.18940307361333358,0.16107987099495774,0.17012726300003028,0.9412508406107735,0.5635955438040033,0.5640223784513076,0.10380802551341657,505
weighted_fire_specificity_silence_sensitivity_tau_0_6,CWE-74,0.38066377573529386,0.44669331911869226,0.8642815026628577,0.8934515289800652,0.1357184973371423,0.5533066808813076,0.41084234090919997,0.43156661897657134,0.29192052850689365,0.7987015938650794,0.6554874108907749,0.6614072583868831,0.2843401810859523,1679
weighted_fire_specificity_silence_sensitivity_tau_0_6,CWE-913,0.2485780885780886,0.35609756097560974,0.9785270756544403,0.9872963497483929,0.0214729243455597,0.6439024390243903,0.29187833670009844,0.32694655482754403,0.28052200399658483,0.9665906170059108,0.667312318315025,0.6694222833297516,0.22114611046311553,205
weighted_fire_specificity_silence_sensitivity_tau_0_6,CWE-923,0.0,0.0,1.0,0.9676330112055483,0.0,1.0,0.0,0.0,0.0,0.9676330112055483,0.5,0.5,0.03236698879445159,346
weighted_fire_specificity_silence_sensitivity_tau_0_7,CWE-20,0.05089289114470019,0.20434782608695654,0.8289413432333695,0.9586430551520836,0.17105865676663048,0.7956521739130435,0.08147657430308672,0.12744021038451167,0.01781640100537097,0.8020767150900238,0.516644584660163,0.5113278966672713,0.043429066172631016,460
weighted_fire_specificity_silence_sensitivity_tau_0_7,CWE-285,0.3333333333333333,0.06830803406145872,0.9951521609627856,0.9678749628589023,0.004847839037214462,0.9316919659385412,0.11267277438009145,0.08106281471065731,0.13740003183078758,0.963418541845658,0.5317300975121222,0.5318321372696986,0.07442066283552458,366
weighted_fire_specificity_silence_sensitivity_tau_0_7,CWE-287,0.4107789288215307,0.27947270278669845,0.9592948874473424,0.9292320501812794,0.04070511255265767,0.7205272972133016,0.3322652175133652,0.29838712946386936,0.2847830183598051,0.8967061865218771,0.6193837951170205,0.6194261566072635,0.18627910784344123,984
weighted_fire_specificity_silence_sensitivity_tau_0_7,CWE-311,0.1078258858878125,0.1427134047387212,0.9554571195638089,0.9669784022576667,0.0445428804361912,0.8572865952612789,0.12267574689679243,0.1339048030753755,0.0856456854503524,0.9256540174847933,0.549085262151265,0.5499201040911768,0.05634405117383097,392
weighted_fire_specificity_silence_sensitivity_tau_0_7,CWE-327,0.431308503216257,0.5833333333333333,0.9877678840945778,0.9935112260785333,0.012232115905422232,0.4166666666666667,0.4923898311088388,0.5418951502626884,0.49083612522322273,0.981598786589419,0.7855506087139555,0.8610425537428075,0.30705152631633525,163
weighted_fire_specificity_silence_sensitivity_tau_0_7,CWE-330,0.3820670646629612,0.6533333333333333,0.9845169412161658,0.9950064647243734,0.015483058783834247,0.3466666666666667,0.4810442908065119,0.5708943053578759,0.48984343492850313,0.979864900311,0.8189251372747496,0.8188378175505712,0.2597402720202521,150
weighted_fire_specificity_silence_sensitivity_tau_0_7,CWE-345,0.2333333333333333,0.004627310673822302,0.9998016807970327,0.9397295281589289,0.00019831920296721709,0.9953726893261777,0.009068472708488779,0.005754593708704608,0.030317656537900785,0.9395709359881602,0.5022144957354275,0.5022156409649479,0.06487002035458436,647
weighted_fire_specificity_silence_sensitivity_tau_0_7,CWE-400,0.06417451314396344,0.08448422847399831,0.9577899674685367,0.9692816669106488,0.042210032531463236,0.9155157715260017,0.07283211197150748,0.07936313807816744,0.03760275236068396,0.929766446398923,0.5211370979712675,0.5207942755338799,0.035408117646719736,343
weighted_fire_specificity_silence_sensitivity_tau_0_7,CWE-610,0.21952953066037528,0.1655043859649123,0.9727986464820872,0.96149913597505,0.02720135351791279,0.8344956140350878,0.1885445297907488,0.17398029517749455,0.15815844810225232,0.936793397461518,0.5691515162234998,0.5694167899978954,0.08461923057683116,477
weighted_fire_specificity_silence_sensitivity_tau_0_7,CWE-668,0.2553106784722621,0.31315836101882616,0.850497333590875,0.8832186329951176,0.14950266640912502,0.6868416389811738,0.28122489064477785,0.2995312478323877,0.1505580118700444,0.7749044622751231,0.5818278473048506,0.5832598233230267,0.18861878700507068,1504
weighted_fire_specificity_silence_sensitivity_tau_0_7,CWE-669,0.0,0.0,0.9957821499180097,0.9767050865957142,0.004217850081990206,1.0,0.0,0.0,-0.009876710039073169,0.9726815189338727,0.49789107495900486,0.49789107495900486,0.02319870835007909,248
weighted_fire_specificity_silence_sensitivity_tau_0_7,CWE-706,0.26944065571899384,0.14653465346534653,0.9806564341426602,0.9586355894870191,0.0193435658573398,0.8534653465346536,0.18940307361333358,0.16107987099495774,0.17012726300003028,0.9412508406107735,0.5635955438040033,0.5640223784513076,0.10380802551341657,505
weighted_fire_specificity_silence_sensitivity_tau_0_7,CWE-74,0.4446918737128094,0.2870717839374556,0.933141148120298,0.8753934062616914,0.0668588518797019,0.7129282160625444,0.3484868900337877,0.30879043116673144,0.2653634563791287,0.831649822399773,0.6101064660288769,0.6614072583868831,0.2843401810859523,1679
weighted_fire_specificity_silence_sensitivity_tau_0_7,CWE-913,0.24524727830423004,0.3463414634146341,0.9787173727220141,0.9871044181049584,0.021282627277985907,0.6536585365853659,0.28630198243850824,0.319210254141994,0.2744241759425109,0.966586068631616,0.6625294180683241,0.6694222833297516,0.22114611046311553,205
weighted_fire_specificity_silence_sensitivity_tau_0_7,CWE-923,0.0,0.0,1.0,0.9676330112055483,0.0,1.0,0.0,0.0,0.0,0.9676330112055483,0.5,0.5,0.03236698879445159,346
weighted_fire_specificity_silence_sensitivity_tau_0_8,CWE-20,0.05089289114470019,0.20434782608695654,0.8289413432333695,0.9586430551520836,0.17105865676663048,0.7956521739130435,0.08147657430308672,0.12744021038451167,0.01781640100537097,0.8020767150900238,0.516644584660163,0.5113278966672713,0.043429066172631016,460
weighted_fire_specificity_silence_sensitivity_tau_0_8,CWE-285,0.3333333333333333,0.06830803406145872,0.9951521609627856,0.9678749628589023,0.004847839037214462,0.9316919659385412,0.11267277438009145,0.08106281471065731,0.13740003183078758,0.963418541845658,0.5317300975121222,0.5318321372696986,0.07442066283552458,366
weighted_fire_specificity_silence_sensitivity_tau_0_8,CWE-287,0.41200441209510813,0.26221381953796746,0.9620821895056044,0.9278502333766123,0.03791781049439551,0.7377861804620325,0.3202849004742626,0.2826938993231261,0.27602130144671033,0.8976447813931709,0.612148004521786,0.6194261566072635,0.18627910784344123,984
weighted_fire_specificity_silence_sensitivity_tau_0_8,CWE-311,0.1078258858878125,0.1427134047387212,0.9554571195638089,0.9669784022576667,0.0445428804361912,0.8572865952612789,0.12267574689679243,0.1339048030753755,0.0856456854503524,0.9256540174847933,0.549085262151265,0.5499201040911768,0.05634405117383097,392
weighted_fire_specificity_silence_sensitivity_tau_0_8,CWE-327,0.4418458573946379,0.5649621212121212,0.9886166379452404,0.9932305114346868,0.011383362054759722,0.4350378787878788,0.4923312690269487,0.5322622151829416,0.4890534183117225,0.9821528376679736,0.7767893795786808,0.8610425537428075,0.30705152631633525,163
weighted_fire_specificity_silence_sensitivity_tau_0_8,CWE-330,0.3820670646629612,0.6533333333333333,0.9845169412161658,0.9950064647243734,0.015483058783834247,0.3466666666666667,0.4810442908065119,0.5708943053578759,0.48984343492850313,0.979864900311,0.8189251372747496,0.8188378175505712,0.2597402720202521,150
weighted_fire_specificity_silence_sensitivity_tau_0_8,CWE-345,0.2333333333333333,0.004627310673822302,0.9998016807970327,0.9397295281589289,0.00019831920296721709,0.9953726893261777,0.009068472708488779,0.005754593708704608,0.030317656537900785,0.9395709359881602,0.5022144957354275,0.5022156409649479,0.06487002035458436,647
weighted_fire_specificity_silence_sensitivity_tau_0_8,CWE-400,0.06417451314396344,0.08448422847399831,0.9577899674685367,0.9692816669106488,0.042210032531463236,0.9155157715260017,0.07283211197150748,0.07936313807816744,0.03760275236068396,0.929766446398923,0.5211370979712675,0.5207942755338799,0.035408117646719736,343
weighted_fire_specificity_silence_sensitivity_tau_0_8,CWE-610,0.21952953066037528,0.1655043859649123,0.9727986464820872,0.96149913597505,0.02720135351791279,0.8344956140350878,0.1885445297907488,0.17398029517749455,0.15815844810225232,0.936793397461518,0.5691515162234998,0.5694167899978954,0.08461923057683116,477
weighted_fire_specificity_silence_sensitivity_tau_0_8,CWE-668,0.30396505767961096,0.16557253599114066,0.9250844312333358,0.8717621646367404,0.07491556876666419,0.8344274640088594,0.18564504657358719,0.1709691317106023,0.11636546878828802,0.8181378591254509,0.5453284836122382,0.5832598233230267,0.18861878700507068,1504
weighted_fire_specificity_silence_sensitivity_tau_0_8,CWE-669,0.0,0.0,0.9957821499180097,0.9767050865957142,0.004217850081990206,1.0,0.0,0.0,-0.009876710039073169,0.9726815189338727,0.49789107495900486,0.49789107495900486,0.02319870835007909,248
weighted_fire_specificity_silence_sensitivity_tau_0_8,CWE-706,0.26944065571899384,0.14653465346534653,0.9806564341426602,0.9586355894870191,0.0193435658573398,0.8534653465346536,0.18940307361333358,0.16107987099495774,0.17012726300003028,0.9412508406107735,0.5635955438040033,0.5640223784513076,0.10380802551341657,505
weighted_fire_specificity_silence_sensitivity_tau_0_8,CWE-74,0.4446918737128094,0.2870717839374556,0.933141148120298,0.8753934062616914,0.0668588518797019,0.7129282160625444,0.3484868900337877,0.30879043116673144,0.2653634563791287,0.831649822399773,0.6101064660288769,0.6614072583868831,0.2843401810859523,1679
weighted_fire_specificity_silence_sensitivity_tau_0_8,CWE-913,0.6111974789915966,0.24390243902439024,0.9969498857282263,0.9853833819001231,0.003050114271773803,0.7560975609756098,0.34765373143017364,0.27689035030340436,0.3784079288146437,0.9825032393240463,0.6204261623763083,0.6694222833297516,0.22114611046311553,205
weighted_fire_specificity_silence_sensitivity_tau_0_8,CWE-923,0.0,0.0,1.0,0.9676330112055483,0.0,1.0,0.0,0.0,0.0,0.9676330112055483,0.5,0.5,0.03236698879445159,346
weighted_fire_specificity_silence_sensitivity_tau_0_9,CWE-20,0.029625235756522428,0.10869565217391304,0.8703966426837411,0.955947649816177,0.12960335731625894,0.8913043478260869,0.046547792818419004,0.07083859606953909,-0.01443823623172744,0.8376394943203413,0.48954614742882707,0.5113278966672713,0.043429066172631016,460
weighted_fire_specificity_silence_sensitivity_tau_0_9,CWE-285,0.5737394957983193,0.06556830803406147,0.9982605358791279,0.967883515477358,0.00173946412087204,0.9344316919659384,0.11503126954346468,0.07913100687505834,0.18103724095532875,0.9663273329121844,0.5319144219565948,0.5318321372696986,0.07442066283552458,366
weighted_fire_specificity_silence_sensitivity_tau_0_9,CWE-287,0.41200441209510813,0.26221381953796746,0.9620821895056044,0.9278502333766123,0.03791781049439551,0.7377861804620325,0.3202849004742626,0.2826938993231261,0.27602130144671033,0.8976447813931709,0.612148004521786,0.6194261566072635,0.18627910784344123,984
weighted_fire_specificity_silence_sensitivity_tau_0_9,CWE-311,0.13330995223317618,0.13252190847127557,0.9677739915443304,0.9670078016782625,0.0322260084556696,0.8674780915287243,0.13276862173296808,0.13258555058872573,0.10025798881738428,0.937144402884666,0.550147950007803,0.5499201040911768,0.05634405117383097,392
weighted_fire_specificity_silence_sensitivity_tau_0_9,CWE-327,0.4418458573946379,0.5649621212121212,0.9886166379452404,0.9932305114346868,0.011383362054759722,0.4350378787878788,0.4923312690269487,0.5322622151829416,0.4890534183117225,0.9821528376679736,0.7767893795786808,0.8610425537428075,0.30705152631633525,163
weighted_fire_specificity_silence_sensitivity_tau_0_9,CWE-330,0.3820670646629612,0.6533333333333333,0.9845169412161658,0.9950064647243734,0.015483058783834247,0.3466666666666667,0.4810442908065119,0.5708943053578759,0.48984343492850313,0.979864900311,0.8189251372747496,0.8188378175505712,0.2597402720202521,150
weighted_fire_specificity_silence_sensitivity_tau_0_9,CWE-345,0.2333333333333333,0.004627310673822302,0.9998016807970327,0.9397295281589289,0.00019831920296721709,0.9953726893261777,0.009068472708488779,0.005754593708704608,0.030317656537900785,0.9395709359881602,0.5022144957354275,0.5022156409649479,0.06487002035458436,647
weighted_fire_specificity_silence_sensitivity_tau_0_9,CWE-400,0.06417451314396344,0.08448422847399831,0.9577899674685367,0.9692816669106488,0.042210032531463236,0.9155157715260017,0.07283211197150748,0.07936313807816744,0.03760275236068396,0.929766446398923,0.5211370979712675,0.5207942755338799,0.035408117646719736,343
weighted_fire_specificity_silence_sensitivity_tau_0_9,CWE-610,0.21765883372730704,0.13826754385964912,0.9768178296715094,0.9604465418888919,0.023182170328490535,0.8617324561403509,0.1689820632058725,0.14909217824703344,0.14311468435833483,0.939417497142936,0.5575426867655793,0.5694167899978954,0.08461923057683116,477
weighted_fire_specificity_silence_sensitivity_tau_0_9,CWE-668,0.44662022549298513,0.07447176079734219,0.9850822478049481,0.8666847869453133,0.014917752195051832,0.9255282392026578,0.1275407311548829,0.08933858037482008,0.1364751726990993,0.8569688819957939,0.5297770043011452,0.5832598233230267,0.18861878700507068,1504
weighted_fire_specificity_silence_sensitivity_tau_0_9,CWE-669,0.0,0.0,0.9957821499180097,0.9767050865957142,0.004217850081990206,1.0,0.0,0.0,-0.009876710039073169,0.9726815189338727,0.49789107495900486,0.49789107495900486,0.02319870835007909,248
weighted_fire_specificity_silence_sensitivity_tau_0_9,CWE-706,0.3047892578040671,0.14257425742574256,0.9841856124349171,0.9585944482748647,0.01581438756508303,0.8574257425742575,0.1938351605265567,0.15940621625497076,0.18249583973657826,0.9444271718201145,0.5633799349303298,0.5640223784513076,0.10380802551341657,505
weighted_fire_specificity_silence_sensitivity_tau_0_9,CWE-74,0.4969986713216793,0.26741293532338306,0.9495417216007802,0.8743271936731354,0.05045827839921985,0.7325870646766168,0.3472806273178207,0.29445889788230695,0.28366986469124666,0.84239604318329,0.6084773284620816,0.6614072583868831,0.2843401810859523,1679
weighted_fire_specificity_silence_sensitivity_tau_0_9,CWE-913,0.6111974789915966,0.24390243902439024,0.9969498857282263,0.9853833819001231,0.003050114271773803,0.7560975609756098,0.34765373143017364,0.27689035030340436,0.3784079288146437,0.9825032393240463,0.6204261623763083,0.6694222833297516,0.22114611046311553,205
weighted_fire_specificity_silence_sensitivity_tau_0_9,CWE-923,0.0,0.0,1.0,0.9676330112055483,0.0,1.0,0.0,0.0,0.0,0.9676330112055483,0.5,0.5,0.03236698879445159,346
dst_dempster_fire_specificity_silence_sensitivity_tau_0_1,CWE-20,0.04302851533332869,1.0,0.0,0.0,1.0,0.0,0.08250644449845415,0.18354780924462313,0.0,0.04302851533332869,0.5,0.5211635969191182,0.05371334492364932,460
dst_dempster_fire_specificity_silence_sensitivity_tau_0_1,CWE-285,0.034237793808944136,1.0,0.0,0.0,1.0,0.0,0.06620813769518528,0.1505638723239683,0.0,0.034237793808944136,0.5,0.5318229347350576,0.07402581996687026,366
dst_dempster_fire_specificity_silence_sensitivity_tau_0_1,CWE-287,0.09204412370794421,1.0,0.0,0.0,1.0,0.0,0.16857022445771533,0.3363653162068984,0.0,0.09204412370794421,0.5,0.6193292451733787,0.18456076704033716,984
dst_dempster_fire_specificity_silence_sensitivity_tau_0_1,CWE-311,0.036669021449336134,1.0,0.0,0.0,1.0,0.0,0.07074334675382823,0.1598883573867662,0.0,0.036669021449336134,0.5,0.5487603257582989,0.05455788231840171,392
dst_dempster_fire_specificity_silence_sensitivity_tau_0_1,CWE-327,0.32789869447764186,0.7426136363636363,0.9760774519282451,0.9959338615638309,0.023922548071754857,0.25738636363636364,0.45403497512905416,0.5914200009001529,0.4819092493561599,0.9725183653876661,0.8593455441459408,0.8610425537428075,0.30705152631633525,163
dst_dempster_fire_specificity_silence_sensitivity_tau_0_1,CWE-330,0.014031037608694138,1.0,0.0,0.0,1.0,0.0,0.027673732673630373,0.06642657948444086,0.0,0.014031037608694138,0.5,0.8188378175505712,0.2597402720202521,150
dst_dempster_fire_specificity_silence_sensitivity_tau_0_1,CWE-345,0.060521785384116164,1.0,0.0,0.0,1.0,0.0,0.1141346954185138,0.24362212620546053,0.0,0.060521785384116164,0.5,0.5022156409649479,0.06487002035458436,647
dst_dempster_fire_specificity_silence_sensitivity_tau_0_1,CWE-400,0.032084730285381065,1.0,0.0,0.0,1.0,0.0,0.062174206635795315,0.1421737850874727,0.0,0.032084730285381065,0.5,0.5214799204086552,0.04030113158567972,343
dst_dempster_fire_specificity_silence_sensitivity_tau_0_1,CWE-610,0.044619942760929475,1.0,0.0,0.0,1.0,0.0,0.085427329603935,0.18930617048893664,0.0,0.044619942760929475,0.5,0.5695849430471281,0.08753376850528267,477
dst_dempster_fire_specificity_silence_sensitivity_tau_0_1,CWE-668,0.1406853559682882,1.0,0.0,0.0,1.0,0.0,0.24666418907457874,0.45010835023136986,0.0,0.1406853559682882,0.5,0.5870461978347489,0.21117458193102392,1504
dst_dempster_fire_specificity_silence_sensitivity_tau_0_1,CWE-669,0.02319870835007909,1.0,0.0,0.0,1.0,0.0,0.04534516365713946,0.10614149759290692,0.0,0.02319870835007909,0.5,0.49789107495900486,0.02319870835007909,248
dst_dempster_fire_specificity_silence_sensitivity_tau_0_1,CWE-706,0.04723782661593693,1.0,0.0,0.0,1.0,0.0,0.09021361266923807,0.19864977289217708,0.0,0.04723782661593693,0.5,0.5637041705562783,0.1000496958523743,505
dst_dempster_fire_specificity_silence_sensitivity_tau_0_1,CWE-74,0.15705489984509802,1.0,0.0,0.0,1.0,0.0,0.2714689057230434,0.4822736800757169,0.0,0.15705489984509802,0.5,0.6593798620456793,0.27250852245619195,1679
dst_dempster_fire_specificity_silence_sensitivity_tau_0_1,CWE-913,0.019175751398548654,1.0,0.0,0.0,1.0,0.0,0.03762982762121044,0.08904768195177235,0.0,0.019175751398548654,0.5,0.6696036012331216,0.2253046715628159,205
dst_dempster_fire_specificity_silence_sensitivity_tau_0_1,CWE-923,0.02596921410738622,0.8,0.2,0.19360222531293464,0.8,0.2,0.05030493510942331,0.11491985534738251,0.0,0.21957143942032084,0.5,0.5,0.03236698879445159,346
dst_dempster_fire_specificity_silence_sensitivity_tau_0_2,CWE-20,0.04302851533332869,1.0,0.0,0.0,1.0,0.0,0.08250644449845415,0.18354780924462313,0.0,0.04302851533332869,0.5,0.5211635969191182,0.05371334492364932,460
dst_dempster_fire_specificity_silence_sensitivity_tau_0_2,CWE-285,0.034237793808944136,1.0,0.0,0.0,1.0,0.0,0.06620813769518528,0.1505638723239683,0.0,0.034237793808944136,0.5,0.5318229347350576,0.07402581996687026,366
dst_dempster_fire_specificity_silence_sensitivity_tau_0_2,CWE-287,0.09204412370794421,1.0,0.0,0.0,1.0,0.0,0.16857022445771533,0.3363653162068984,0.0,0.09204412370794421,0.5,0.6193292451733787,0.18456076704033716,984
dst_dempster_fire_specificity_silence_sensitivity_tau_0_2,CWE-311,0.036669021449336134,1.0,0.0,0.0,1.0,0.0,0.07074334675382823,0.1598883573867662,0.0,0.036669021449336134,0.5,0.5487603257582989,0.05455788231840171,392
dst_dempster_fire_specificity_silence_sensitivity_tau_0_2,CWE-327,0.32789869447764186,0.7426136363636363,0.9760774519282451,0.9959338615638309,0.023922548071754857,0.25738636363636364,0.45403497512905416,0.5914200009001529,0.4819092493561599,0.9725183653876661,0.8593455441459408,0.8610425537428075,0.30705152631633525,163
dst_dempster_fire_specificity_silence_sensitivity_tau_0_2,CWE-330,0.3820670646629612,0.6533333333333333,0.9845169412161658,0.9950064647243734,0.015483058783834247,0.3466666666666667,0.4810442908065119,0.5708943053578759,0.48984343492850313,0.979864900311,0.8189251372747496,0.8188378175505712,0.2597402720202521,150
dst_dempster_fire_specificity_silence_sensitivity_tau_0_2,CWE-345,0.060521785384116164,1.0,0.0,0.0,1.0,0.0,0.1141346954185138,0.24362212620546053,0.0,0.060521785384116164,0.5,0.5022156409649479,0.06487002035458436,647
dst_dempster_fire_specificity_silence_sensitivity_tau_0_2,CWE-400,0.032084730285381065,1.0,0.0,0.0,1.0,0.0,0.062174206635795315,0.1421737850874727,0.0,0.032084730285381065,0.5,0.5214799204086552,0.04030113158567972,343
dst_dempster_fire_specificity_silence_sensitivity_tau_0_2,CWE-610,0.044619942760929475,1.0,0.0,0.0,1.0,0.0,0.085427329603935,0.18930617048893664,0.0,0.044619942760929475,0.5,0.5695849430471281,0.08753376850528267,477
dst_dempster_fire_specificity_silence_sensitivity_tau_0_2,CWE-668,0.1406853559682882,1.0,0.0,0.0,1.0,0.0,0.24666418907457874,0.45010835023136986,0.0,0.1406853559682882,0.5,0.5870461978347489,0.21117458193102392,1504
dst_dempster_fire_specificity_silence_sensitivity_tau_0_2,CWE-669,0.02319870835007909,1.0,0.0,0.0,1.0,0.0,0.04534516365713946,0.10614149759290692,0.0,0.02319870835007909,0.5,0.49789107495900486,0.02319870835007909,248
dst_dempster_fire_specificity_silence_sensitivity_tau_0_2,CWE-706,0.04723782661593693,1.0,0.0,0.0,1.0,0.0,0.09021361266923807,0.19864977289217708,0.0,0.04723782661593693,0.5,0.5637041705562783,0.1000496958523743,505
dst_dempster_fire_specificity_silence_sensitivity_tau_0_2,CWE-74,0.3587656252396996,0.462771855010661,0.8456427283926236,0.8941741295113962,0.15435727160737647,0.537228144989339,0.40404986511231444,0.4373013850545734,0.2792753549527733,0.785510200748242,0.6542072917016423,0.6593798620456793,0.27250852245619195,1679
dst_dempster_fire_specificity_silence_sensitivity_tau_0_2,CWE-913,0.019175751398548654,1.0,0.0,0.0,1.0,0.0,0.03762982762121044,0.08904768195177235,0.0,0.019175751398548654,0.5,0.6696036012331216,0.2253046715628159,205
dst_dempster_fire_specificity_silence_sensitivity_tau_0_2,CWE-923,0.02596921410738622,0.8,0.2,0.19360222531293464,0.8,0.2,0.05030493510942331,0.11491985534738251,0.0,0.21957143942032084,0.5,0.5,0.03236698879445159,346
dst_dempster_fire_specificity_silence_sensitivity_tau_0_3,CWE-20,0.04302851533332869,1.0,0.0,0.0,1.0,0.0,0.08250644449845415,0.18354780924462313,0.0,0.04302851533332869,0.5,0.5211635969191182,0.05371334492364932,460
dst_dempster_fire_specificity_silence_sensitivity_tau_0_3,CWE-285,0.034237793808944136,1.0,0.0,0.0,1.0,0.0,0.06620813769518528,0.1505638723239683,0.0,0.034237793808944136,0.5,0.5318229347350576,0.07402581996687026,366
dst_dempster_fire_specificity_silence_sensitivity_tau_0_3,CWE-287,0.09204412370794421,1.0,0.0,0.0,1.0,0.0,0.16857022445771533,0.3363653162068984,0.0,0.09204412370794421,0.5,0.6193292451733787,0.18456076704033716,984
dst_dempster_fire_specificity_silence_sensitivity_tau_0_3,CWE-311,0.036669021449336134,1.0,0.0,0.0,1.0,0.0,0.07074334675382823,0.1598883573867662,0.0,0.036669021449336134,0.5,0.5487603257582989,0.05455788231840171,392
dst_dempster_fire_specificity_silence_sensitivity_tau_0_3,CWE-327,0.32789869447764186,0.7426136363636363,0.9760774519282451,0.9959338615638309,0.023922548071754857,0.25738636363636364,0.45403497512905416,0.5914200009001529,0.4819092493561599,0.9725183653876661,0.8593455441459408,0.8610425537428075,0.30705152631633525,163
dst_dempster_fire_specificity_silence_sensitivity_tau_0_3,CWE-330,0.3820670646629612,0.6533333333333333,0.9845169412161658,0.9950064647243734,0.015483058783834247,0.3466666666666667,0.4810442908065119,0.5708943053578759,0.48984343492850313,0.979864900311,0.8189251372747496,0.8188378175505712,0.2597402720202521,150
dst_dempster_fire_specificity_silence_sensitivity_tau_0_3,CWE-345,0.060521785384116164,1.0,0.0,0.0,1.0,0.0,0.1141346954185138,0.24362212620546053,0.0,0.060521785384116164,0.5,0.5022156409649479,0.06487002035458436,647
dst_dempster_fire_specificity_silence_sensitivity_tau_0_3,CWE-400,0.032084730285381065,1.0,0.0,0.0,1.0,0.0,0.062174206635795315,0.1421737850874727,0.0,0.032084730285381065,0.5,0.5214799204086552,0.04030113158567972,343
dst_dempster_fire_specificity_silence_sensitivity_tau_0_3,CWE-610,0.044619942760929475,1.0,0.0,0.0,1.0,0.0,0.085427329603935,0.18930617048893664,0.0,0.044619942760929475,0.5,0.5695849430471281,0.08753376850528267,477
dst_dempster_fire_specificity_silence_sensitivity_tau_0_3,CWE-668,0.1406853559682882,1.0,0.0,0.0,1.0,0.0,0.24666418907457874,0.45010835023136986,0.0,0.1406853559682882,0.5,0.5870461978347489,0.21117458193102392,1504
dst_dempster_fire_specificity_silence_sensitivity_tau_0_3,CWE-669,0.02319870835007909,1.0,0.0,0.0,1.0,0.0,0.04534516365713946,0.10614149759290692,0.0,0.02319870835007909,0.5,0.49789107495900486,0.02319870835007909,248
dst_dempster_fire_specificity_silence_sensitivity_tau_0_3,CWE-706,0.04723782661593693,1.0,0.0,0.0,1.0,0.0,0.09021361266923807,0.19864977289217708,0.0,0.04723782661593693,0.5,0.5637041705562783,0.1000496958523743,505
dst_dempster_fire_specificity_silence_sensitivity_tau_0_3,CWE-74,0.3587656252396996,0.462771855010661,0.8456427283926236,0.8941741295113962,0.15435727160737647,0.537228144989339,0.40404986511231444,0.4373013850545734,0.2792753549527733,0.785510200748242,0.6542072917016423,0.6593798620456793,0.27250852245619195,1679
dst_dempster_fire_specificity_silence_sensitivity_tau_0_3,CWE-913,0.2485780885780886,0.35609756097560974,0.9785270756544403,0.9872963497483929,0.0214729243455597,0.6439024390243903,0.29187833670009844,0.32694655482754403,0.28052200399658483,0.9665906170059108,0.667312318315025,0.6696036012331216,0.2253046715628159,205
dst_dempster_fire_specificity_silence_sensitivity_tau_0_3,CWE-923,0.02596921410738622,0.8,0.2,0.19360222531293464,0.8,0.2,0.05030493510942331,0.11491985534738251,0.0,0.21957143942032084,0.5,0.5,0.03236698879445159,346
dst_dempster_fire_specificity_silence_sensitivity_tau_0_4,CWE-20,0.040595539459808705,0.6586956521739131,0.3313549371455106,0.38236571352850424,0.6686450628544893,0.341304347826087,0.07314676479576443,0.1470875009021874,-0.005391886546432979,0.3455542611413329,0.4950252946597118,0.5211635969191182,0.05371334492364932,460
dst_dempster_fire_specificity_silence_sensitivity_tau_0_4,CWE-285,0.034237793808944136,1.0,0.0,0.0,1.0,0.0,0.06620813769518528,0.1505638723239683,0.0,0.034237793808944136,0.5,0.5318229347350576,0.07402581996687026,366
dst_dempster_fire_specificity_silence_sensitivity_tau_0_4,CWE-287,0.4107789288215307,0.27947270278669845,0.9592948874473424,0.9292320501812794,0.04070511255265767,0.7205272972133016,0.3322652175133652,0.29838712946386936,0.2847830183598051,0.8967061865218771,0.6193837951170205,0.6193292451733787,0.18456076704033716,984
dst_dempster_fire_specificity_silence_sensitivity_tau_0_4,CWE-311,0.036669021449336134,1.0,0.0,0.0,1.0,0.0,0.07074334675382823,0.1598883573867662,0.0,0.036669021449336134,0.5,0.5487603257582989,0.05455788231840171,392
dst_dempster_fire_specificity_silence_sensitivity_tau_0_4,CWE-327,0.32789869447764186,0.7426136363636363,0.9760774519282451,0.9959338615638309,0.023922548071754857,0.25738636363636364,0.45403497512905416,0.5914200009001529,0.4819092493561599,0.9725183653876661,0.8593455441459408,0.8610425537428075,0.30705152631633525,163
dst_dempster_fire_specificity_silence_sensitivity_tau_0_4,CWE-330,0.3820670646629612,0.6533333333333333,0.9845169412161658,0.9950064647243734,0.015483058783834247,0.3466666666666667,0.4810442908065119,0.5708943053578759,0.48984343492850313,0.979864900311,0.8189251372747496,0.8188378175505712,0.2597402720202521,150
dst_dempster_fire_specificity_silence_sensitivity_tau_0_4,CWE-345,0.060521785384116164,1.0,0.0,0.0,1.0,0.0,0.1141346954185138,0.24362212620546053,0.0,0.060521785384116164,0.5,0.5022156409649479,0.06487002035458436,647
dst_dempster_fire_specificity_silence_sensitivity_tau_0_4,CWE-400,0.032084730285381065,1.0,0.0,0.0,1.0,0.0,0.062174206635795315,0.1421737850874727,0.0,0.032084730285381065,0.5,0.5214799204086552,0.04030113158567972,343
dst_dempster_fire_specificity_silence_sensitivity_tau_0_4,CWE-610,0.09264584488339925,0.6463157894736842,0.38911858894938184,0.38389675362412057,0.6108814110506182,0.3536842105263158,0.10594792404183266,0.16352796348295037,0.04190972775788499,0.4009705589267929,0.5177171892115331,0.5695849430471281,0.08753376850528267,477
dst_dempster_fire_specificity_silence_sensitivity_tau_0_4,CWE-668,0.2553106784722621,0.31315836101882616,0.850497333590875,0.8832186329951176,0.14950266640912502,0.6868416389811738,0.28122489064477785,0.2995312478323877,0.1505580118700444,0.7749044622751231,0.5818278473048506,0.5870461978347489,0.21117458193102392,1504
dst_dempster_fire_specificity_silence_sensitivity_tau_0_4,CWE-669,0.02319870835007909,1.0,0.0,0.0,1.0,0.0,0.04534516365713946,0.10614149759290692,0.0,0.02319870835007909,0.5,0.49789107495900486,0.02319870835007909,248
dst_dempster_fire_specificity_silence_sensitivity_tau_0_4,CWE-706,0.04723782661593693,1.0,0.0,0.0,1.0,0.0,0.09021361266923807,0.19864977289217708,0.0,0.04723782661593693,0.5,0.5637041705562783,0.1000496958523743,505
dst_dempster_fire_specificity_silence_sensitivity_tau_0_4,CWE-74,0.3587656252396996,0.462771855010661,0.8456427283926236,0.8941741295113962,0.15435727160737647,0.537228144989339,0.40404986511231444,0.4373013850545734,0.2792753549527733,0.785510200748242,0.6542072917016423,0.6593798620456793,0.27250852245619195,1679
dst_dempster_fire_specificity_silence_sensitivity_tau_0_4,CWE-913,0.2485780885780886,0.35609756097560974,0.9785270756544403,0.9872963497483929,0.0214729243455597,0.6439024390243903,0.29187833670009844,0.32694655482754403,0.28052200399658483,0.9665906170059108,0.667312318315025,0.6696036012331216,0.2253046715628159,205
dst_dempster_fire_specificity_silence_sensitivity_tau_0_4,CWE-923,0.02596921410738622,0.8,0.2,0.19360222531293464,0.8,0.2,0.05030493510942331,0.11491985534738251,0.0,0.21957143942032084,0.5,0.5,0.03236698879445159,346
dst_dempster_fire_specificity_silence_sensitivity_tau_0_5,CWE-20,0.05089289114470019,0.20434782608695654,0.8289413432333695,0.9586430551520836,0.17105865676663048,0.7956521739130435,0.08147657430308672,0.12744021038451167,0.01781640100537097,0.8020767150900238,0.516644584660163,0.5211635969191182,0.05371334492364932,460
dst_dempster_fire_specificity_silence_sensitivity_tau_0_5,CWE-285,0.3333333333333333,0.06830803406145872,0.9951521609627856,0.9678749628589023,0.004847839037214462,0.9316919659385412,0.11267277438009145,0.08106281471065731,0.13740003183078758,0.963418541845658,0.5317300975121222,0.5318229347350576,0.07402581996687026,366
dst_dempster_fire_specificity_silence_sensitivity_tau_0_5,CWE-287,0.4107789288215307,0.27947270278669845,0.9592948874473424,0.9292320501812794,0.04070511255265767,0.7205272972133016,0.3322652175133652,0.29838712946386936,0.2847830183598051,0.8967061865218771,0.6193837951170205,0.6193292451733787,0.18456076704033716,984
dst_dempster_fire_specificity_silence_sensitivity_tau_0_5,CWE-311,0.1078258858878125,0.1427134047387212,0.9554571195638089,0.9669784022576667,0.0445428804361912,0.8572865952612789,0.12267574689679243,0.1339048030753755,0.0856456854503524,0.9256540174847933,0.549085262151265,0.5487603257582989,0.05455788231840171,392
dst_dempster_fire_specificity_silence_sensitivity_tau_0_5,CWE-327,0.32789869447764186,0.7426136363636363,0.9760774519282451,0.9959338615638309,0.023922548071754857,0.25738636363636364,0.45403497512905416,0.5914200009001529,0.4819092493561599,0.9725183653876661,0.8593455441459408,0.8610425537428075,0.30705152631633525,163
dst_dempster_fire_specificity_silence_sensitivity_tau_0_5,CWE-330,0.3820670646629612,0.6533333333333333,0.9845169412161658,0.9950064647243734,0.015483058783834247,0.3466666666666667,0.4810442908065119,0.5708943053578759,0.48984343492850313,0.979864900311,0.8189251372747496,0.8188378175505712,0.2597402720202521,150
dst_dempster_fire_specificity_silence_sensitivity_tau_0_5,CWE-345,0.2333333333333333,0.004627310673822302,0.9998016807970327,0.9397295281589289,0.00019831920296721709,0.9953726893261777,0.009068472708488779,0.005754593708704608,0.030317656537900785,0.9395709359881602,0.5022144957354275,0.5022156409649479,0.06487002035458436,647
dst_dempster_fire_specificity_silence_sensitivity_tau_0_5,CWE-400,0.06417451314396344,0.08448422847399831,0.9577899674685367,0.9692816669106488,0.042210032531463236,0.9155157715260017,0.07283211197150748,0.07936313807816744,0.03760275236068396,0.929766446398923,0.5211370979712675,0.5214799204086552,0.04030113158567972,343
dst_dempster_fire_specificity_silence_sensitivity_tau_0_5,CWE-610,0.21952953066037528,0.1655043859649123,0.9727986464820872,0.96149913597505,0.02720135351791279,0.8344956140350878,0.1885445297907488,0.17398029517749455,0.15815844810225232,0.936793397461518,0.5691515162234998,0.5695849430471281,0.08753376850528267,477
dst_dempster_fire_specificity_silence_sensitivity_tau_0_5,CWE-668,0.2553106784722621,0.31315836101882616,0.850497333590875,0.8832186329951176,0.14950266640912502,0.6868416389811738,0.28122489064477785,0.2995312478323877,0.1505580118700444,0.7749044622751231,0.5818278473048506,0.5870461978347489,0.21117458193102392,1504
dst_dempster_fire_specificity_silence_sensitivity_tau_0_5,CWE-669,0.02319870835007909,1.0,0.0,0.0,1.0,0.0,0.04534516365713946,0.10614149759290692,0.0,0.02319870835007909,0.5,0.49789107495900486,0.02319870835007909,248
dst_dempster_fire_specificity_silence_sensitivity_tau_0_5,CWE-706,0.26944065571899384,0.14653465346534653,0.9806564341426602,0.9586355894870191,0.0193435658573398,0.8534653465346536,0.18940307361333358,0.16107987099495774,0.17012726300003028,0.9412508406107735,0.5635955438040033,0.5637041705562783,0.1000496958523743,505
dst_dempster_fire_specificity_silence_sensitivity_tau_0_5,CWE-74,0.3587656252396996,0.462771855010661,0.8456427283926236,0.8941741295113962,0.15435727160737647,0.537228144989339,0.40404986511231444,0.4373013850545734,0.2792753549527733,0.785510200748242,0.6542072917016423,0.6593798620456793,0.27250852245619195,1679
dst_dempster_fire_specificity_silence_sensitivity_tau_0_5,CWE-913,0.2485780885780886,0.35609756097560974,0.9785270756544403,0.9872963497483929,0.0214729243455597,0.6439024390243903,0.29187833670009844,0.32694655482754403,0.28052200399658483,0.9665906170059108,0.667312318315025,0.6696036012331216,0.2253046715628159,205
dst_dempster_fire_specificity_silence_sensitivity_tau_0_5,CWE-923,0.0,0.0,1.0,0.9676330112055483,0.0,1.0,0.0,0.0,0.0,0.9676330112055483,0.5,0.5,0.03236698879445159,346
dst_dempster_fire_specificity_silence_sensitivity_tau_0_6,CWE-20,0.05089289114470019,0.20434782608695654,0.8289413432333695,0.9586430551520836,0.17105865676663048,0.7956521739130435,0.08147657430308672,0.12744021038451167,0.01781640100537097,0.8020767150900238,0.516644584660163,0.5211635969191182,0.05371334492364932,460
dst_dempster_fire_specificity_silence_sensitivity_tau_0_6,CWE-285,0.3333333333333333,0.06830803406145872,0.9951521609627856,0.9678749628589023,0.004847839037214462,0.9316919659385412,0.11267277438009145,0.08106281471065731,0.13740003183078758,0.963418541845658,0.5317300975121222,0.5318229347350576,0.07402581996687026,366
dst_dempster_fire_specificity_silence_sensitivity_tau_0_6,CWE-287,0.4107789288215307,0.27947270278669845,0.9592948874473424,0.9292320501812794,0.04070511255265767,0.7205272972133016,0.3322652175133652,0.29838712946386936,0.2847830183598051,0.8967061865218771,0.6193837951170205,0.6193292451733787,0.18456076704033716,984
dst_dempster_fire_specificity_silence_sensitivity_tau_0_6,CWE-311,0.1078258858878125,0.1427134047387212,0.9554571195638089,0.9669784022576667,0.0445428804361912,0.8572865952612789,0.12267574689679243,0.1339048030753755,0.0856456854503524,0.9256540174847933,0.549085262151265,0.5487603257582989,0.05455788231840171,392
dst_dempster_fire_specificity_silence_sensitivity_tau_0_6,CWE-327,0.32789869447764186,0.7426136363636363,0.9760774519282451,0.9959338615638309,0.023922548071754857,0.25738636363636364,0.45403497512905416,0.5914200009001529,0.4819092493561599,0.9725183653876661,0.8593455441459408,0.8610425537428075,0.30705152631633525,163
dst_dempster_fire_specificity_silence_sensitivity_tau_0_6,CWE-330,0.3820670646629612,0.6533333333333333,0.9845169412161658,0.9950064647243734,0.015483058783834247,0.3466666666666667,0.4810442908065119,0.5708943053578759,0.48984343492850313,0.979864900311,0.8189251372747496,0.8188378175505712,0.2597402720202521,150
dst_dempster_fire_specificity_silence_sensitivity_tau_0_6,CWE-345,0.2333333333333333,0.004627310673822302,0.9998016807970327,0.9397295281589289,0.00019831920296721709,0.9953726893261777,0.009068472708488779,0.005754593708704608,0.030317656537900785,0.9395709359881602,0.5022144957354275,0.5022156409649479,0.06487002035458436,647
dst_dempster_fire_specificity_silence_sensitivity_tau_0_6,CWE-400,0.06417451314396344,0.08448422847399831,0.9577899674685367,0.9692816669106488,0.042210032531463236,0.9155157715260017,0.07283211197150748,0.07936313807816744,0.03760275236068396,0.929766446398923,0.5211370979712675,0.5214799204086552,0.04030113158567972,343
dst_dempster_fire_specificity_silence_sensitivity_tau_0_6,CWE-610,0.21952953066037528,0.1655043859649123,0.9727986464820872,0.96149913597505,0.02720135351791279,0.8344956140350878,0.1885445297907488,0.17398029517749455,0.15815844810225232,0.936793397461518,0.5691515162234998,0.5695849430471281,0.08753376850528267,477
dst_dempster_fire_specificity_silence_sensitivity_tau_0_6,CWE-668,0.2553106784722621,0.31315836101882616,0.850497333590875,0.8832186329951176,0.14950266640912502,0.6868416389811738,0.28122489064477785,0.2995312478323877,0.1505580118700444,0.7749044622751231,0.5818278473048506,0.5870461978347489,0.21117458193102392,1504
dst_dempster_fire_specificity_silence_sensitivity_tau_0_6,CWE-669,0.0,0.0,0.9957821499180097,0.9767050865957142,0.004217850081990206,1.0,0.0,0.0,-0.009876710039073169,0.9726815189338727,0.49789107495900486,0.49789107495900486,0.02319870835007909,248
dst_dempster_fire_specificity_silence_sensitivity_tau_0_6,CWE-706,0.26944065571899384,0.14653465346534653,0.9806564341426602,0.9586355894870191,0.0193435658573398,0.8534653465346536,0.18940307361333358,0.16107987099495774,0.17012726300003028,0.9412508406107735,0.5635955438040033,0.5637041705562783,0.1000496958523743,505
dst_dempster_fire_specificity_silence_sensitivity_tau_0_6,CWE-74,0.3587656252396996,0.462771855010661,0.8456427283926236,0.8941741295113962,0.15435727160737647,0.537228144989339,0.40404986511231444,0.4373013850545734,0.2792753549527733,0.785510200748242,0.6542072917016423,0.6593798620456793,0.27250852245619195,1679
dst_dempster_fire_specificity_silence_sensitivity_tau_0_6,CWE-913,0.2485780885780886,0.35609756097560974,0.9785270756544403,0.9872963497483929,0.0214729243455597,0.6439024390243903,0.29187833670009844,0.32694655482754403,0.28052200399658483,0.9665906170059108,0.667312318315025,0.6696036012331216,0.2253046715628159,205
dst_dempster_fire_specificity_silence_sensitivity_tau_0_6,CWE-923,0.0,0.0,1.0,0.9676330112055483,0.0,1.0,0.0,0.0,0.0,0.9676330112055483,0.5,0.5,0.03236698879445159,346
dst_dempster_fire_specificity_silence_sensitivity_tau_0_7,CWE-20,0.05089289114470019,0.20434782608695654,0.8289413432333695,0.9586430551520836,0.17105865676663048,0.7956521739130435,0.08147657430308672,0.12744021038451167,0.01781640100537097,0.8020767150900238,0.516644584660163,0.5211635969191182,0.05371334492364932,460
dst_dempster_fire_specificity_silence_sensitivity_tau_0_7,CWE-285,0.3333333333333333,0.06830803406145872,0.9951521609627856,0.9678749628589023,0.004847839037214462,0.9316919659385412,0.11267277438009145,0.08106281471065731,0.13740003183078758,0.963418541845658,0.5317300975121222,0.5318229347350576,0.07402581996687026,366
dst_dempster_fire_specificity_silence_sensitivity_tau_0_7,CWE-287,0.4107789288215307,0.27947270278669845,0.9592948874473424,0.9292320501812794,0.04070511255265767,0.7205272972133016,0.3322652175133652,0.29838712946386936,0.2847830183598051,0.8967061865218771,0.6193837951170205,0.6193292451733787,0.18456076704033716,984
dst_dempster_fire_specificity_silence_sensitivity_tau_0_7,CWE-311,0.1078258858878125,0.1427134047387212,0.9554571195638089,0.9669784022576667,0.0445428804361912,0.8572865952612789,0.12267574689679243,0.1339048030753755,0.0856456854503524,0.9256540174847933,0.549085262151265,0.5487603257582989,0.05455788231840171,392
dst_dempster_fire_specificity_silence_sensitivity_tau_0_7,CWE-327,0.32789869447764186,0.7426136363636363,0.9760774519282451,0.9959338615638309,0.023922548071754857,0.25738636363636364,0.45403497512905416,0.5914200009001529,0.4819092493561599,0.9725183653876661,0.8593455441459408,0.8610425537428075,0.30705152631633525,163
dst_dempster_fire_specificity_silence_sensitivity_tau_0_7,CWE-330,0.3820670646629612,0.6533333333333333,0.9845169412161658,0.9950064647243734,0.015483058783834247,0.3466666666666667,0.4810442908065119,0.5708943053578759,0.48984343492850313,0.979864900311,0.8189251372747496,0.8188378175505712,0.2597402720202521,150
dst_dempster_fire_specificity_silence_sensitivity_tau_0_7,CWE-345,0.2333333333333333,0.004627310673822302,0.9998016807970327,0.9397295281589289,0.00019831920296721709,0.9953726893261777,0.009068472708488779,0.005754593708704608,0.030317656537900785,0.9395709359881602,0.5022144957354275,0.5022156409649479,0.06487002035458436,647
dst_dempster_fire_specificity_silence_sensitivity_tau_0_7,CWE-400,0.06417451314396344,0.08448422847399831,0.9577899674685367,0.9692816669106488,0.042210032531463236,0.9155157715260017,0.07283211197150748,0.07936313807816744,0.03760275236068396,0.929766446398923,0.5211370979712675,0.5214799204086552,0.04030113158567972,343
dst_dempster_fire_specificity_silence_sensitivity_tau_0_7,CWE-610,0.21952953066037528,0.1655043859649123,0.9727986464820872,0.96149913597505,0.02720135351791279,0.8344956140350878,0.1885445297907488,0.17398029517749455,0.15815844810225232,0.936793397461518,0.5691515162234998,0.5695849430471281,0.08753376850528267,477
dst_dempster_fire_specificity_silence_sensitivity_tau_0_7,CWE-668,0.2553106784722621,0.31315836101882616,0.850497333590875,0.8832186329951176,0.14950266640912502,0.6868416389811738,0.28122489064477785,0.2995312478323877,0.1505580118700444,0.7749044622751231,0.5818278473048506,0.5870461978347489,0.21117458193102392,1504
dst_dempster_fire_specificity_silence_sensitivity_tau_0_7,CWE-669,0.0,0.0,0.9957821499180097,0.9767050865957142,0.004217850081990206,1.0,0.0,0.0,-0.009876710039073169,0.9726815189338727,0.49789107495900486,0.49789107495900486,0.02319870835007909,248
dst_dempster_fire_specificity_silence_sensitivity_tau_0_7,CWE-706,0.26944065571899384,0.14653465346534653,0.9806564341426602,0.9586355894870191,0.0193435658573398,0.8534653465346536,0.18940307361333358,0.16107987099495774,0.17012726300003028,0.9412508406107735,0.5635955438040033,0.5637041705562783,0.1000496958523743,505
dst_dempster_fire_specificity_silence_sensitivity_tau_0_7,CWE-74,0.3587656252396996,0.462771855010661,0.8456427283926236,0.8941741295113962,0.15435727160737647,0.537228144989339,0.40404986511231444,0.4373013850545734,0.2792753549527733,0.785510200748242,0.6542072917016423,0.6593798620456793,0.27250852245619195,1679
dst_dempster_fire_specificity_silence_sensitivity_tau_0_7,CWE-913,0.2485780885780886,0.35609756097560974,0.9785270756544403,0.9872963497483929,0.0214729243455597,0.6439024390243903,0.29187833670009844,0.32694655482754403,0.28052200399658483,0.9665906170059108,0.667312318315025,0.6696036012331216,0.2253046715628159,205
dst_dempster_fire_specificity_silence_sensitivity_tau_0_7,CWE-923,0.0,0.0,1.0,0.9676330112055483,0.0,1.0,0.0,0.0,0.0,0.9676330112055483,0.5,0.5,0.03236698879445159,346
dst_dempster_fire_specificity_silence_sensitivity_tau_0_8,CWE-20,0.05089289114470019,0.20434782608695654,0.8289413432333695,0.9586430551520836,0.17105865676663048,0.7956521739130435,0.08147657430308672,0.12744021038451167,0.01781640100537097,0.8020767150900238,0.516644584660163,0.5211635969191182,0.05371334492364932,460
dst_dempster_fire_specificity_silence_sensitivity_tau_0_8,CWE-285,0.3333333333333333,0.06830803406145872,0.9951521609627856,0.9678749628589023,0.004847839037214462,0.9316919659385412,0.11267277438009145,0.08106281471065731,0.13740003183078758,0.963418541845658,0.5317300975121222,0.5318229347350576,0.07402581996687026,366
dst_dempster_fire_specificity_silence_sensitivity_tau_0_8,CWE-287,0.4107789288215307,0.27947270278669845,0.9592948874473424,0.9292320501812794,0.04070511255265767,0.7205272972133016,0.3322652175133652,0.29838712946386936,0.2847830183598051,0.8967061865218771,0.6193837951170205,0.6193292451733787,0.18456076704033716,984
dst_dempster_fire_specificity_silence_sensitivity_tau_0_8,CWE-311,0.1078258858878125,0.1427134047387212,0.9554571195638089,0.9669784022576667,0.0445428804361912,0.8572865952612789,0.12267574689679243,0.1339048030753755,0.0856456854503524,0.9256540174847933,0.549085262151265,0.5487603257582989,0.05455788231840171,392
dst_dempster_fire_specificity_silence_sensitivity_tau_0_8,CWE-327,0.32789869447764186,0.7426136363636363,0.9760774519282451,0.9959338615638309,0.023922548071754857,0.25738636363636364,0.45403497512905416,0.5914200009001529,0.4819092493561599,0.9725183653876661,0.8593455441459408,0.8610425537428075,0.30705152631633525,163
dst_dempster_fire_specificity_silence_sensitivity_tau_0_8,CWE-330,0.3820670646629612,0.6533333333333333,0.9845169412161658,0.9950064647243734,0.015483058783834247,0.3466666666666667,0.4810442908065119,0.5708943053578759,0.48984343492850313,0.979864900311,0.8189251372747496,0.8188378175505712,0.2597402720202521,150
dst_dempster_fire_specificity_silence_sensitivity_tau_0_8,CWE-345,0.2333333333333333,0.004627310673822302,0.9998016807970327,0.9397295281589289,0.00019831920296721709,0.9953726893261777,0.009068472708488779,0.005754593708704608,0.030317656537900785,0.9395709359881602,0.5022144957354275,0.5022156409649479,0.06487002035458436,647
dst_dempster_fire_specificity_silence_sensitivity_tau_0_8,CWE-400,0.06417451314396344,0.08448422847399831,0.9577899674685367,0.9692816669106488,0.042210032531463236,0.9155157715260017,0.07283211197150748,0.07936313807816744,0.03760275236068396,0.929766446398923,0.5211370979712675,0.5214799204086552,0.04030113158567972,343
dst_dempster_fire_specificity_silence_sensitivity_tau_0_8,CWE-610,0.21952953066037528,0.1655043859649123,0.9727986464820872,0.96149913597505,0.02720135351791279,0.8344956140350878,0.1885445297907488,0.17398029517749455,0.15815844810225232,0.936793397461518,0.5691515162234998,0.5695849430471281,0.08753376850528267,477
dst_dempster_fire_specificity_silence_sensitivity_tau_0_8,CWE-668,0.2553106784722621,0.31315836101882616,0.850497333590875,0.8832186329951176,0.14950266640912502,0.6868416389811738,0.28122489064477785,0.2995312478323877,0.1505580118700444,0.7749044622751231,0.5818278473048506,0.5870461978347489,0.21117458193102392,1504
dst_dempster_fire_specificity_silence_sensitivity_tau_0_8,CWE-669,0.0,0.0,0.9957821499180097,0.9767050865957142,0.004217850081990206,1.0,0.0,0.0,-0.009876710039073169,0.9726815189338727,0.49789107495900486,0.49789107495900486,0.02319870835007909,248
dst_dempster_fire_specificity_silence_sensitivity_tau_0_8,CWE-706,0.26944065571899384,0.14653465346534653,0.9806564341426602,0.9586355894870191,0.0193435658573398,0.8534653465346536,0.18940307361333358,0.16107987099495774,0.17012726300003028,0.9412508406107735,0.5635955438040033,0.5637041705562783,0.1000496958523743,505
dst_dempster_fire_specificity_silence_sensitivity_tau_0_8,CWE-74,0.3587656252396996,0.462771855010661,0.8456427283926236,0.8941741295113962,0.15435727160737647,0.537228144989339,0.40404986511231444,0.4373013850545734,0.2792753549527733,0.785510200748242,0.6542072917016423,0.6593798620456793,0.27250852245619195,1679
dst_dempster_fire_specificity_silence_sensitivity_tau_0_8,CWE-913,0.2485780885780886,0.35609756097560974,0.9785270756544403,0.9872963497483929,0.0214729243455597,0.6439024390243903,0.29187833670009844,0.32694655482754403,0.28052200399658483,0.9665906170059108,0.667312318315025,0.6696036012331216,0.2253046715628159,205
dst_dempster_fire_specificity_silence_sensitivity_tau_0_8,CWE-923,0.0,0.0,1.0,0.9676330112055483,0.0,1.0,0.0,0.0,0.0,0.9676330112055483,0.5,0.5,0.03236698879445159,346
dst_dempster_fire_specificity_silence_sensitivity_tau_0_9,CWE-20,0.05089289114470019,0.20434782608695654,0.8289413432333695,0.9586430551520836,0.17105865676663048,0.7956521739130435,0.08147657430308672,0.12744021038451167,0.01781640100537097,0.8020767150900238,0.516644584660163,0.5211635969191182,0.05371334492364932,460
dst_dempster_fire_specificity_silence_sensitivity_tau_0_9,CWE-285,0.3333333333333333,0.06830803406145872,0.9951521609627856,0.9678749628589023,0.004847839037214462,0.9316919659385412,0.11267277438009145,0.08106281471065731,0.13740003183078758,0.963418541845658,0.5317300975121222,0.5318229347350576,0.07402581996687026,366
dst_dempster_fire_specificity_silence_sensitivity_tau_0_9,CWE-287,0.4107789288215307,0.27947270278669845,0.9592948874473424,0.9292320501812794,0.04070511255265767,0.7205272972133016,0.3322652175133652,0.29838712946386936,0.2847830183598051,0.8967061865218771,0.6193837951170205,0.6193292451733787,0.18456076704033716,984
dst_dempster_fire_specificity_silence_sensitivity_tau_0_9,CWE-311,0.1078258858878125,0.1427134047387212,0.9554571195638089,0.9669784022576667,0.0445428804361912,0.8572865952612789,0.12267574689679243,0.1339048030753755,0.0856456854503524,0.9256540174847933,0.549085262151265,0.5487603257582989,0.05455788231840171,392
dst_dempster_fire_specificity_silence_sensitivity_tau_0_9,CWE-327,0.42339368276645734,0.7056818181818182,0.984822893124365,0.9953967681277607,0.015177106875634918,0.2943181818181818,0.5280517287845036,0.621386695616574,0.5371334195522655,0.980569745187459,0.8452523556530916,0.8610425537428075,0.30705152631633525,163
dst_dempster_fire_specificity_silence_sensitivity_tau_0_9,CWE-330,0.3820670646629612,0.6533333333333333,0.9845169412161658,0.9950064647243734,0.015483058783834247,0.3466666666666667,0.4810442908065119,0.5708943053578759,0.48984343492850313,0.979864900311,0.8189251372747496,0.8188378175505712,0.2597402720202521,150
dst_dempster_fire_specificity_silence_sensitivity_tau_0_9,CWE-345,0.2333333333333333,0.004627310673822302,0.9998016807970327,0.9397295281589289,0.00019831920296721709,0.9953726893261777,0.009068472708488779,0.005754593708704608,0.030317656537900785,0.9395709359881602,0.5022144957354275,0.5022156409649479,0.06487002035458436,647
dst_dempster_fire_specificity_silence_sensitivity_tau_0_9,CWE-400,0.06417451314396344,0.08448422847399831,0.9577899674685367,0.9692816669106488,0.042210032531463236,0.9155157715260017,0.07283211197150748,0.07936313807816744,0.03760275236068396,0.929766446398923,0.5211370979712675,0.5214799204086552,0.04030113158567972,343
dst_dempster_fire_specificity_silence_sensitivity_tau_0_9,CWE-610,0.21952953066037528,0.1655043859649123,0.9727986464820872,0.96149913597505,0.02720135351791279,0.8344956140350878,0.1885445297907488,0.17398029517749455,0.15815844810225232,0.936793397461518,0.5691515162234998,0.5695849430471281,0.08753376850528267,477
dst_dempster_fire_specificity_silence_sensitivity_tau_0_9,CWE-668,0.2553106784722621,0.31315836101882616,0.850497333590875,0.8832186329951176,0.14950266640912502,0.6868416389811738,0.28122489064477785,0.2995312478323877,0.1505580118700444,0.7749044622751231,0.5818278473048506,0.5870461978347489,0.21117458193102392,1504
dst_dempster_fire_specificity_silence_sensitivity_tau_0_9,CWE-669,0.0,0.0,0.9957821499180097,0.9767050865957142,0.004217850081990206,1.0,0.0,0.0,-0.009876710039073169,0.9726815189338727,0.49789107495900486,0.49789107495900486,0.02319870835007909,248
dst_dempster_fire_specificity_silence_sensitivity_tau_0_9,CWE-706,0.26944065571899384,0.14653465346534653,0.9806564341426602,0.9586355894870191,0.0193435658573398,0.8534653465346536,0.18940307361333358,0.16107987099495774,0.17012726300003028,0.9412508406107735,0.5635955438040033,0.5637041705562783,0.1000496958523743,505
dst_dempster_fire_specificity_silence_sensitivity_tau_0_9,CWE-74,0.393350404285983,0.34484363894811654,0.9008622954901057,0.8806828360934732,0.0991377045098944,0.6551563610518835,0.3670564064156958,0.35331107429526354,0.2593721192834176,0.8135105262054143,0.6228529672191111,0.6593798620456793,0.27250852245619195,1679
dst_dempster_fire_specificity_silence_sensitivity_tau_0_9,CWE-913,0.2485780885780886,0.35609756097560974,0.9785270756544403,0.9872963497483929,0.0214729243455597,0.6439024390243903,0.29187833670009844,0.32694655482754403,0.28052200399658483,0.9665906170059108,0.667312318315025,0.6696036012331216,0.2253046715628159,205
dst_dempster_fire_specificity_silence_sensitivity_tau_0_9,CWE-923,0.0,0.0,1.0,0.9676330112055483,0.0,1.0,0.0,0.0,0.0,0.9676330112055483,0.5,0.5,0.03236698879445159,346
dst_pcr6_fire_specificity_silence_sensitivity_tau_0_1,CWE-20,0.04302851533332869,1.0,0.0,0.0,1.0,0.0,0.08250644449845415,0.18354780924462313,0.0,0.04302851533332869,0.5,0.5211635969191182,0.05371334492364932,460
dst_pcr6_fire_specificity_silence_sensitivity_tau_0_1,CWE-285,0.034237793808944136,1.0,0.0,0.0,1.0,0.0,0.06620813769518528,0.1505638723239683,0.0,0.034237793808944136,0.5,0.5318321372696986,0.07442066283552458,366
dst_pcr6_fire_specificity_silence_sensitivity_tau_0_1,CWE-287,0.09204412370794421,1.0,0.0,0.0,1.0,0.0,0.16857022445771533,0.3363653162068984,0.0,0.09204412370794421,0.5,0.6194085455019076,0.18618508783092547,984
dst_pcr6_fire_specificity_silence_sensitivity_tau_0_1,CWE-311,0.036669021449336134,1.0,0.0,0.0,1.0,0.0,0.07074334675382823,0.1598883573867662,0.0,0.036669021449336134,0.5,0.5499164491649453,0.05558455750294489,392
dst_pcr6_fire_specificity_silence_sensitivity_tau_0_1,CWE-327,0.32789869447764186,0.7426136363636363,0.9760774519282451,0.9959338615638309,0.023922548071754857,0.25738636363636364,0.45403497512905416,0.5914200009001529,0.4819092493561599,0.9725183653876661,0.8593455441459408,0.8610425537428075,0.30705152631633525,163
dst_pcr6_fire_specificity_silence_sensitivity_tau_0_1,CWE-330,0.014031037608694138,1.0,0.0,0.0,1.0,0.0,0.027673732673630373,0.06642657948444086,0.0,0.014031037608694138,0.5,0.8188378175505712,0.2597402720202521,150
dst_pcr6_fire_specificity_silence_sensitivity_tau_0_1,CWE-345,0.060521785384116164,1.0,0.0,0.0,1.0,0.0,0.1141346954185138,0.24362212620546053,0.0,0.060521785384116164,0.5,0.5022156409649479,0.06487002035458436,647
dst_pcr6_fire_specificity_silence_sensitivity_tau_0_1,CWE-400,0.032084730285381065,1.0,0.0,0.0,1.0,0.0,0.062174206635795315,0.1421737850874727,0.0,0.032084730285381065,0.5,0.5214799204086552,0.04030113158567972,343
dst_pcr6_fire_specificity_silence_sensitivity_tau_0_1,CWE-610,0.044619942760929475,1.0,0.0,0.0,1.0,0.0,0.085427329603935,0.18930617048893664,0.0,0.044619942760929475,0.5,0.5694167899978954,0.08461923057683116,477
dst_pcr6_fire_specificity_silence_sensitivity_tau_0_1,CWE-668,0.1406853559682882,1.0,0.0,0.0,1.0,0.0,0.24666418907457874,0.45010835023136986,0.0,0.1406853559682882,0.5,0.5866595961274561,0.19875565503913434,1504
dst_pcr6_fire_specificity_silence_sensitivity_tau_0_1,CWE-669,0.02319870835007909,1.0,0.0,0.0,1.0,0.0,0.04534516365713946,0.10614149759290692,0.0,0.02319870835007909,0.5,0.49789107495900486,0.02319870835007909,248
dst_pcr6_fire_specificity_silence_sensitivity_tau_0_1,CWE-706,0.04723782661593693,1.0,0.0,0.0,1.0,0.0,0.09021361266923807,0.19864977289217708,0.0,0.04723782661593693,0.5,0.5640223784513076,0.10380802551341657,505
dst_pcr6_fire_specificity_silence_sensitivity_tau_0_1,CWE-74,0.15705489984509802,1.0,0.0,0.0,1.0,0.0,0.2714689057230434,0.4822736800757169,0.0,0.15705489984509802,0.5,0.6621136898767201,0.28626893517110985,1679
dst_pcr6_fire_specificity_silence_sensitivity_tau_0_1,CWE-913,0.019175751398548654,1.0,0.0,0.0,1.0,0.0,0.03762982762121044,0.08904768195177235,0.0,0.019175751398548654,0.5,0.6694222833297516,0.22114611046311553,205
dst_pcr6_fire_specificity_silence_sensitivity_tau_0_1,CWE-923,0.02596921410738622,0.8,0.2,0.19360222531293464,0.8,0.2,0.05030493510942331,0.11491985534738251,0.0,0.21957143942032084,0.5,0.5,0.03236698879445159,346
dst_pcr6_fire_specificity_silence_sensitivity_tau_0_2,CWE-20,0.04302851533332869,1.0,0.0,0.0,1.0,0.0,0.08250644449845415,0.18354780924462313,0.0,0.04302851533332869,0.5,0.5211635969191182,0.05371334492364932,460
dst_pcr6_fire_specificity_silence_sensitivity_tau_0_2,CWE-285,0.034237793808944136,1.0,0.0,0.0,1.0,0.0,0.06620813769518528,0.1505638723239683,0.0,0.034237793808944136,0.5,0.5318321372696986,0.07442066283552458,366
dst_pcr6_fire_specificity_silence_sensitivity_tau_0_2,CWE-287,0.09204412370794421,1.0,0.0,0.0,1.0,0.0,0.16857022445771533,0.3363653162068984,0.0,0.09204412370794421,0.5,0.6194085455019076,0.18618508783092547,984
dst_pcr6_fire_specificity_silence_sensitivity_tau_0_2,CWE-311,0.036669021449336134,1.0,0.0,0.0,1.0,0.0,0.07074334675382823,0.1598883573867662,0.0,0.036669021449336134,0.5,0.5499164491649453,0.05558455750294489,392
dst_pcr6_fire_specificity_silence_sensitivity_tau_0_2,CWE-327,0.32789869447764186,0.7426136363636363,0.9760774519282451,0.9959338615638309,0.023922548071754857,0.25738636363636364,0.45403497512905416,0.5914200009001529,0.4819092493561599,0.9725183653876661,0.8593455441459408,0.8610425537428075,0.30705152631633525,163
dst_pcr6_fire_specificity_silence_sensitivity_tau_0_2,CWE-330,0.3820670646629612,0.6533333333333333,0.9845169412161658,0.9950064647243734,0.015483058783834247,0.3466666666666667,0.4810442908065119,0.5708943053578759,0.48984343492850313,0.979864900311,0.8189251372747496,0.8188378175505712,0.2597402720202521,150
dst_pcr6_fire_specificity_silence_sensitivity_tau_0_2,CWE-345,0.060521785384116164,1.0,0.0,0.0,1.0,0.0,0.1141346954185138,0.24362212620546053,0.0,0.060521785384116164,0.5,0.5022156409649479,0.06487002035458436,647
dst_pcr6_fire_specificity_silence_sensitivity_tau_0_2,CWE-400,0.032084730285381065,1.0,0.0,0.0,1.0,0.0,0.062174206635795315,0.1421737850874727,0.0,0.032084730285381065,0.5,0.5214799204086552,0.04030113158567972,343
dst_pcr6_fire_specificity_silence_sensitivity_tau_0_2,CWE-610,0.044619942760929475,1.0,0.0,0.0,1.0,0.0,0.085427329603935,0.18930617048893664,0.0,0.044619942760929475,0.5,0.5694167899978954,0.08461923057683116,477
dst_pcr6_fire_specificity_silence_sensitivity_tau_0_2,CWE-668,0.1406853559682882,1.0,0.0,0.0,1.0,0.0,0.24666418907457874,0.45010835023136986,0.0,0.1406853559682882,0.5,0.5866595961274561,0.19875565503913434,1504
dst_pcr6_fire_specificity_silence_sensitivity_tau_0_2,CWE-669,0.02319870835007909,1.0,0.0,0.0,1.0,0.0,0.04534516365713946,0.10614149759290692,0.0,0.02319870835007909,0.5,0.49789107495900486,0.02319870835007909,248
dst_pcr6_fire_specificity_silence_sensitivity_tau_0_2,CWE-706,0.04723782661593693,1.0,0.0,0.0,1.0,0.0,0.09021361266923807,0.19864977289217708,0.0,0.04723782661593693,0.5,0.5640223784513076,0.10380802551341657,505
dst_pcr6_fire_specificity_silence_sensitivity_tau_0_2,CWE-74,0.3587656252396996,0.462771855010661,0.8456427283926236,0.8941741295113962,0.15435727160737647,0.537228144989339,0.40404986511231444,0.4373013850545734,0.2792753549527733,0.785510200748242,0.6542072917016423,0.6621136898767201,0.28626893517110985,1679
dst_pcr6_fire_specificity_silence_sensitivity_tau_0_2,CWE-913,0.019175751398548654,1.0,0.0,0.0,1.0,0.0,0.03762982762121044,0.08904768195177235,0.0,0.019175751398548654,0.5,0.6694222833297516,0.22114611046311553,205
dst_pcr6_fire_specificity_silence_sensitivity_tau_0_2,CWE-923,0.02596921410738622,0.8,0.2,0.19360222531293464,0.8,0.2,0.05030493510942331,0.11491985534738251,0.0,0.21957143942032084,0.5,0.5,0.03236698879445159,346
dst_pcr6_fire_specificity_silence_sensitivity_tau_0_3,CWE-20,0.04302851533332869,1.0,0.0,0.0,1.0,0.0,0.08250644449845415,0.18354780924462313,0.0,0.04302851533332869,0.5,0.5211635969191182,0.05371334492364932,460
dst_pcr6_fire_specificity_silence_sensitivity_tau_0_3,CWE-285,0.034237793808944136,1.0,0.0,0.0,1.0,0.0,0.06620813769518528,0.1505638723239683,0.0,0.034237793808944136,0.5,0.5318321372696986,0.07442066283552458,366
dst_pcr6_fire_specificity_silence_sensitivity_tau_0_3,CWE-287,0.09204412370794421,1.0,0.0,0.0,1.0,0.0,0.16857022445771533,0.3363653162068984,0.0,0.09204412370794421,0.5,0.6194085455019076,0.18618508783092547,984
dst_pcr6_fire_specificity_silence_sensitivity_tau_0_3,CWE-311,0.036669021449336134,1.0,0.0,0.0,1.0,0.0,0.07074334675382823,0.1598883573867662,0.0,0.036669021449336134,0.5,0.5499164491649453,0.05558455750294489,392
dst_pcr6_fire_specificity_silence_sensitivity_tau_0_3,CWE-327,0.32789869447764186,0.7426136363636363,0.9760774519282451,0.9959338615638309,0.023922548071754857,0.25738636363636364,0.45403497512905416,0.5914200009001529,0.4819092493561599,0.9725183653876661,0.8593455441459408,0.8610425537428075,0.30705152631633525,163
dst_pcr6_fire_specificity_silence_sensitivity_tau_0_3,CWE-330,0.3820670646629612,0.6533333333333333,0.9845169412161658,0.9950064647243734,0.015483058783834247,0.3466666666666667,0.4810442908065119,0.5708943053578759,0.48984343492850313,0.979864900311,0.8189251372747496,0.8188378175505712,0.2597402720202521,150
dst_pcr6_fire_specificity_silence_sensitivity_tau_0_3,CWE-345,0.060521785384116164,1.0,0.0,0.0,1.0,0.0,0.1141346954185138,0.24362212620546053,0.0,0.060521785384116164,0.5,0.5022156409649479,0.06487002035458436,647
dst_pcr6_fire_specificity_silence_sensitivity_tau_0_3,CWE-400,0.032084730285381065,1.0,0.0,0.0,1.0,0.0,0.062174206635795315,0.1421737850874727,0.0,0.032084730285381065,0.5,0.5214799204086552,0.04030113158567972,343
dst_pcr6_fire_specificity_silence_sensitivity_tau_0_3,CWE-610,0.044619942760929475,1.0,0.0,0.0,1.0,0.0,0.085427329603935,0.18930617048893664,0.0,0.044619942760929475,0.5,0.5694167899978954,0.08461923057683116,477
dst_pcr6_fire_specificity_silence_sensitivity_tau_0_3,CWE-668,0.1406853559682882,1.0,0.0,0.0,1.0,0.0,0.24666418907457874,0.45010835023136986,0.0,0.1406853559682882,0.5,0.5866595961274561,0.19875565503913434,1504
dst_pcr6_fire_specificity_silence_sensitivity_tau_0_3,CWE-669,0.02319870835007909,1.0,0.0,0.0,1.0,0.0,0.04534516365713946,0.10614149759290692,0.0,0.02319870835007909,0.5,0.49789107495900486,0.02319870835007909,248
dst_pcr6_fire_specificity_silence_sensitivity_tau_0_3,CWE-706,0.04723782661593693,1.0,0.0,0.0,1.0,0.0,0.09021361266923807,0.19864977289217708,0.0,0.04723782661593693,0.5,0.5640223784513076,0.10380802551341657,505
dst_pcr6_fire_specificity_silence_sensitivity_tau_0_3,CWE-74,0.3587656252396996,0.462771855010661,0.8456427283926236,0.8941741295113962,0.15435727160737647,0.537228144989339,0.40404986511231444,0.4373013850545734,0.2792753549527733,0.785510200748242,0.6542072917016423,0.6621136898767201,0.28626893517110985,1679
dst_pcr6_fire_specificity_silence_sensitivity_tau_0_3,CWE-913,0.2485780885780886,0.35609756097560974,0.9785270756544403,0.9872963497483929,0.0214729243455597,0.6439024390243903,0.29187833670009844,0.32694655482754403,0.28052200399658483,0.9665906170059108,0.667312318315025,0.6694222833297516,0.22114611046311553,205
dst_pcr6_fire_specificity_silence_sensitivity_tau_0_3,CWE-923,0.02596921410738622,0.8,0.2,0.19360222531293464,0.8,0.2,0.05030493510942331,0.11491985534738251,0.0,0.21957143942032084,0.5,0.5,0.03236698879445159,346
dst_pcr6_fire_specificity_silence_sensitivity_tau_0_4,CWE-20,0.040595539459808705,0.6586956521739131,0.3313549371455106,0.38236571352850424,0.6686450628544893,0.341304347826087,0.07314676479576443,0.1470875009021874,-0.005391886546432979,0.3455542611413329,0.4950252946597118,0.5211635969191182,0.05371334492364932,460
dst_pcr6_fire_specificity_silence_sensitivity_tau_0_4,CWE-285,0.034237793808944136,1.0,0.0,0.0,1.0,0.0,0.06620813769518528,0.1505638723239683,0.0,0.034237793808944136,0.5,0.5318321372696986,0.07442066283552458,366
dst_pcr6_fire_specificity_silence_sensitivity_tau_0_4,CWE-287,0.4107789288215307,0.27947270278669845,0.9592948874473424,0.9292320501812794,0.04070511255265767,0.7205272972133016,0.3322652175133652,0.29838712946386936,0.2847830183598051,0.8967061865218771,0.6193837951170205,0.6194085455019076,0.18618508783092547,984
dst_pcr6_fire_specificity_silence_sensitivity_tau_0_4,CWE-311,0.036669021449336134,1.0,0.0,0.0,1.0,0.0,0.07074334675382823,0.1598883573867662,0.0,0.036669021449336134,0.5,0.5499164491649453,0.05558455750294489,392
dst_pcr6_fire_specificity_silence_sensitivity_tau_0_4,CWE-327,0.32789869447764186,0.7426136363636363,0.9760774519282451,0.9959338615638309,0.023922548071754857,0.25738636363636364,0.45403497512905416,0.5914200009001529,0.4819092493561599,0.9725183653876661,0.8593455441459408,0.8610425537428075,0.30705152631633525,163
dst_pcr6_fire_specificity_silence_sensitivity_tau_0_4,CWE-330,0.3820670646629612,0.6533333333333333,0.9845169412161658,0.9950064647243734,0.015483058783834247,0.3466666666666667,0.4810442908065119,0.5708943053578759,0.48984343492850313,0.979864900311,0.8189251372747496,0.8188378175505712,0.2597402720202521,150
dst_pcr6_fire_specificity_silence_sensitivity_tau_0_4,CWE-345,0.060521785384116164,1.0,0.0,0.0,1.0,0.0,0.1141346954185138,0.24362212620546053,0.0,0.060521785384116164,0.5,0.5022156409649479,0.06487002035458436,647
dst_pcr6_fire_specificity_silence_sensitivity_tau_0_4,CWE-400,0.032084730285381065,1.0,0.0,0.0,1.0,0.0,0.062174206635795315,0.1421737850874727,0.0,0.032084730285381065,0.5,0.5214799204086552,0.04030113158567972,343
dst_pcr6_fire_specificity_silence_sensitivity_tau_0_4,CWE-610,0.09264584488339925,0.6463157894736842,0.38911858894938184,0.38389675362412057,0.6108814110506182,0.3536842105263158,0.10594792404183266,0.16352796348295037,0.04190972775788499,0.4009705589267929,0.5177171892115331,0.5694167899978954,0.08461923057683116,477
dst_pcr6_fire_specificity_silence_sensitivity_tau_0_4,CWE-668,0.2553106784722621,0.31315836101882616,0.850497333590875,0.8832186329951176,0.14950266640912502,0.6868416389811738,0.28122489064477785,0.2995312478323877,0.1505580118700444,0.7749044622751231,0.5818278473048506,0.5866595961274561,0.19875565503913434,1504
dst_pcr6_fire_specificity_silence_sensitivity_tau_0_4,CWE-669,0.02319870835007909,1.0,0.0,0.0,1.0,0.0,0.04534516365713946,0.10614149759290692,0.0,0.02319870835007909,0.5,0.49789107495900486,0.02319870835007909,248
dst_pcr6_fire_specificity_silence_sensitivity_tau_0_4,CWE-706,0.04723782661593693,1.0,0.0,0.0,1.0,0.0,0.09021361266923807,0.19864977289217708,0.0,0.04723782661593693,0.5,0.5640223784513076,0.10380802551341657,505
dst_pcr6_fire_specificity_silence_sensitivity_tau_0_4,CWE-74,0.3587656252396996,0.462771855010661,0.8456427283926236,0.8941741295113962,0.15435727160737647,0.537228144989339,0.40404986511231444,0.4373013850545734,0.2792753549527733,0.785510200748242,0.6542072917016423,0.6621136898767201,0.28626893517110985,1679
dst_pcr6_fire_specificity_silence_sensitivity_tau_0_4,CWE-913,0.2485780885780886,0.35609756097560974,0.9785270756544403,0.9872963497483929,0.0214729243455597,0.6439024390243903,0.29187833670009844,0.32694655482754403,0.28052200399658483,0.9665906170059108,0.667312318315025,0.6694222833297516,0.22114611046311553,205
dst_pcr6_fire_specificity_silence_sensitivity_tau_0_4,CWE-923,0.02596921410738622,0.8,0.2,0.19360222531293464,0.8,0.2,0.05030493510942331,0.11491985534738251,0.0,0.21957143942032084,0.5,0.5,0.03236698879445159,346
dst_pcr6_fire_specificity_silence_sensitivity_tau_0_5,CWE-20,0.05089289114470019,0.20434782608695654,0.8289413432333695,0.9586430551520836,0.17105865676663048,0.7956521739130435,0.08147657430308672,0.12744021038451167,0.01781640100537097,0.8020767150900238,0.516644584660163,0.5211635969191182,0.05371334492364932,460
dst_pcr6_fire_specificity_silence_sensitivity_tau_0_5,CWE-285,0.3333333333333333,0.06830803406145872,0.9951521609627856,0.9678749628589023,0.004847839037214462,0.9316919659385412,0.11267277438009145,0.08106281471065731,0.13740003183078758,0.963418541845658,0.5317300975121222,0.5318321372696986,0.07442066283552458,366
dst_pcr6_fire_specificity_silence_sensitivity_tau_0_5,CWE-287,0.4107789288215307,0.27947270278669845,0.9592948874473424,0.9292320501812794,0.04070511255265767,0.7205272972133016,0.3322652175133652,0.29838712946386936,0.2847830183598051,0.8967061865218771,0.6193837951170205,0.6194085455019076,0.18618508783092547,984
dst_pcr6_fire_specificity_silence_sensitivity_tau_0_5,CWE-311,0.1078258858878125,0.1427134047387212,0.9554571195638089,0.9669784022576667,0.0445428804361912,0.8572865952612789,0.12267574689679243,0.1339048030753755,0.0856456854503524,0.9256540174847933,0.549085262151265,0.5499164491649453,0.05558455750294489,392
dst_pcr6_fire_specificity_silence_sensitivity_tau_0_5,CWE-327,0.32789869447764186,0.7426136363636363,0.9760774519282451,0.9959338615638309,0.023922548071754857,0.25738636363636364,0.45403497512905416,0.5914200009001529,0.4819092493561599,0.9725183653876661,0.8593455441459408,0.8610425537428075,0.30705152631633525,163
dst_pcr6_fire_specificity_silence_sensitivity_tau_0_5,CWE-330,0.3820670646629612,0.6533333333333333,0.9845169412161658,0.9950064647243734,0.015483058783834247,0.3466666666666667,0.4810442908065119,0.5708943053578759,0.48984343492850313,0.979864900311,0.8189251372747496,0.8188378175505712,0.2597402720202521,150
dst_pcr6_fire_specificity_silence_sensitivity_tau_0_5,CWE-345,0.2333333333333333,0.004627310673822302,0.9998016807970327,0.9397295281589289,0.00019831920296721709,0.9953726893261777,0.009068472708488779,0.005754593708704608,0.030317656537900785,0.9395709359881602,0.5022144957354275,0.5022156409649479,0.06487002035458436,647
dst_pcr6_fire_specificity_silence_sensitivity_tau_0_5,CWE-400,0.06417451314396344,0.08448422847399831,0.9577899674685367,0.9692816669106488,0.042210032531463236,0.9155157715260017,0.07283211197150748,0.07936313807816744,0.03760275236068396,0.929766446398923,0.5211370979712675,0.5214799204086552,0.04030113158567972,343
dst_pcr6_fire_specificity_silence_sensitivity_tau_0_5,CWE-610,0.21952953066037528,0.1655043859649123,0.9727986464820872,0.96149913597505,0.02720135351791279,0.8344956140350878,0.1885445297907488,0.17398029517749455,0.15815844810225232,0.936793397461518,0.5691515162234998,0.5694167899978954,0.08461923057683116,477
dst_pcr6_fire_specificity_silence_sensitivity_tau_0_5,CWE-668,0.2553106784722621,0.31315836101882616,0.850497333590875,0.8832186329951176,0.14950266640912502,0.6868416389811738,0.28122489064477785,0.2995312478323877,0.1505580118700444,0.7749044622751231,0.5818278473048506,0.5866595961274561,0.19875565503913434,1504
dst_pcr6_fire_specificity_silence_sensitivity_tau_0_5,CWE-669,0.02319870835007909,1.0,0.0,0.0,1.0,0.0,0.04534516365713946,0.10614149759290692,0.0,0.02319870835007909,0.5,0.49789107495900486,0.02319870835007909,248
dst_pcr6_fire_specificity_silence_sensitivity_tau_0_5,CWE-706,0.26944065571899384,0.14653465346534653,0.9806564341426602,0.9586355894870191,0.0193435658573398,0.8534653465346536,0.18940307361333358,0.16107987099495774,0.17012726300003028,0.9412508406107735,0.5635955438040033,0.5640223784513076,0.10380802551341657,505
dst_pcr6_fire_specificity_silence_sensitivity_tau_0_5,CWE-74,0.3587656252396996,0.462771855010661,0.8456427283926236,0.8941741295113962,0.15435727160737647,0.537228144989339,0.40404986511231444,0.4373013850545734,0.2792753549527733,0.785510200748242,0.6542072917016423,0.6621136898767201,0.28626893517110985,1679
dst_pcr6_fire_specificity_silence_sensitivity_tau_0_5,CWE-913,0.2485780885780886,0.35609756097560974,0.9785270756544403,0.9872963497483929,0.0214729243455597,0.6439024390243903,0.29187833670009844,0.32694655482754403,0.28052200399658483,0.9665906170059108,0.667312318315025,0.6694222833297516,0.22114611046311553,205
dst_pcr6_fire_specificity_silence_sensitivity_tau_0_5,CWE-923,0.0,0.0,1.0,0.9676330112055483,0.0,1.0,0.0,0.0,0.0,0.9676330112055483,0.5,0.5,0.03236698879445159,346
dst_pcr6_fire_specificity_silence_sensitivity_tau_0_6,CWE-20,0.05089289114470019,0.20434782608695654,0.8289413432333695,0.9586430551520836,0.17105865676663048,0.7956521739130435,0.08147657430308672,0.12744021038451167,0.01781640100537097,0.8020767150900238,0.516644584660163,0.5211635969191182,0.05371334492364932,460
dst_pcr6_fire_specificity_silence_sensitivity_tau_0_6,CWE-285,0.3333333333333333,0.06830803406145872,0.9951521609627856,0.9678749628589023,0.004847839037214462,0.9316919659385412,0.11267277438009145,0.08106281471065731,0.13740003183078758,0.963418541845658,0.5317300975121222,0.5318321372696986,0.07442066283552458,366
dst_pcr6_fire_specificity_silence_sensitivity_tau_0_6,CWE-287,0.4107789288215307,0.27947270278669845,0.9592948874473424,0.9292320501812794,0.04070511255265767,0.7205272972133016,0.3322652175133652,0.29838712946386936,0.2847830183598051,0.8967061865218771,0.6193837951170205,0.6194085455019076,0.18618508783092547,984
dst_pcr6_fire_specificity_silence_sensitivity_tau_0_6,CWE-311,0.1078258858878125,0.1427134047387212,0.9554571195638089,0.9669784022576667,0.0445428804361912,0.8572865952612789,0.12267574689679243,0.1339048030753755,0.0856456854503524,0.9256540174847933,0.549085262151265,0.5499164491649453,0.05558455750294489,392
dst_pcr6_fire_specificity_silence_sensitivity_tau_0_6,CWE-327,0.42339368276645734,0.7056818181818182,0.984822893124365,0.9953967681277607,0.015177106875634918,0.2943181818181818,0.5280517287845036,0.621386695616574,0.5371334195522655,0.980569745187459,0.8452523556530916,0.8610425537428075,0.30705152631633525,163
dst_pcr6_fire_specificity_silence_sensitivity_tau_0_6,CWE-330,0.3820670646629612,0.6533333333333333,0.9845169412161658,0.9950064647243734,0.015483058783834247,0.3466666666666667,0.4810442908065119,0.5708943053578759,0.48984343492850313,0.979864900311,0.8189251372747496,0.8188378175505712,0.2597402720202521,150
dst_pcr6_fire_specificity_silence_sensitivity_tau_0_6,CWE-345,0.2333333333333333,0.004627310673822302,0.9998016807970327,0.9397295281589289,0.00019831920296721709,0.9953726893261777,0.009068472708488779,0.005754593708704608,0.030317656537900785,0.9395709359881602,0.5022144957354275,0.5022156409649479,0.06487002035458436,647
dst_pcr6_fire_specificity_silence_sensitivity_tau_0_6,CWE-400,0.06417451314396344,0.08448422847399831,0.9577899674685367,0.9692816669106488,0.042210032531463236,0.9155157715260017,0.07283211197150748,0.07936313807816744,0.03760275236068396,0.929766446398923,0.5211370979712675,0.5214799204086552,0.04030113158567972,343
dst_pcr6_fire_specificity_silence_sensitivity_tau_0_6,CWE-610,0.21952953066037528,0.1655043859649123,0.9727986464820872,0.96149913597505,0.02720135351791279,0.8344956140350878,0.1885445297907488,0.17398029517749455,0.15815844810225232,0.936793397461518,0.5691515162234998,0.5694167899978954,0.08461923057683116,477
dst_pcr6_fire_specificity_silence_sensitivity_tau_0_6,CWE-668,0.2553106784722621,0.31315836101882616,0.850497333590875,0.8832186329951176,0.14950266640912502,0.6868416389811738,0.28122489064477785,0.2995312478323877,0.1505580118700444,0.7749044622751231,0.5818278473048506,0.5866595961274561,0.19875565503913434,1504
dst_pcr6_fire_specificity_silence_sensitivity_tau_0_6,CWE-669,0.0,0.0,0.9957821499180097,0.9767050865957142,0.004217850081990206,1.0,0.0,0.0,-0.009876710039073169,0.9726815189338727,0.49789107495900486,0.49789107495900486,0.02319870835007909,248
dst_pcr6_fire_specificity_silence_sensitivity_tau_0_6,CWE-706,0.26944065571899384,0.14653465346534653,0.9806564341426602,0.9586355894870191,0.0193435658573398,0.8534653465346536,0.18940307361333358,0.16107987099495774,0.17012726300003028,0.9412508406107735,0.5635955438040033,0.5640223784513076,0.10380802551341657,505
dst_pcr6_fire_specificity_silence_sensitivity_tau_0_6,CWE-74,0.3587656252396996,0.462771855010661,0.8456427283926236,0.8941741295113962,0.15435727160737647,0.537228144989339,0.40404986511231444,0.4373013850545734,0.2792753549527733,0.785510200748242,0.6542072917016423,0.6621136898767201,0.28626893517110985,1679
dst_pcr6_fire_specificity_silence_sensitivity_tau_0_6,CWE-913,0.2485780885780886,0.35609756097560974,0.9785270756544403,0.9872963497483929,0.0214729243455597,0.6439024390243903,0.29187833670009844,0.32694655482754403,0.28052200399658483,0.9665906170059108,0.667312318315025,0.6694222833297516,0.22114611046311553,205
dst_pcr6_fire_specificity_silence_sensitivity_tau_0_6,CWE-923,0.0,0.0,1.0,0.9676330112055483,0.0,1.0,0.0,0.0,0.0,0.9676330112055483,0.5,0.5,0.03236698879445159,346
dst_pcr6_fire_specificity_silence_sensitivity_tau_0_7,CWE-20,0.05089289114470019,0.20434782608695654,0.8289413432333695,0.9586430551520836,0.17105865676663048,0.7956521739130435,0.08147657430308672,0.12744021038451167,0.01781640100537097,0.8020767150900238,0.516644584660163,0.5211635969191182,0.05371334492364932,460
dst_pcr6_fire_specificity_silence_sensitivity_tau_0_7,CWE-285,0.3333333333333333,0.06830803406145872,0.9951521609627856,0.9678749628589023,0.004847839037214462,0.9316919659385412,0.11267277438009145,0.08106281471065731,0.13740003183078758,0.963418541845658,0.5317300975121222,0.5318321372696986,0.07442066283552458,366
dst_pcr6_fire_specificity_silence_sensitivity_tau_0_7,CWE-287,0.4107789288215307,0.27947270278669845,0.9592948874473424,0.9292320501812794,0.04070511255265767,0.7205272972133016,0.3322652175133652,0.29838712946386936,0.2847830183598051,0.8967061865218771,0.6193837951170205,0.6194085455019076,0.18618508783092547,984
dst_pcr6_fire_specificity_silence_sensitivity_tau_0_7,CWE-311,0.1078258858878125,0.1427134047387212,0.9554571195638089,0.9669784022576667,0.0445428804361912,0.8572865952612789,0.12267574689679243,0.1339048030753755,0.0856456854503524,0.9256540174847933,0.549085262151265,0.5499164491649453,0.05558455750294489,392
dst_pcr6_fire_specificity_silence_sensitivity_tau_0_7,CWE-327,0.4512402600739936,0.7056818181818182,0.9864388511446099,0.995403995346807,0.013561148855390087,0.2943181818181818,0.5494392836772624,0.6331153059893792,0.5554666917797346,0.9821611785509721,0.8460603346632141,0.8610425537428075,0.30705152631633525,163
dst_pcr6_fire_specificity_silence_sensitivity_tau_0_7,CWE-330,0.3820670646629612,0.6533333333333333,0.9845169412161658,0.9950064647243734,0.015483058783834247,0.3466666666666667,0.4810442908065119,0.5708943053578759,0.48984343492850313,0.979864900311,0.8189251372747496,0.8188378175505712,0.2597402720202521,150
dst_pcr6_fire_specificity_silence_sensitivity_tau_0_7,CWE-345,0.2333333333333333,0.004627310673822302,0.9998016807970327,0.9397295281589289,0.00019831920296721709,0.9953726893261777,0.009068472708488779,0.005754593708704608,0.030317656537900785,0.9395709359881602,0.5022144957354275,0.5022156409649479,0.06487002035458436,647
dst_pcr6_fire_specificity_silence_sensitivity_tau_0_7,CWE-400,0.06417451314396344,0.08448422847399831,0.9577899674685367,0.9692816669106488,0.042210032531463236,0.9155157715260017,0.07283211197150748,0.07936313807816744,0.03760275236068396,0.929766446398923,0.5211370979712675,0.5214799204086552,0.04030113158567972,343
dst_pcr6_fire_specificity_silence_sensitivity_tau_0_7,CWE-610,0.21952953066037528,0.1655043859649123,0.9727986464820872,0.96149913597505,0.02720135351791279,0.8344956140350878,0.1885445297907488,0.17398029517749455,0.15815844810225232,0.936793397461518,0.5691515162234998,0.5694167899978954,0.08461923057683116,477
dst_pcr6_fire_specificity_silence_sensitivity_tau_0_7,CWE-668,0.2553106784722621,0.31315836101882616,0.850497333590875,0.8832186329951176,0.14950266640912502,0.6868416389811738,0.28122489064477785,0.2995312478323877,0.1505580118700444,0.7749044622751231,0.5818278473048506,0.5866595961274561,0.19875565503913434,1504
dst_pcr6_fire_specificity_silence_sensitivity_tau_0_7,CWE-669,0.0,0.0,0.9957821499180097,0.9767050865957142,0.004217850081990206,1.0,0.0,0.0,-0.009876710039073169,0.9726815189338727,0.49789107495900486,0.49789107495900486,0.02319870835007909,248
dst_pcr6_fire_specificity_silence_sensitivity_tau_0_7,CWE-706,0.26944065571899384,0.14653465346534653,0.9806564341426602,0.9586355894870191,0.0193435658573398,0.8534653465346536,0.18940307361333358,0.16107987099495774,0.17012726300003028,0.9412508406107735,0.5635955438040033,0.5640223784513076,0.10380802551341657,505
dst_pcr6_fire_specificity_silence_sensitivity_tau_0_7,CWE-74,0.3587656252396996,0.462771855010661,0.8456427283926236,0.8941741295113962,0.15435727160737647,0.537228144989339,0.40404986511231444,0.4373013850545734,0.2792753549527733,0.785510200748242,0.6542072917016423,0.6621136898767201,0.28626893517110985,1679
dst_pcr6_fire_specificity_silence_sensitivity_tau_0_7,CWE-913,0.2485780885780886,0.35609756097560974,0.9785270756544403,0.9872963497483929,0.0214729243455597,0.6439024390243903,0.29187833670009844,0.32694655482754403,0.28052200399658483,0.9665906170059108,0.667312318315025,0.6694222833297516,0.22114611046311553,205
dst_pcr6_fire_specificity_silence_sensitivity_tau_0_7,CWE-923,0.0,0.0,1.0,0.9676330112055483,0.0,1.0,0.0,0.0,0.0,0.9676330112055483,0.5,0.5,0.03236698879445159,346
dst_pcr6_fire_specificity_silence_sensitivity_tau_0_8,CWE-20,0.05089289114470019,0.20434782608695654,0.8289413432333695,0.9586430551520836,0.17105865676663048,0.7956521739130435,0.08147657430308672,0.12744021038451167,0.01781640100537097,0.8020767150900238,0.516644584660163,0.5211635969191182,0.05371334492364932,460
dst_pcr6_fire_specificity_silence_sensitivity_tau_0_8,CWE-285,0.3333333333333333,0.06830803406145872,0.9951521609627856,0.9678749628589023,0.004847839037214462,0.9316919659385412,0.11267277438009145,0.08106281471065731,0.13740003183078758,0.963418541845658,0.5317300975121222,0.5318321372696986,0.07442066283552458,366
dst_pcr6_fire_specificity_silence_sensitivity_tau_0_8,CWE-287,0.4107789288215307,0.27947270278669845,0.9592948874473424,0.9292320501812794,0.04070511255265767,0.7205272972133016,0.3322652175133652,0.29838712946386936,0.2847830183598051,0.8967061865218771,0.6193837951170205,0.6194085455019076,0.18618508783092547,984
dst_pcr6_fire_specificity_silence_sensitivity_tau_0_8,CWE-311,0.1078258858878125,0.1427134047387212,0.9554571195638089,0.9669784022576667,0.0445428804361912,0.8572865952612789,0.12267574689679243,0.1339048030753755,0.0856456854503524,0.9256540174847933,0.549085262151265,0.5499164491649453,0.05558455750294489,392
dst_pcr6_fire_specificity_silence_sensitivity_tau_0_8,CWE-327,0.431308503216257,0.5833333333333333,0.9877678840945778,0.9935112260785333,0.012232115905422232,0.4166666666666667,0.4923898311088388,0.5418951502626884,0.49083612522322273,0.981598786589419,0.7855506087139555,0.8610425537428075,0.30705152631633525,163
dst_pcr6_fire_specificity_silence_sensitivity_tau_0_8,CWE-330,0.3820670646629612,0.6533333333333333,0.9845169412161658,0.9950064647243734,0.015483058783834247,0.3466666666666667,0.4810442908065119,0.5708943053578759,0.48984343492850313,0.979864900311,0.8189251372747496,0.8188378175505712,0.2597402720202521,150
dst_pcr6_fire_specificity_silence_sensitivity_tau_0_8,CWE-345,0.2333333333333333,0.004627310673822302,0.9998016807970327,0.9397295281589289,0.00019831920296721709,0.9953726893261777,0.009068472708488779,0.005754593708704608,0.030317656537900785,0.9395709359881602,0.5022144957354275,0.5022156409649479,0.06487002035458436,647
dst_pcr6_fire_specificity_silence_sensitivity_tau_0_8,CWE-400,0.06417451314396344,0.08448422847399831,0.9577899674685367,0.9692816669106488,0.042210032531463236,0.9155157715260017,0.07283211197150748,0.07936313807816744,0.03760275236068396,0.929766446398923,0.5211370979712675,0.5214799204086552,0.04030113158567972,343
dst_pcr6_fire_specificity_silence_sensitivity_tau_0_8,CWE-610,0.21952953066037528,0.1655043859649123,0.9727986464820872,0.96149913597505,0.02720135351791279,0.8344956140350878,0.1885445297907488,0.17398029517749455,0.15815844810225232,0.936793397461518,0.5691515162234998,0.5694167899978954,0.08461923057683116,477
dst_pcr6_fire_specificity_silence_sensitivity_tau_0_8,CWE-668,0.2553106784722621,0.31315836101882616,0.850497333590875,0.8832186329951176,0.14950266640912502,0.6868416389811738,0.28122489064477785,0.2995312478323877,0.1505580118700444,0.7749044622751231,0.5818278473048506,0.5866595961274561,0.19875565503913434,1504
dst_pcr6_fire_specificity_silence_sensitivity_tau_0_8,CWE-669,0.0,0.0,0.9957821499180097,0.9767050865957142,0.004217850081990206,1.0,0.0,0.0,-0.009876710039073169,0.9726815189338727,0.49789107495900486,0.49789107495900486,0.02319870835007909,248
dst_pcr6_fire_specificity_silence_sensitivity_tau_0_8,CWE-706,0.26944065571899384,0.14653465346534653,0.9806564341426602,0.9586355894870191,0.0193435658573398,0.8534653465346536,0.18940307361333358,0.16107987099495774,0.17012726300003028,0.9412508406107735,0.5635955438040033,0.5640223784513076,0.10380802551341657,505
dst_pcr6_fire_specificity_silence_sensitivity_tau_0_8,CWE-74,0.38066377573529386,0.44669331911869226,0.8642815026628577,0.8934515289800652,0.1357184973371423,0.5533066808813076,0.41084234090919997,0.43156661897657134,0.29192052850689365,0.7987015938650794,0.6554874108907749,0.6621136898767201,0.28626893517110985,1679
dst_pcr6_fire_specificity_silence_sensitivity_tau_0_8,CWE-913,0.2485780885780886,0.35609756097560974,0.9785270756544403,0.9872963497483929,0.0214729243455597,0.6439024390243903,0.29187833670009844,0.32694655482754403,0.28052200399658483,0.9665906170059108,0.667312318315025,0.6694222833297516,0.22114611046311553,205
dst_pcr6_fire_specificity_silence_sensitivity_tau_0_8,CWE-923,0.0,0.0,1.0,0.9676330112055483,0.0,1.0,0.0,0.0,0.0,0.9676330112055483,0.5,0.5,0.03236698879445159,346
dst_pcr6_fire_specificity_silence_sensitivity_tau_0_9,CWE-20,0.05089289114470019,0.20434782608695654,0.8289413432333695,0.9586430551520836,0.17105865676663048,0.7956521739130435,0.08147657430308672,0.12744021038451167,0.01781640100537097,0.8020767150900238,0.516644584660163,0.5211635969191182,0.05371334492364932,460
dst_pcr6_fire_specificity_silence_sensitivity_tau_0_9,CWE-285,0.3333333333333333,0.06830803406145872,0.9951521609627856,0.9678749628589023,0.004847839037214462,0.9316919659385412,0.11267277438009145,0.08106281471065731,0.13740003183078758,0.963418541845658,0.5317300975121222,0.5318321372696986,0.07442066283552458,366
dst_pcr6_fire_specificity_silence_sensitivity_tau_0_9,CWE-287,0.4107789288215307,0.27947270278669845,0.9592948874473424,0.9292320501812794,0.04070511255265767,0.7205272972133016,0.3322652175133652,0.29838712946386936,0.2847830183598051,0.8967061865218771,0.6193837951170205,0.6194085455019076,0.18618508783092547,984
dst_pcr6_fire_specificity_silence_sensitivity_tau_0_9,CWE-311,0.1078258858878125,0.1427134047387212,0.9554571195638089,0.9669784022576667,0.0445428804361912,0.8572865952612789,0.12267574689679243,0.1339048030753755,0.0856456854503524,0.9256540174847933,0.549085262151265,0.5499164491649453,0.05558455750294489,392
dst_pcr6_fire_specificity_silence_sensitivity_tau_0_9,CWE-327,0.4418458573946379,0.5649621212121212,0.9886166379452404,0.9932305114346868,0.011383362054759722,0.4350378787878788,0.4923312690269487,0.5322622151829416,0.4890534183117225,0.9821528376679736,0.7767893795786808,0.8610425537428075,0.30705152631633525,163
dst_pcr6_fire_specificity_silence_sensitivity_tau_0_9,CWE-330,0.3820670646629612,0.6533333333333333,0.9845169412161658,0.9950064647243734,0.015483058783834247,0.3466666666666667,0.4810442908065119,0.5708943053578759,0.48984343492850313,0.979864900311,0.8189251372747496,0.8188378175505712,0.2597402720202521,150
dst_pcr6_fire_specificity_silence_sensitivity_tau_0_9,CWE-345,0.2333333333333333,0.004627310673822302,0.9998016807970327,0.9397295281589289,0.00019831920296721709,0.9953726893261777,0.009068472708488779,0.005754593708704608,0.030317656537900785,0.9395709359881602,0.5022144957354275,0.5022156409649479,0.06487002035458436,647
dst_pcr6_fire_specificity_silence_sensitivity_tau_0_9,CWE-400,0.06417451314396344,0.08448422847399831,0.9577899674685367,0.9692816669106488,0.042210032531463236,0.9155157715260017,0.07283211197150748,0.07936313807816744,0.03760275236068396,0.929766446398923,0.5211370979712675,0.5214799204086552,0.04030113158567972,343
dst_pcr6_fire_specificity_silence_sensitivity_tau_0_9,CWE-610,0.21952953066037528,0.1655043859649123,0.9727986464820872,0.96149913597505,0.02720135351791279,0.8344956140350878,0.1885445297907488,0.17398029517749455,0.15815844810225232,0.936793397461518,0.5691515162234998,0.5694167899978954,0.08461923057683116,477
dst_pcr6_fire_specificity_silence_sensitivity_tau_0_9,CWE-668,0.2553106784722621,0.31315836101882616,0.850497333590875,0.8832186329951176,0.14950266640912502,0.6868416389811738,0.28122489064477785,0.2995312478323877,0.1505580118700444,0.7749044622751231,0.5818278473048506,0.5866595961274561,0.19875565503913434,1504
dst_pcr6_fire_specificity_silence_sensitivity_tau_0_9,CWE-669,0.0,0.0,0.9957821499180097,0.9767050865957142,0.004217850081990206,1.0,0.0,0.0,-0.009876710039073169,0.9726815189338727,0.49789107495900486,0.49789107495900486,0.02319870835007909,248
dst_pcr6_fire_specificity_silence_sensitivity_tau_0_9,CWE-706,0.26944065571899384,0.14653465346534653,0.9806564341426602,0.9586355894870191,0.0193435658573398,0.8534653465346536,0.18940307361333358,0.16107987099495774,0.17012726300003028,0.9412508406107735,0.5635955438040033,0.5640223784513076,0.10380802551341657,505
dst_pcr6_fire_specificity_silence_sensitivity_tau_0_9,CWE-74,0.4446918737128094,0.2870717839374556,0.933141148120298,0.8753934062616914,0.0668588518797019,0.7129282160625444,0.3484868900337877,0.30879043116673144,0.2653634563791287,0.831649822399773,0.6101064660288769,0.6621136898767201,0.28626893517110985,1679
dst_pcr6_fire_specificity_silence_sensitivity_tau_0_9,CWE-913,0.24524727830423004,0.3463414634146341,0.9787173727220141,0.9871044181049584,0.021282627277985907,0.6536585365853659,0.28630198243850824,0.319210254141994,0.2744241759425109,0.966586068631616,0.6625294180683241,0.6694222833297516,0.22114611046311553,205
dst_pcr6_fire_specificity_silence_sensitivity_tau_0_9,CWE-923,0.0,0.0,1.0,0.9676330112055483,0.0,1.0,0.0,0.0,0.0,0.9676330112055483,0.5,0.5,0.03236698879445159,346
dst_yager_fire_specificity_silence_sensitivity_tau_0_1,CWE-20,0.04302851533332869,1.0,0.0,0.0,1.0,0.0,0.08250644449845415,0.18354780924462313,0.0,0.04302851533332869,0.5,0.5211635969191182,0.05371334492364932,460
dst_yager_fire_specificity_silence_sensitivity_tau_0_1,CWE-285,0.034237793808944136,1.0,0.0,0.0,1.0,0.0,0.06620813769518528,0.1505638723239683,0.0,0.034237793808944136,0.5,0.5318321372696986,0.07442066283552458,366
dst_yager_fire_specificity_silence_sensitivity_tau_0_1,CWE-287,0.09204412370794421,1.0,0.0,0.0,1.0,0.0,0.16857022445771533,0.3363653162068984,0.0,0.09204412370794421,0.5,0.6194261566072635,0.18627910784344123,984
dst_yager_fire_specificity_silence_sensitivity_tau_0_1,CWE-311,0.036669021449336134,1.0,0.0,0.0,1.0,0.0,0.07074334675382823,0.1598883573867662,0.0,0.036669021449336134,0.5,0.5499201040911768,0.05634405117383097,392
dst_yager_fire_specificity_silence_sensitivity_tau_0_1,CWE-327,0.32789869447764186,0.7426136363636363,0.9760774519282451,0.9959338615638309,0.023922548071754857,0.25738636363636364,0.45403497512905416,0.5914200009001529,0.4819092493561599,0.9725183653876661,0.8593455441459408,0.8610799866785058,0.307727574240323,163
dst_yager_fire_specificity_silence_sensitivity_tau_0_1,CWE-330,0.014031037608694138,1.0,0.0,0.0,1.0,0.0,0.027673732673630373,0.06642657948444086,0.0,0.014031037608694138,0.5,0.8188378175505712,0.2597402720202521,150
dst_yager_fire_specificity_silence_sensitivity_tau_0_1,CWE-345,0.060521785384116164,1.0,0.0,0.0,1.0,0.0,0.1141346954185138,0.24362212620546053,0.0,0.060521785384116164,0.5,0.5022156409649479,0.06487002035458436,647
dst_yager_fire_specificity_silence_sensitivity_tau_0_1,CWE-400,0.032084730285381065,1.0,0.0,0.0,1.0,0.0,0.062174206635795315,0.1421737850874727,0.0,0.032084730285381065,0.5,0.5211027729398829,0.03882142658336821,343
dst_yager_fire_specificity_silence_sensitivity_tau_0_1,CWE-610,0.044619942760929475,1.0,0.0,0.0,1.0,0.0,0.085427329603935,0.18930617048893664,0.0,0.044619942760929475,0.5,0.5694167899978954,0.08461923057683116,477
dst_yager_fire_specificity_silence_sensitivity_tau_0_1,CWE-668,0.1406853559682882,1.0,0.0,0.0,1.0,0.0,0.24666418907457874,0.45010835023136986,0.0,0.1406853559682882,0.5,0.5858364965083686,0.1956663665877042,1504
dst_yager_fire_specificity_silence_sensitivity_tau_0_1,CWE-669,0.02319870835007909,1.0,0.0,0.0,1.0,0.0,0.04534516365713946,0.10614149759290692,0.0,0.02319870835007909,0.5,0.49789107495900486,0.02319870835007909,248
dst_yager_fire_specificity_silence_sensitivity_tau_0_1,CWE-706,0.04723782661593693,1.0,0.0,0.0,1.0,0.0,0.09021361266923807,0.19864977289217708,0.0,0.04723782661593693,0.5,0.5640223784513076,0.10380802551341657,505
dst_yager_fire_specificity_silence_sensitivity_tau_0_1,CWE-74,0.15705489984509802,1.0,0.0,0.0,1.0,0.0,0.2714689057230434,0.4822736800757169,0.0,0.15705489984509802,0.5,0.6614072583868831,0.2843401810859523,1679
dst_yager_fire_specificity_silence_sensitivity_tau_0_1,CWE-913,0.019175751398548654,1.0,0.0,0.0,1.0,0.0,0.03762982762121044,0.08904768195177235,0.0,0.019175751398548654,0.5,0.6694222833297516,0.22114611046311553,205
dst_yager_fire_specificity_silence_sensitivity_tau_0_1,CWE-923,0.02596921410738622,0.8,0.2,0.19360222531293464,0.8,0.2,0.05030493510942331,0.11491985534738251,0.0,0.21957143942032084,0.5,0.5,0.03236698879445159,346
dst_yager_fire_specificity_silence_sensitivity_tau_0_2,CWE-20,0.04302851533332869,1.0,0.0,0.0,1.0,0.0,0.08250644449845415,0.18354780924462313,0.0,0.04302851533332869,0.5,0.5211635969191182,0.05371334492364932,460
dst_yager_fire_specificity_silence_sensitivity_tau_0_2,CWE-285,0.034237793808944136,1.0,0.0,0.0,1.0,0.0,0.06620813769518528,0.1505638723239683,0.0,0.034237793808944136,0.5,0.5318321372696986,0.07442066283552458,366
dst_yager_fire_specificity_silence_sensitivity_tau_0_2,CWE-287,0.09204412370794421,1.0,0.0,0.0,1.0,0.0,0.16857022445771533,0.3363653162068984,0.0,0.09204412370794421,0.5,0.6194261566072635,0.18627910784344123,984
dst_yager_fire_specificity_silence_sensitivity_tau_0_2,CWE-311,0.036669021449336134,1.0,0.0,0.0,1.0,0.0,0.07074334675382823,0.1598883573867662,0.0,0.036669021449336134,0.5,0.5499201040911768,0.05634405117383097,392
dst_yager_fire_specificity_silence_sensitivity_tau_0_2,CWE-327,0.32789869447764186,0.7426136363636363,0.9760774519282451,0.9959338615638309,0.023922548071754857,0.25738636363636364,0.45403497512905416,0.5914200009001529,0.4819092493561599,0.9725183653876661,0.8593455441459408,0.8610799866785058,0.307727574240323,163
dst_yager_fire_specificity_silence_sensitivity_tau_0_2,CWE-330,0.3820670646629612,0.6533333333333333,0.9845169412161658,0.9950064647243734,0.015483058783834247,0.3466666666666667,0.4810442908065119,0.5708943053578759,0.48984343492850313,0.979864900311,0.8189251372747496,0.8188378175505712,0.2597402720202521,150
dst_yager_fire_specificity_silence_sensitivity_tau_0_2,CWE-345,0.060521785384116164,1.0,0.0,0.0,1.0,0.0,0.1141346954185138,0.24362212620546053,0.0,0.060521785384116164,0.5,0.5022156409649479,0.06487002035458436,647
dst_yager_fire_specificity_silence_sensitivity_tau_0_2,CWE-400,0.032084730285381065,1.0,0.0,0.0,1.0,0.0,0.062174206635795315,0.1421737850874727,0.0,0.032084730285381065,0.5,0.5211027729398829,0.03882142658336821,343
dst_yager_fire_specificity_silence_sensitivity_tau_0_2,CWE-610,0.044619942760929475,1.0,0.0,0.0,1.0,0.0,0.085427329603935,0.18930617048893664,0.0,0.044619942760929475,0.5,0.5694167899978954,0.08461923057683116,477
dst_yager_fire_specificity_silence_sensitivity_tau_0_2,CWE-668,0.1406853559682882,1.0,0.0,0.0,1.0,0.0,0.24666418907457874,0.45010835023136986,0.0,0.1406853559682882,0.5,0.5858364965083686,0.1956663665877042,1504
dst_yager_fire_specificity_silence_sensitivity_tau_0_2,CWE-669,0.02319870835007909,1.0,0.0,0.0,1.0,0.0,0.04534516365713946,0.10614149759290692,0.0,0.02319870835007909,0.5,0.49789107495900486,0.02319870835007909,248
dst_yager_fire_specificity_silence_sensitivity_tau_0_2,CWE-706,0.04723782661593693,1.0,0.0,0.0,1.0,0.0,0.09021361266923807,0.19864977289217708,0.0,0.04723782661593693,0.5,0.5640223784513076,0.10380802551341657,505
dst_yager_fire_specificity_silence_sensitivity_tau_0_2,CWE-74,0.3587656252396996,0.462771855010661,0.8456427283926236,0.8941741295113962,0.15435727160737647,0.537228144989339,0.40404986511231444,0.4373013850545734,0.2792753549527733,0.785510200748242,0.6542072917016423,0.6614072583868831,0.2843401810859523,1679
dst_yager_fire_specificity_silence_sensitivity_tau_0_2,CWE-913,0.019175751398548654,1.0,0.0,0.0,1.0,0.0,0.03762982762121044,0.08904768195177235,0.0,0.019175751398548654,0.5,0.6694222833297516,0.22114611046311553,205
dst_yager_fire_specificity_silence_sensitivity_tau_0_2,CWE-923,0.02596921410738622,0.8,0.2,0.19360222531293464,0.8,0.2,0.05030493510942331,0.11491985534738251,0.0,0.21957143942032084,0.5,0.5,0.03236698879445159,346
dst_yager_fire_specificity_silence_sensitivity_tau_0_3,CWE-20,0.04302851533332869,1.0,0.0,0.0,1.0,0.0,0.08250644449845415,0.18354780924462313,0.0,0.04302851533332869,0.5,0.5211635969191182,0.05371334492364932,460
dst_yager_fire_specificity_silence_sensitivity_tau_0_3,CWE-285,0.034237793808944136,1.0,0.0,0.0,1.0,0.0,0.06620813769518528,0.1505638723239683,0.0,0.034237793808944136,0.5,0.5318321372696986,0.07442066283552458,366
dst_yager_fire_specificity_silence_sensitivity_tau_0_3,CWE-287,0.09204412370794421,1.0,0.0,0.0,1.0,0.0,0.16857022445771533,0.3363653162068984,0.0,0.09204412370794421,0.5,0.6194261566072635,0.18627910784344123,984
dst_yager_fire_specificity_silence_sensitivity_tau_0_3,CWE-311,0.036669021449336134,1.0,0.0,0.0,1.0,0.0,0.07074334675382823,0.1598883573867662,0.0,0.036669021449336134,0.5,0.5499201040911768,0.05634405117383097,392
dst_yager_fire_specificity_silence_sensitivity_tau_0_3,CWE-327,0.32789869447764186,0.7426136363636363,0.9760774519282451,0.9959338615638309,0.023922548071754857,0.25738636363636364,0.45403497512905416,0.5914200009001529,0.4819092493561599,0.9725183653876661,0.8593455441459408,0.8610799866785058,0.307727574240323,163
dst_yager_fire_specificity_silence_sensitivity_tau_0_3,CWE-330,0.3820670646629612,0.6533333333333333,0.9845169412161658,0.9950064647243734,0.015483058783834247,0.3466666666666667,0.4810442908065119,0.5708943053578759,0.48984343492850313,0.979864900311,0.8189251372747496,0.8188378175505712,0.2597402720202521,150
dst_yager_fire_specificity_silence_sensitivity_tau_0_3,CWE-345,0.060521785384116164,1.0,0.0,0.0,1.0,0.0,0.1141346954185138,0.24362212620546053,0.0,0.060521785384116164,0.5,0.5022156409649479,0.06487002035458436,647
dst_yager_fire_specificity_silence_sensitivity_tau_0_3,CWE-400,0.032084730285381065,1.0,0.0,0.0,1.0,0.0,0.062174206635795315,0.1421737850874727,0.0,0.032084730285381065,0.5,0.5211027729398829,0.03882142658336821,343
dst_yager_fire_specificity_silence_sensitivity_tau_0_3,CWE-610,0.044619942760929475,1.0,0.0,0.0,1.0,0.0,0.085427329603935,0.18930617048893664,0.0,0.044619942760929475,0.5,0.5694167899978954,0.08461923057683116,477
dst_yager_fire_specificity_silence_sensitivity_tau_0_3,CWE-668,0.1406853559682882,1.0,0.0,0.0,1.0,0.0,0.24666418907457874,0.45010835023136986,0.0,0.1406853559682882,0.5,0.5858364965083686,0.1956663665877042,1504
dst_yager_fire_specificity_silence_sensitivity_tau_0_3,CWE-669,0.02319870835007909,1.0,0.0,0.0,1.0,0.0,0.04534516365713946,0.10614149759290692,0.0,0.02319870835007909,0.5,0.49789107495900486,0.02319870835007909,248
dst_yager_fire_specificity_silence_sensitivity_tau_0_3,CWE-706,0.04723782661593693,1.0,0.0,0.0,1.0,0.0,0.09021361266923807,0.19864977289217708,0.0,0.04723782661593693,0.5,0.5640223784513076,0.10380802551341657,505
dst_yager_fire_specificity_silence_sensitivity_tau_0_3,CWE-74,0.3587656252396996,0.462771855010661,0.8456427283926236,0.8941741295113962,0.15435727160737647,0.537228144989339,0.40404986511231444,0.4373013850545734,0.2792753549527733,0.785510200748242,0.6542072917016423,0.6614072583868831,0.2843401810859523,1679
dst_yager_fire_specificity_silence_sensitivity_tau_0_3,CWE-913,0.2485780885780886,0.35609756097560974,0.9785270756544403,0.9872963497483929,0.0214729243455597,0.6439024390243903,0.29187833670009844,0.32694655482754403,0.28052200399658483,0.9665906170059108,0.667312318315025,0.6694222833297516,0.22114611046311553,205
dst_yager_fire_specificity_silence_sensitivity_tau_0_3,CWE-923,0.02596921410738622,0.8,0.2,0.19360222531293464,0.8,0.2,0.05030493510942331,0.11491985534738251,0.0,0.21957143942032084,0.5,0.5,0.03236698879445159,346
dst_yager_fire_specificity_silence_sensitivity_tau_0_4,CWE-20,0.040595539459808705,0.6586956521739131,0.3313549371455106,0.38236571352850424,0.6686450628544893,0.341304347826087,0.07314676479576443,0.1470875009021874,-0.005391886546432979,0.3455542611413329,0.4950252946597118,0.5211635969191182,0.05371334492364932,460
dst_yager_fire_specificity_silence_sensitivity_tau_0_4,CWE-285,0.034237793808944136,1.0,0.0,0.0,1.0,0.0,0.06620813769518528,0.1505638723239683,0.0,0.034237793808944136,0.5,0.5318321372696986,0.07442066283552458,366
dst_yager_fire_specificity_silence_sensitivity_tau_0_4,CWE-287,0.4107789288215307,0.27947270278669845,0.9592948874473424,0.9292320501812794,0.04070511255265767,0.7205272972133016,0.3322652175133652,0.29838712946386936,0.2847830183598051,0.8967061865218771,0.6193837951170205,0.6194261566072635,0.18627910784344123,984
dst_yager_fire_specificity_silence_sensitivity_tau_0_4,CWE-311,0.036669021449336134,1.0,0.0,0.0,1.0,0.0,0.07074334675382823,0.1598883573867662,0.0,0.036669021449336134,0.5,0.5499201040911768,0.05634405117383097,392
dst_yager_fire_specificity_silence_sensitivity_tau_0_4,CWE-327,0.32789869447764186,0.7426136363636363,0.9760774519282451,0.9959338615638309,0.023922548071754857,0.25738636363636364,0.45403497512905416,0.5914200009001529,0.4819092493561599,0.9725183653876661,0.8593455441459408,0.8610799866785058,0.307727574240323,163
dst_yager_fire_specificity_silence_sensitivity_tau_0_4,CWE-330,0.3820670646629612,0.6533333333333333,0.9845169412161658,0.9950064647243734,0.015483058783834247,0.3466666666666667,0.4810442908065119,0.5708943053578759,0.48984343492850313,0.979864900311,0.8189251372747496,0.8188378175505712,0.2597402720202521,150
dst_yager_fire_specificity_silence_sensitivity_tau_0_4,CWE-345,0.060521785384116164,1.0,0.0,0.0,1.0,0.0,0.1141346954185138,0.24362212620546053,0.0,0.060521785384116164,0.5,0.5022156409649479,0.06487002035458436,647
dst_yager_fire_specificity_silence_sensitivity_tau_0_4,CWE-400,0.032084730285381065,1.0,0.0,0.0,1.0,0.0,0.062174206635795315,0.1421737850874727,0.0,0.032084730285381065,0.5,0.5211027729398829,0.03882142658336821,343
dst_yager_fire_specificity_silence_sensitivity_tau_0_4,CWE-610,0.09264584488339925,0.6463157894736842,0.38911858894938184,0.38389675362412057,0.6108814110506182,0.3536842105263158,0.10594792404183266,0.16352796348295037,0.04190972775788499,0.4009705589267929,0.5177171892115331,0.5694167899978954,0.08461923057683116,477
dst_yager_fire_specificity_silence_sensitivity_tau_0_4,CWE-668,0.2553106784722621,0.31315836101882616,0.850497333590875,0.8832186329951176,0.14950266640912502,0.6868416389811738,0.28122489064477785,0.2995312478323877,0.1505580118700444,0.7749044622751231,0.5818278473048506,0.5858364965083686,0.1956663665877042,1504
dst_yager_fire_specificity_silence_sensitivity_tau_0_4,CWE-669,0.02319870835007909,1.0,0.0,0.0,1.0,0.0,0.04534516365713946,0.10614149759290692,0.0,0.02319870835007909,0.5,0.49789107495900486,0.02319870835007909,248
dst_yager_fire_specificity_silence_sensitivity_tau_0_4,CWE-706,0.04723782661593693,1.0,0.0,0.0,1.0,0.0,0.09021361266923807,0.19864977289217708,0.0,0.04723782661593693,0.5,0.5640223784513076,0.10380802551341657,505
dst_yager_fire_specificity_silence_sensitivity_tau_0_4,CWE-74,0.3587656252396996,0.462771855010661,0.8456427283926236,0.8941741295113962,0.15435727160737647,0.537228144989339,0.40404986511231444,0.4373013850545734,0.2792753549527733,0.785510200748242,0.6542072917016423,0.6614072583868831,0.2843401810859523,1679
dst_yager_fire_specificity_silence_sensitivity_tau_0_4,CWE-913,0.2485780885780886,0.35609756097560974,0.9785270756544403,0.9872963497483929,0.0214729243455597,0.6439024390243903,0.29187833670009844,0.32694655482754403,0.28052200399658483,0.9665906170059108,0.667312318315025,0.6694222833297516,0.22114611046311553,205
dst_yager_fire_specificity_silence_sensitivity_tau_0_4,CWE-923,0.02596921410738622,0.8,0.2,0.19360222531293464,0.8,0.2,0.05030493510942331,0.11491985534738251,0.0,0.21957143942032084,0.5,0.5,0.03236698879445159,346
dst_yager_fire_specificity_silence_sensitivity_tau_0_5,CWE-20,0.05089289114470019,0.20434782608695654,0.8289413432333695,0.9586430551520836,0.17105865676663048,0.7956521739130435,0.08147657430308672,0.12744021038451167,0.01781640100537097,0.8020767150900238,0.516644584660163,0.5211635969191182,0.05371334492364932,460
dst_yager_fire_specificity_silence_sensitivity_tau_0_5,CWE-285,0.3333333333333333,0.06830803406145872,0.9951521609627856,0.9678749628589023,0.004847839037214462,0.9316919659385412,0.11267277438009145,0.08106281471065731,0.13740003183078758,0.963418541845658,0.5317300975121222,0.5318321372696986,0.07442066283552458,366
dst_yager_fire_specificity_silence_sensitivity_tau_0_5,CWE-287,0.4107789288215307,0.27947270278669845,0.9592948874473424,0.9292320501812794,0.04070511255265767,0.7205272972133016,0.3322652175133652,0.29838712946386936,0.2847830183598051,0.8967061865218771,0.6193837951170205,0.6194261566072635,0.18627910784344123,984
dst_yager_fire_specificity_silence_sensitivity_tau_0_5,CWE-311,0.1078258858878125,0.1427134047387212,0.9554571195638089,0.9669784022576667,0.0445428804361912,0.8572865952612789,0.12267574689679243,0.1339048030753755,0.0856456854503524,0.9256540174847933,0.549085262151265,0.5499201040911768,0.05634405117383097,392
dst_yager_fire_specificity_silence_sensitivity_tau_0_5,CWE-327,0.32789869447764186,0.7426136363636363,0.9760774519282451,0.9959338615638309,0.023922548071754857,0.25738636363636364,0.45403497512905416,0.5914200009001529,0.4819092493561599,0.9725183653876661,0.8593455441459408,0.8610799866785058,0.307727574240323,163
dst_yager_fire_specificity_silence_sensitivity_tau_0_5,CWE-330,0.3820670646629612,0.6533333333333333,0.9845169412161658,0.9950064647243734,0.015483058783834247,0.3466666666666667,0.4810442908065119,0.5708943053578759,0.48984343492850313,0.979864900311,0.8189251372747496,0.8188378175505712,0.2597402720202521,150
dst_yager_fire_specificity_silence_sensitivity_tau_0_5,CWE-345,0.2333333333333333,0.004627310673822302,0.9998016807970327,0.9397295281589289,0.00019831920296721709,0.9953726893261777,0.009068472708488779,0.005754593708704608,0.030317656537900785,0.9395709359881602,0.5022144957354275,0.5022156409649479,0.06487002035458436,647
dst_yager_fire_specificity_silence_sensitivity_tau_0_5,CWE-400,0.06417451314396344,0.08448422847399831,0.9577899674685367,0.9692816669106488,0.042210032531463236,0.9155157715260017,0.07283211197150748,0.07936313807816744,0.03760275236068396,0.929766446398923,0.5211370979712675,0.5211027729398829,0.03882142658336821,343
dst_yager_fire_specificity_silence_sensitivity_tau_0_5,CWE-610,0.21952953066037528,0.1655043859649123,0.9727986464820872,0.96149913597505,0.02720135351791279,0.8344956140350878,0.1885445297907488,0.17398029517749455,0.15815844810225232,0.936793397461518,0.5691515162234998,0.5694167899978954,0.08461923057683116,477
dst_yager_fire_specificity_silence_sensitivity_tau_0_5,CWE-668,0.2553106784722621,0.31315836101882616,0.850497333590875,0.8832186329951176,0.14950266640912502,0.6868416389811738,0.28122489064477785,0.2995312478323877,0.1505580118700444,0.7749044622751231,0.5818278473048506,0.5858364965083686,0.1956663665877042,1504
dst_yager_fire_specificity_silence_sensitivity_tau_0_5,CWE-669,0.02319870835007909,1.0,0.0,0.0,1.0,0.0,0.04534516365713946,0.10614149759290692,0.0,0.02319870835007909,0.5,0.49789107495900486,0.02319870835007909,248
dst_yager_fire_specificity_silence_sensitivity_tau_0_5,CWE-706,0.26944065571899384,0.14653465346534653,0.9806564341426602,0.9586355894870191,0.0193435658573398,0.8534653465346536,0.18940307361333358,0.16107987099495774,0.17012726300003028,0.9412508406107735,0.5635955438040033,0.5640223784513076,0.10380802551341657,505
dst_yager_fire_specificity_silence_sensitivity_tau_0_5,CWE-74,0.3587656252396996,0.462771855010661,0.8456427283926236,0.8941741295113962,0.15435727160737647,0.537228144989339,0.40404986511231444,0.4373013850545734,0.2792753549527733,0.785510200748242,0.6542072917016423,0.6614072583868831,0.2843401810859523,1679
dst_yager_fire_specificity_silence_sensitivity_tau_0_5,CWE-913,0.2485780885780886,0.35609756097560974,0.9785270756544403,0.9872963497483929,0.0214729243455597,0.6439024390243903,0.29187833670009844,0.32694655482754403,0.28052200399658483,0.9665906170059108,0.667312318315025,0.6694222833297516,0.22114611046311553,205
dst_yager_fire_specificity_silence_sensitivity_tau_0_5,CWE-923,0.0,0.0,1.0,0.9676330112055483,0.0,1.0,0.0,0.0,0.0,0.9676330112055483,0.5,0.5,0.03236698879445159,346
dst_yager_fire_specificity_silence_sensitivity_tau_0_6,CWE-20,0.05089289114470019,0.20434782608695654,0.8289413432333695,0.9586430551520836,0.17105865676663048,0.7956521739130435,0.08147657430308672,0.12744021038451167,0.01781640100537097,0.8020767150900238,0.516644584660163,0.5211635969191182,0.05371334492364932,460
dst_yager_fire_specificity_silence_sensitivity_tau_0_6,CWE-285,0.3333333333333333,0.06830803406145872,0.9951521609627856,0.9678749628589023,0.004847839037214462,0.9316919659385412,0.11267277438009145,0.08106281471065731,0.13740003183078758,0.963418541845658,0.5317300975121222,0.5318321372696986,0.07442066283552458,366
dst_yager_fire_specificity_silence_sensitivity_tau_0_6,CWE-287,0.4107789288215307,0.27947270278669845,0.9592948874473424,0.9292320501812794,0.04070511255265767,0.7205272972133016,0.3322652175133652,0.29838712946386936,0.2847830183598051,0.8967061865218771,0.6193837951170205,0.6194261566072635,0.18627910784344123,984
dst_yager_fire_specificity_silence_sensitivity_tau_0_6,CWE-311,0.1078258858878125,0.1427134047387212,0.9554571195638089,0.9669784022576667,0.0445428804361912,0.8572865952612789,0.12267574689679243,0.1339048030753755,0.0856456854503524,0.9256540174847933,0.549085262151265,0.5499201040911768,0.05634405117383097,392
dst_yager_fire_specificity_silence_sensitivity_tau_0_6,CWE-327,0.42339368276645734,0.7056818181818182,0.984822893124365,0.9953967681277607,0.015177106875634918,0.2943181818181818,0.5280517287845036,0.621386695616574,0.5371334195522655,0.980569745187459,0.8452523556530916,0.8610799866785058,0.307727574240323,163
dst_yager_fire_specificity_silence_sensitivity_tau_0_6,CWE-330,0.3820670646629612,0.6533333333333333,0.9845169412161658,0.9950064647243734,0.015483058783834247,0.3466666666666667,0.4810442908065119,0.5708943053578759,0.48984343492850313,0.979864900311,0.8189251372747496,0.8188378175505712,0.2597402720202521,150
dst_yager_fire_specificity_silence_sensitivity_tau_0_6,CWE-345,0.2333333333333333,0.004627310673822302,0.9998016807970327,0.9397295281589289,0.00019831920296721709,0.9953726893261777,0.009068472708488779,0.005754593708704608,0.030317656537900785,0.9395709359881602,0.5022144957354275,0.5022156409649479,0.06487002035458436,647
dst_yager_fire_specificity_silence_sensitivity_tau_0_6,CWE-400,0.06417451314396344,0.08448422847399831,0.9577899674685367,0.9692816669106488,0.042210032531463236,0.9155157715260017,0.07283211197150748,0.07936313807816744,0.03760275236068396,0.929766446398923,0.5211370979712675,0.5211027729398829,0.03882142658336821,343
dst_yager_fire_specificity_silence_sensitivity_tau_0_6,CWE-610,0.21952953066037528,0.1655043859649123,0.9727986464820872,0.96149913597505,0.02720135351791279,0.8344956140350878,0.1885445297907488,0.17398029517749455,0.15815844810225232,0.936793397461518,0.5691515162234998,0.5694167899978954,0.08461923057683116,477
dst_yager_fire_specificity_silence_sensitivity_tau_0_6,CWE-668,0.2553106784722621,0.31315836101882616,0.850497333590875,0.8832186329951176,0.14950266640912502,0.6868416389811738,0.28122489064477785,0.2995312478323877,0.1505580118700444,0.7749044622751231,0.5818278473048506,0.5858364965083686,0.1956663665877042,1504
dst_yager_fire_specificity_silence_sensitivity_tau_0_6,CWE-669,0.0,0.0,0.9957821499180097,0.9767050865957142,0.004217850081990206,1.0,0.0,0.0,-0.009876710039073169,0.9726815189338727,0.49789107495900486,0.49789107495900486,0.02319870835007909,248
dst_yager_fire_specificity_silence_sensitivity_tau_0_6,CWE-706,0.26944065571899384,0.14653465346534653,0.9806564341426602,0.9586355894870191,0.0193435658573398,0.8534653465346536,0.18940307361333358,0.16107987099495774,0.17012726300003028,0.9412508406107735,0.5635955438040033,0.5640223784513076,0.10380802551341657,505
dst_yager_fire_specificity_silence_sensitivity_tau_0_6,CWE-74,0.3587656252396996,0.462771855010661,0.8456427283926236,0.8941741295113962,0.15435727160737647,0.537228144989339,0.40404986511231444,0.4373013850545734,0.2792753549527733,0.785510200748242,0.6542072917016423,0.6614072583868831,0.2843401810859523,1679
dst_yager_fire_specificity_silence_sensitivity_tau_0_6,CWE-913,0.2485780885780886,0.35609756097560974,0.9785270756544403,0.9872963497483929,0.0214729243455597,0.6439024390243903,0.29187833670009844,0.32694655482754403,0.28052200399658483,0.9665906170059108,0.667312318315025,0.6694222833297516,0.22114611046311553,205
dst_yager_fire_specificity_silence_sensitivity_tau_0_6,CWE-923,0.0,0.0,1.0,0.9676330112055483,0.0,1.0,0.0,0.0,0.0,0.9676330112055483,0.5,0.5,0.03236698879445159,346
dst_yager_fire_specificity_silence_sensitivity_tau_0_7,CWE-20,0.05089289114470019,0.20434782608695654,0.8289413432333695,0.9586430551520836,0.17105865676663048,0.7956521739130435,0.08147657430308672,0.12744021038451167,0.01781640100537097,0.8020767150900238,0.516644584660163,0.5211635969191182,0.05371334492364932,460
dst_yager_fire_specificity_silence_sensitivity_tau_0_7,CWE-285,0.3333333333333333,0.06830803406145872,0.9951521609627856,0.9678749628589023,0.004847839037214462,0.9316919659385412,0.11267277438009145,0.08106281471065731,0.13740003183078758,0.963418541845658,0.5317300975121222,0.5318321372696986,0.07442066283552458,366
dst_yager_fire_specificity_silence_sensitivity_tau_0_7,CWE-287,0.4107789288215307,0.27947270278669845,0.9592948874473424,0.9292320501812794,0.04070511255265767,0.7205272972133016,0.3322652175133652,0.29838712946386936,0.2847830183598051,0.8967061865218771,0.6193837951170205,0.6194261566072635,0.18627910784344123,984
dst_yager_fire_specificity_silence_sensitivity_tau_0_7,CWE-311,0.1078258858878125,0.1427134047387212,0.9554571195638089,0.9669784022576667,0.0445428804361912,0.8572865952612789,0.12267574689679243,0.1339048030753755,0.0856456854503524,0.9256540174847933,0.549085262151265,0.5499201040911768,0.05634405117383097,392
dst_yager_fire_specificity_silence_sensitivity_tau_0_7,CWE-327,0.43928112965340177,0.5833333333333333,0.9881451103227844,0.9935140965435101,0.01185488967721555,0.4166666666666667,0.4971112281934199,0.5440905151351875,0.4953636264673952,0.9819702758455996,0.7857392218280589,0.8610799866785058,0.307727574240323,163
dst_yager_fire_specificity_silence_sensitivity_tau_0_7,CWE-330,0.3820670646629612,0.6533333333333333,0.9845169412161658,0.9950064647243734,0.015483058783834247,0.3466666666666667,0.4810442908065119,0.5708943053578759,0.48984343492850313,0.979864900311,0.8189251372747496,0.8188378175505712,0.2597402720202521,150
dst_yager_fire_specificity_silence_sensitivity_tau_0_7,CWE-345,0.2333333333333333,0.004627310673822302,0.9998016807970327,0.9397295281589289,0.00019831920296721709,0.9953726893261777,0.009068472708488779,0.005754593708704608,0.030317656537900785,0.9395709359881602,0.5022144957354275,0.5022156409649479,0.06487002035458436,647
dst_yager_fire_specificity_silence_sensitivity_tau_0_7,CWE-400,0.06417451314396344,0.08448422847399831,0.9577899674685367,0.9692816669106488,0.042210032531463236,0.9155157715260017,0.07283211197150748,0.07936313807816744,0.03760275236068396,0.929766446398923,0.5211370979712675,0.5211027729398829,0.03882142658336821,343
dst_yager_fire_specificity_silence_sensitivity_tau_0_7,CWE-610,0.21952953066037528,0.1655043859649123,0.9727986464820872,0.96149913597505,0.02720135351791279,0.8344956140350878,0.1885445297907488,0.17398029517749455,0.15815844810225232,0.936793397461518,0.5691515162234998,0.5694167899978954,0.08461923057683116,477
dst_yager_fire_specificity_silence_sensitivity_tau_0_7,CWE-668,0.2553106784722621,0.31315836101882616,0.850497333590875,0.8832186329951176,0.14950266640912502,0.6868416389811738,0.28122489064477785,0.2995312478323877,0.1505580118700444,0.7749044622751231,0.5818278473048506,0.5858364965083686,0.1956663665877042,1504
dst_yager_fire_specificity_silence_sensitivity_tau_0_7,CWE-669,0.0,0.0,0.9957821499180097,0.9767050865957142,0.004217850081990206,1.0,0.0,0.0,-0.009876710039073169,0.9726815189338727,0.49789107495900486,0.49789107495900486,0.02319870835007909,248
dst_yager_fire_specificity_silence_sensitivity_tau_0_7,CWE-706,0.26944065571899384,0.14653465346534653,0.9806564341426602,0.9586355894870191,0.0193435658573398,0.8534653465346536,0.18940307361333358,0.16107987099495774,0.17012726300003028,0.9412508406107735,0.5635955438040033,0.5640223784513076,0.10380802551341657,505
dst_yager_fire_specificity_silence_sensitivity_tau_0_7,CWE-74,0.38066377573529386,0.44669331911869226,0.8642815026628577,0.8934515289800652,0.1357184973371423,0.5533066808813076,0.41084234090919997,0.43156661897657134,0.29192052850689365,0.7987015938650794,0.6554874108907749,0.6614072583868831,0.2843401810859523,1679
dst_yager_fire_specificity_silence_sensitivity_tau_0_7,CWE-913,0.2485780885780886,0.35609756097560974,0.9785270756544403,0.9872963497483929,0.0214729243455597,0.6439024390243903,0.29187833670009844,0.32694655482754403,0.28052200399658483,0.9665906170059108,0.667312318315025,0.6694222833297516,0.22114611046311553,205
dst_yager_fire_specificity_silence_sensitivity_tau_0_7,CWE-923,0.0,0.0,1.0,0.9676330112055483,0.0,1.0,0.0,0.0,0.0,0.9676330112055483,0.5,0.5,0.03236698879445159,346
dst_yager_fire_specificity_silence_sensitivity_tau_0_8,CWE-20,0.05089289114470019,0.20434782608695654,0.8289413432333695,0.9586430551520836,0.17105865676663048,0.7956521739130435,0.08147657430308672,0.12744021038451167,0.01781640100537097,0.8020767150900238,0.516644584660163,0.5211635969191182,0.05371334492364932,460
dst_yager_fire_specificity_silence_sensitivity_tau_0_8,CWE-285,0.3333333333333333,0.06830803406145872,0.9951521609627856,0.9678749628589023,0.004847839037214462,0.9316919659385412,0.11267277438009145,0.08106281471065731,0.13740003183078758,0.963418541845658,0.5317300975121222,0.5318321372696986,0.07442066283552458,366
dst_yager_fire_specificity_silence_sensitivity_tau_0_8,CWE-287,0.4107789288215307,0.27947270278669845,0.9592948874473424,0.9292320501812794,0.04070511255265767,0.7205272972133016,0.3322652175133652,0.29838712946386936,0.2847830183598051,0.8967061865218771,0.6193837951170205,0.6194261566072635,0.18627910784344123,984
dst_yager_fire_specificity_silence_sensitivity_tau_0_8,CWE-311,0.1078258858878125,0.1427134047387212,0.9554571195638089,0.9669784022576667,0.0445428804361912,0.8572865952612789,0.12267574689679243,0.1339048030753755,0.0856456854503524,0.9256540174847933,0.549085262151265,0.5499201040911768,0.05634405117383097,392
dst_yager_fire_specificity_silence_sensitivity_tau_0_8,CWE-327,0.4418458573946379,0.5649621212121212,0.9886166379452404,0.9932305114346868,0.011383362054759722,0.4350378787878788,0.4923312690269487,0.5322622151829416,0.4890534183117225,0.9821528376679736,0.7767893795786808,0.8610799866785058,0.307727574240323,163
dst_yager_fire_specificity_silence_sensitivity_tau_0_8,CWE-330,0.3820670646629612,0.6533333333333333,0.9845169412161658,0.9950064647243734,0.015483058783834247,0.3466666666666667,0.4810442908065119,0.5708943053578759,0.48984343492850313,0.979864900311,0.8189251372747496,0.8188378175505712,0.2597402720202521,150
dst_yager_fire_specificity_silence_sensitivity_tau_0_8,CWE-345,0.2333333333333333,0.004627310673822302,0.9998016807970327,0.9397295281589289,0.00019831920296721709,0.9953726893261777,0.009068472708488779,0.005754593708704608,0.030317656537900785,0.9395709359881602,0.5022144957354275,0.5022156409649479,0.06487002035458436,647
dst_yager_fire_specificity_silence_sensitivity_tau_0_8,CWE-400,0.06417451314396344,0.08448422847399831,0.9577899674685367,0.9692816669106488,0.042210032531463236,0.9155157715260017,0.07283211197150748,0.07936313807816744,0.03760275236068396,0.929766446398923,0.5211370979712675,0.5211027729398829,0.03882142658336821,343
dst_yager_fire_specificity_silence_sensitivity_tau_0_8,CWE-610,0.21952953066037528,0.1655043859649123,0.9727986464820872,0.96149913597505,0.02720135351791279,0.8344956140350878,0.1885445297907488,0.17398029517749455,0.15815844810225232,0.936793397461518,0.5691515162234998,0.5694167899978954,0.08461923057683116,477
dst_yager_fire_specificity_silence_sensitivity_tau_0_8,CWE-668,0.2553106784722621,0.31315836101882616,0.850497333590875,0.8832186329951176,0.14950266640912502,0.6868416389811738,0.28122489064477785,0.2995312478323877,0.1505580118700444,0.7749044622751231,0.5818278473048506,0.5858364965083686,0.1956663665877042,1504
dst_yager_fire_specificity_silence_sensitivity_tau_0_8,CWE-669,0.0,0.0,0.9957821499180097,0.9767050865957142,0.004217850081990206,1.0,0.0,0.0,-0.009876710039073169,0.9726815189338727,0.49789107495900486,0.49789107495900486,0.02319870835007909,248
dst_yager_fire_specificity_silence_sensitivity_tau_0_8,CWE-706,0.26944065571899384,0.14653465346534653,0.9806564341426602,0.9586355894870191,0.0193435658573398,0.8534653465346536,0.18940307361333358,0.16107987099495774,0.17012726300003028,0.9412508406107735,0.5635955438040033,0.5640223784513076,0.10380802551341657,505
dst_yager_fire_specificity_silence_sensitivity_tau_0_8,CWE-74,0.45700403208270846,0.27455756929637526,0.939020762439303,0.874183431427601,0.060979237560696994,0.7254424307036247,0.3423899566773708,0.29811163618342607,0.2657499506189711,0.8346461612670499,0.6067891658678392,0.6614072583868831,0.2843401810859523,1679
dst_yager_fire_specificity_silence_sensitivity_tau_0_8,CWE-913,0.24524727830423004,0.3463414634146341,0.9787173727220141,0.9871044181049584,0.021282627277985907,0.6536585365853659,0.28630198243850824,0.319210254141994,0.2744241759425109,0.966586068631616,0.6625294180683241,0.6694222833297516,0.22114611046311553,205
dst_yager_fire_specificity_silence_sensitivity_tau_0_8,CWE-923,0.0,0.0,1.0,0.9676330112055483,0.0,1.0,0.0,0.0,0.0,0.9676330112055483,0.5,0.5,0.03236698879445159,346
dst_yager_fire_specificity_silence_sensitivity_tau_0_9,CWE-20,0.14296161550584327,0.08260869565217391,0.9780240561672944,0.959547521539673,0.021975943832705725,0.9173913043478261,0.1045398163278958,0.09015781276789232,0.07878749684705527,0.9395102089568811,0.5303163759097341,0.5211635969191182,0.05371334492364932,460
dst_yager_fire_specificity_silence_sensitivity_tau_0_9,CWE-285,0.3333333333333333,0.06830803406145872,0.9951521609627856,0.9678749628589023,0.004847839037214462,0.9316919659385412,0.11267277438009145,0.08106281471065731,0.13740003183078758,0.963418541845658,0.5317300975121222,0.5318321372696986,0.07442066283552458,366
dst_yager_fire_specificity_silence_sensitivity_tau_0_9,CWE-287,0.41200441209510813,0.26221381953796746,0.9620821895056044,0.9278502333766123,0.03791781049439551,0.7377861804620325,0.3202849004742626,0.2826938993231261,0.27602130144671033,0.8976447813931709,0.612148004521786,0.6194261566072635,0.18627910784344123,984
dst_yager_fire_specificity_silence_sensitivity_tau_0_9,CWE-311,0.1078258858878125,0.1427134047387212,0.9554571195638089,0.9669784022576667,0.0445428804361912,0.8572865952612789,0.12267574689679243,0.1339048030753755,0.0856456854503524,0.9256540174847933,0.549085262151265,0.5499201040911768,0.05634405117383097,392
dst_yager_fire_specificity_silence_sensitivity_tau_0_9,CWE-327,0.4418458573946379,0.5649621212121212,0.9886166379452404,0.9932305114346868,0.011383362054759722,0.4350378787878788,0.4923312690269487,0.5322622151829416,0.4890534183117225,0.9821528376679736,0.7767893795786808,0.8610799866785058,0.307727574240323,163
dst_yager_fire_specificity_silence_sensitivity_tau_0_9,CWE-330,0.3820670646629612,0.6533333333333333,0.9845169412161658,0.9950064647243734,0.015483058783834247,0.3466666666666667,0.4810442908065119,0.5708943053578759,0.48984343492850313,0.979864900311,0.8189251372747496,0.8188378175505712,0.2597402720202521,150
dst_yager_fire_specificity_silence_sensitivity_tau_0_9,CWE-345,0.2333333333333333,0.004627310673822302,0.9998016807970327,0.9397295281589289,0.00019831920296721709,0.9953726893261777,0.009068472708488779,0.005754593708704608,0.030317656537900785,0.9395709359881602,0.5022144957354275,0.5022156409649479,0.06487002035458436,647
dst_yager_fire_specificity_silence_sensitivity_tau_0_9,CWE-400,0.06417451314396344,0.08448422847399831,0.9577899674685367,0.9692816669106488,0.042210032531463236,0.9155157715260017,0.07283211197150748,0.07936313807816744,0.03760275236068396,0.929766446398923,0.5211370979712675,0.5211027729398829,0.03882142658336821,343
dst_yager_fire_specificity_silence_sensitivity_tau_0_9,CWE-610,0.21952953066037528,0.1655043859649123,0.9727986464820872,0.96149913597505,0.02720135351791279,0.8344956140350878,0.1885445297907488,0.17398029517749455,0.15815844810225232,0.936793397461518,0.5691515162234998,0.5694167899978954,0.08461923057683116,477
dst_yager_fire_specificity_silence_sensitivity_tau_0_9,CWE-668,0.44662022549298513,0.07447176079734219,0.9850822478049481,0.8666847869453133,0.014917752195051832,0.9255282392026578,0.1275407311548829,0.08933858037482008,0.1364751726990993,0.8569688819957939,0.5297770043011452,0.5858364965083686,0.1956663665877042,1504
dst_yager_fire_specificity_silence_sensitivity_tau_0_9,CWE-669,0.0,0.0,0.9957821499180097,0.9767050865957142,0.004217850081990206,1.0,0.0,0.0,-0.009876710039073169,0.9726815189338727,0.49789107495900486,0.49789107495900486,0.02319870835007909,248
dst_yager_fire_specificity_silence_sensitivity_tau_0_9,CWE-706,0.26944065571899384,0.14653465346534653,0.9806564341426602,0.9586355894870191,0.0193435658573398,0.8534653465346536,0.18940307361333358,0.16107987099495774,0.17012726300003028,0.9412508406107735,0.5635955438040033,0.5640223784513076,0.10380802551341657,505
dst_yager_fire_specificity_silence_sensitivity_tau_0_9,CWE-74,0.4969986713216793,0.26741293532338306,0.9495417216007802,0.8743271936731354,0.05045827839921985,0.7325870646766168,0.3472806273178207,0.29445889788230695,0.28366986469124666,0.84239604318329,0.6084773284620816,0.6614072583868831,0.2843401810859523,1679
dst_yager_fire_specificity_silence_sensitivity_tau_0_9,CWE-913,0.6111974789915966,0.24390243902439024,0.9969498857282263,0.9853833819001231,0.003050114271773803,0.7560975609756098,0.34765373143017364,0.27689035030340436,0.3784079288146437,0.9825032393240463,0.6204261623763083,0.6694222833297516,0.22114611046311553,205
dst_yager_fire_specificity_silence_sensitivity_tau_0_9,CWE-923,0.0,0.0,1.0,0.9676330112055483,0.0,1.0,0.0,0.0,0.0,0.9676330112055483,0.5,0.5,0.03236698879445159,346
naive_bayes_tau_0_1,CWE-20,0.1629489652844644,0.0782608695652174,0.9798240561672943,0.9594285628136439,0.020175943832705726,0.9217391304347826,0.10394853768783667,0.08670048209036317,0.08345277748527843,0.9410398456681621,0.5290424628662558,0.5394691549003501,0.060228641208365484,460
naive_bayes_tau_0_1,CWE-285,0.3333333333333333,0.06830803406145872,0.9951521609627856,0.9678749628589023,0.004847839037214462,0.9316919659385412,0.11267277438009145,0.08106281471065731,0.13740003183078758,0.963418541845658,0.5317300975121222,0.5318321372696986,0.07442066283552458,366
naive_bayes_tau_0_1,CWE-287,0.4107789288215307,0.27947270278669845,0.9592948874473424,0.9292320501812794,0.04070511255265767,0.7205272972133016,0.3322652175133652,0.29838712946386936,0.2847830183598051,0.8967061865218771,0.6193837951170205,0.6192828746149349,0.1851892767837187,984
naive_bayes_tau_0_1,CWE-311,0.13330995223317618,0.13252190847127557,0.9677739915443304,0.9670078016782625,0.0322260084556696,0.8674780915287243,0.13276862173296808,0.13258555058872573,0.10025798881738428,0.937144402884666,0.550147950007803,0.549921439463565,0.05792687060475166,392
naive_bayes_tau_0_1,CWE-327,0.42339368276645734,0.7056818181818182,0.984822893124365,0.9953967681277607,0.015177106875634918,0.2943181818181818,0.5280517287845036,0.621386695616574,0.5371334195522655,0.980569745187459,0.8452523556530916,0.8610425537428075,0.30705152631633525,163
naive_bayes_tau_0_1,CWE-330,0.3820670646629612,0.6533333333333333,0.9845169412161658,0.9950064647243734,0.015483058783834247,0.3466666666666667,0.4810442908065119,0.5708943053578759,0.48984343492850313,0.979864900311,0.8189251372747496,0.8188378175505712,0.2597402720202521,150
naive_bayes_tau_0_1,CWE-345,0.4,0.004627310673822302,1.0,0.9397406620306683,0.0,0.9953726893261777,0.009137529137529138,0.005765653601310242,0.04113194545885195,0.9397572903192379,0.5023136553369112,0.5023136553369112,0.06487002035458436,647
naive_bayes_tau_0_1,CWE-400,0.1915029415029415,0.023273657289002558,0.9961244814266058,0.9685191067236071,0.0038755185733942384,0.9767263427109973,0.04131216087356438,0.028194771583433496,0.055462018306686324,0.9649101168656277,0.5096990693578041,0.5215803676503004,0.04048108955428166,343
naive_bayes_tau_0_1,CWE-610,0.21952953066037528,0.1655043859649123,0.9727986464820872,0.96149913597505,0.02720135351791279,0.8344956140350878,0.1885445297907488,0.17398029517749455,0.15815844810225232,0.936793397461518,0.5691515162234998,0.5695849430471281,0.08753376850528267,477
naive_bayes_tau_0_1,CWE-668,0.1406853559682882,1.0,0.0,0.0,1.0,0.0,0.24666418907457874,0.45010835023136986,0.0,0.1406853559682882,0.5,0.5871079460714294,0.21391711179454337,1504
naive_bayes_tau_0_1,CWE-669,0.0,0.0,1.0,0.9768012916499209,0.0,1.0,0.0,0.0,0.0,0.9768012916499209,0.5,0.5021089250409951,0.02329491340428581,248
naive_bayes_tau_0_1,CWE-706,0.26944065571899384,0.14653465346534653,0.9806564341426602,0.9586355894870191,0.0193435658573398,0.8534653465346536,0.18940307361333358,0.16107987099495774,0.17012726300003028,0.9412508406107735,0.5635955438040033,0.5639031020694196,0.10248917558799042,505
naive_bayes_tau_0_1,CWE-74,0.3587656252396996,0.462771855010661,0.8456427283926236,0.8941741295113962,0.15435727160737647,0.537228144989339,0.40404986511231444,0.4373013850545734,0.2792753549527733,0.785510200748242,0.6542072917016423,0.6622577507886523,0.28688221784445445,1679
naive_bayes_tau_0_1,CWE-913,0.2485780885780886,0.35609756097560974,0.9785270756544403,0.9872963497483929,0.0214729243455597,0.6439024390243903,0.29187833670009844,0.32694655482754403,0.28052200399658483,0.9665906170059108,0.667312318315025,0.6696036012331216,0.2253046715628159,205
naive_bayes_tau_0_1,CWE-923,0.0,0.0,1.0,0.9676330112055483,0.0,1.0,0.0,0.0,0.0,0.9676330112055483,0.5,0.5,0.03236698879445159,346
naive_bayes_tau_0_2,CWE-20,0.0,0.0,1.0,0.9569714846666713,0.0,1.0,0.0,0.0,0.0,0.9569714846666713,0.5,0.5394691549003501,0.060228641208365484,460
naive_bayes_tau_0_2,CWE-285,0.3333333333333333,0.06830803406145872,0.9951521609627856,0.9678749628589023,0.004847839037214462,0.9316919659385412,0.11267277438009145,0.08106281471065731,0.13740003183078758,0.963418541845658,0.5317300975121222,0.5318321372696986,0.07442066283552458,366
naive_bayes_tau_0_2,CWE-287,0.4136465451181164,0.27744224593390654,0.9601134242483443,0.92910311446069,0.03988657575165568,0.7225577540660935,0.3318721145960611,0.2968867552610237,0.2852467480678015,0.8972643379285852,0.6187778350911255,0.6192828746149349,0.1851892767837187,984
naive_bayes_tau_0_2,CWE-311,0.16666666666666666,0.005095748133722817,0.999034148641274,0.9634788885011145,0.0009658513587259701,0.9949042518662772,0.009876543209876543,0.006319257262653488,0.023993633098775863,0.9625889056889158,0.5020649483874984,0.549921439463565,0.05792687060475166,392
naive_bayes_tau_0_2,CWE-327,0.4512402600739936,0.7056818181818182,0.9864388511446099,0.995403995346807,0.013561148855390087,0.2943181818181818,0.5494392836772624,0.6331153059893792,0.5554666917797346,0.9821611785509721,0.8460603346632141,0.8610425537428075,0.30705152631633525,163
naive_bayes_tau_0_2,CWE-330,0.3820670646629612,0.6533333333333333,0.9845169412161658,0.9950064647243734,0.015483058783834247,0.3466666666666667,0.4810442908065119,0.5708943053578759,0.48984343492850313,0.979864900311,0.8189251372747496,0.8188378175505712,0.2597402720202521,150
naive_bayes_tau_0_2,CWE-345,0.0,0.0,1.0,0.9394782146158839,0.0,1.0,0.0,0.0,0.0,0.9394782146158839,0.5,0.5023136553369112,0.06487002035458436,647
naive_bayes_tau_0_2,CWE-400,0.0,0.0,1.0,0.9679152697146189,0.0,1.0,0.0,0.0,0.0,0.9679152697146189,0.5,0.5215803676503004,0.04048108955428166,343
naive_bayes_tau_0_2,CWE-610,0.2534921546115576,0.11734649122807017,0.9804234993234878,0.9596543250269116,0.019576500676512204,0.8826535087719298,0.14988402277110863,0.12773921953823164,0.1387495432345649,0.9418968412924844,0.548884995275779,0.5695849430471281,0.08753376850528267,477
naive_bayes_tau_0_2,CWE-668,0.3192048814112033,0.19547951273532668,0.9313716552169449,0.8760789172224109,0.06862834478305498,0.8045204872646734,0.2422406683776884,0.21181012892649584,0.1573189573969497,0.8278354654437827,0.5634255839761358,0.5871079460714294,0.21391711179454337,1504
naive_bayes_tau_0_2,CWE-669,0.0,0.0,1.0,0.9768012916499209,0.0,1.0,0.0,0.0,0.0,0.9768012916499209,0.5,0.5021089250409951,0.02329491340428581,248
naive_bayes_tau_0_2,CWE-706,0.2769154292541389,0.14653465346534653,0.9812496190388955,0.9586589788487005,0.01875038096110441,0.8534653465346536,0.19116986717334603,0.16158209613505972,0.173278831801193,0.9418158116109676,0.563892136252121,0.5639031020694196,0.10248917558799042,505
naive_bayes_tau_0_2,CWE-74,0.38066377573529386,0.44669331911869226,0.8642815026628577,0.8934515289800652,0.1357184973371423,0.5533066808813076,0.41084234090919997,0.43156661897657134,0.29192052850689365,0.7987015938650794,0.6554874108907749,0.6622577507886523,0.28688221784445445,1679
naive_bayes_tau_0_2,CWE-913,0.6072222222222223,0.25365853658536586,0.9967595886606524,0.985570257558185,0.0032404113393475946,0.7463414634146341,0.357233734516898,0.28688883580187924,0.3849096745599773,0.9825077876983409,0.6252090626230091,0.6696036012331216,0.2253046715628159,205
naive_bayes_tau_0_2,CWE-923,0.0,0.0,1.0,0.9676330112055483,0.0,1.0,0.0,0.0,0.0,0.9676330112055483,0.5,0.5,0.03236698879445159,346
naive_bayes_tau_0_3,CWE-20,0.0,0.0,1.0,0.9569714846666713,0.0,1.0,0.0,0.0,0.0,0.9569714846666713,0.5,0.5394691549003501,0.060228641208365484,460
naive_bayes_tau_0_3,CWE-285,0.3333333333333333,0.06830803406145872,0.9951521609627856,0.9678749628589023,0.004847839037214462,0.9316919659385412,0.11267277438009145,0.08106281471065731,0.13740003183078758,0.963418541845658,0.5317300975121222,0.5318321372696986,0.07442066283552458,366
naive_bayes_tau_0_3,CWE-287,0.4181662277284451,0.27744224593390654,0.9608426502727635,0.9291549713922664,0.03915734972723652,0.7225577540660935,0.33322782562282277,0.2973077327681598,0.2875470375271157,0.8979258168738473,0.619142448103335,0.6192828746149349,0.1851892767837187,984
naive_bayes_tau_0_3,CWE-311,0.3,0.005095748133722817,0.9997081993153246,0.9635023831812953,0.00029180068467529616,0.9949042518662772,0.010001562744178778,0.006339542266964052,0.03556446610010825,0.9632385590619252,0.5024019737245238,0.549921439463565,0.05792687060475166,392
naive_bayes_tau_0_3,CWE-327,0.431308503216257,0.5833333333333333,0.9877678840945778,0.9935112260785333,0.012232115905422232,0.4166666666666667,0.4923898311088388,0.5418951502626884,0.49083612522322273,0.981598786589419,0.7855506087139555,0.8610425537428075,0.30705152631633525,163
naive_bayes_tau_0_3,CWE-330,0.3820670646629612,0.6533333333333333,0.9845169412161658,0.9950064647243734,0.015483058783834247,0.3466666666666667,0.4810442908065119,0.5708943053578759,0.48984343492850313,0.979864900311,0.8189251372747496,0.8188378175505712,0.2597402720202521,150
naive_bayes_tau_0_3,CWE-345,0.0,0.0,1.0,0.9394782146158839,0.0,1.0,0.0,0.0,0.0,0.9394782146158839,0.5,0.5023136553369112,0.06487002035458436,647
naive_bayes_tau_0_3,CWE-400,0.0,0.0,1.0,0.9679152697146189,0.0,1.0,0.0,0.0,0.0,0.9679152697146189,0.5,0.5215803676503004,0.04048108955428166,343
naive_bayes_tau_0_3,CWE-610,0.37444444444444447,0.05026315789473684,0.9955142036499651,0.957347033767409,0.004485796350034938,0.9497368421052631,0.08801588767456302,0.06066062475860212,0.12228449406987645,0.9533385278462813,0.522888680772351,0.5695849430471281,0.08753376850528267,477
naive_bayes_tau_0_3,CWE-668,0.4260803715146254,0.08843632336655592,0.9807287764653376,0.8679215623410625,0.01927122353466238,0.911563676633444,0.14638970718330624,0.10507282320583097,0.14253540965127515,0.8551879233673112,0.5345825499159468,0.5871079460714294,0.21391711179454337,1504
naive_bayes_tau_0_3,CWE-669,0.0,0.0,1.0,0.9768012916499209,0.0,1.0,0.0,0.0,0.0,0.9768012916499209,0.5,0.5021089250409951,0.02329491340428581,248
naive_bayes_tau_0_3,CWE-706,0.4087179624473477,0.11485148514851487,0.9859309013791908,0.957399978491764,0.014069098620809291,0.8851485148514853,0.16162580194671947,0.1294929878354519,0.17457131090930275,0.9447928956095186,0.5503911932638528,0.5639031020694196,0.10248917558799042,505
naive_bayes_tau_0_3,CWE-74,0.4325114254632155,0.3287651030561478,0.9195010697603397,0.8802816736335325,0.08049893023966023,0.6712348969438521,0.37312291717572493,0.34510794758981567,0.2785422947641948,0.8267019193222517,0.6241330864082438,0.6622577507886523,0.28688221784445445,1679
naive_bayes_tau_0_3,CWE-913,0.6022222222222222,0.24878048780487805,0.9967595886606524,0.9854754027255052,0.0032404113393475946,0.751219512195122,0.35134401020612105,0.28161260985526226,0.3793913708997236,0.9824121854038859,0.6227700382327652,0.6696036012331216,0.2253046715628159,205
naive_bayes_tau_0_3,CWE-923,0.0,0.0,1.0,0.9676330112055483,0.0,1.0,0.0,0.0,0.0,0.9676330112055483,0.5,0.5,0.03236698879445159,346
naive_bayes_tau_0_4,CWE-20,0.0,0.0,1.0,0.9569714846666713,0.0,1.0,0.0,0.0,0.0,0.9569714846666713,0.5,0.5394691549003501,0.060228641208365484,460
naive_bayes_tau_0_4,CWE-285,0.520528882881824,0.06556830803406147,0.9971891800014132,0.9678475732653821,0.0028108199985868105,0.9344316919659384,0.11480169256031325,0.0791160260293328,0.17198096223764098,0.9652929932062513,0.5313787440177373,0.5318321372696986,0.07442066283552458,366
naive_bayes_tau_0_4,CWE-287,0.3781278642340978,0.13102144411063918,0.9768375225275946,0.9174344470215751,0.023162477472405386,0.8689785558893608,0.1787603337146341,0.14586057945530984,0.16921089963755892,0.89903042840579,0.553929483319117,0.6192828746149349,0.1851892767837187,984
naive_bayes_tau_0_4,CWE-311,0.0,0.0,0.9998075535130395,0.9633242265768942,0.0001924464869604427,1.0,0.0,0.0,-0.0016741462730709574,0.9631455358061112,0.49990377675651976,0.549921439463565,0.05792687060475166,392
naive_bayes_tau_0_4,CWE-327,0.431308503216257,0.5833333333333333,0.9877678840945778,0.9935112260785333,0.012232115905422232,0.4166666666666667,0.4923898311088388,0.5418951502626884,0.49083612522322273,0.981598786589419,0.7855506087139555,0.8610425537428075,0.30705152631633525,163
naive_bayes_tau_0_4,CWE-330,0.24666666666666667,0.03333333333333333,0.9989563174527213,0.986419949788527,0.001043682547278642,0.9666666666666666,0.058507766743060866,0.04025911355887753,0.08644159290544338,0.9854111188040475,0.5161448253930273,0.8188378175505712,0.2597402720202521,150
naive_bayes_tau_0_4,CWE-345,0.0,0.0,1.0,0.9394782146158839,0.0,1.0,0.0,0.0,0.0,0.9394782146158839,0.5,0.5023136553369112,0.06487002035458436,647
naive_bayes_tau_0_4,CWE-400,0.0,0.0,1.0,0.9679152697146189,0.0,1.0,0.0,0.0,0.0,0.9679152697146189,0.5,0.5215803676503004,0.04048108955428166,343
naive_bayes_tau_0_4,CWE-610,0.37756132756132754,0.04394736842105264,0.9968740909396067,0.9571350730031847,0.003125909060393388,0.9560526315789474,0.07843607663164334,0.053322301649006476,0.11631501781760951,0.9543596704754712,0.5204107296803296,0.5695849430471281,0.08753376850528267,477
naive_bayes_tau_0_4,CWE-668,0.42752964687694417,0.08444961240310078,0.9814917192446291,0.8675061051567375,0.018508280755370827,0.9155503875968993,0.1410054994461573,0.10058648297714981,0.1394523042381944,0.8552815563261127,0.5329706658238649,0.5871079460714294,0.21391711179454337,1504
naive_bayes_tau_0_4,CWE-669,0.0,0.0,1.0,0.9768012916499209,0.0,1.0,0.0,0.0,0.0,0.9768012916499209,0.5,0.5021089250409951,0.02329491340428581,248
naive_bayes_tau_0_4,CWE-706,0.5638095238095238,0.03762376237623762,0.9987268881561366,0.954406761137574,0.0012731118438633672,0.9623762376237623,0.07050947967893832,0.046252476944843336,0.13712770094643567,0.9533298695855015,0.5181753252661871,0.5639031020694196,0.10248917558799042,505
naive_bayes_tau_0_4,CWE-74,0.4446918737128094,0.2870717839374556,0.933141148120298,0.8753934062616914,0.0668588518797019,0.7129282160625444,0.3484868900337877,0.30879043116673144,0.2653634563791287,0.831649822399773,0.6101064660288769,0.6622577507886523,0.28688221784445445,1679
naive_bayes_tau_0_4,CWE-913,0.6169117647058824,0.24878048780487805,0.9969498857282263,0.98547814543845,0.003050114271773803,0.751219512195122,0.3537576275340698,0.2822258596876238,0.384221274144089,0.9825988416185012,0.6228651867665521,0.6696036012331216,0.2253046715628159,205
naive_bayes_tau_0_4,CWE-923,0.0,0.0,1.0,0.9676330112055483,0.0,1.0,0.0,0.0,0.0,0.9676330112055483,0.5,0.5,0.03236698879445159,346
naive_bayes_tau_0_5,CWE-20,0.0,0.0,1.0,0.9569714846666713,0.0,1.0,0.0,0.0,0.0,0.9569714846666713,0.5,0.5394691549003501,0.060228641208365484,460
naive_bayes_tau_0_5,CWE-285,0.6133116883116883,0.06282858200666419,0.9987403823282642,0.967807041968722,0.0012596176717357636,0.9371714179933358,0.11312650763870276,0.07640743354685173,0.18709453095957834,0.9666982184012897,0.5307844821674642,0.5318321372696986,0.07442066283552458,366
naive_bayes_tau_0_5,CWE-287,0.4070400791308719,0.058940225836527506,0.9913514778482521,0.9122100515031596,0.008648522151748028,0.9410597741634724,0.10275881677628403,0.07105679416531083,0.12643215261221247,0.9055201002773691,0.5251458518423897,0.6192828746149349,0.1851892767837187,984
naive_bayes_tau_0_5,CWE-311,0.0,0.0,1.0,0.9633309785506639,0.0,1.0,0.0,0.0,0.0,0.9633309785506639,0.5,0.549921439463565,0.05792687060475166,392
naive_bayes_tau_0_5,CWE-327,0.431308503216257,0.5833333333333333,0.9877678840945778,0.9935112260785333,0.012232115905422232,0.4166666666666667,0.4923898311088388,0.5418951502626884,0.49083612522322273,0.981598786589419,0.7855506087139555,0.8610425537428075,0.30705152631633525,163
naive_bayes_tau_0_5,CWE-330,0.24666666666666667,0.03333333333333333,0.9989563174527213,0.986419949788527,0.001043682547278642,0.9666666666666666,0.058507766743060866,0.04025911355887753,0.08644159290544338,0.9854111188040475,0.5161448253930273,0.8188378175505712,0.2597402720202521,150
naive_bayes_tau_0_5,CWE-345,0.0,0.0,1.0,0.9394782146158839,0.0,1.0,0.0,0.0,0.0,0.9394782146158839,0.5,0.5023136553369112,0.06487002035458436,647
naive_bayes_tau_0_5,CWE-400,0.0,0.0,1.0,0.9679152697146189,0.0,1.0,0.0,0.0,0.0,0.9679152697146189,0.5,0.5215803676503004,0.04048108955428166,343
naive_bayes_tau_0_5,CWE-610,0.37756132756132754,0.04394736842105264,0.9968740909396067,0.9571350730031847,0.003125909060393388,0.9560526315789474,0.07843607663164334,0.053322301649006476,0.11631501781760951,0.9543596704754712,0.5204107296803296,0.5695849430471281,0.08753376850528267,477
naive_bayes_tau_0_5,CWE-668,0.5667900782013685,0.06450276854928018,0.9918231617189102,0.8662275361898868,0.008176838281089768,0.93549723145072,0.11558262965644688,0.07834918911336734,0.1557806472839714,0.8613537642921122,0.5281629651340952,0.5871079460714294,0.21391711179454337,1504
naive_bayes_tau_0_5,CWE-669,0.0,0.0,1.0,0.9768012916499209,0.0,1.0,0.0,0.0,0.0,0.9768012916499209,0.5,0.5021089250409951,0.02329491340428581,248
naive_bayes_tau_0_5,CWE-706,0.5638095238095238,0.03762376237623762,0.9987268881561366,0.954406761137574,0.0012731118438633672,0.9623762376237623,0.07050947967893832,0.046252476944843336,0.13712770094643567,0.9533298695855015,0.5181753252661871,0.5639031020694196,0.10248917558799042,505
naive_bayes_tau_0_5,CWE-74,0.46735547191269855,0.28468727789623316,0.9391661319347634,0.8757344515396703,0.06083386806523661,0.715312722103767,0.35308498375647046,0.30851469600067866,0.27687819536769986,0.836351851649088,0.6119267049154983,0.6622577507886523,0.28688221784445445,1679
naive_bayes_tau_0_5,CWE-913,0.6169117647058824,0.24878048780487805,0.9969498857282263,0.98547814543845,0.003050114271773803,0.751219512195122,0.3537576275340698,0.2822258596876238,0.384221274144089,0.9825988416185012,0.6228651867665521,0.6696036012331216,0.2253046715628159,205
naive_bayes_tau_0_5,CWE-923,0.0,0.0,1.0,0.9676330112055483,0.0,1.0,0.0,0.0,0.0,0.9676330112055483,0.5,0.5,0.03236698879445159,346
naive_bayes_tau_0_6,CWE-20,0.0,0.0,1.0,0.9569714846666713,0.0,1.0,0.0,0.0,0.0,0.9569714846666713,0.5,0.5394691549003501,0.060228641208365484,460
naive_bayes_tau_0_6,CWE-285,0.6133116883116883,0.06282858200666419,0.9987403823282642,0.967807041968722,0.0012596176717357636,0.9371714179933358,0.11312650763870276,0.07640743354685173,0.18709453095957834,0.9666982184012897,0.5307844821674642,0.5318321372696986,0.07442066283552458,366
naive_bayes_tau_0_6,CWE-287,0.4098626597760332,0.058940225836527506,0.9914546237997733,0.9122183153688426,0.008545376200226624,0.9410597741634724,0.10286607181344024,0.07107764052762061,0.12714554893670008,0.9056137332361706,0.5251974248181505,0.6192828746149349,0.1851892767837187,984
naive_bayes_tau_0_6,CWE-311,0.0,0.0,1.0,0.9633309785506639,0.0,1.0,0.0,0.0,0.0,0.9633309785506639,0.5,0.549921439463565,0.05792687060475166,392
naive_bayes_tau_0_6,CWE-327,0.431308503216257,0.5833333333333333,0.9877678840945778,0.9935112260785333,0.012232115905422232,0.4166666666666667,0.4923898311088388,0.5418951502626884,0.49083612522322273,0.981598786589419,0.7855506087139555,0.8610425537428075,0.30705152631633525,163
naive_bayes_tau_0_6,CWE-330,0.24666666666666667,0.03333333333333333,0.9989563174527213,0.986419949788527,0.001043682547278642,0.9666666666666666,0.058507766743060866,0.04025911355887753,0.08644159290544338,0.9854111188040475,0.5161448253930273,0.8188378175505712,0.2597402720202521,150
naive_bayes_tau_0_6,CWE-345,0.0,0.0,1.0,0.9394782146158839,0.0,1.0,0.0,0.0,0.0,0.9394782146158839,0.5,0.5023136553369112,0.06487002035458436,647
naive_bayes_tau_0_6,CWE-400,0.0,0.0,1.0,0.9679152697146189,0.0,1.0,0.0,0.0,0.0,0.9679152697146189,0.5,0.5215803676503004,0.04048108955428166,343
naive_bayes_tau_0_6,CWE-610,0.37756132756132754,0.04394736842105264,0.9968740909396067,0.9571350730031847,0.003125909060393388,0.9560526315789474,0.07843607663164334,0.053322301649006476,0.11631501781760951,0.9543596704754712,0.5204107296803296,0.5695849430471281,0.08753376850528267,477
naive_bayes_tau_0_6,CWE-668,0.538182145618104,0.04853156146179402,0.9927989812447251,0.8643757402107886,0.007201018755274943,0.951468438538206,0.08867092118097215,0.059259037867535246,0.12796692275211327,0.859955651015766,0.5206652713532596,0.5871079460714294,0.21391711179454337,1504
naive_bayes_tau_0_6,CWE-669,0.0,0.0,1.0,0.9768012916499209,0.0,1.0,0.0,0.0,0.0,0.9768012916499209,0.5,0.5021089250409951,0.02329491340428581,248
naive_bayes_tau_0_6,CWE-706,0.5638095238095238,0.03762376237623762,0.9987268881561366,0.954406761137574,0.0012731118438633672,0.9623762376237623,0.07050947967893832,0.046252476944843336,0.13712770094643567,0.9533298695855015,0.5181753252661871,0.5639031020694196,0.10248917558799042,505
naive_bayes_tau_0_6,CWE-74,0.49933907111723086,0.26979566453447046,0.9495417216007802,0.8746845128476002,0.05045827839921985,0.7302043354655294,0.3499006037996862,0.2969495716374095,0.2862715776936535,0.8427726905167526,0.6096686930676254,0.6622577507886523,0.28688221784445445,1679
naive_bayes_tau_0_6,CWE-913,0.6169117647058824,0.24878048780487805,0.9969498857282263,0.98547814543845,0.003050114271773803,0.751219512195122,0.3537576275340698,0.2822258596876238,0.384221274144089,0.9825988416185012,0.6228651867665521,0.6696036012331216,0.2253046715628159,205
naive_bayes_tau_0_6,CWE-923,0.0,0.0,1.0,0.9676330112055483,0.0,1.0,0.0,0.0,0.0,0.9676330112055483,0.5,0.5,0.03236698879445159,346
naive_bayes_tau_0_7,CWE-20,0.0,0.0,1.0,0.9569714846666713,0.0,1.0,0.0,0.0,0.0,0.9569714846666713,0.5,0.5394691549003501,0.060228641208365484,460
naive_bayes_tau_0_7,CWE-285,0.6133116883116883,0.06282858200666419,0.9987403823282642,0.967807041968722,0.0012596176717357636,0.9371714179933358,0.11312650763870276,0.07640743354685173,0.18709453095957834,0.9666982184012897,0.5307844821674642,0.5318321372696986,0.07442066283552458,366
naive_bayes_tau_0_7,CWE-287,0.4245031826518503,0.05792499741013156,0.9920668686977325,0.9121813158069016,0.007933131302267441,0.9420750025898684,0.10179150933696017,0.06998688076262112,0.12952129773689772,0.906077340097552,0.5249959330539321,0.6192828746149349,0.1851892767837187,984
naive_bayes_tau_0_7,CWE-311,0.0,0.0,1.0,0.9633309785506639,0.0,1.0,0.0,0.0,0.0,0.9633309785506639,0.5,0.549921439463565,0.05792687060475166,392
naive_bayes_tau_0_7,CWE-327,0.43541969314677476,0.5833333333333333,0.9879564750529262,0.9935126591991743,0.012043524947073848,0.4166666666666667,0.4948290659112577,0.5430161983997668,0.4931697214766966,0.9817845312175093,0.7856449041931297,0.8610425537428075,0.30705152631633525,163
naive_bayes_tau_0_7,CWE-330,0.24666666666666667,0.03333333333333333,0.9989563174527213,0.986419949788527,0.001043682547278642,0.9666666666666666,0.058507766743060866,0.04025911355887753,0.08644159290544338,0.9854111188040475,0.5161448253930273,0.8188378175505712,0.2597402720202521,150
naive_bayes_tau_0_7,CWE-345,0.0,0.0,1.0,0.9394782146158839,0.0,1.0,0.0,0.0,0.0,0.9394782146158839,0.5,0.5023136553369112,0.06487002035458436,647
naive_bayes_tau_0_7,CWE-400,0.0,0.0,1.0,0.9679152697146189,0.0,1.0,0.0,0.0,0.0,0.9679152697146189,0.5,0.5215803676503004,0.04048108955428166,343
naive_bayes_tau_0_7,CWE-610,0.37756132756132754,0.04394736842105264,0.9968740909396067,0.9571350730031847,0.003125909060393388,0.9560526315789474,0.07843607663164334,0.053322301649006476,0.11631501781760951,0.9543596704754712,0.5204107296803296,0.5695849430471281,0.08753376850528267,477
naive_bayes_tau_0_7,CWE-668,0.5331019857335646,0.020602436323366558,0.9972704766424133,0.8615003919744083,0.002729523357586755,0.9793975636766333,0.03900468569835626,0.025393641724469774,0.07762738579419255,0.8598808285019688,0.5089364564828899,0.5871079460714294,0.21391711179454337,1504
naive_bayes_tau_0_7,CWE-669,0.0,0.0,1.0,0.9768012916499209,0.0,1.0,0.0,0.0,0.0,0.9768012916499209,0.5,0.5021089250409951,0.02329491340428581,248
naive_bayes_tau_0_7,CWE-706,0.5638095238095238,0.0297029702970297,0.9987268881561366,0.9540515971376603,0.0012731118438633672,0.9702970297029703,0.05612201529147394,0.0365918541455344,0.11931500769337841,0.9529589840963963,0.5142149292265832,0.5639031020694196,0.10248917558799042,505
naive_bayes_tau_0_7,CWE-74,0.4981346146282215,0.26860518834399427,0.9495417216007802,0.8745043481624585,0.05045827839921985,0.7313948116560056,0.34856405761494724,0.2956955250474651,0.28495080226877106,0.8425814859278425,0.6090734549723872,0.6622577507886523,0.28688221784445445,1679
naive_bayes_tau_0_7,CWE-913,0.6111974789915966,0.24390243902439024,0.9969498857282263,0.9853833819001231,0.003050114271773803,0.7560975609756098,0.34765373143017364,0.27689035030340436,0.3784079288146437,0.9825032393240463,0.6204261623763083,0.6696036012331216,0.2253046715628159,205
naive_bayes_tau_0_7,CWE-923,0.0,0.0,1.0,0.9676330112055483,0.0,1.0,0.0,0.0,0.0,0.9676330112055483,0.5,0.5,0.03236698879445159,346
naive_bayes_tau_0_8,CWE-20,0.0,0.0,1.0,0.9569714846666713,0.0,1.0,0.0,0.0,0.0,0.9569714846666713,0.5,0.5394691549003501,0.060228641208365484,460
naive_bayes_tau_0_8,CWE-285,0.6133116883116883,0.06282858200666419,0.9987403823282642,0.967807041968722,0.0012596176717357636,0.9371714179933358,0.11312650763870276,0.07640743354685173,0.18709453095957834,0.9666982184012897,0.5307844821674642,0.5318321372696986,0.07442066283552458,366
naive_bayes_tau_0_8,CWE-287,0.43870202728547747,0.05792499741013156,0.9924794720308588,0.9122147115102784,0.007520527969141157,0.9420750025898684,0.10212943131871777,0.07004954318026316,0.13268366826407457,0.906452012159449,0.5252022347204952,0.6192828746149349,0.1851892767837187,984
naive_bayes_tau_0_8,CWE-311,0.0,0.0,1.0,0.9633309785506639,0.0,1.0,0.0,0.0,0.0,0.9633309785506639,0.5,0.549921439463565,0.05792687060475166,392
naive_bayes_tau_0_8,CWE-327,0.4441641531339863,0.5710227272727273,0.9886166379452404,0.9933251149114891,0.011383362054759722,0.42897727272727276,0.4958268994888713,0.5370184912158134,0.49295206915898715,0.9822455590402498,0.7798196826089838,0.8610425537428075,0.30705152631633525,163
naive_bayes_tau_0_8,CWE-330,0.24666666666666667,0.03333333333333333,0.9989563174527213,0.986419949788527,0.001043682547278642,0.9666666666666666,0.058507766743060866,0.04025911355887753,0.08644159290544338,0.9854111188040475,0.5161448253930273,0.8188378175505712,0.2597402720202521,150
naive_bayes_tau_0_8,CWE-345,0.0,0.0,1.0,0.9394782146158839,0.0,1.0,0.0,0.0,0.0,0.9394782146158839,0.5,0.5023136553369112,0.06487002035458436,647
naive_bayes_tau_0_8,CWE-400,0.0,0.0,1.0,0.9679152697146189,0.0,1.0,0.0,0.0,0.0,0.9679152697146189,0.5,0.5215803676503004,0.04048108955428166,343
naive_bayes_tau_0_8,CWE-610,0.0,0.0,1.0,0.9553800572390705,0.0,1.0,0.0,0.0,0.0,0.9553800572390705,0.5,0.5695849430471281,0.08753376850528267,477
naive_bayes_tau_0_8,CWE-668,0.4,0.002662236987818383,0.9995669164006415,0.8595860772825559,0.00043308359935844006,0.9973377630121816,0.005289270648919197,0.003322268303518459,0.0243005337863414,0.8593188905224689,0.50111457669423,0.5871079460714294,0.21391711179454337,1504
naive_bayes_tau_0_8,CWE-669,0.0,0.0,1.0,0.9768012916499209,0.0,1.0,0.0,0.0,0.0,0.9768012916499209,0.5,0.5021089250409951,0.02329491340428581,248
naive_bayes_tau_0_8,CWE-706,0.2523809523809524,0.009900990099009901,0.9993167330143136,0.9531761304350708,0.0006832669856865014,0.9900990099009901,0.018840760102896027,0.012219326717187276,0.04379675777444759,0.9525764287559728,0.5046088615566617,0.5639031020694196,0.10248917558799042,505
naive_bayes_tau_0_8,CWE-74,0.371376405478674,0.12685145700071074,0.9597273210152462,0.8550734507621648,0.0402726789847538,0.8731485429992892,0.1886892418246529,0.14596539303309652,0.1398383953587325,0.8289334553281316,0.5432893890079785,0.6622577507886523,0.28688221784445445,1679
naive_bayes_tau_0_8,CWE-913,0.6111974789915966,0.24390243902439024,0.9969498857282263,0.9853833819001231,0.003050114271773803,0.7560975609756098,0.34765373143017364,0.27689035030340436,0.3784079288146437,0.9825032393240463,0.6204261623763083,0.6696036012331216,0.2253046715628159,205
naive_bayes_tau_0_8,CWE-923,0.0,0.0,1.0,0.9676330112055483,0.0,1.0,0.0,0.0,0.0,0.9676330112055483,0.5,0.5,0.03236698879445159,346
naive_bayes_tau_0_9,CWE-20,0.0,0.0,1.0,0.9569714846666713,0.0,1.0,0.0,0.0,0.0,0.9569714846666713,0.5,0.5394691549003501,0.060228641208365484,460
naive_bayes_tau_0_9,CWE-285,0.6133116883116883,0.06282858200666419,0.9987403823282642,0.967807041968722,0.0012596176717357636,0.9371714179933358,0.11312650763870276,0.07640743354685173,0.18709453095957834,0.9666982184012897,0.5307844821674642,0.5318321372696986,0.07442066283552458,366
naive_bayes_tau_0_9,CWE-287,0.48,0.008121827411167511,0.9990662138657657,0.9085579591628198,0.0009337861342343823,0.9918781725888325,0.015881588158815883,0.010094665458375486,0.04979370073286561,0.907856945029281,0.5035940206384666,0.6192828746149349,0.1851892767837187,984
naive_bayes_tau_0_9,CWE-311,0.0,0.0,1.0,0.9633309785506639,0.0,1.0,0.0,0.0,0.0,0.9633309785506639,0.5,0.549921439463565,0.05792687060475166,392
naive_bayes_tau_0_9,CWE-327,0.4418458573946379,0.5649621212121212,0.9886166379452404,0.9932305114346868,0.011383362054759722,0.4350378787878788,0.4923312690269487,0.5322622151829416,0.4890534183117225,0.9821528376679736,0.7767893795786808,0.8610425537428075,0.30705152631633525,163
naive_bayes_tau_0_9,CWE-330,0.24666666666666667,0.03333333333333333,0.9989563174527213,0.986419949788527,0.001043682547278642,0.9666666666666666,0.058507766743060866,0.04025911355887753,0.08644159290544338,0.9854111188040475,0.5161448253930273,0.8188378175505712,0.2597402720202521,150
naive_bayes_tau_0_9,CWE-345,0.0,0.0,1.0,0.9394782146158839,0.0,1.0,0.0,0.0,0.0,0.9394782146158839,0.5,0.5023136553369112,0.06487002035458436,647
naive_bayes_tau_0_9,CWE-400,0.0,0.0,1.0,0.9679152697146189,0.0,1.0,0.0,0.0,0.0,0.9679152697146189,0.5,0.5215803676503004,0.04048108955428166,343
naive_bayes_tau_0_9,CWE-610,0.0,0.0,1.0,0.9553800572390705,0.0,1.0,0.0,0.0,0.0,0.9553800572390705,0.5,0.5695849430471281,0.08753376850528267,477
naive_bayes_tau_0_9,CWE-668,0.0,0.0,1.0,0.8593146440317116,0.0,1.0,0.0,0.0,0.0,0.8593146440317116,0.5,0.5871079460714294,0.21391711179454337,1504
naive_bayes_tau_0_9,CWE-669,0.0,0.0,1.0,0.9768012916499209,0.0,1.0,0.0,0.0,0.0,0.9768012916499209,0.5,0.5021089250409951,0.02329491340428581,248
naive_bayes_tau_0_9,CWE-706,0.0,0.0,1.0,0.9527621733840631,0.0,1.0,0.0,0.0,0.0,0.9527621733840631,0.5,0.5639031020694196,0.10248917558799042,505
naive_bayes_tau_0_9,CWE-74,0.47923520923520924,0.013699360341151384,0.9971217755104588,0.8443871097406351,0.0028782244895411775,0.9863006396588487,0.026613460145913807,0.016998731996148146,0.058921109684894835,0.8426727038183428,0.5054105679258051,0.6622577507886523,0.28688221784445445,1679
naive_bayes_tau_0_9,CWE-913,0.6111974789915966,0.24390243902439024,0.9969498857282263,0.9853833819001231,0.003050114271773803,0.7560975609756098,0.34765373143017364,0.27689035030340436,0.3784079288146437,0.9825032393240463,0.6204261623763083,0.6696036012331216,0.2253046715628159,205
naive_bayes_tau_0_9,CWE-923,0.0,0.0,1.0,0.9676330112055483,0.0,1.0,0.0,0.0,0.0,0.9676330112055483,0.5,0.5,0.03236698879445159,346
bks_tau_0_1,CWE-20,0.21268610200678512,0.07608695652173914,0.9875035383220256,0.9596432517946608,0.01249646167797445,0.923913043478261,0.11171881127003078,0.0871920854658516,0.10449040538150489,0.9482979033964837,0.5317952474218823,0.5413089411084908,0.05925842173471972,460
bks_tau_0_1,CWE-285,0.5132867132867134,0.06282858200666419,0.9978570574100656,0.9677790919043835,0.002142942589934409,0.9371714179933358,0.11053429329291398,0.07592053703752252,0.16780597185198015,0.9658456750938085,0.5303428197083649,0.5333760802454138,0.07447189605413657,366
bks_tau_0_1,CWE-287,0.41451295918548653,0.27642701750751064,0.9604219416429002,0.9290342917588067,0.03957805835709986,0.7235729824924894,0.3313521392052824,0.29601287790056763,0.28512601923083425,0.8974517500087915,0.6184244795752054,0.6176334283127856,0.18164322103293667,984
bks_tau_0_1,CWE-311,0.13330995223317618,0.13252190847127557,0.9677739915443304,0.9670078016782625,0.0322260084556696,0.8674780915287243,0.13276862173296808,0.13258555058872573,0.10025798881738428,0.937144402884666,0.550147950007803,0.5451884529075377,0.052137156079874736,392
bks_tau_0_1,CWE-327,0.4559097108565194,0.7056818181818182,0.986721604061527,0.9954054456118003,0.013278395938472968,0.2943181818181818,0.5530033134497542,0.6350595238095238,0.5585344675816135,0.9824396445513386,0.8462017111216726,0.8652414668591097,0.4456613181355066,163
bks_tau_0_1,CWE-330,0.3820670646629612,0.6533333333333333,0.9845169412161658,0.9950064647243734,0.015483058783834247,0.3466666666666667,0.4810442908065119,0.5708943053578759,0.48984343492850313,0.979864900311,0.8189251372747496,0.819012456998928,0.2624383266302603,150
bks_tau_0_1,CWE-345,0.4,0.004627310673822302,1.0,0.9397406620306683,0.0,0.9953726893261777,0.009137529137529138,0.005765653601310242,0.04113194545885195,0.9397572903192379,0.5023136553369112,0.5024116697088744,0.06488113874039514,647
bks_tau_0_1,CWE-400,0.1915029415029415,0.023273657289002558,0.9961244814266058,0.9685191067236071,0.0038755185733942384,0.9767263427109973,0.04131216087356438,0.028194771583433496,0.055462018306686324,0.9649101168656277,0.5096990693578041,0.5216724176481077,0.04048677946576299,343
bks_tau_0_1,CWE-610,0.21952953066037528,0.1655043859649123,0.9727986464820872,0.96149913597505,0.02720135351791279,0.8344956140350878,0.1885445297907488,0.17398029517749455,0.15815844810225232,0.936793397461518,0.5691515162234998,0.5695849430471281,0.08753376850528267,477
bks_tau_0_1,CWE-668,0.140852480230998,0.9986710963455149,0.0027285478509493704,0.9555555555555555,0.9972714521490506,0.00132890365448505,0.24687988131911273,0.45023218908132795,0.011725264175713202,0.14283780978886373,0.5006998220982322,0.5888537630764754,0.21306299131398304,1504
bks_tau_0_1,CWE-669,0.0,0.0,1.0,0.9768012916499209,0.0,1.0,0.0,0.0,0.0,0.9768012916499209,0.5,0.5021089250409951,0.02329491340428581,248
bks_tau_0_1,CWE-706,0.3047892578040671,0.14257425742574256,0.9841856124349171,0.9585944482748647,0.01581438756508303,0.8574257425742575,0.1938351605265567,0.15940621625497076,0.18249583973657826,0.9444271718201145,0.5633799349303298,0.5606100666133302,0.10252236185335117,505
bks_tau_0_1,CWE-74,0.15756018731303195,0.9934488272921109,0.01030674528404864,0.8989107666527021,0.9896932547159514,0.006551172707889125,0.27197958538892103,0.48199776660515736,0.01433115622162689,0.16472084106879556,0.5018777862880798,0.670839154745531,0.34124596156759934,1679
bks_tau_0_1,CWE-913,0.45399072694154663,0.27804878048780485,0.9885022399009069,0.9859262118882546,0.011497760099093176,0.7219512195121951,0.31432242050696574,0.2857535701013962,0.3275281151840891,0.9748792387346308,0.6332755101943559,0.6646767854019209,0.2318017094742398,205
bks_tau_0_1,CWE-923,0.0,0.0,1.0,0.9676330112055483,0.0,1.0,0.0,0.0,0.0,0.9676330112055483,0.5,0.5,0.03236698879445159,346
bks_tau_0_2,CWE-20,0.14171836007130126,0.05217391304347826,0.9895035383220255,0.9587081027135284,0.01049646167797445,0.9478260869565217,0.07594645354645355,0.059623163160087186,0.06730335183543387,0.9491583240465793,0.5208387256827519,0.5413089411084908,0.05925842173471972,460
bks_tau_0_2,CWE-285,0.6133116883116883,0.06282858200666419,0.9987403823282642,0.967807041968722,0.0012596176717357636,0.9371714179933358,0.11312650763870276,0.07640743354685173,0.18709453095957834,0.9666982184012897,0.5307844821674642,0.5333760802454138,0.07447189605413657,366
bks_tau_0_2,CWE-287,0.4245068373340966,0.27642701750751064,0.9619706444553703,0.9291406408591282,0.03802935554462965,0.7235729824924894,0.3344342846208518,0.2969835136778328,0.29020158809441426,0.8988577287559274,0.6191988309814405,0.6176334283127856,0.18164322103293667,984
bks_tau_0_2,CWE-311,0.09999999999999999,0.00762739370334307,0.9982501773989554,0.963544006258612,0.001749822601044486,0.9923726062966569,0.014173669467787114,0.009355834212273918,0.019927050028386246,0.9619301460089856,0.5029387855511492,0.5451884529075377,0.052137156079874736,392
bks_tau_0_2,CWE-327,0.5297355518045173,0.6200757575757576,0.9902513171777066,0.9940896911002,0.009748682822293332,0.37992424242424244,0.5593073593073592,0.5901900173604906,0.5595968893822865,0.9845975619551531,0.8051635373767322,0.8652414668591097,0.4456613181355066,163
bks_tau_0_2,CWE-330,0.3820670646629612,0.6533333333333333,0.9845169412161658,0.9950064647243734,0.015483058783834247,0.3466666666666667,0.4810442908065119,0.5708943053578759,0.48984343492850313,0.979864900311,0.8189251372747496,0.819012456998928,0.2624383266302603,150
bks_tau_0_2,CWE-345,0.4,0.004627310673822302,1.0,0.9397406620306683,0.0,0.9953726893261777,0.009137529137529138,0.005765653601310242,0.04113194545885195,0.9397572903192379,0.5023136553369112,0.5024116697088744,0.06488113874039514,647
bks_tau_0_2,CWE-400,0.0,0.0,1.0,0.9679152697146189,0.0,1.0,0.0,0.0,0.0,0.9679152697146189,0.5,0.5216724176481077,0.04048677946576299,343
bks_tau_0_2,CWE-610,0.30314814814814817,0.07118421052631578,0.9928549077501844,0.9581450791971994,0.007145092249815646,0.9288157894736843,0.11477821688288907,0.08392010531655689,0.1288918526038927,0.9517355707940531,0.5320195591382502,0.5695849430471281,0.08753376850528267,477
bks_tau_0_2,CWE-668,0.3303191112086513,0.18551273532668883,0.9384796289496198,0.8755681822299234,0.06152037105038026,0.8144872646733112,0.23743684664218773,0.20327865650263713,0.15972896251192556,0.8325244474013767,0.5619961821381543,0.5888537630764754,0.21306299131398304,1504
bks_tau_0_2,CWE-669,0.0,0.0,1.0,0.9768012916499209,0.0,1.0,0.0,0.0,0.0,0.9768012916499209,0.5,0.5021089250409951,0.02329491340428581,248
bks_tau_0_2,CWE-706,0.3047892578040671,0.14257425742574256,0.9841856124349171,0.9585944482748647,0.01581438756508303,0.8574257425742575,0.1938351605265567,0.15940621625497076,0.18249583973657826,0.9444271718201145,0.5633799349303298,0.5606100666133302,0.10252236185335117,505
bks_tau_0_2,CWE-74,0.40307472506762265,0.4401421464108031,0.878349591930878,0.8938792688580076,0.1216504080691219,0.5598578535891969,0.4205933387487405,0.4320538553373643,0.3074888031838838,0.8095402282014227,0.6592458691708406,0.670839154745531,0.34124596156759934,1679
bks_tau_0_2,CWE-913,0.5965079365079365,0.24390243902439024,0.9967595886606524,0.9853806391871782,0.0032404113393475946,0.7560975609756098,0.34524011410222494,0.2762771004710428,0.37357802557027825,0.9823165831094307,0.6203310138425213,0.6646767854019209,0.2318017094742398,205
bks_tau_0_2,CWE-923,0.0,0.0,1.0,0.9676330112055483,0.0,1.0,0.0,0.0,0.0,0.9676330112055483,0.5,0.5,0.03236698879445159,346
bks_tau_0_3,CWE-20,0.0,0.0,1.0,0.9569714846666713,0.0,1.0,0.0,0.0,0.0,0.9569714846666713,0.5,0.5413089411084908,0.05925842173471972,460
bks_tau_0_3,CWE-285,0.6133116883116883,0.06282858200666419,0.9987403823282642,0.967807041968722,0.0012596176717357636,0.9371714179933358,0.11312650763870276,0.07640743354685173,0.18709453095957834,0.9666982184012897,0.5307844821674642,0.5333760802454138,0.07447189605413657,366
bks_tau_0_3,CWE-287,0.42203326209164266,0.27236610380192683,0.9620737904068918,0.9287742235181726,0.037926209593108245,0.7276338961980732,0.33076173826173827,0.29302148536322503,0.28665630949964577,0.8985768298795229,0.6172199471044093,0.6176334283127856,0.18164322103293667,984
bks_tau_0_3,CWE-311,0.0,0.0,0.9998075535130395,0.9633242265768942,0.0001924464869604427,1.0,0.0,0.0,-0.0016741462730709574,0.9631455358061112,0.49990377675651976,0.5451884529075377,0.052137156079874736,392
bks_tau_0_3,CWE-327,0.6045042389996751,0.5770833333333334,0.9941121435705181,0.9934499146519503,0.005887856429481907,0.4229166666666667,0.5896307993082187,0.5818468977182304,0.5840151549383144,0.9877472076903688,0.7855977384519257,0.8652414668591097,0.4456613181355066,163
bks_tau_0_3,CWE-330,0.3817631783421257,0.6199999999999999,0.9851838862200889,0.9945304727425756,0.014816113779911027,0.38,0.47056869105926635,0.5492176928642242,0.4761973351768159,0.9800512546420779,0.8025919431100444,0.819012456998928,0.2624383266302603,150
bks_tau_0_3,CWE-345,0.4,0.004627310673822302,1.0,0.9397406620306683,0.0,0.9953726893261777,0.009137529137529138,0.005765653601310242,0.04113194545885195,0.9397572903192379,0.5023136553369112,0.5024116697088744,0.06488113874039514,647
bks_tau_0_3,CWE-400,0.0,0.0,1.0,0.9679152697146189,0.0,1.0,0.0,0.0,0.0,0.9679152697146189,0.5,0.5216724176481077,0.04048677946576299,343
bks_tau_0_3,CWE-610,0.37756132756132754,0.04394736842105264,0.9968740909396067,0.9571350730031847,0.003125909060393388,0.9560526315789474,0.07843607663164334,0.053322301649006476,0.11631501781760951,0.9543596704754712,0.5204107296803296,0.5695849430471281,0.08753376850528267,477
bks_tau_0_3,CWE-668,0.5747664132295073,0.07580509413067553,0.9910685223369832,0.8675405772136375,0.008931477663016765,0.9241949058693244,0.13375024385922601,0.09169189129965506,0.17170194275029158,0.8622876610040893,0.5334368082338294,0.5888537630764754,0.21306299131398304,1504
bks_tau_0_3,CWE-669,0.0,0.0,1.0,0.9768012916499209,0.0,1.0,0.0,0.0,0.0,0.9768012916499209,0.5,0.5021089250409951,0.02329491340428581,248
bks_tau_0_3,CWE-706,0.5638095238095238,0.03762376237623762,0.9987268881561366,0.954406761137574,0.0012731118438633672,0.9623762376237623,0.07050947967893832,0.046252476944843336,0.13712770094643567,0.9533298695855015,0.5181753252661871,0.5606100666133302,0.10252236185335117,505
bks_tau_0_3,CWE-74,0.5321842008308212,0.28171641791044777,0.9537518245591763,0.8769521266914186,0.04624817544082379,0.7182835820895522,0.3681831525123611,0.31090078745797856,0.3102998122291547,0.8482020884468776,0.617734121234812,0.670839154745531,0.34124596156759934,1679
bks_tau_0_3,CWE-913,0.6111974789915966,0.24390243902439024,0.9969498857282263,0.9853833819001231,0.003050114271773803,0.7560975609756098,0.34765373143017364,0.27689035030340436,0.3784079288146437,0.9825032393240463,0.6204261623763083,0.6646767854019209,0.2318017094742398,205
bks_tau_0_3,CWE-923,0.0,0.0,1.0,0.9676330112055483,0.0,1.0,0.0,0.0,0.0,0.9676330112055483,0.5,0.5,0.03236698879445159,346
bks_tau_0_4,CWE-20,0.0,0.0,1.0,0.9569714846666713,0.0,1.0,0.0,0.0,0.0,0.9569714846666713,0.5,0.5413089411084908,0.05925842173471972,460
bks_tau_0_4,CWE-285,0.5971428571428572,0.05738615327656423,0.9987403823282642,0.9676239629423422,0.0012596176717357636,0.9426138467234357,0.10412905181981487,0.06993755294080575,0.1765440062565919,0.9665098947345584,0.5280632678024142,0.5333760802454138,0.07447189605413657,366
bks_tau_0_4,CWE-287,0.38510957817741037,0.16858489588728892,0.9721429818242256,0.9203901406023771,0.027857018175774434,0.8314151041127111,0.21738858002104428,0.1845441867638589,0.19736839941265102,0.8982062403380431,0.5703639388557573,0.6176334283127856,0.18164322103293667,984
bks_tau_0_4,CWE-311,0.0,0.0,1.0,0.9633309785506639,0.0,1.0,0.0,0.0,0.0,0.9633309785506639,0.5,0.5451884529075377,0.052137156079874736,392
bks_tau_0_4,CWE-327,0.6086914311179017,0.5770833333333334,0.9942066168818077,0.9934506256426671,0.005793383118192346,0.4229166666666667,0.5914287897894456,0.5825068356064291,0.5860137283204043,0.9878402309461828,0.7856449751075705,0.8652414668591097,0.4456613181355066,163
bks_tau_0_4,CWE-330,0.05454545454545454,0.1,0.9961202715809894,0.9873642771748843,0.0038797284190106697,0.9,0.07058823529411765,0.08571428571428572,0.07142382225247065,0.9835789050299292,0.5480601357904946,0.819012456998928,0.2624383266302603,150
bks_tau_0_4,CWE-345,0.2,0.0015503875968992248,1.0,0.9395662339827758,0.0,0.9984496124031008,0.003076923076923077,0.001934235976789168,0.01707300183782166,0.9395718475746854,0.5007751937984496,0.5024116697088744,0.06488113874039514,647
bks_tau_0_4,CWE-400,0.0,0.0,1.0,0.9679152697146189,0.0,1.0,0.0,0.0,0.0,0.9679152697146189,0.5,0.5216724176481077,0.04048677946576299,343
bks_tau_0_4,CWE-610,0.08311688311688312,0.008421052631578947,0.9986401127103586,0.955678957091499,0.0013598872896415498,0.991578947368421,0.015242323344432113,0.010256613599265118,0.021446697613895716,0.9544513340986193,0.5035305826709686,0.5695849430471281,0.08753376850528267,477
bks_tau_0_4,CWE-668,0.5715467162598104,0.07514064230343301,0.9910685223369832,0.8674569283502531,0.008931477663016765,0.9248593576965669,0.13260658523053745,0.09089329463217737,0.17017712639754215,0.8621920587096341,0.5331045823202081,0.5888537630764754,0.21306299131398304,1504
bks_tau_0_4,CWE-669,0.0,0.0,1.0,0.9768012916499209,0.0,1.0,0.0,0.0,0.0,0.9768012916499209,0.5,0.5021089250409951,0.02329491340428581,248
bks_tau_0_4,CWE-706,0.5638095238095238,0.0297029702970297,0.9987268881561366,0.9540515971376603,0.0012731118438633672,0.9702970297029703,0.05612201529147394,0.0365918541455344,0.11931500769337841,0.9529589840963963,0.5142149292265832,0.5606100666133302,0.10252236185335117,505
bks_tau_0_4,CWE-74,0.5788993907903734,0.2364410092395167,0.9678309808554684,0.87185222678633,0.032169019144531755,0.7635589907604834,0.3354284996514965,0.2680640240027965,0.3032867180164314,0.8529645487798462,0.6021359950474925,0.670839154745531,0.34124596156759934,1679
bks_tau_0_4,CWE-913,0.7711111111111111,0.17073170731707318,0.9986718582617838,0.9840166305198433,0.001328141738216193,0.8292682926829269,0.2691311475409836,0.1995002795587444,0.3472059488849791,0.9827838303810008,0.5847017827894285,0.6646767854019209,0.2318017094742398,205
bks_tau_0_4,CWE-923,0.0,0.0,1.0,0.9676330112055483,0.0,1.0,0.0,0.0,0.0,0.9676330112055483,0.5,0.5,0.03236698879445159,346
bks_tau_0_5,CWE-20,0.0,0.0,1.0,0.9569714846666713,0.0,1.0,0.0,0.0,0.0,0.9569714846666713,0.5,0.5413089411084908,0.05925842173471972,460
bks_tau_0_5,CWE-285,0.5971428571428572,0.05738615327656423,0.9987403823282642,0.9676239629423422,0.0012596176717357636,0.9426138467234357,0.10412905181981487,0.06993755294080575,0.1765440062565919,0.9665098947345584,0.5280632678024142,0.5333760802454138,0.07447189605413657,366
bks_tau_0_5,CWE-287,0.19833333333333333,0.004060913705583756,0.9986514197892902,0.9081830030804973,0.0013485802107097377,0.9959390862944162,0.007931417531997102,0.005045760461275582,0.01847634121084466,0.907106969772344,0.501356166747437,0.6176334283127856,0.18164322103293667,984
bks_tau_0_5,CWE-311,0.0,0.0,1.0,0.9633309785506639,0.0,1.0,0.0,0.0,0.0,0.9633309785506639,0.5,0.5451884529075377,0.052137156079874736,392
bks_tau_0_5,CWE-327,0.6243777056277057,0.5770833333333334,0.994583087470043,0.9934527515961074,0.005416912529957052,0.4229166666666667,0.5992489266418405,0.585632323963985,0.5940348649489304,0.988211116435288,0.7858332104016881,0.8652414668591097,0.4456613181355066,163
bks_tau_0_5,CWE-330,0.0,0.0,1.0,0.9859689623913059,0.0,1.0,0.0,0.0,0.0,0.9859689623913059,0.5,0.819012456998928,0.2624383266302603,150
bks_tau_0_5,CWE-345,0.2,0.0015503875968992248,1.0,0.9395662339827758,0.0,0.9984496124031008,0.003076923076923077,0.001934235976789168,0.01707300183782166,0.9395718475746854,0.5007751937984496,0.5024116697088744,0.06488113874039514,647
bks_tau_0_5,CWE-400,0.0,0.0,1.0,0.9679152697146189,0.0,1.0,0.0,0.0,0.0,0.9679152697146189,0.5,0.5216724176481077,0.04048677946576299,343
bks_tau_0_5,CWE-610,0.0,0.0,1.0,0.9553800572390705,0.0,1.0,0.0,0.0,0.0,0.9553800572390705,0.5,0.5695849430471281,0.08753376850528267,477
bks_tau_0_5,CWE-668,0.5984909046810575,0.06250498338870432,0.9931361641306159,0.8661307682270227,0.006863835869384119,0.9374950166112956,0.11298674732898946,0.07610375901585373,0.16038920693844072,0.8621949396318129,0.5278205737596602,0.5888537630764754,0.21306299131398304,1504
bks_tau_0_5,CWE-669,0.0,0.0,1.0,0.9768012916499209,0.0,1.0,0.0,0.0,0.0,0.9768012916499209,0.5,0.5021089250409951,0.02329491340428581,248
bks_tau_0_5,CWE-706,0.5523809523809524,0.025742574257425745,0.9987268881561366,0.9538686672956211,0.0012731118438633672,0.9742574257425742,0.04899413269189322,0.0317732650997935,0.1099164469517198,0.9527677795074861,0.5122347312067812,0.5606100666133302,0.10252236185335117,505
bks_tau_0_5,CWE-74,0.7303777303366344,0.14294420753375978,0.9898144005855339,0.861075280726368,0.010185599414466052,0.8570557924662403,0.23831712426897647,0.17016734481433288,0.27941538564289553,0.8567843353435229,0.5663793040596469,0.670839154745531,0.34124596156759934,1679
bks_tau_0_5,CWE-913,0.8247474747474748,0.16097560975609757,0.9993334839706686,0.9838420121921583,0.0006665160293315049,0.8390243902439025,0.2662307692307692,0.19114624229166366,0.35577076406605307,0.9832474372423823,0.5801545468633831,0.6646767854019209,0.2318017094742398,205
bks_tau_0_5,CWE-923,0.0,0.0,1.0,0.9676330112055483,0.0,1.0,0.0,0.0,0.0,0.9676330112055483,0.5,0.5,0.03236698879445159,346
bks_tau_0_6,CWE-20,0.0,0.0,1.0,0.9569714846666713,0.0,1.0,0.0,0.0,0.0,0.9569714846666713,0.5,0.5413089411084908,0.05925842173471972,460
bks_tau_0_6,CWE-285,0.08,0.005479452054794521,0.9997120921305183,0.9659323533560741,0.00028790786948176584,0.9945205479452055,0.010256410256410256,0.006734006734006733,0.019520939090378348,0.9656694848187796,0.5025957720926564,0.5333760802454138,0.07447189605413657,366
bks_tau_0_6,CWE-287,0.025,0.001015228426395939,0.9992779783393502,0.907980516544372,0.0007220216606498196,0.998984771573604,0.001951219512195122,0.0012562814070351757,0.001388881521192028,0.9073940785392468,0.5001466033828731,0.6176334283127856,0.18164322103293667,984
bks_tau_0_6,CWE-311,0.0,0.0,1.0,0.9633309785506639,0.0,1.0,0.0,0.0,0.0,0.9633309785506639,0.5,0.5451884529075377,0.052137156079874736,392
bks_tau_0_6,CWE-327,0.497948717948718,0.3547348484848485,0.9964824626253339,0.9901028521360233,0.0035175373746660016,0.6452651515151515,0.4051336720663074,0.3723335563725495,0.4104101311715377,0.98671239488572,0.6756086555550912,0.8652414668591097,0.4456613181355066,163
bks_tau_0_6,CWE-330,0.0,0.0,1.0,0.9859689623913059,0.0,1.0,0.0,0.0,0.0,0.9859689623913059,0.5,0.819012456998928,0.2624383266302603,150
bks_tau_0_6,CWE-345,0.0,0.0,1.0,0.9394782146158839,0.0,1.0,0.0,0.0,0.0,0.9394782146158839,0.5,0.5024116697088744,0.06488113874039514,647
bks_tau_0_6,CWE-400,0.0,0.0,1.0,0.9679152697146189,0.0,1.0,0.0,0.0,0.0,0.9679152697146189,0.5,0.5216724176481077,0.04048677946576299,343
bks_tau_0_6,CWE-610,0.0,0.0,1.0,0.9553800572390705,0.0,1.0,0.0,0.0,0.0,0.9553800572390705,0.5,0.5695849430471281,0.08753376850528267,477
bks_tau_0_6,CWE-668,0.5708520277676288,0.03656699889258029,0.9951940573775474,0.8631908987715292,0.0048059426224525675,0.9634330011074198,0.06856337615960315,0.04495815548624303,0.11676308626711684,0.8603344270282356,0.5158805281350639,0.5888537630764754,0.21306299131398304,1504
bks_tau_0_6,CWE-669,0.0,0.0,1.0,0.9768012916499209,0.0,1.0,0.0,0.0,0.0,0.9768012916499209,0.5,0.5021089250409951,0.02329491340428581,248
bks_tau_0_6,CWE-706,0.16666666666666666,0.005940594059405941,0.9996102302917054,0.9530108619062412,0.00038976970829464124,0.994059405940594,0.011465201465201465,0.007358963241316183,0.028609666569202535,0.9526694520117868,0.5027754121755557,0.5606100666133302,0.10252236185335117,505
bks_tau_0_6,CWE-74,0.7285443970033011,0.1417537313432836,0.9898144005855339,0.8609080489536728,0.010185599414466052,0.8582462686567164,0.23644428316362237,0.1687707601081207,0.27755827062490723,0.8565931307546129,0.5657840659644087,0.670839154745531,0.34124596156759934,1679
bks_tau_0_6,CWE-913,0.8158730158730159,0.13170731707317074,0.9994280019290805,0.9832909721101961,0.0005719980709194066,0.8682926829268294,0.22366007905138335,0.15757442151033477,0.3185410683222029,0.9827803456917467,0.5655676595011256,0.6646767854019209,0.2318017094742398,205
bks_tau_0_6,CWE-923,0.0,0.0,1.0,0.9676330112055483,0.0,1.0,0.0,0.0,0.0,0.9676330112055483,0.5,0.5,0.03236698879445159,346
bks_tau_0_7,CWE-20,0.0,0.0,1.0,0.9569714846666713,0.0,1.0,0.0,0.0,0.0,0.9569714846666713,0.5,0.5413089411084908,0.05925842173471972,460
bks_tau_0_7,CWE-285,0.0,0.0,1.0,0.9657622061910558,0.0,1.0,0.0,0.0,0.0,0.9657622061910558,0.5,0.5333760802454138,0.07447189605413657,366
bks_tau_0_7,CWE-287,0.0,0.0,1.0,0.9079558762920558,0.0,1.0,0.0,0.0,0.0,0.9079558762920558,0.5,0.6176334283127856,0.18164322103293667,984
bks_tau_0_7,CWE-311,0.0,0.0,1.0,0.9633309785506639,0.0,1.0,0.0,0.0,0.0,0.9633309785506639,0.5,0.5451884529075377,0.052137156079874736,392
bks_tau_0_7,CWE-327,0.0,0.0,1.0,0.9847522129615143,0.0,1.0,0.0,0.0,0.0,0.9847522129615143,0.5,0.8652414668591097,0.4456613181355066,163
bks_tau_0_7,CWE-330,0.0,0.0,1.0,0.9859689623913059,0.0,1.0,0.0,0.0,0.0,0.9859689623913059,0.5,0.819012456998928,0.2624383266302603,150
bks_tau_0_7,CWE-345,0.0,0.0,1.0,0.9394782146158839,0.0,1.0,0.0,0.0,0.0,0.9394782146158839,0.5,0.5024116697088744,0.06488113874039514,647
bks_tau_0_7,CWE-400,0.0,0.0,1.0,0.9679152697146189,0.0,1.0,0.0,0.0,0.0,0.9679152697146189,0.5,0.5216724176481077,0.04048677946576299,343
bks_tau_0_7,CWE-610,0.0,0.0,1.0,0.9553800572390705,0.0,1.0,0.0,0.0,0.0,0.9553800572390705,0.5,0.5695849430471281,0.08753376850528267,477
bks_tau_0_7,CWE-668,0.0,0.0,1.0,0.8593146440317116,0.0,1.0,0.0,0.0,0.0,0.8593146440317116,0.5,0.5888537630764754,0.21306299131398304,1504
bks_tau_0_7,CWE-669,0.0,0.0,1.0,0.9768012916499209,0.0,1.0,0.0,0.0,0.0,0.9768012916499209,0.5,0.5021089250409951,0.02329491340428581,248
bks_tau_0_7,CWE-706,0.0,0.0,1.0,0.9527621733840631,0.0,1.0,0.0,0.0,0.0,0.9527621733840631,0.5,0.5606100666133302,0.10252236185335117,505
bks_tau_0_7,CWE-74,0.5643112201644904,0.11199004975124378,0.9910225279880599,0.8570433789176335,0.008977472011939967,0.8880099502487562,0.18608272590551342,0.1331863522805325,0.21505708095194292,0.8529769972358368,0.5515062888696518,0.670839154745531,0.34124596156759934,1679
bks_tau_0_7,CWE-913,0.8761904761904763,0.11707317073170731,0.9997125032396996,0.9830200452333552,0.0002874967603004606,0.8829268292682926,0.2051383399209486,0.14132308413381894,0.31397208127186277,0.9827803456917467,0.5583928369857034,0.6646767854019209,0.2318017094742398,205
bks_tau_0_7,CWE-923,0.0,0.0,1.0,0.9676330112055483,0.0,1.0,0.0,0.0,0.0,0.9676330112055483,0.5,0.5,0.03236698879445159,346
bks_tau_0_8,CWE-20,0.0,0.0,1.0,0.9569714846666713,0.0,1.0,0.0,0.0,0.0,0.9569714846666713,0.5,0.5413089411084908,0.05925842173471972,460
bks_tau_0_8,CWE-285,0.0,0.0,1.0,0.9657622061910558,0.0,1.0,0.0,0.0,0.0,0.9657622061910558,0.5,0.5333760802454138,0.07447189605413657,366
bks_tau_0_8,CWE-287,0.0,0.0,1.0,0.9079558762920558,0.0,1.0,0.0,0.0,0.0,0.9079558762920558,0.5,0.6176334283127856,0.18164322103293667,984
bks_tau_0_8,CWE-311,0.0,0.0,1.0,0.9633309785506639,0.0,1.0,0.0,0.0,0.0,0.9633309785506639,0.5,0.5451884529075377,0.052137156079874736,392
bks_tau_0_8,CWE-327,0.0,0.0,1.0,0.9847522129615143,0.0,1.0,0.0,0.0,0.0,0.9847522129615143,0.5,0.8652414668591097,0.4456613181355066,163
bks_tau_0_8,CWE-330,0.0,0.0,1.0,0.9859689623913059,0.0,1.0,0.0,0.0,0.0,0.9859689623913059,0.5,0.819012456998928,0.2624383266302603,150
bks_tau_0_8,CWE-345,0.0,0.0,1.0,0.9394782146158839,0.0,1.0,0.0,0.0,0.0,0.9394782146158839,0.5,0.5024116697088744,0.06488113874039514,647
bks_tau_0_8,CWE-400,0.0,0.0,1.0,0.9679152697146189,0.0,1.0,0.0,0.0,0.0,0.9679152697146189,0.5,0.5216724176481077,0.04048677946576299,343
bks_tau_0_8,CWE-610,0.0,0.0,1.0,0.9553800572390705,0.0,1.0,0.0,0.0,0.0,0.9553800572390705,0.5,0.5695849430471281,0.08753376850528267,477
bks_tau_0_8,CWE-668,0.0,0.0,1.0,0.8593146440317116,0.0,1.0,0.0,0.0,0.0,0.8593146440317116,0.5,0.5888537630764754,0.21306299131398304,1504
bks_tau_0_8,CWE-669,0.0,0.0,1.0,0.9768012916499209,0.0,1.0,0.0,0.0,0.0,0.9768012916499209,0.5,0.5021089250409951,0.02329491340428581,248
bks_tau_0_8,CWE-706,0.0,0.0,1.0,0.9527621733840631,0.0,1.0,0.0,0.0,0.0,0.9527621733840631,0.5,0.5606100666133302,0.10252236185335117,505
bks_tau_0_8,CWE-74,0.0,0.0,1.0,0.8429451001549019,0.0,1.0,0.0,0.0,0.0,0.8429451001549019,0.5,0.670839154745531,0.34124596156759934,1679
bks_tau_0_8,CWE-913,0.47619047619047616,0.06829268292682926,0.9997125032396996,0.9821068837453609,0.0002874967603004606,0.9317073170731707,0.11818181818181817,0.08215148650068285,0.17546125019752687,0.9818516225512954,0.5340025930832644,0.6646767854019209,0.2318017094742398,205
bks_tau_0_8,CWE-923,0.0,0.0,1.0,0.9676330112055483,0.0,1.0,0.0,0.0,0.0,0.9676330112055483,0.5,0.5,0.03236698879445159,346
bks_tau_0_9,CWE-20,0.0,0.0,1.0,0.9569714846666713,0.0,1.0,0.0,0.0,0.0,0.9569714846666713,0.5,0.5413089411084908,0.05925842173471972,460
bks_tau_0_9,CWE-285,0.0,0.0,1.0,0.9657622061910558,0.0,1.0,0.0,0.0,0.0,0.9657622061910558,0.5,0.5333760802454138,0.07447189605413657,366
bks_tau_0_9,CWE-287,0.0,0.0,1.0,0.9079558762920558,0.0,1.0,0.0,0.0,0.0,0.9079558762920558,0.5,0.6176334283127856,0.18164322103293667,984
bks_tau_0_9,CWE-311,0.0,0.0,1.0,0.9633309785506639,0.0,1.0,0.0,0.0,0.0,0.9633309785506639,0.5,0.5451884529075377,0.052137156079874736,392
bks_tau_0_9,CWE-327,0.0,0.0,1.0,0.9847522129615143,0.0,1.0,0.0,0.0,0.0,0.9847522129615143,0.5,0.8652414668591097,0.4456613181355066,163
bks_tau_0_9,CWE-330,0.0,0.0,1.0,0.9859689623913059,0.0,1.0,0.0,0.0,0.0,0.9859689623913059,0.5,0.819012456998928,0.2624383266302603,150
bks_tau_0_9,CWE-345,0.0,0.0,1.0,0.9394782146158839,0.0,1.0,0.0,0.0,0.0,0.9394782146158839,0.5,0.5024116697088744,0.06488113874039514,647
bks_tau_0_9,CWE-400,0.0,0.0,1.0,0.9679152697146189,0.0,1.0,0.0,0.0,0.0,0.9679152697146189,0.5,0.5216724176481077,0.04048677946576299,343
bks_tau_0_9,CWE-610,0.0,0.0,1.0,0.9553800572390705,0.0,1.0,0.0,0.0,0.0,0.9553800572390705,0.5,0.5695849430471281,0.08753376850528267,477
bks_tau_0_9,CWE-668,0.0,0.0,1.0,0.8593146440317116,0.0,1.0,0.0,0.0,0.0,0.8593146440317116,0.5,0.5888537630764754,0.21306299131398304,1504
bks_tau_0_9,CWE-669,0.0,0.0,1.0,0.9768012916499209,0.0,1.0,0.0,0.0,0.0,0.9768012916499209,0.5,0.5021089250409951,0.02329491340428581,248
bks_tau_0_9,CWE-706,0.0,0.0,1.0,0.9527621733840631,0.0,1.0,0.0,0.0,0.0,0.9527621733840631,0.5,0.5606100666133302,0.10252236185335117,505
bks_tau_0_9,CWE-74,0.0,0.0,1.0,0.8429451001549019,0.0,1.0,0.0,0.0,0.0,0.8429451001549019,0.5,0.670839154745531,0.34124596156759934,1679
bks_tau_0_9,CWE-913,0.0,0.0,1.0,0.9808242486014513,0.0,1.0,0.0,0.0,0.0,0.9808242486014513,0.5,0.6646767854019209,0.2318017094742398,205
bks_tau_0_9,CWE-923,0.0,0.0,1.0,0.9676330112055483,0.0,1.0,0.0,0.0,0.0,0.9676330112055483,0.5,0.5,0.03236698879445159,346
logistic_regression_tau_0_1,CWE-20,0.04302851533332869,1.0,0.0,0.0,1.0,0.0,0.08250644449845415,0.18354780924462313,0.0,0.04302851533332869,0.5,0.5394691549003501,0.060228641208365484,460
logistic_regression_tau_0_1,CWE-285,0.034237793808944136,1.0,0.0,0.0,1.0,0.0,0.06620813769518528,0.1505638723239683,0.0,0.034237793808944136,0.5,0.5333840420818483,0.07733479675950303,366
logistic_regression_tau_0_1,CWE-287,0.09204412370794421,1.0,0.0,0.0,1.0,0.0,0.16857022445771533,0.3363653162068984,0.0,0.09204412370794421,0.5,0.6184370602020929,0.18464522547518253,984
logistic_regression_tau_0_1,CWE-311,0.036669021449336134,1.0,0.0,0.0,1.0,0.0,0.07074334675382823,0.1598883573867662,0.0,0.036669021449336134,0.5,0.5456843950927329,0.05371620215487136,392
logistic_regression_tau_0_1,CWE-327,0.015247787038485745,1.0,0.0,0.0,1.0,0.0,0.030037364610284768,0.07185455649063392,0.0,0.015247787038485745,0.5,0.8613707120379,0.30677719768809336,163
logistic_regression_tau_0_1,CWE-330,0.014031037608694138,1.0,0.0,0.0,1.0,0.0,0.027673732673630373,0.06642657948444086,0.0,0.014031037608694138,0.5,0.8188740922190536,0.2599562753482091,150
logistic_regression_tau_0_1,CWE-345,0.060521785384116164,1.0,0.0,0.0,1.0,0.0,0.1141346954185138,0.24362212620546053,0.0,0.060521785384116164,0.5,0.5024116697088744,0.06488113874039514,647
logistic_regression_tau_0_1,CWE-400,0.032084730285381065,1.0,0.0,0.0,1.0,0.0,0.062174206635795315,0.1421737850874727,0.0,0.032084730285381065,0.5,0.5216724176481077,0.04048677946576299,343
logistic_regression_tau_0_1,CWE-610,0.044619942760929475,1.0,0.0,0.0,1.0,0.0,0.085427329603935,0.18930617048893664,0.0,0.044619942760929475,0.5,0.5694707185606329,0.08583742472560556,477
logistic_regression_tau_0_1,CWE-668,0.1406853559682882,1.0,0.0,0.0,1.0,0.0,0.24666418907457874,0.45010835023136986,0.0,0.1406853559682882,0.5,0.5870578471181119,0.21289936242477978,1504
logistic_regression_tau_0_1,CWE-669,0.02319870835007909,1.0,0.0,0.0,1.0,0.0,0.04534516365713946,0.10614149759290692,0.0,0.02319870835007909,0.5,0.5021089250409951,0.02329491340428581,248
logistic_regression_tau_0_1,CWE-706,0.04723782661593693,1.0,0.0,0.0,1.0,0.0,0.09021361266923807,0.19864977289217708,0.0,0.04723782661593693,0.5,0.5640223784513076,0.10380802551341657,505
logistic_regression_tau_0_1,CWE-74,0.15705489984509802,1.0,0.0,0.0,1.0,0.0,0.2714689057230434,0.4822736800757169,0.0,0.15705489984509802,0.5,0.6630195127900276,0.3349506538538702,1679
logistic_regression_tau_0_1,CWE-913,0.019175751398548654,1.0,0.0,0.0,1.0,0.0,0.03762982762121044,0.08904768195177235,0.0,0.019175751398548654,0.5,0.6695105829440262,0.2231973904473997,205
logistic_regression_tau_0_1,CWE-923,0.03236698879445159,1.0,0.0,0.0,1.0,0.0,0.0627038569423074,0.14327990466920743,0.0,0.03236698879445159,0.5,0.5,0.03236698879445159,346
logistic_regression_tau_0_2,CWE-20,0.04302851533332869,1.0,0.0,0.0,1.0,0.0,0.08250644449845415,0.18354780924462313,0.0,0.04302851533332869,0.5,0.5394691549003501,0.060228641208365484,460
logistic_regression_tau_0_2,CWE-285,0.034237793808944136,1.0,0.0,0.0,1.0,0.0,0.06620813769518528,0.1505638723239683,0.0,0.034237793808944136,0.5,0.5333840420818483,0.07733479675950303,366
logistic_regression_tau_0_2,CWE-287,0.09204412370794421,1.0,0.0,0.0,1.0,0.0,0.16857022445771533,0.3363653162068984,0.0,0.09204412370794421,0.5,0.6184370602020929,0.18464522547518253,984
logistic_regression_tau_0_2,CWE-311,0.036669021449336134,1.0,0.0,0.0,1.0,0.0,0.07074334675382823,0.1598883573867662,0.0,0.036669021449336134,0.5,0.5456843950927329,0.05371620215487136,392
logistic_regression_tau_0_2,CWE-327,0.015271990304601949,1.0,0.0016159580202448304,0.8,0.9983840419797552,0.0,0.030084332359344056,0.0719620977224934,0.004403154998878897,0.01683922040199879,0.5008079790101224,0.8613707120379,0.30677719768809336,163
logistic_regression_tau_0_2,CWE-330,0.014031037608694138,1.0,0.0,0.0,1.0,0.0,0.027673732673630373,0.06642657948444086,0.0,0.014031037608694138,0.5,0.8188740922190536,0.2599562753482091,150
logistic_regression_tau_0_2,CWE-345,0.060521785384116164,1.0,0.0,0.0,1.0,0.0,0.1141346954185138,0.24362212620546053,0.0,0.060521785384116164,0.5,0.5024116697088744,0.06488113874039514,647
logistic_regression_tau_0_2,CWE-400,0.032084730285381065,1.0,0.0,0.0,1.0,0.0,0.062174206635795315,0.1421737850874727,0.0,0.032084730285381065,0.5,0.5216724176481077,0.04048677946576299,343
logistic_regression_tau_0_2,CWE-610,0.044619942760929475,1.0,0.0,0.0,1.0,0.0,0.085427329603935,0.18930617048893664,0.0,0.044619942760929475,0.5,0.5694707185606329,0.08583742472560556,477
logistic_regression_tau_0_2,CWE-668,0.1406853559682882,1.0,0.0,0.0,1.0,0.0,0.24666418907457874,0.45010835023136986,0.0,0.1406853559682882,0.5,0.5870578471181119,0.21289936242477978,1504
logistic_regression_tau_0_2,CWE-669,0.02329491340428581,1.0,0.004217850081990206,1.0,0.9957821499180097,0.0,0.045528908054694575,0.10654397493260695,0.009876710039073169,0.02731848106612742,0.5021089250409951,0.5021089250409951,0.02329491340428581,248
logistic_regression_tau_0_2,CWE-706,0.04723782661593693,1.0,0.0,0.0,1.0,0.0,0.09021361266923807,0.19864977289217708,0.0,0.04723782661593693,0.5,0.5640223784513076,0.10380802551341657,505
logistic_regression_tau_0_2,CWE-74,0.15705489984509802,1.0,0.0,0.0,1.0,0.0,0.2714689057230434,0.4822736800757169,0.0,0.15705489984509802,0.5,0.6630195127900276,0.3349506538538702,1679
logistic_regression_tau_0_2,CWE-913,0.019175751398548654,1.0,0.0,0.0,1.0,0.0,0.03762982762121044,0.08904768195177235,0.0,0.019175751398548654,0.5,0.6695105829440262,0.2231973904473997,205
logistic_regression_tau_0_2,CWE-923,0.03236698879445159,1.0,0.0,0.0,1.0,0.0,0.0627038569423074,0.14327990466920743,0.0,0.03236698879445159,0.5,0.5,0.03236698879445159,346
logistic_regression_tau_0_3,CWE-20,0.04302851533332869,1.0,0.0,0.0,1.0,0.0,0.08250644449845415,0.18354780924462313,0.0,0.04302851533332869,0.5,0.5394691549003501,0.060228641208365484,460
logistic_regression_tau_0_3,CWE-285,0.034237793808944136,1.0,0.0,0.0,1.0,0.0,0.06620813769518528,0.1505638723239683,0.0,0.034237793808944136,0.5,0.5333840420818483,0.07733479675950303,366
logistic_regression_tau_0_3,CWE-287,0.09196826858992883,0.998984771573604,0.00010204081632653062,0.1,0.9998979591836734,0.001015228426395939,0.16842862151237406,0.33607098595820606,-0.00864335845118407,0.09204412370794421,0.4995434061949653,0.6184370602020929,0.18464522547518253,984
logistic_regression_tau_0_3,CWE-311,0.036669021449336134,1.0,0.0,0.0,1.0,0.0,0.07074334675382823,0.1598883573867662,0.0,0.036669021449336134,0.5,0.5456843950927329,0.05371620215487136,392
logistic_regression_tau_0_3,CWE-327,0.3435015964427729,0.7426136363636363,0.97769340994849,0.9959401534452104,0.022306590051510027,0.25738636363636364,0.4689729898870853,0.6015330243263645,0.4940397255005092,0.9741097987511791,0.8601535231560632,0.8613707120379,0.30677719768809336,163
logistic_regression_tau_0_3,CWE-330,0.3820670646629612,0.6533333333333333,0.9845169412161658,0.9950064647243734,0.015483058783834247,0.3466666666666667,0.4810442908065119,0.5708943053578759,0.48984343492850313,0.979864900311,0.8189251372747496,0.8188740922190536,0.2599562753482091,150
logistic_regression_tau_0_3,CWE-345,0.060521785384116164,1.0,0.0,0.0,1.0,0.0,0.1141346954185138,0.24362212620546053,0.0,0.060521785384116164,0.5,0.5024116697088744,0.06488113874039514,647
logistic_regression_tau_0_3,CWE-400,0.032084730285381065,1.0,0.0,0.0,1.0,0.0,0.062174206635795315,0.1421737850874727,0.0,0.032084730285381065,0.5,0.5216724176481077,0.04048677946576299,343
logistic_regression_tau_0_3,CWE-610,0.044619942760929475,1.0,0.0,0.0,1.0,0.0,0.085427329603935,0.18930617048893664,0.0,0.044619942760929475,0.5,0.5694707185606329,0.08583742472560556,477
logistic_regression_tau_0_3,CWE-668,0.1406853559682882,1.0,0.0,0.0,1.0,0.0,0.24666418907457874,0.45010835023136986,0.0,0.1406853559682882,0.5,0.5870578471181119,0.21289936242477978,1504
logistic_regression_tau_0_3,CWE-669,0.02329491340428581,1.0,0.004217850081990206,1.0,0.9957821499180097,0.0,0.045528908054694575,0.10654397493260695,0.009876710039073169,0.02731848106612742,0.5021089250409951,0.5021089250409951,0.02329491340428581,248
logistic_regression_tau_0_3,CWE-706,0.04723782661593693,1.0,0.0,0.0,1.0,0.0,0.09021361266923807,0.19864977289217708,0.0,0.04723782661593693,0.5,0.5640223784513076,0.10380802551341657,505
logistic_regression_tau_0_3,CWE-74,0.15705489984509802,1.0,0.0,0.0,1.0,0.0,0.2714689057230434,0.4822736800757169,0.0,0.15705489984509802,0.5,0.6630195127900276,0.3349506538538702,1679
logistic_regression_tau_0_3,CWE-913,0.019175751398548654,1.0,0.0,0.0,1.0,0.0,0.03762982762121044,0.08904768195177235,0.0,0.019175751398548654,0.5,0.6695105829440262,0.2231973904473997,205
logistic_regression_tau_0_3,CWE-923,0.03236698879445159,1.0,0.0,0.0,1.0,0.0,0.0627038569423074,0.14327990466920743,0.0,0.03236698879445159,0.5,0.5,0.03236698879445159,346
logistic_regression_tau_0_4,CWE-20,0.04302851533332869,1.0,0.0,0.0,1.0,0.0,0.08250644449845415,0.18354780924462313,0.0,0.04302851533332869,0.5,0.5394691549003501,0.060228641208365484,460
logistic_regression_tau_0_4,CWE-285,0.03427677527982727,1.0,0.0011687409299006937,0.8,0.9988312590700993,0.0,0.06628098318917464,0.15071434562242386,0.005590340262401073,0.03536622407815092,0.5005843704649504,0.5333840420818483,0.07733479675950303,366
logistic_regression_tau_0_4,CWE-287,0.09196900383582214,0.9979695431472081,0.0011255992370306483,0.6666666666666667,0.9988744007629695,0.002030456852791878,0.16841557402003365,0.33598178728788997,-0.007086321709259854,0.0928813448820943,0.4995475711921194,0.6184370602020929,0.18464522547518253,984
logistic_regression_tau_0_4,CWE-311,0.036669021449336134,1.0,0.0,0.0,1.0,0.0,0.07074334675382823,0.1598883573867662,0.0,0.036669021449336134,0.5,0.5456843950927329,0.05371620215487136,392
logistic_regression_tau_0_4,CWE-327,0.3435015964427729,0.7426136363636363,0.97769340994849,0.9959401534452104,0.022306590051510027,0.25738636363636364,0.4689729898870853,0.6015330243263645,0.4940397255005092,0.9741097987511791,0.8601535231560632,0.8613707120379,0.30677719768809336,163
logistic_regression_tau_0_4,CWE-330,0.3820670646629612,0.6533333333333333,0.9845169412161658,0.9950064647243734,0.015483058783834247,0.3466666666666667,0.4810442908065119,0.5708943053578759,0.48984343492850313,0.979864900311,0.8189251372747496,0.8188740922190536,0.2599562753482091,150
logistic_regression_tau_0_4,CWE-345,0.060521785384116164,1.0,0.0,0.0,1.0,0.0,0.1141346954185138,0.24362212620546053,0.0,0.060521785384116164,0.5,0.5024116697088744,0.06488113874039514,647
logistic_regression_tau_0_4,CWE-400,0.032084730285381065,1.0,0.0,0.0,1.0,0.0,0.062174206635795315,0.1421737850874727,0.0,0.032084730285381065,0.5,0.5216724176481077,0.04048677946576299,343
logistic_regression_tau_0_4,CWE-610,0.044619942760929475,1.0,0.0,0.0,1.0,0.0,0.085427329603935,0.18930617048893664,0.0,0.044619942760929475,0.5,0.5694707185606329,0.08583742472560556,477
logistic_regression_tau_0_4,CWE-668,0.1406853559682882,1.0,0.0,0.0,1.0,0.0,0.24666418907457874,0.45010835023136986,0.0,0.1406853559682882,0.5,0.5870578471181119,0.21289936242477978,1504
logistic_regression_tau_0_4,CWE-669,0.02329491340428581,1.0,0.004217850081990206,1.0,0.9957821499180097,0.0,0.045528908054694575,0.10654397493260695,0.009876710039073169,0.02731848106612742,0.5021089250409951,0.5021089250409951,0.02329491340428581,248
logistic_regression_tau_0_4,CWE-706,0.04723782661593693,1.0,0.0,0.0,1.0,0.0,0.09021361266923807,0.19864977289217708,0.0,0.04723782661593693,0.5,0.5640223784513076,0.10380802551341657,505
logistic_regression_tau_0_4,CWE-74,0.3865170826678729,0.44192608386638244,0.868939743880512,0.8931444212840878,0.13106025611948796,0.5580739161336176,0.41213207370268695,0.4294368162792357,0.29479958556470637,0.8018797482474709,0.6554329138734472,0.6630195127900276,0.3349506538538702,1679
logistic_regression_tau_0_4,CWE-913,0.2485780885780886,0.35609756097560974,0.9785270756544403,0.9872963497483929,0.0214729243455597,0.6439024390243903,0.29187833670009844,0.32694655482754403,0.28052200399658483,0.9665906170059108,0.667312318315025,0.6695105829440262,0.2231973904473997,205
logistic_regression_tau_0_4,CWE-923,0.03236698879445159,1.0,0.0,0.0,1.0,0.0,0.0627038569423074,0.14327990466920743,0.0,0.03236698879445159,0.5,0.5,0.03236698879445159,346
logistic_regression_tau_0_5,CWE-20,0.14296161550584327,0.08260869565217391,0.9780240561672944,0.959547521539673,0.021975943832705725,0.9173913043478261,0.1045398163278958,0.09015781276789232,0.07878749684705527,0.9395102089568811,0.5303163759097341,0.5394691549003501,0.060228641208365484,460
logistic_regression_tau_0_5,CWE-285,0.42354645354645354,0.06830803406145872,0.9968007483418224,0.9679267654057915,0.003199251658177492,0.9316919659385412,0.11682476752456468,0.08190070671921648,0.15838453711641207,0.9650105789762463,0.5325543912016406,0.5333840420818483,0.07733479675950303,366
logistic_regression_tau_0_5,CWE-287,0.4181662277284451,0.27744224593390654,0.9608426502727635,0.9291549713922664,0.03915734972723652,0.7225577540660935,0.33322782562282277,0.2973077327681598,0.2875470375271157,0.8979258168738473,0.619142448103335,0.6184370602020929,0.18464522547518253,984
logistic_regression_tau_0_5,CWE-311,0.11673350116131227,0.13252190847127557,0.9616067853771242,0.966805686850606,0.038393214622875774,0.8674780915287243,0.1231152285760019,0.1282983670239451,0.08836560129251628,0.9312005747857774,0.5470643469241999,0.5456843950927329,0.05371620215487136,392
logistic_regression_tau_0_5,CWE-327,0.3435015964427729,0.7426136363636363,0.97769340994849,0.9959401534452104,0.022306590051510027,0.25738636363636364,0.4689729898870853,0.6015330243263645,0.4940397255005092,0.9741097987511791,0.8601535231560632,0.8613707120379,0.30677719768809336,163
logistic_regression_tau_0_5,CWE-330,0.3820670646629612,0.6533333333333333,0.9845169412161658,0.9950064647243734,0.015483058783834247,0.3466666666666667,0.4810442908065119,0.5708943053578759,0.48984343492850313,0.979864900311,0.8189251372747496,0.8188740922190536,0.2599562753482091,150
logistic_regression_tau_0_5,CWE-345,0.4,0.004627310673822302,1.0,0.9397406620306683,0.0,0.9953726893261777,0.009137529137529138,0.005765653601310242,0.04113194545885195,0.9397572903192379,0.5023136553369112,0.5024116697088744,0.06488113874039514,647
logistic_regression_tau_0_5,CWE-400,0.06428873358942318,0.08448422847399831,0.9579824647079892,0.9692879389384416,0.04201753529201075,0.9155157715260017,0.07291403131615272,0.07940531919996985,0.03775509641125037,0.9299528007300009,0.5212333465909937,0.5216724176481077,0.04048677946576299,343
logistic_regression_tau_0_5,CWE-610,0.21952953066037528,0.1655043859649123,0.9727986464820872,0.96149913597505,0.02720135351791279,0.8344956140350878,0.1885445297907488,0.17398029517749455,0.15815844810225232,0.936793397461518,0.5691515162234998,0.5694707185606329,0.08583742472560556,477
logistic_regression_tau_0_5,CWE-668,0.2553106784722621,0.31315836101882616,0.850497333590875,0.8832186329951176,0.14950266640912502,0.6868416389811738,0.28122489064477785,0.2995312478323877,0.1505580118700444,0.7749044622751231,0.5818278473048506,0.5870578471181119,0.21289936242477978,1504
logistic_regression_tau_0_5,CWE-669,0.02329491340428581,1.0,0.004217850081990206,1.0,0.9957821499180097,0.0,0.045528908054694575,0.10654397493260695,0.009876710039073169,0.02731848106612742,0.5021089250409951,0.5021089250409951,0.02329491340428581,248
logistic_regression_tau_0_5,CWE-706,0.26944065571899384,0.14653465346534653,0.9806564341426602,0.9586355894870191,0.0193435658573398,0.8534653465346536,0.18940307361333358,0.16107987099495774,0.17012726300003028,0.9412508406107735,0.5635955438040033,0.5640223784513076,0.10380802551341657,505
logistic_regression_tau_0_5,CWE-74,0.3865170826678729,0.44192608386638244,0.868939743880512,0.8931444212840878,0.13106025611948796,0.5580739161336176,0.41213207370268695,0.4294368162792357,0.29479958556470637,0.8018797482474709,0.6554329138734472,0.6630195127900276,0.3349506538538702,1679
logistic_regression_tau_0_5,CWE-913,0.2485780885780886,0.35609756097560974,0.9785270756544403,0.9872963497483929,0.0214729243455597,0.6439024390243903,0.29187833670009844,0.32694655482754403,0.28052200399658483,0.9665906170059108,0.667312318315025,0.6695105829440262,0.2231973904473997,205
logistic_regression_tau_0_5,CWE-923,0.006397774687065369,0.2,0.8,0.7740307858926138,0.2,0.8,0.012398921832884099,0.02836004932182491,0.0,0.7804285605796791,0.5,0.5,0.03236698879445159,346
logistic_regression_tau_0_6,CWE-20,0.14296161550584327,0.08260869565217391,0.9780240561672944,0.959547521539673,0.021975943832705725,0.9173913043478261,0.1045398163278958,0.09015781276789232,0.07878749684705527,0.9395102089568811,0.5303163759097341,0.5394691549003501,0.060228641208365484,460
logistic_regression_tau_0_6,CWE-285,0.42354645354645354,0.06830803406145872,0.9968007483418224,0.9679267654057915,0.003199251658177492,0.9316919659385412,0.11682476752456468,0.08190070671921648,0.15838453711641207,0.9650105789762463,0.5325543912016406,0.5333840420818483,0.07733479675950303,366
logistic_regression_tau_0_6,CWE-287,0.4181662277284451,0.27744224593390654,0.9608426502727635,0.9291549713922664,0.03915734972723652,0.7225577540660935,0.33322782562282277,0.2973077327681598,0.2875470375271157,0.8979258168738473,0.619142448103335,0.6184370602020929,0.18464522547518253,984
logistic_regression_tau_0_6,CWE-311,0.13330995223317618,0.13252190847127557,0.9677739915443304,0.9670078016782625,0.0322260084556696,0.8674780915287243,0.13276862173296808,0.13258555058872573,0.10025798881738428,0.937144402884666,0.550147950007803,0.5456843950927329,0.05371620215487136,392
logistic_regression_tau_0_6,CWE-327,0.3595455524867289,0.7301136363636364,0.9791992923014311,0.995756685375142,0.02080070769856885,0.26988636363636365,0.4796172475901665,0.6025431253364655,0.5008054381225393,0.9754078979630474,0.8546564643325338,0.8613707120379,0.30677719768809336,163
logistic_regression_tau_0_6,CWE-330,0.3820670646629612,0.6533333333333333,0.9845169412161658,0.9950064647243734,0.015483058783834247,0.3466666666666667,0.4810442908065119,0.5708943053578759,0.48984343492850313,0.979864900311,0.8189251372747496,0.8188740922190536,0.2599562753482091,150
logistic_regression_tau_0_6,CWE-345,0.4,0.004627310673822302,1.0,0.9397406620306683,0.0,0.9953726893261777,0.009137529137529138,0.005765653601310242,0.04113194545885195,0.9397572903192379,0.5023136553369112,0.5024116697088744,0.06488113874039514,647
logistic_regression_tau_0_6,CWE-400,0.13189633577008036,0.043606138107416884,0.9721777565913463,0.9684178387429032,0.027822243408653673,0.9563938618925831,0.04829191949073851,0.04405551018681654,0.03665062421614741,0.9423961813943602,0.5078919473493816,0.5216724176481077,0.04048677946576299,343
logistic_regression_tau_0_6,CWE-610,0.21952953066037528,0.1655043859649123,0.9727986464820872,0.96149913597505,0.02720135351791279,0.8344956140350878,0.1885445297907488,0.17398029517749455,0.15815844810225232,0.936793397461518,0.5691515162234998,0.5694707185606329,0.08583742472560556,477
logistic_regression_tau_0_6,CWE-668,0.3192048814112033,0.19547951273532668,0.9313716552169449,0.8760789172224109,0.06862834478305498,0.8045204872646734,0.2422406683776884,0.21181012892649584,0.1573189573969497,0.8278354654437827,0.5634255839761358,0.5870578471181119,0.21289936242477978,1504
logistic_regression_tau_0_6,CWE-669,0.0,0.0,1.0,0.9768012916499209,0.0,1.0,0.0,0.0,0.0,0.9768012916499209,0.5,0.5021089250409951,0.02329491340428581,248
logistic_regression_tau_0_6,CWE-706,0.2797676518883415,0.14257425742574256,0.9818362881275101,0.9584976663189305,0.018163711872489795,0.8574257425742575,0.1885585936138077,0.1579540161819283,0.1720161937611115,0.9421885202731233,0.5622052727766264,0.5640223784513076,0.10380802551341657,505
logistic_regression_tau_0_6,CWE-74,0.3912832815550039,0.43954513148542995,0.8719602902259448,0.8930776455072186,0.12803970977405518,0.5604548685145699,0.4135423595892175,0.4286287890735404,0.29751935979011745,0.8040502315948851,0.6557527108556874,0.6630195127900276,0.3349506538538702,1679
logistic_regression_tau_0_6,CWE-913,0.2485780885780886,0.35609756097560974,0.9785270756544403,0.9872963497483929,0.0214729243455597,0.6439024390243903,0.29187833670009844,0.32694655482754403,0.28052200399658483,0.9665906170059108,0.667312318315025,0.6695105829440262,0.2231973904473997,205
logistic_regression_tau_0_6,CWE-923,0.0,0.0,1.0,0.9676330112055483,0.0,1.0,0.0,0.0,0.0,0.9676330112055483,0.5,0.5,0.03236698879445159,346
logistic_regression_tau_0_7,CWE-20,0.14296161550584327,0.08260869565217391,0.9780240561672944,0.959547521539673,0.021975943832705725,0.9173913043478261,0.1045398163278958,0.09015781276789232,0.07878749684705527,0.9395102089568811,0.5303163759097341,0.5394691549003501,0.060228641208365484,460
logistic_regression_tau_0_7,CWE-285,0.42354645354645354,0.06830803406145872,0.9968007483418224,0.9679267654057915,0.003199251658177492,0.9316919659385412,0.11682476752456468,0.08190070671921648,0.15838453711641207,0.9650105789762463,0.5325543912016406,0.5333840420818483,0.07733479675950303,366
logistic_regression_tau_0_7,CWE-287,0.4083190066593714,0.26525950481715527,0.9611557728832854,0.9280659309283321,0.038844227116714744,0.7347404951828447,0.3212984208729744,0.28511375678819617,0.2758576567890111,0.8970826817568243,0.6132076388502202,0.6184370602020929,0.18464522547518253,984
logistic_regression_tau_0_7,CWE-311,0.13330995223317618,0.13252190847127557,0.9677739915443304,0.9670078016782625,0.0322260084556696,0.8674780915287243,0.13276862173296808,0.13258555058872573,0.10025798881738428,0.937144402884666,0.550147950007803,0.5456843950927329,0.05371620215487136,392
logistic_regression_tau_0_7,CWE-327,0.4559097108565194,0.7056818181818182,0.986721604061527,0.9954054456118003,0.013278395938472968,0.2943181818181818,0.5530033134497542,0.6350595238095238,0.5585344675816135,0.9824396445513386,0.8462017111216726,0.8613707120379,0.30677719768809336,163
logistic_regression_tau_0_7,CWE-330,0.3820670646629612,0.6533333333333333,0.9845169412161658,0.9950064647243734,0.015483058783834247,0.3466666666666667,0.4810442908065119,0.5708943053578759,0.48984343492850313,0.979864900311,0.8189251372747496,0.8188740922190536,0.2599562753482091,150
logistic_regression_tau_0_7,CWE-345,0.4,0.004627310673822302,1.0,0.9397406620306683,0.0,0.9953726893261777,0.009137529137529138,0.005765653601310242,0.04113194545885195,0.9397572903192379,0.5023136553369112,0.5024116697088744,0.06488113874039514,647
logistic_regression_tau_0_7,CWE-400,0.1915029415029415,0.023273657289002558,0.9961244814266058,0.9685191067236071,0.0038755185733942384,0.9767263427109973,0.04131216087356438,0.028194771583433496,0.055462018306686324,0.9649101168656277,0.5096990693578041,0.5216724176481077,0.04048677946576299,343
logistic_regression_tau_0_7,CWE-610,0.21952953066037528,0.1655043859649123,0.9727986464820872,0.96149913597505,0.02720135351791279,0.8344956140350878,0.1885445297907488,0.17398029517749455,0.15815844810225232,0.936793397461518,0.5691515162234998,0.5694707185606329,0.08583742472560556,477
logistic_regression_tau_0_7,CWE-668,0.4260803715146254,0.08843632336655592,0.9807287764653376,0.8679215623410625,0.01927122353466238,0.911563676633444,0.14638970718330624,0.10507282320583097,0.14253540965127515,0.8551879233673112,0.5345825499159468,0.5870578471181119,0.21289936242477978,1504
logistic_regression_tau_0_7,CWE-669,0.0,0.0,1.0,0.9768012916499209,0.0,1.0,0.0,0.0,0.0,0.9768012916499209,0.5,0.5021089250409951,0.02329491340428581,248
logistic_regression_tau_0_7,CWE-706,0.29507303491111586,0.14257425742574256,0.9833051068851507,0.9585583884744627,0.016694893114849278,0.8574257425742575,0.19180383589444477,0.15884469121505135,0.17846234670023156,0.9435881215370017,0.5629396821554467,0.5640223784513076,0.10380802551341657,505
logistic_regression_tau_0_7,CWE-74,0.4710261220248456,0.3025497512437811,0.9365578198013879,0.8781759787075464,0.06344218019861209,0.6974502487562189,0.3677648848164433,0.325557567379646,0.28874210251748744,0.8369720920332344,0.6195537855225844,0.6630195127900276,0.3349506538538702,1679
logistic_regression_tau_0_7,CWE-913,0.2485780885780886,0.35609756097560974,0.9785270756544403,0.9872963497483929,0.0214729243455597,0.6439024390243903,0.29187833670009844,0.32694655482754403,0.28052200399658483,0.9665906170059108,0.667312318315025,0.6695105829440262,0.2231973904473997,205
logistic_regression_tau_0_7,CWE-923,0.0,0.0,1.0,0.9676330112055483,0.0,1.0,0.0,0.0,0.0,0.9676330112055483,0.5,0.5,0.03236698879445159,346
logistic_regression_tau_0_8,CWE-20,0.05929411764705883,0.01956521739130435,0.9951573849878935,0.957581506243678,0.004842615012106538,0.9804347826086957,0.0293040293040293,0.0225589609205879,0.02505126207493234,0.9531699084033427,0.5073613011895989,0.5394691549003501,0.060228641208365484,460
logistic_regression_tau_0_8,CWE-285,0.5132867132867134,0.06282858200666419,0.9978570574100656,0.9677790919043835,0.002142942589934409,0.9371714179933358,0.11053429329291398,0.07592053703752252,0.16780597185198015,0.9658456750938085,0.5303428197083649,0.5333840420818483,0.07733479675950303,366
logistic_regression_tau_0_8,CWE-287,0.4137237688280083,0.2611985911115715,0.9624914579061056,0.9277872539506665,0.03750854209389451,0.7388014088884285,0.320032215072854,0.2819051268331673,0.2763152984837614,0.8979238570965251,0.6118450245088385,0.6184370602020929,0.18464522547518253,984
logistic_regression_tau_0_8,CWE-311,0.10656392694063928,0.03813696851671535,0.9870432845928656,0.9642684501125256,0.012956715407134348,0.9618630314832846,0.0425216667124253,0.039519841920979584,0.0336556209327455,0.9522785383899134,0.5125901265547904,0.5456843950927329,0.05371620215487136,392
logistic_regression_tau_0_8,CWE-327,0.4559097108565194,0.7056818181818182,0.986721604061527,0.9954054456118003,0.013278395938472968,0.2943181818181818,0.5530033134497542,0.6350595238095238,0.5585344675816135,0.9824396445513386,0.8462017111216726,0.8613707120379,0.30677719768809336,163
logistic_regression_tau_0_8,CWE-330,0.3820670646629612,0.6533333333333333,0.9845169412161658,0.9950064647243734,0.015483058783834247,0.3466666666666667,0.4810442908065119,0.5708943053578759,0.48984343492850313,0.979864900311,0.8189251372747496,0.8188740922190536,0.2599562753482091,150
logistic_regression_tau_0_8,CWE-345,0.4,0.004627310673822302,1.0,0.9397406620306683,0.0,0.9953726893261777,0.009137529137529138,0.005765653601310242,0.04113194545885195,0.9397572903192379,0.5023136553369112,0.5024116697088744,0.06488113874039514,647
logistic_regression_tau_0_8,CWE-400,0.10578865578865579,0.014578005115089516,0.9965076231890577,0.9682608669202626,0.0034923768109421313,0.9854219948849104,0.025522687189353854,0.017594064869652575,0.029743038063129234,0.9650028382379039,0.5055428141520737,0.5216724176481077,0.04048677946576299,343
logistic_regression_tau_0_8,CWE-610,0.22804681048200295,0.13217105263157897,0.9772792233563597,0.9601809303810848,0.02272077664364023,0.8678289473684211,0.15981884601259125,0.14154100286809604,0.13953903322981945,0.9395514593898211,0.5547251379939693,0.5694707185606329,0.08583742472560556,477
logistic_regression_tau_0_8,CWE-668,0.5580400782013685,0.06583167220376522,0.9911741622597431,0.8663147149197089,0.008825837740256883,0.9341683277962348,0.11750596061203591,0.07987886163857572,0.15510710569237002,0.8609816712688563,0.5285029172317541,0.5870578471181119,0.21289936242477978,1504
logistic_regression_tau_0_8,CWE-669,0.0,0.0,1.0,0.9768012916499209,0.0,1.0,0.0,0.0,0.0,0.9768012916499209,0.5,0.5021089250409951,0.02329491340428581,248
logistic_regression_tau_0_8,CWE-706,0.3047892578040671,0.14257425742574256,0.9841856124349171,0.9585944482748647,0.01581438756508303,0.8574257425742575,0.1938351605265567,0.15940621625497076,0.18249583973657826,0.9444271718201145,0.5633799349303298,0.5640223784513076,0.10380802551341657,505
logistic_regression_tau_0_8,CWE-74,0.5930244236949688,0.21321606254442074,0.9726026116211374,0.8690216468525863,0.02739738837886262,0.7867839374555793,0.3132615371243499,0.2444184033320659,0.2928065870155615,0.8533299743081317,0.592909337082779,0.6630195127900276,0.3349506538538702,1679
logistic_regression_tau_0_8,CWE-913,0.2460691280046119,0.35121951219512193,0.9785270756544403,0.9871991386200978,0.0214729243455597,0.6487804878048781,0.28851761974714846,0.32279466991077665,0.2769357136800078,0.9664950147114556,0.6648732939247811,0.6695105829440262,0.2231973904473997,205
logistic_regression_tau_0_8,CWE-923,0.0,0.0,1.0,0.9676330112055483,0.0,1.0,0.0,0.0,0.0,0.9676330112055483,0.5,0.5,0.03236698879445159,346
logistic_regression_tau_0_9,CWE-20,0.0,0.0,1.0,0.9569714846666713,0.0,1.0,0.0,0.0,0.0,0.9569714846666713,0.5,0.5394691549003501,0.060228641208365484,460
logistic_regression_tau_0_9,CWE-285,0.6133116883116883,0.06282858200666419,0.9987403823282642,0.967807041968722,0.0012596176717357636,0.9371714179933358,0.11312650763870276,0.07640743354685173,0.18709453095957834,0.9666982184012897,0.5307844821674642,0.5333840420818483,0.07733479675950303,366
logistic_regression_tau_0_9,CWE-287,0.4398272541457316,0.05487931213094375,0.9927855944798385,0.9119823773616048,0.007214405520161565,0.9451206878690563,0.09725214492299497,0.06645675742546908,0.12894634616025435,0.906452012159449,0.5238324533053911,0.6184370602020929,0.18464522547518253,984
logistic_regression_tau_0_9,CWE-311,0.0,0.0,0.9998075535130395,0.9633242265768942,0.0001924464869604427,1.0,0.0,0.0,-0.0016741462730709574,0.9631455358061112,0.49990377675651976,0.5456843950927329,0.05371620215487136,392
logistic_regression_tau_0_9,CWE-327,0.4559097108565194,0.7056818181818182,0.986721604061527,0.9954054456118003,0.013278395938472968,0.2943181818181818,0.5530033134497542,0.6350595238095238,0.5585344675816135,0.9824396445513386,0.8462017111216726,0.8613707120379,0.30677719768809336,163
logistic_regression_tau_0_9,CWE-330,0.3820670646629612,0.6533333333333333,0.9845169412161658,0.9950064647243734,0.015483058783834247,0.3466666666666667,0.4810442908065119,0.5708943053578759,0.48984343492850313,0.979864900311,0.8189251372747496,0.8188740922190536,0.2599562753482091,150
logistic_regression_tau_0_9,CWE-345,0.0,0.0,1.0,0.9394782146158839,0.0,1.0,0.0,0.0,0.0,0.9394782146158839,0.5,0.5024116697088744,0.06488113874039514,647
logistic_regression_tau_0_9,CWE-400,0.0,0.0,1.0,0.9679152697146189,0.0,1.0,0.0,0.0,0.0,0.9679152697146189,0.5,0.5216724176481077,0.04048677946576299,343
logistic_regression_tau_0_9,CWE-610,0.37756132756132754,0.04394736842105264,0.9968740909396067,0.9571350730031847,0.003125909060393388,0.9560526315789474,0.07843607663164334,0.053322301649006476,0.11631501781760951,0.9543596704754712,0.5204107296803296,0.5694707185606329,0.08583742472560556,477
logistic_regression_tau_0_9,CWE-668,0.5331019857335646,0.020602436323366558,0.9972704766424133,0.8615003919744083,0.002729523357586755,0.9793975636766333,0.03900468569835626,0.025393641724469774,0.07762738579419255,0.8598808285019688,0.5089364564828899,0.5870578471181119,0.21289936242477978,1504
logistic_regression_tau_0_9,CWE-669,0.0,0.0,1.0,0.9768012916499209,0.0,1.0,0.0,0.0,0.0,0.9768012916499209,0.5,0.5021089250409951,0.02329491340428581,248
logistic_regression_tau_0_9,CWE-706,0.5638095238095238,0.03762376237623762,0.9987268881561366,0.954406761137574,0.0012731118438633672,0.9623762376237623,0.07050947967893832,0.046252476944843336,0.13712770094643567,0.9533298695855015,0.5181753252661871,0.5640223784513076,0.10380802551341657,505
logistic_regression_tau_0_9,CWE-74,0.0,0.0,1.0,0.8429451001549019,0.0,1.0,0.0,0.0,0.0,0.8429451001549019,0.5,0.6630195127900276,0.3349506538538702,1679
logistic_regression_tau_0_9,CWE-913,0.6169117647058824,0.24878048780487805,0.9969498857282263,0.98547814543845,0.003050114271773803,0.751219512195122,0.3537576275340698,0.2822258596876238,0.384221274144089,0.9825988416185012,0.6228651867665521,0.6695105829440262,0.2231973904473997,205
logistic_regression_tau_0_9,CWE-923,0.0,0.0,1.0,0.9676330112055483,0.0,1.0,0.0,0.0,0.0,0.9676330112055483,0.5,0.5,0.03236698879445159,346
logistic_interactions_tau_0_1,CWE-20,0.04302851533332869,1.0,0.0,0.0,1.0,0.0,0.08250644449845415,0.18354780924462313,0.0,0.04302851533332869,0.5,0.539336729181352,0.0591558145729464,460
logistic_interactions_tau_0_1,CWE-285,0.034237793808944136,1.0,0.0,0.0,1.0,0.0,0.06620813769518528,0.1505638723239683,0.0,0.034237793808944136,0.5,0.5333760802454138,0.07447189605413657,366
logistic_interactions_tau_0_1,CWE-287,0.09204412370794421,1.0,0.0,0.0,1.0,0.0,0.16857022445771533,0.3363653162068984,0.0,0.09204412370794421,0.5,0.6178133280051373,0.18182742775944424,984
logistic_interactions_tau_0_1,CWE-311,0.036669021449336134,1.0,0.0,0.0,1.0,0.0,0.07074334675382823,0.1598883573867662,0.0,0.036669021449336134,0.5,0.5451884529075377,0.052137156079874736,392
logistic_interactions_tau_0_1,CWE-327,0.015247787038485745,1.0,0.0,0.0,1.0,0.0,0.030037364610284768,0.07185455649063392,0.0,0.015247787038485745,0.5,0.8652752809567223,0.4446489538679497,163
logistic_interactions_tau_0_1,CWE-330,0.014031037608694138,1.0,0.0,0.0,1.0,0.0,0.027673732673630373,0.06642657948444086,0.0,0.014031037608694138,0.5,0.8188740922190536,0.2599562753482091,150
logistic_interactions_tau_0_1,CWE-345,0.060521785384116164,1.0,0.0,0.0,1.0,0.0,0.1141346954185138,0.24362212620546053,0.0,0.060521785384116164,0.5,0.5024116697088744,0.06488113874039514,647
logistic_interactions_tau_0_1,CWE-400,0.032084730285381065,1.0,0.0,0.0,1.0,0.0,0.062174206635795315,0.1421737850874727,0.0,0.032084730285381065,0.5,0.5216724176481077,0.04048677946576299,343
logistic_interactions_tau_0_1,CWE-610,0.044619942760929475,1.0,0.0,0.0,1.0,0.0,0.085427329603935,0.18930617048893664,0.0,0.044619942760929475,0.5,0.5695849430471281,0.08753376850528267,477
logistic_interactions_tau_0_1,CWE-668,0.1406853559682882,1.0,0.0,0.0,1.0,0.0,0.24666418907457874,0.45010835023136986,0.0,0.1406853559682882,0.5,0.5886582216681802,0.21492654541752315,1504
logistic_interactions_tau_0_1,CWE-669,0.02319870835007909,1.0,0.0,0.0,1.0,0.0,0.04534516365713946,0.10614149759290692,0.0,0.02319870835007909,0.5,0.5021089250409951,0.02329491340428581,248
logistic_interactions_tau_0_1,CWE-706,0.04723782661593693,1.0,0.0,0.0,1.0,0.0,0.09021361266923807,0.19864977289217708,0.0,0.04723782661593693,0.5,0.5606100666133302,0.10252236185335117,505
logistic_interactions_tau_0_1,CWE-74,0.15705489984509802,1.0,0.0,0.0,1.0,0.0,0.2714689057230434,0.4822736800757169,0.0,0.15705489984509802,0.5,0.6683467731242143,0.34063328324707437,1679
logistic_interactions_tau_0_1,CWE-913,0.019175751398548654,1.0,0.0,0.0,1.0,0.0,0.03762982762121044,0.08904768195177235,0.0,0.019175751398548654,0.5,0.6693990609137057,0.22093831058032715,205
logistic_interactions_tau_0_1,CWE-923,0.03236698879445159,1.0,0.0,0.0,1.0,0.0,0.0627038569423074,0.14327990466920743,0.0,0.03236698879445159,0.5,0.5,0.03236698879445159,346
logistic_interactions_tau_0_2,CWE-20,0.04302851533332869,1.0,0.0,0.0,1.0,0.0,0.08250644449845415,0.18354780924462313,0.0,0.04302851533332869,0.5,0.539336729181352,0.0591558145729464,460
logistic_interactions_tau_0_2,CWE-285,0.034237793808944136,1.0,0.0,0.0,1.0,0.0,0.06620813769518528,0.1505638723239683,0.0,0.034237793808944136,0.5,0.5333760802454138,0.07447189605413657,366
logistic_interactions_tau_0_2,CWE-287,0.09204412370794421,1.0,0.0,0.0,1.0,0.0,0.16857022445771533,0.3363653162068984,0.0,0.09204412370794421,0.5,0.6178133280051373,0.18182742775944424,984
logistic_interactions_tau_0_2,CWE-311,0.036669021449336134,1.0,0.0,0.0,1.0,0.0,0.07074334675382823,0.1598883573867662,0.0,0.036669021449336134,0.5,0.5451884529075377,0.052137156079874736,392
logistic_interactions_tau_0_2,CWE-327,0.01527337419311243,1.0,0.001710075667303654,0.8,0.9982899243326964,0.0,0.030087019568605856,0.07196826157067629,0.004507338710932341,0.0169319417742751,0.5008550378336518,0.8652752809567223,0.4446489538679497,163
logistic_interactions_tau_0_2,CWE-330,0.014031037608694138,1.0,0.0,0.0,1.0,0.0,0.027673732673630373,0.06642657948444086,0.0,0.014031037608694138,0.5,0.8188740922190536,0.2599562753482091,150
logistic_interactions_tau_0_2,CWE-345,0.060521785384116164,1.0,0.0,0.0,1.0,0.0,0.1141346954185138,0.24362212620546053,0.0,0.060521785384116164,0.5,0.5024116697088744,0.06488113874039514,647
logistic_interactions_tau_0_2,CWE-400,0.032084730285381065,1.0,0.0,0.0,1.0,0.0,0.062174206635795315,0.1421737850874727,0.0,0.032084730285381065,0.5,0.5216724176481077,0.04048677946576299,343
logistic_interactions_tau_0_2,CWE-610,0.044619942760929475,1.0,0.0,0.0,1.0,0.0,0.085427329603935,0.18930617048893664,0.0,0.044619942760929475,0.5,0.5695849430471281,0.08753376850528267,477
logistic_interactions_tau_0_2,CWE-668,0.1406853559682882,1.0,0.0,0.0,1.0,0.0,0.24666418907457874,0.45010835023136986,0.0,0.1406853559682882,0.5,0.5886582216681802,0.21492654541752315,1504
logistic_interactions_tau_0_2,CWE-669,0.02329491340428581,1.0,0.004217850081990206,1.0,0.9957821499180097,0.0,0.045528908054694575,0.10654397493260695,0.009876710039073169,0.02731848106612742,0.5021089250409951,0.5021089250409951,0.02329491340428581,248
logistic_interactions_tau_0_2,CWE-706,0.04723782661593693,1.0,0.0,0.0,1.0,0.0,0.09021361266923807,0.19864977289217708,0.0,0.04723782661593693,0.5,0.5606100666133302,0.10252236185335117,505
logistic_interactions_tau_0_2,CWE-74,0.15705489984509802,1.0,0.0,0.0,1.0,0.0,0.2714689057230434,0.4822736800757169,0.0,0.15705489984509802,0.5,0.6683467731242143,0.34063328324707437,1679
logistic_interactions_tau_0_2,CWE-913,0.019175751398548654,1.0,0.0,0.0,1.0,0.0,0.03762982762121044,0.08904768195177235,0.0,0.019175751398548654,0.5,0.6693990609137057,0.22093831058032715,205
logistic_interactions_tau_0_2,CWE-923,0.03236698879445159,1.0,0.0,0.0,1.0,0.0,0.0627038569423074,0.14327990466920743,0.0,0.03236698879445159,0.5,0.5,0.03236698879445159,346
logistic_interactions_tau_0_3,CWE-20,0.042920362930721226,0.9956521739130434,0.0018,0.18,0.9982,0.004347826086956522,0.08229248716804581,0.18303468116252264,-0.005368696064371039,0.044558152044609764,0.4987260869565217,0.539336729181352,0.0591558145729464,460
logistic_interactions_tau_0_3,CWE-285,0.03429250172075703,1.0,0.0016485873790369697,1.0,0.998351412620963,0.0,0.06631040829120517,0.15077532779290795,0.007394630656928319,0.03582983093953247,0.5008242936895184,0.5333760802454138,0.07447189605413657,366
logistic_interactions_tau_0_3,CWE-287,0.09204412370794421,1.0,0.0,0.0,1.0,0.0,0.16857022445771533,0.3363653162068984,0.0,0.09204412370794421,0.5,0.6178133280051373,0.18182742775944424,984
logistic_interactions_tau_0_3,CWE-311,0.036669021449336134,1.0,0.0,0.0,1.0,0.0,0.07074334675382823,0.1598883573867662,0.0,0.036669021449336134,0.5,0.5451884529075377,0.052137156079874736,392
logistic_interactions_tau_0_3,CWE-327,0.34560115449341794,0.7426136363636363,0.9778820009068383,0.995940980458139,0.02211799909316164,0.25738636363636364,0.47087265758309094,0.6027439840217331,0.4955995271997928,0.9742955433792693,0.8602478186352374,0.8652752809567223,0.4446489538679497,163
logistic_interactions_tau_0_3,CWE-330,0.3820670646629612,0.6533333333333333,0.9845169412161658,0.9950064647243734,0.015483058783834247,0.3466666666666667,0.4810442908065119,0.5708943053578759,0.48984343492850313,0.979864900311,0.8189251372747496,0.8188740922190536,0.2599562753482091,150
logistic_interactions_tau_0_3,CWE-345,0.060521785384116164,1.0,0.0,0.0,1.0,0.0,0.1141346954185138,0.24362212620546053,0.0,0.060521785384116164,0.5,0.5024116697088744,0.06488113874039514,647
logistic_interactions_tau_0_3,CWE-400,0.032084730285381065,1.0,0.0,0.0,1.0,0.0,0.062174206635795315,0.1421737850874727,0.0,0.032084730285381065,0.5,0.5216724176481077,0.04048677946576299,343
logistic_interactions_tau_0_3,CWE-610,0.044619942760929475,1.0,0.0,0.0,1.0,0.0,0.085427329603935,0.18930617048893664,0.0,0.044619942760929475,0.5,0.5695849430471281,0.08753376850528267,477
logistic_interactions_tau_0_3,CWE-668,0.1406853559682882,1.0,0.0,0.0,1.0,0.0,0.24666418907457874,0.45010835023136986,0.0,0.1406853559682882,0.5,0.5886582216681802,0.21492654541752315,1504
logistic_interactions_tau_0_3,CWE-669,0.02329491340428581,1.0,0.004217850081990206,1.0,0.9957821499180097,0.0,0.045528908054694575,0.10654397493260695,0.009876710039073169,0.02731848106612742,0.5021089250409951,0.5021089250409951,0.02329491340428581,248
logistic_interactions_tau_0_3,CWE-706,0.04716176081638525,0.998019801980198,0.00029484029484029485,0.15,0.9997051597051596,0.0019801980198019802,0.0900668323766344,0.19831817002076943,-0.008273921455865082,0.04742509253353992,0.4991573211375192,0.5606100666133302,0.10252236185335117,505
logistic_interactions_tau_0_3,CWE-74,0.15705489984509802,1.0,0.0,0.0,1.0,0.0,0.2714689057230434,0.4822736800757169,0.0,0.15705489984509802,0.5,0.6683467731242143,0.34063328324707437,1679
logistic_interactions_tau_0_3,CWE-913,0.019175751398548654,1.0,0.0,0.0,1.0,0.0,0.03762982762121044,0.08904768195177235,0.0,0.019175751398548654,0.5,0.6693990609137057,0.22093831058032715,205
logistic_interactions_tau_0_3,CWE-923,0.03236698879445159,1.0,0.0,0.0,1.0,0.0,0.0627038569423074,0.14327990466920743,0.0,0.03236698879445159,0.5,0.5,0.03236698879445159,346
logistic_interactions_tau_0_4,CWE-20,0.04291059593223706,0.9934782608695653,0.0037370460048426145,0.3704761904761905,0.9962629539951575,0.006521739130434782,0.08226718168617594,0.18294089063330995,-0.005856166521388007,0.046319858117859644,0.49860765343720387,0.539336729181352,0.0591558145729464,460
logistic_interactions_tau_0_4,CWE-285,0.03429250172075703,1.0,0.0016485873790369697,1.0,0.998351412620963,0.0,0.06631040829120517,0.15077532779290795,0.007394630656928319,0.03582983093953247,0.5008242936895184,0.5333760802454138,0.07447189605413657,366
logistic_interactions_tau_0_4,CWE-287,0.09196826858992883,0.998984771573604,0.00010204081632653062,0.1,0.9998979591836734,0.001015228426395939,0.16842862151237406,0.33607098595820606,-0.00864335845118407,0.09204412370794421,0.4995434061949653,0.6178133280051373,0.18182742775944424,984
logistic_interactions_tau_0_4,CWE-311,0.0365524118921337,0.9948717948717949,0.00184645286686103,0.18095238095238095,0.9981535471331391,0.005128205128205128,0.07051349493410622,0.15933999218159883,-0.0062389419749427095,0.0382607817489616,0.4983591238693279,0.5451884529075377,0.052137156079874736,392
logistic_interactions_tau_0_4,CWE-327,0.3462454121964992,0.7426136363636363,0.9779761628654071,0.995941446088127,0.022023837134592904,0.25738636363636364,0.47153903452065427,0.6032346820930764,0.49613885390121465,0.9743882647515456,0.8602948996145218,0.8652752809567223,0.4446489538679497,163
logistic_interactions_tau_0_4,CWE-330,0.3820670646629612,0.6533333333333333,0.9845169412161658,0.9950064647243734,0.015483058783834247,0.3466666666666667,0.4810442908065119,0.5708943053578759,0.48984343492850313,0.979864900311,0.8189251372747496,0.8188740922190536,0.2599562753482091,150
logistic_interactions_tau_0_4,CWE-345,0.060521785384116164,1.0,0.0,0.0,1.0,0.0,0.1141346954185138,0.24362212620546053,0.0,0.060521785384116164,0.5,0.5024116697088744,0.06488113874039514,647
logistic_interactions_tau_0_4,CWE-400,0.032084730285381065,1.0,0.0,0.0,1.0,0.0,0.062174206635795315,0.1421737850874727,0.0,0.032084730285381065,0.5,0.5216724176481077,0.04048677946576299,343
logistic_interactions_tau_0_4,CWE-610,0.044619942760929475,1.0,0.0,0.0,1.0,0.0,0.085427329603935,0.18930617048893664,0.0,0.044619942760929475,0.5,0.5695849430471281,0.08753376850528267,477
logistic_interactions_tau_0_4,CWE-668,0.14089709818735505,1.0,0.0017454139565856654,1.0,0.9982545860434143,0.0,0.2469894023092663,0.4505409005166812,0.015480082384866015,0.14218467172660024,0.5008727069782928,0.5886582216681802,0.21492654541752315,1504
logistic_interactions_tau_0_4,CWE-669,0.02329491340428581,1.0,0.004217850081990206,1.0,0.9957821499180097,0.0,0.045528908054694575,0.10654397493260695,0.009876710039073169,0.02731848106612742,0.5021089250409951,0.5021089250409951,0.02329491340428581,248
logistic_interactions_tau_0_4,CWE-706,0.04708626589506598,0.996039603960396,0.0005866690886146139,0.3,0.9994133309113854,0.0039603960396039604,0.08992112153327984,0.19798878045430995,-0.016564553852556903,0.047610535278092544,0.4983131365245053,0.5606100666133302,0.10252236185335117,505
logistic_interactions_tau_0_4,CWE-74,0.3683623252774733,0.45741115849324804,0.8536255731499051,0.8941300582685946,0.14637442685009494,0.5425888415067519,0.4079485411573767,0.4362087768133402,0.2857068505038974,0.7914032127845865,0.6555183658215766,0.6683467731242143,0.34063328324707437,1679
logistic_interactions_tau_0_4,CWE-913,0.2485780885780886,0.35609756097560974,0.9785270756544403,0.9872963497483929,0.0214729243455597,0.6439024390243903,0.29187833670009844,0.32694655482754403,0.28052200399658483,0.9665906170059108,0.667312318315025,0.6693990609137057,0.22093831058032715,205
logistic_interactions_tau_0_4,CWE-923,0.03236698879445159,1.0,0.0,0.0,1.0,0.0,0.0627038569423074,0.14327990466920743,0.0,0.03236698879445159,0.5,0.5,0.03236698879445159,346
logistic_interactions_tau_0_5,CWE-20,0.21268610200678512,0.07608695652173914,0.9875035383220256,0.9596432517946608,0.01249646167797445,0.923913043478261,0.11171881127003078,0.0871920854658516,0.10449040538150489,0.9482979033964837,0.5317952474218823,0.539336729181352,0.0591558145729464,460
logistic_interactions_tau_0_5,CWE-285,0.42354645354645354,0.06830803406145872,0.9968007483418224,0.9679267654057915,0.003199251658177492,0.9316919659385412,0.11682476752456468,0.08190070671921648,0.15838453711641207,0.9650105789762463,0.5325543912016406,0.5333760802454138,0.07447189605413657,366
logistic_interactions_tau_0_5,CWE-287,0.41231994682228496,0.27744224593390654,0.9599071323453016,0.9290898614985401,0.04009286765469848,0.7225577540660935,0.33141423913818563,0.29673580012140766,0.2845531701206815,0.8970770720109822,0.618674689139604,0.6178133280051373,0.18182742775944424,984
logistic_interactions_tau_0_5,CWE-311,0.11673350116131227,0.13252190847127557,0.9616067853771242,0.966805686850606,0.038393214622875774,0.8674780915287243,0.1231152285760019,0.1282983670239451,0.08836560129251628,0.9312005747857774,0.5470643469241999,0.5451884529075377,0.052137156079874736,392
logistic_interactions_tau_0_5,CWE-327,0.3462454121964992,0.7426136363636363,0.9779761628654071,0.995941446088127,0.022023837134592904,0.25738636363636364,0.47153903452065427,0.6032346820930764,0.49613885390121465,0.9743882647515456,0.8602948996145218,0.8652752809567223,0.4446489538679497,163
logistic_interactions_tau_0_5,CWE-330,0.3820670646629612,0.6533333333333333,0.9845169412161658,0.9950064647243734,0.015483058783834247,0.3466666666666667,0.4810442908065119,0.5708943053578759,0.48984343492850313,0.979864900311,0.8189251372747496,0.8188740922190536,0.2599562753482091,150
logistic_interactions_tau_0_5,CWE-345,0.4,0.004627310673822302,1.0,0.9397406620306683,0.0,0.9953726893261777,0.009137529137529138,0.005765653601310242,0.04113194545885195,0.9397572903192379,0.5023136553369112,0.5024116697088744,0.06488113874039514,647
logistic_interactions_tau_0_5,CWE-400,0.06428873358942318,0.08448422847399831,0.9579824647079892,0.9692879389384416,0.04201753529201075,0.9155157715260017,0.07291403131615272,0.07940531919996985,0.03775509641125037,0.9299528007300009,0.5212333465909937,0.5216724176481077,0.04048677946576299,343
logistic_interactions_tau_0_5,CWE-610,0.21952953066037528,0.1655043859649123,0.9727986464820872,0.96149913597505,0.02720135351791279,0.8344956140350878,0.1885445297907488,0.17398029517749455,0.15815844810225232,0.936793397461518,0.5691515162234998,0.5695849430471281,0.08753376850528267,477
logistic_interactions_tau_0_5,CWE-668,0.2576746437330414,0.3124939091915836,0.8526854565150233,0.8833837880081857,0.14731454348497675,0.6875060908084164,0.28238795386637483,0.2996933529423913,0.15263255261807068,0.7766877039946216,0.5825896828533035,0.5886582216681802,0.21492654541752315,1504
logistic_interactions_tau_0_5,CWE-669,0.02329491340428581,1.0,0.004217850081990206,1.0,0.9957821499180097,0.0,0.045528908054694575,0.10654397493260695,0.009876710039073169,0.02731848106612742,0.5021089250409951,0.5021089250409951,0.02329491340428581,248
logistic_interactions_tau_0_5,CWE-706,0.27182666039740555,0.14257425742574256,0.9812431032312748,0.9584741823546029,0.018756896768725186,0.8574257425742575,0.18678610654314365,0.15746073615476103,0.16874667991007564,0.941623549272929,0.5619086803285087,0.5606100666133302,0.10252236185335117,505
logistic_interactions_tau_0_5,CWE-74,0.40307472506762265,0.4401421464108031,0.878349591930878,0.8938792688580076,0.1216504080691219,0.5598578535891969,0.4205933387487405,0.4320538553373643,0.3074888031838838,0.8095402282014227,0.6592458691708406,0.6683467731242143,0.34063328324707437,1679
logistic_interactions_tau_0_5,CWE-913,0.2485780885780886,0.35609756097560974,0.9785270756544403,0.9872963497483929,0.0214729243455597,0.6439024390243903,0.29187833670009844,0.32694655482754403,0.28052200399658483,0.9665906170059108,0.667312318315025,0.6693990609137057,0.22093831058032715,205
logistic_interactions_tau_0_5,CWE-923,0.006397774687065369,0.2,0.8,0.7740307858926138,0.2,0.8,0.012398921832884099,0.02836004932182491,0.0,0.7804285605796791,0.5,0.5,0.03236698879445159,346
logistic_interactions_tau_0_6,CWE-20,0.21268610200678512,0.07608695652173914,0.9875035383220256,0.9596432517946608,0.01249646167797445,0.923913043478261,0.11171881127003078,0.0871920854658516,0.10449040538150489,0.9482979033964837,0.5317952474218823,0.539336729181352,0.0591558145729464,460
logistic_interactions_tau_0_6,CWE-285,0.42354645354645354,0.06830803406145872,0.9968007483418224,0.9679267654057915,0.003199251658177492,0.9316919659385412,0.11682476752456468,0.08190070671921648,0.15838453711641207,0.9650105789762463,0.5325543912016406,0.5333760802454138,0.07447189605413657,366
logistic_interactions_tau_0_6,CWE-287,0.4191520801066539,0.27642701750751064,0.9611487727217431,0.9290849305593328,0.038851227278256927,0.7235729824924894,0.3327648626598598,0.2964547698918394,0.2874812338952687,0.8981112596184001,0.6187878951146268,0.6178133280051373,0.18182742775944424,984
logistic_interactions_tau_0_6,CWE-311,0.13330995223317618,0.13252190847127557,0.9677739915443304,0.9670078016782625,0.0322260084556696,0.8674780915287243,0.13276862173296808,0.13258555058872573,0.10025798881738428,0.937144402884666,0.550147950007803,0.5451884529075377,0.052137156079874736,392
logistic_interactions_tau_0_6,CWE-327,0.3462454121964992,0.7426136363636363,0.9779761628654071,0.995941446088127,0.022023837134592904,0.25738636363636364,0.47153903452065427,0.6032346820930764,0.49613885390121465,0.9743882647515456,0.8602948996145218,0.8652752809567223,0.4446489538679497,163
logistic_interactions_tau_0_6,CWE-330,0.3820670646629612,0.6533333333333333,0.9845169412161658,0.9950064647243734,0.015483058783834247,0.3466666666666667,0.4810442908065119,0.5708943053578759,0.48984343492850313,0.979864900311,0.8189251372747496,0.8188740922190536,0.2599562753482091,150
logistic_interactions_tau_0_6,CWE-345,0.4,0.004627310673822302,1.0,0.9397406620306683,0.0,0.9953726893261777,0.009137529137529138,0.005765653601310242,0.04113194545885195,0.9397572903192379,0.5023136553369112,0.5024116697088744,0.06488113874039514,647
logistic_interactions_tau_0_6,CWE-400,0.13189633577008036,0.043606138107416884,0.9721777565913463,0.9684178387429032,0.027822243408653673,0.9563938618925831,0.04829191949073851,0.04405551018681654,0.03665062421614741,0.9423961813943602,0.5078919473493816,0.5216724176481077,0.04048677946576299,343
logistic_interactions_tau_0_6,CWE-610,0.21952953066037528,0.1655043859649123,0.9727986464820872,0.96149913597505,0.02720135351791279,0.8344956140350878,0.1885445297907488,0.17398029517749455,0.15815844810225232,0.936793397461518,0.5691515162234998,0.5695849430471281,0.08753376850528267,477
logistic_interactions_tau_0_6,CWE-668,0.30087504947409405,0.2101638981173865,0.9175219525257876,0.8765354889968716,0.08247804747421236,0.7898361018826134,0.24299359090010914,0.221291784830149,0.14956067865908623,0.8179341468043502,0.5638429253215871,0.5886582216681802,0.21492654541752315,1504
logistic_interactions_tau_0_6,CWE-669,0.0,0.0,1.0,0.9768012916499209,0.0,1.0,0.0,0.0,0.0,0.9768012916499209,0.5,0.5021089250409951,0.02329491340428581,248
logistic_interactions_tau_0_6,CWE-706,0.2826247947454844,0.14257425742574256,0.9821281169212845,0.9585100239376712,0.017871883078715473,0.8574257425742575,0.18907588454205754,0.15808884494939363,0.1731897628577815,0.9424666843899521,0.5623511871735135,0.5606100666133302,0.10252236185335117,505
logistic_interactions_tau_0_6,CWE-74,0.4024371742726568,0.43895167022032694,0.878349591930878,0.8936730104277417,0.1216504080691219,0.5610483297796731,0.41969454305978554,0.43098395877338624,0.30647540610715857,0.8093490236125126,0.6586506310756025,0.6683467731242143,0.34063328324707437,1679
logistic_interactions_tau_0_6,CWE-913,0.2460691280046119,0.35121951219512193,0.9785270756544403,0.9871991386200978,0.0214729243455597,0.6487804878048781,0.28851761974714846,0.32279466991077665,0.2769357136800078,0.9664950147114556,0.6648732939247811,0.6693990609137057,0.22093831058032715,205
logistic_interactions_tau_0_6,CWE-923,0.0,0.0,1.0,0.9676330112055483,0.0,1.0,0.0,0.0,0.0,0.9676330112055483,0.5,0.5,0.03236698879445159,346
logistic_interactions_tau_0_7,CWE-20,0.21268610200678512,0.07608695652173914,0.9875035383220256,0.9596432517946608,0.01249646167797445,0.923913043478261,0.11171881127003078,0.0871920854658516,0.10449040538150489,0.9482979033964837,0.5317952474218823,0.539336729181352,0.0591558145729464,460
logistic_interactions_tau_0_7,CWE-285,0.449000999000999,0.06556830803406147,0.9970886562113043,0.9678447071087231,0.002911343788695726,0.9344316919659384,0.11401091471071187,0.07898738607119078,0.1608934694424564,0.9651960217207989,0.5313284821226828,0.5333760802454138,0.07447189605413657,366
logistic_interactions_tau_0_7,CWE-287,0.41982979880126337,0.27642701750751064,0.9612519186732644,0.9290915470907365,0.03874808132673553,0.7235729824924894,0.3329958505774149,0.29653049198941145,0.28783302894277246,0.8982048925772016,0.6188394680903875,0.6178133280051373,0.18182742775944424,984
logistic_interactions_tau_0_7,CWE-311,0.13330995223317618,0.13252190847127557,0.9677739915443304,0.9670078016782625,0.0322260084556696,0.8674780915287243,0.13276862173296808,0.13258555058872573,0.10025798881738428,0.937144402884666,0.550147950007803,0.5451884529075377,0.052137156079874736,392
logistic_interactions_tau_0_7,CWE-327,0.3462454121964992,0.7426136363636363,0.9779761628654071,0.995941446088127,0.022023837134592904,0.25738636363636364,0.47153903452065427,0.6032346820930764,0.49613885390121465,0.9743882647515456,0.8602948996145218,0.8652752809567223,0.4446489538679497,163
logistic_interactions_tau_0_7,CWE-330,0.3820670646629612,0.6533333333333333,0.9845169412161658,0.9950064647243734,0.015483058783834247,0.3466666666666667,0.4810442908065119,0.5708943053578759,0.48984343492850313,0.979864900311,0.8189251372747496,0.8188740922190536,0.2599562753482091,150
logistic_interactions_tau_0_7,CWE-345,0.4,0.004627310673822302,1.0,0.9397406620306683,0.0,0.9953726893261777,0.009137529137529138,0.005765653601310242,0.04113194545885195,0.9397572903192379,0.5023136553369112,0.5024116697088744,0.06488113874039514,647
logistic_interactions_tau_0_7,CWE-400,0.1915029415029415,0.023273657289002558,0.9961244814266058,0.9685191067236071,0.0038755185733942384,0.9767263427109973,0.04131216087356438,0.028194771583433496,0.055462018306686324,0.9649101168656277,0.5096990693578041,0.5216724176481077,0.04048677946576299,343
logistic_interactions_tau_0_7,CWE-610,0.21952953066037528,0.1655043859649123,0.9727986464820872,0.96149913597505,0.02720135351791279,0.8344956140350878,0.1885445297907488,0.17398029517749455,0.15815844810225232,0.936793397461518,0.5691515162234998,0.5695849430471281,0.08753376850528267,477
logistic_interactions_tau_0_7,CWE-668,0.5747664132295073,0.07580509413067553,0.9910685223369832,0.8675405772136375,0.008931477663016765,0.9241949058693244,0.13375024385922601,0.09169189129965506,0.17170194275029158,0.8622876610040893,0.5334368082338294,0.5886582216681802,0.21492654541752315,1504
logistic_interactions_tau_0_7,CWE-669,0.0,0.0,1.0,0.9768012916499209,0.0,1.0,0.0,0.0,0.0,0.9768012916499209,0.5,0.5021089250409951,0.02329491340428581,248
logistic_interactions_tau_0_7,CWE-706,0.3047892578040671,0.14257425742574256,0.9841856124349171,0.9585944482748647,0.01581438756508303,0.8574257425742575,0.1938351605265567,0.15940621625497076,0.18249583973657826,0.9444271718201145,0.5633799349303298,0.5606100666133302,0.10252236185335117,505
logistic_interactions_tau_0_7,CWE-74,0.5300462058266936,0.27933368869936037,0.9537518245591763,0.8765935819082971,0.04624817544082379,0.7206663113006396,0.3656014357395307,0.3084198403289,0.30777020687914985,0.8478254411134148,0.6165427566292683,0.6683467731242143,0.34063328324707437,1679
logistic_interactions_tau_0_7,CWE-913,0.2460691280046119,0.35121951219512193,0.9785270756544403,0.9871991386200978,0.0214729243455597,0.6487804878048781,0.28851761974714846,0.32279466991077665,0.2769357136800078,0.9664950147114556,0.6648732939247811,0.6693990609137057,0.22093831058032715,205
logistic_interactions_tau_0_7,CWE-923,0.0,0.0,1.0,0.9676330112055483,0.0,1.0,0.0,0.0,0.0,0.9676330112055483,0.5,0.5,0.03236698879445159,346
logistic_interactions_tau_0_8,CWE-20,0.21268610200678512,0.07608695652173914,0.9875035383220256,0.9596432517946608,0.01249646167797445,0.923913043478261,0.11171881127003078,0.0871920854658516,0.10449040538150489,0.9482979033964837,0.5317952474218823,0.539336729181352,0.0591558145729464,460
logistic_interactions_tau_0_8,CWE-285,0.6133116883116883,0.06282858200666419,0.9987403823282642,0.967807041968722,0.0012596176717357636,0.9371714179933358,0.11312650763870276,0.07640743354685173,0.18709453095957834,0.9666982184012897,0.5307844821674642,0.5333760802454138,0.07447189605413657,366
logistic_interactions_tau_0_8,CWE-287,0.4245068373340966,0.27642701750751064,0.9619706444553703,0.9291406408591282,0.03802935554462965,0.7235729824924894,0.3344342846208518,0.2969835136778328,0.29020158809441426,0.8988577287559274,0.6191988309814405,0.6178133280051373,0.18182742775944424,984
logistic_interactions_tau_0_8,CWE-311,0.1476190476190476,0.02044790652385589,0.9924192736088682,0.9637970280440354,0.007580726391131949,0.9795520934761441,0.027863549824334134,0.022474788534428868,0.03247480640160164,0.9567797235719157,0.506433590066362,0.5451884529075377,0.052137156079874736,392
logistic_interactions_tau_0_8,CWE-327,0.4559097108565194,0.7056818181818182,0.986721604061527,0.9954054456118003,0.013278395938472968,0.2943181818181818,0.5530033134497542,0.6350595238095238,0.5585344675816135,0.9824396445513386,0.8462017111216726,0.8652752809567223,0.4446489538679497,163
logistic_interactions_tau_0_8,CWE-330,0.3820670646629612,0.6533333333333333,0.9845169412161658,0.9950064647243734,0.015483058783834247,0.3466666666666667,0.4810442908065119,0.5708943053578759,0.48984343492850313,0.979864900311,0.8189251372747496,0.8188740922190536,0.2599562753482091,150
logistic_interactions_tau_0_8,CWE-345,0.4,0.004627310673822302,1.0,0.9397406620306683,0.0,0.9953726893261777,0.009137529137529138,0.005765653601310242,0.04113194545885195,0.9397572903192379,0.5023136553369112,0.5024116697088744,0.06488113874039514,647
logistic_interactions_tau_0_8,CWE-400,0.10578865578865579,0.014578005115089516,0.9965076231890577,0.9682608669202626,0.0034923768109421313,0.9854219948849104,0.025522687189353854,0.017594064869652575,0.029743038063129234,0.9650028382379039,0.5055428141520737,0.5216724176481077,0.04048677946576299,343
logistic_interactions_tau_0_8,CWE-610,0.21952953066037528,0.1655043859649123,0.9727986464820872,0.96149913597505,0.02720135351791279,0.8344956140350878,0.1885445297907488,0.17398029517749455,0.15815844810225232,0.936793397461518,0.5691515162234998,0.5695849430471281,0.08753376850528267,477
logistic_interactions_tau_0_8,CWE-668,0.5858080808080808,0.06916057585825028,0.9922715596320231,0.8668571857809763,0.007728440367976852,0.9308394241417497,0.1233338544071606,0.08389586129938253,0.1661111960021296,0.8623847786521447,0.5307160677451368,0.5886582216681802,0.21492654541752315,1504
logistic_interactions_tau_0_8,CWE-669,0.0,0.0,1.0,0.9768012916499209,0.0,1.0,0.0,0.0,0.0,0.9768012916499209,0.5,0.5021089250409951,0.02329491340428581,248
logistic_interactions_tau_0_8,CWE-706,0.3047892578040671,0.14257425742574256,0.9841856124349171,0.9585944482748647,0.01581438756508303,0.8574257425742575,0.1938351605265567,0.15940621625497076,0.18249583973657826,0.9444271718201145,0.5633799349303298,0.5606100666133302,0.10252236185335117,505
logistic_interactions_tau_0_8,CWE-74,0.5763744203231903,0.23405828002842927,0.9678309808554684,0.8715030352514901,0.032169019144531755,0.7659417199715707,0.3325621651776919,0.26549110201748255,0.3005306984159032,0.8525879014463834,0.6009446304419488,0.6683467731242143,0.34063328324707437,1679
logistic_interactions_tau_0_8,CWE-913,0.2434779064287261,0.3463414634146341,0.9785270756544403,0.9871020232191572,0.0214729243455597,0.6536585365853659,0.2850910063833563,0.3186058793503047,0.2732962377188933,0.9663994124170007,0.6624342695345372,0.6693990609137057,0.22093831058032715,205
logistic_interactions_tau_0_8,CWE-923,0.0,0.0,1.0,0.9676330112055483,0.0,1.0,0.0,0.0,0.0,0.9676330112055483,0.5,0.5,0.03236698879445159,346
logistic_interactions_tau_0_9,CWE-20,0.0,0.0,1.0,0.9569714846666713,0.0,1.0,0.0,0.0,0.0,0.9569714846666713,0.5,0.539336729181352,0.0591558145729464,460
logistic_interactions_tau_0_9,CWE-285,0.6133116883116883,0.06282858200666419,0.9987403823282642,0.967807041968722,0.0012596176717357636,0.9371714179933358,0.11312650763870276,0.07640743354685173,0.18709453095957834,0.9666982184012897,0.5307844821674642,0.5333760802454138,0.07447189605413657,366
logistic_interactions_tau_0_9,CWE-287,0.14086206896551726,0.013197969543147208,0.9970190800570821,0.9088161338608932,0.0029809199429178717,0.9868020304568528,0.023400444080669665,0.01598120774381616,0.028275789044846324,0.9064582220499474,0.5051085248001146,0.6178133280051373,0.18182742775944424,984
logistic_interactions_tau_0_9,CWE-311,0.0,0.0,0.999326553032039,0.963307407372986,0.0006734469679609237,1.0,0.0,0.0,-0.002885838943085942,0.9626819289447297,0.4996632765160195,0.5451884529075377,0.052137156079874736,392
logistic_interactions_tau_0_9,CWE-327,0.4559097108565194,0.7056818181818182,0.986721604061527,0.9954054456118003,0.013278395938472968,0.2943181818181818,0.5530033134497542,0.6350595238095238,0.5585344675816135,0.9824396445513386,0.8462017111216726,0.8652752809567223,0.4446489538679497,163
logistic_interactions_tau_0_9,CWE-330,0.3820670646629612,0.6533333333333333,0.9845169412161658,0.9950064647243734,0.015483058783834247,0.3466666666666667,0.4810442908065119,0.5708943053578759,0.48984343492850313,0.979864900311,0.8189251372747496,0.8188740922190536,0.2599562753482091,150
logistic_interactions_tau_0_9,CWE-345,0.0,0.0,1.0,0.9394782146158839,0.0,1.0,0.0,0.0,0.0,0.9394782146158839,0.5,0.5024116697088744,0.06488113874039514,647
logistic_interactions_tau_0_9,CWE-400,0.0,0.0,1.0,0.9679152697146189,0.0,1.0,0.0,0.0,0.0,0.9679152697146189,0.5,0.5216724176481077,0.04048677946576299,343
logistic_interactions_tau_0_9,CWE-610,0.37756132756132754,0.04394736842105264,0.9968740909396067,0.9571350730031847,0.003125909060393388,0.9560526315789474,0.07843607663164334,0.053322301649006476,0.11631501781760951,0.9543596704754712,0.5204107296803296,0.5695849430471281,0.08753376850528267,477
logistic_interactions_tau_0_9,CWE-668,0.5915042016806723,0.041882613510520486,0.9950862987568577,0.8638291257961722,0.004913701243142223,0.9581173864894795,0.07777258536881236,0.05135943415946133,0.1282455424450759,0.8609834766341699,0.5184844561336892,0.5886582216681802,0.21492654541752315,1504
logistic_interactions_tau_0_9,CWE-669,0.0,0.0,1.0,0.9768012916499209,0.0,1.0,0.0,0.0,0.0,0.9768012916499209,0.5,0.5021089250409951,0.02329491340428581,248
logistic_interactions_tau_0_9,CWE-706,0.5638095238095238,0.03762376237623762,0.9987268881561366,0.954406761137574,0.0012731118438633672,0.9623762376237623,0.07050947967893832,0.046252476944843336,0.13712770094643567,0.9533298695855015,0.5181753252661871,0.5606100666133302,0.10252236185335117,505
logistic_interactions_tau_0_9,CWE-74,0.7270230845712702,0.14056147832267235,0.9898144005855339,0.8607430412226833,0.010185599414466052,0.8594385216773276,0.23469032084222227,0.16739875427625597,0.2758935996807247,0.8564076880100602,0.5651879394541031,0.6683467731242143,0.34063328324707437,1679
logistic_interactions_tau_0_9,CWE-913,0.6111974789915966,0.24390243902439024,0.9969498857282263,0.9853833819001231,0.003050114271773803,0.7560975609756098,0.34765373143017364,0.27689035030340436,0.3784079288146437,0.9825032393240463,0.6204261623763083,0.6693990609137057,0.22093831058032715,205
logistic_interactions_tau_0_9,CWE-923,0.0,0.0,1.0,0.9676330112055483,0.0,1.0,0.0,0.0,0.0,0.9676330112055483,0.5,0.5,0.03236698879445159,346
decision_tree_tau_0_1,CWE-20,0.04302851533332869,1.0,0.0,0.0,1.0,0.0,0.08250644449845415,0.18354780924462313,0.0,0.04302851533332869,0.5,0.5413089411084908,0.05925842173471972,460
decision_tree_tau_0_1,CWE-285,0.03429250172075703,1.0,0.0016485873790369697,1.0,0.998351412620963,0.0,0.06631040829120517,0.15077532779290795,0.007394630656928319,0.03582983093953247,0.5008242936895184,0.5310570784906892,0.07343106234279781,366
decision_tree_tau_0_1,CWE-287,0.09204412370794421,1.0,0.0,0.0,1.0,0.0,0.16857022445771533,0.3363653162068984,0.0,0.09204412370794421,0.5,0.6190536410230888,0.18440402241693699,984
decision_tree_tau_0_1,CWE-311,0.036669021449336134,1.0,0.0,0.0,1.0,0.0,0.07074334675382823,0.1598883573867662,0.0,0.036669021449336134,0.5,0.5452057781974065,0.0510393526458036,392
decision_tree_tau_0_1,CWE-327,0.015247787038485745,1.0,0.0,0.0,1.0,0.0,0.030037364610284768,0.07185455649063392,0.0,0.015247787038485745,0.5,0.8650237787750095,0.43849176585628913,163
decision_tree_tau_0_1,CWE-330,0.014031037608694138,1.0,0.0,0.0,1.0,0.0,0.027673732673630373,0.06642657948444086,0.0,0.014031037608694138,0.5,0.819012456998928,0.2624383266302603,150
decision_tree_tau_0_1,CWE-345,0.060521785384116164,1.0,0.0,0.0,1.0,0.0,0.1141346954185138,0.24362212620546053,0.0,0.060521785384116164,0.5,0.5,0.060521785384116164,647
decision_tree_tau_0_1,CWE-400,0.032084730285381065,1.0,0.0,0.0,1.0,0.0,0.062174206635795315,0.1421737850874727,0.0,0.032084730285381065,0.5,0.5215803676503004,0.04048108955428166,343
decision_tree_tau_0_1,CWE-610,0.044619942760929475,1.0,0.0,0.0,1.0,0.0,0.085427329603935,0.18930617048893664,0.0,0.044619942760929475,0.5,0.5695849430471281,0.08753376850528267,477
decision_tree_tau_0_1,CWE-668,0.1406853559682882,1.0,0.0,0.0,1.0,0.0,0.24666418907457874,0.45010835023136986,0.0,0.1406853559682882,0.5,0.5796393502095855,0.1921230726212078,1504
decision_tree_tau_0_1,CWE-669,0.02329491340428581,1.0,0.004217850081990206,1.0,0.9957821499180097,0.0,0.045528908054694575,0.10654397493260695,0.009876710039073169,0.02731848106612742,0.5021089250409951,0.5021089250409951,0.02329491340428581,248
decision_tree_tau_0_1,CWE-706,0.04708626589506598,0.996039603960396,0.0005866690886146139,0.3,0.9994133309113854,0.0039603960396039604,0.08992112153327984,0.19798878045430995,-0.016564553852556903,0.047610535278092544,0.4983131365245053,0.5612023434703556,0.09517281277618128,505
decision_tree_tau_0_1,CWE-74,0.15705489984509802,1.0,0.0,0.0,1.0,0.0,0.2714689057230434,0.4822736800757169,0.0,0.15705489984509802,0.5,0.6642148330396187,0.30262457709505663,1679
decision_tree_tau_0_1,CWE-913,0.019175751398548654,1.0,0.0,0.0,1.0,0.0,0.03762982762121044,0.08904768195177235,0.0,0.019175751398548654,0.5,0.6641169725358307,0.19240695138548322,205
decision_tree_tau_0_1,CWE-923,0.03236698879445159,1.0,0.0,0.0,1.0,0.0,0.0627038569423074,0.14327990466920743,0.0,0.03236698879445159,0.5,0.5,0.03236698879445159,346
decision_tree_tau_0_2,CWE-20,0.04302851533332869,1.0,0.0,0.0,1.0,0.0,0.08250644449845415,0.18354780924462313,0.0,0.04302851533332869,0.5,0.5413089411084908,0.05925842173471972,460
decision_tree_tau_0_2,CWE-285,0.03429250172075703,1.0,0.0016485873790369697,1.0,0.998351412620963,0.0,0.06631040829120517,0.15077532779290795,0.007394630656928319,0.03582983093953247,0.5008242936895184,0.5310570784906892,0.07343106234279781,366
decision_tree_tau_0_2,CWE-287,0.09204412370794421,1.0,0.0,0.0,1.0,0.0,0.16857022445771533,0.3363653162068984,0.0,0.09204412370794421,0.5,0.6190536410230888,0.18440402241693699,984
decision_tree_tau_0_2,CWE-311,0.036669021449336134,1.0,0.0,0.0,1.0,0.0,0.07074334675382823,0.1598883573867662,0.0,0.036669021449336134,0.5,0.5452057781974065,0.0510393526458036,392
decision_tree_tau_0_2,CWE-327,0.015247787038485745,1.0,0.0,0.0,1.0,0.0,0.030037364610284768,0.07185455649063392,0.0,0.015247787038485745,0.5,0.8650237787750095,0.43849176585628913,163
decision_tree_tau_0_2,CWE-330,0.014031037608694138,1.0,0.0,0.0,1.0,0.0,0.027673732673630373,0.06642657948444086,0.0,0.014031037608694138,0.5,0.819012456998928,0.2624383266302603,150
decision_tree_tau_0_2,CWE-345,0.060521785384116164,1.0,0.0,0.0,1.0,0.0,0.1141346954185138,0.24362212620546053,0.0,0.060521785384116164,0.5,0.5,0.060521785384116164,647
decision_tree_tau_0_2,CWE-400,0.032084730285381065,1.0,0.0,0.0,1.0,0.0,0.062174206635795315,0.1421737850874727,0.0,0.032084730285381065,0.5,0.5215803676503004,0.04048108955428166,343
decision_tree_tau_0_2,CWE-610,0.044619942760929475,1.0,0.0,0.0,1.0,0.0,0.085427329603935,0.18930617048893664,0.0,0.044619942760929475,0.5,0.5695849430471281,0.08753376850528267,477
decision_tree_tau_0_2,CWE-668,0.1406853559682882,1.0,0.0,0.0,1.0,0.0,0.24666418907457874,0.45010835023136986,0.0,0.1406853559682882,0.5,0.5796393502095855,0.1921230726212078,1504
decision_tree_tau_0_2,CWE-669,0.02329491340428581,1.0,0.004217850081990206,1.0,0.9957821499180097,0.0,0.045528908054694575,0.10654397493260695,0.009876710039073169,0.02731848106612742,0.5021089250409951,0.5021089250409951,0.02329491340428581,248
decision_tree_tau_0_2,CWE-706,0.04708626589506598,0.996039603960396,0.0005866690886146139,0.3,0.9994133309113854,0.0039603960396039604,0.08992112153327984,0.19798878045430995,-0.016564553852556903,0.047610535278092544,0.4983131365245053,0.5612023434703556,0.09517281277618128,505
decision_tree_tau_0_2,CWE-74,0.15705489984509802,1.0,0.0,0.0,1.0,0.0,0.2714689057230434,0.4822736800757169,0.0,0.15705489984509802,0.5,0.6642148330396187,0.30262457709505663,1679
decision_tree_tau_0_2,CWE-913,0.019175751398548654,1.0,0.0,0.0,1.0,0.0,0.03762982762121044,0.08904768195177235,0.0,0.019175751398548654,0.5,0.6641169725358307,0.19240695138548322,205
decision_tree_tau_0_2,CWE-923,0.03236698879445159,1.0,0.0,0.0,1.0,0.0,0.0627038569423074,0.14327990466920743,0.0,0.03236698879445159,0.5,0.5,0.03236698879445159,346
decision_tree_tau_0_3,CWE-20,0.042920362930721226,0.9956521739130434,0.0018,0.18,0.9982,0.004347826086956522,0.08229248716804581,0.18303468116252264,-0.005368696064371039,0.044558152044609764,0.4987260869565217,0.5413089411084908,0.05925842173471972,460
decision_tree_tau_0_3,CWE-285,0.03429250172075703,1.0,0.0016485873790369697,1.0,0.998351412620963,0.0,0.06631040829120517,0.15077532779290795,0.007394630656928319,0.03582983093953247,0.5008242936895184,0.5310570784906892,0.07343106234279781,366
decision_tree_tau_0_3,CWE-287,0.09204412370794421,1.0,0.0,0.0,1.0,0.0,0.16857022445771533,0.3363653162068984,0.0,0.09204412370794421,0.5,0.6190536410230888,0.18440402241693699,984
decision_tree_tau_0_3,CWE-311,0.036669021449336134,1.0,0.0,0.0,1.0,0.0,0.07074334675382823,0.1598883573867662,0.0,0.036669021449336134,0.5,0.5452057781974065,0.0510393526458036,392
decision_tree_tau_0_3,CWE-327,0.3435015964427729,0.7426136363636363,0.97769340994849,0.9959401534452104,0.022306590051510027,0.25738636363636364,0.4689729898870853,0.6015330243263645,0.4940397255005092,0.9741097987511791,0.8601535231560632,0.8650237787750095,0.43849176585628913,163
decision_tree_tau_0_3,CWE-330,0.3820670646629612,0.6533333333333333,0.9845169412161658,0.9950064647243734,0.015483058783834247,0.3466666666666667,0.4810442908065119,0.5708943053578759,0.48984343492850313,0.979864900311,0.8189251372747496,0.819012456998928,0.2624383266302603,150
decision_tree_tau_0_3,CWE-345,0.060521785384116164,1.0,0.0,0.0,1.0,0.0,0.1141346954185138,0.24362212620546053,0.0,0.060521785384116164,0.5,0.5,0.060521785384116164,647
decision_tree_tau_0_3,CWE-400,0.032084730285381065,1.0,0.0,0.0,1.0,0.0,0.062174206635795315,0.1421737850874727,0.0,0.032084730285381065,0.5,0.5215803676503004,0.04048108955428166,343
decision_tree_tau_0_3,CWE-610,0.044619942760929475,1.0,0.0,0.0,1.0,0.0,0.085427329603935,0.18930617048893664,0.0,0.044619942760929475,0.5,0.5695849430471281,0.08753376850528267,477
decision_tree_tau_0_3,CWE-668,0.1406853559682882,1.0,0.0,0.0,1.0,0.0,0.24666418907457874,0.45010835023136986,0.0,0.1406853559682882,0.5,0.5796393502095855,0.1921230726212078,1504
decision_tree_tau_0_3,CWE-669,0.02329491340428581,1.0,0.004217850081990206,1.0,0.9957821499180097,0.0,0.045528908054694575,0.10654397493260695,0.009876710039073169,0.02731848106612742,0.5021089250409951,0.5021089250409951,0.02329491340428581,248
decision_tree_tau_0_3,CWE-706,0.04708626589506598,0.996039603960396,0.0005866690886146139,0.3,0.9994133309113854,0.0039603960396039604,0.08992112153327984,0.19798878045430995,-0.016564553852556903,0.047610535278092544,0.4983131365245053,0.5612023434703556,0.09517281277618128,505
decision_tree_tau_0_3,CWE-74,0.15705489984509802,1.0,0.0,0.0,1.0,0.0,0.2714689057230434,0.4822736800757169,0.0,0.15705489984509802,0.5,0.6642148330396187,0.30262457709505663,1679
decision_tree_tau_0_3,CWE-913,0.019175751398548654,1.0,0.0,0.0,1.0,0.0,0.03762982762121044,0.08904768195177235,0.0,0.019175751398548654,0.5,0.6641169725358307,0.19240695138548322,205
decision_tree_tau_0_3,CWE-923,0.03236698879445159,1.0,0.0,0.0,1.0,0.0,0.0627038569423074,0.14327990466920743,0.0,0.03236698879445159,0.5,0.5,0.03236698879445159,346
decision_tree_tau_0_4,CWE-20,0.04291059593223706,0.9934782608695653,0.0037370460048426145,0.3704761904761905,0.9962629539951575,0.006521739130434782,0.08226718168617594,0.18294089063330995,-0.005856166521388007,0.046319858117859644,0.49860765343720387,0.5413089411084908,0.05925842173471972,460
decision_tree_tau_0_4,CWE-285,0.03429250172075703,1.0,0.0016485873790369697,1.0,0.998351412620963,0.0,0.06631040829120517,0.15077532779290795,0.007394630656928319,0.03582983093953247,0.5008242936895184,0.5310570784906892,0.07343106234279781,366
decision_tree_tau_0_4,CWE-287,0.09204412370794421,1.0,0.0,0.0,1.0,0.0,0.16857022445771533,0.3363653162068984,0.0,0.09204412370794421,0.5,0.6190536410230888,0.18440402241693699,984
decision_tree_tau_0_4,CWE-311,0.0365524118921337,0.9948717948717949,0.00184645286686103,0.18095238095238095,0.9981535471331391,0.005128205128205128,0.07051349493410622,0.15933999218159883,-0.0062389419749427095,0.0382607817489616,0.4983591238693279,0.5452057781974065,0.0510393526458036,392
decision_tree_tau_0_4,CWE-327,0.3435015964427729,0.7426136363636363,0.97769340994849,0.9959401534452104,0.022306590051510027,0.25738636363636364,0.4689729898870853,0.6015330243263645,0.4940397255005092,0.9741097987511791,0.8601535231560632,0.8650237787750095,0.43849176585628913,163
decision_tree_tau_0_4,CWE-330,0.3820670646629612,0.6533333333333333,0.9845169412161658,0.9950064647243734,0.015483058783834247,0.3466666666666667,0.4810442908065119,0.5708943053578759,0.48984343492850313,0.979864900311,0.8189251372747496,0.819012456998928,0.2624383266302603,150
decision_tree_tau_0_4,CWE-345,0.060521785384116164,1.0,0.0,0.0,1.0,0.0,0.1141346954185138,0.24362212620546053,0.0,0.060521785384116164,0.5,0.5,0.060521785384116164,647
decision_tree_tau_0_4,CWE-400,0.032084730285381065,1.0,0.0,0.0,1.0,0.0,0.062174206635795315,0.1421737850874727,0.0,0.032084730285381065,0.5,0.5215803676503004,0.04048108955428166,343
decision_tree_tau_0_4,CWE-610,0.044619942760929475,1.0,0.0,0.0,1.0,0.0,0.085427329603935,0.18930617048893664,0.0,0.044619942760929475,0.5,0.5695849430471281,0.08753376850528267,477
decision_tree_tau_0_4,CWE-668,0.1406853559682882,1.0,0.0,0.0,1.0,0.0,0.24666418907457874,0.45010835023136986,0.0,0.1406853559682882,0.5,0.5796393502095855,0.1921230726212078,1504
decision_tree_tau_0_4,CWE-669,0.02329491340428581,1.0,0.004217850081990206,1.0,0.9957821499180097,0.0,0.045528908054694575,0.10654397493260695,0.009876710039073169,0.02731848106612742,0.5021089250409951,0.5021089250409951,0.02329491340428581,248
decision_tree_tau_0_4,CWE-706,0.04708626589506598,0.996039603960396,0.0005866690886146139,0.3,0.9994133309113854,0.0039603960396039604,0.08992112153327984,0.19798878045430995,-0.016564553852556903,0.047610535278092544,0.4983131365245053,0.5612023434703556,0.09517281277618128,505
decision_tree_tau_0_4,CWE-74,0.38066377573529386,0.44669331911869226,0.8642815026628577,0.8934515289800652,0.1357184973371423,0.5533066808813076,0.41084234090919997,0.43156661897657134,0.29192052850689365,0.7987015938650794,0.6554874108907749,0.6642148330396187,0.30262457709505663,1679
decision_tree_tau_0_4,CWE-913,0.0932229857818866,0.7268292682926829,0.3903069091659838,0.3945617674962048,0.6096930908340161,0.27317073170731704,0.12187506990872884,0.16741202198192778,0.09453974381143009,0.39667251368523854,0.5585680887293334,0.6641169725358307,0.19240695138548322,205
decision_tree_tau_0_4,CWE-923,0.03236698879445159,1.0,0.0,0.0,1.0,0.0,0.0627038569423074,0.14327990466920743,0.0,0.03236698879445159,0.5,0.5,0.03236698879445159,346
decision_tree_tau_0_5,CWE-20,0.21268610200678512,0.07608695652173914,0.9875035383220256,0.9596432517946608,0.01249646167797445,0.923913043478261,0.11171881127003078,0.0871920854658516,0.10449040538150489,0.9482979033964837,0.5317952474218823,0.5413089411084908,0.05925842173471972,460
decision_tree_tau_0_5,CWE-285,0.479000999000999,0.06282858200666419,0.9976644719502679,0.9677730006243772,0.0023355280497321944,0.9371714179933358,0.11014967790829859,0.07585297175256593,0.1625324317008274,0.9656596285821804,0.530246526978466,0.5310570784906892,0.07343106234279781,366
decision_tree_tau_0_5,CWE-287,0.4181662277284451,0.27744224593390654,0.9608426502727635,0.9291549713922664,0.03915734972723652,0.7225577540660935,0.33322782562282277,0.2973077327681598,0.2875470375271157,0.8979258168738473,0.619142448103335,0.6190536410230888,0.18440402241693699,984
decision_tree_tau_0_5,CWE-311,0.11673350116131227,0.13252190847127557,0.9616067853771242,0.966805686850606,0.038393214622875774,0.8674780915287243,0.1231152285760019,0.1282983670239451,0.08836560129251628,0.9312005747857774,0.5470643469241999,0.5452057781974065,0.0510393526458036,392
decision_tree_tau_0_5,CWE-327,0.3435015964427729,0.7426136363636363,0.97769340994849,0.9959401534452104,0.022306590051510027,0.25738636363636364,0.4689729898870853,0.6015330243263645,0.4940397255005092,0.9741097987511791,0.8601535231560632,0.8650237787750095,0.43849176585628913,163
decision_tree_tau_0_5,CWE-330,0.3820670646629612,0.6533333333333333,0.9845169412161658,0.9950064647243734,0.015483058783834247,0.3466666666666667,0.4810442908065119,0.5708943053578759,0.48984343492850313,0.979864900311,0.8189251372747496,0.819012456998928,0.2624383266302603,150
decision_tree_tau_0_5,CWE-345,0.012078651685393259,0.2,0.8,0.751556866301277,0.2,0.8,0.022781456953642386,0.048642533936651584,0.0,0.7636355179866704,0.5,0.5,0.060521785384116164,647
decision_tree_tau_0_5,CWE-400,0.06428873358942318,0.08448422847399831,0.9579824647079892,0.9692879389384416,0.04201753529201075,0.9155157715260017,0.07291403131615272,0.07940531919996985,0.03775509641125037,0.9299528007300009,0.5212333465909937,0.5215803676503004,0.04048108955428166,343
decision_tree_tau_0_5,CWE-610,0.21952953066037528,0.1655043859649123,0.9727986464820872,0.96149913597505,0.02720135351791279,0.8344956140350878,0.1885445297907488,0.17398029517749455,0.15815844810225232,0.936793397461518,0.5691515162234998,0.5695849430471281,0.08753376850528267,477
decision_tree_tau_0_5,CWE-668,0.2521590383309568,0.2991937984496124,0.8547426383539577,0.8816509150864296,0.14525736164604233,0.7008062015503876,0.27359722319043706,0.28837877606034856,0.14350840340646387,0.7765923976477919,0.576968218401785,0.5796393502095855,0.1921230726212078,1504
decision_tree_tau_0_5,CWE-669,0.02329491340428581,1.0,0.004217850081990206,1.0,0.9957821499180097,0.0,0.045528908054694575,0.10654397493260695,0.009876710039073169,0.02731848106612742,0.5021089250409951,0.5021089250409951,0.02329491340428581,248
decision_tree_tau_0_5,CWE-706,0.28954931616252366,0.14257425742574256,0.9828147345917968,0.9585376813496413,0.01718526540820322,0.8574257425742575,0.190810121761949,0.15859116114716132,0.17624946048495665,0.9431208956955874,0.5626944960087696,0.5612023434703556,0.09517281277618128,505
decision_tree_tau_0_5,CWE-74,0.38066377573529386,0.44669331911869226,0.8642815026628577,0.8934515289800652,0.1357184973371423,0.5533066808813076,0.41084234090919997,0.43156661897657134,0.29192052850689365,0.7987015938650794,0.6554874108907749,0.6642148330396187,0.30262457709505663,1679
decision_tree_tau_0_5,CWE-913,0.24524727830423004,0.3463414634146341,0.9787173727220141,0.9871044181049584,0.021282627277985907,0.6536585365853659,0.28630198243850824,0.319210254141994,0.2744241759425109,0.966586068631616,0.6625294180683241,0.6641169725358307,0.19240695138548322,205
decision_tree_tau_0_5,CWE-923,0.01921415402529353,0.6,0.4,0.38684716523084195,0.6,0.4,0.0372358788167371,0.08516197828091279,0.0,0.4060613192561354,0.5,0.5,0.03236698879445159,346
decision_tree_tau_0_6,CWE-20,0.21268610200678512,0.07608695652173914,0.9875035383220256,0.9596432517946608,0.01249646167797445,0.923913043478261,0.11171881127003078,0.0871920854658516,0.10449040538150489,0.9482979033964837,0.5317952474218823,0.5413089411084908,0.05925842173471972,460
decision_tree_tau_0_6,CWE-285,0.479000999000999,0.06282858200666419,0.9976644719502679,0.9677730006243772,0.0023355280497321944,0.9371714179933358,0.11014967790829859,0.07585297175256593,0.1625324317008274,0.9656596285821804,0.530246526978466,0.5310570784906892,0.07343106234279781,366
decision_tree_tau_0_6,CWE-287,0.4181662277284451,0.27744224593390654,0.9608426502727635,0.9291549713922664,0.03915734972723652,0.7225577540660935,0.33322782562282277,0.2973077327681598,0.2875470375271157,0.8979258168738473,0.619142448103335,0.6190536410230888,0.18440402241693699,984
decision_tree_tau_0_6,CWE-311,0.13330995223317618,0.13252190847127557,0.9677739915443304,0.9670078016782625,0.0322260084556696,0.8674780915287243,0.13276862173296808,0.13258555058872573,0.10025798881738428,0.937144402884666,0.550147950007803,0.5452057781974065,0.0510393526458036,392
decision_tree_tau_0_6,CWE-327,0.3435015964427729,0.7426136363636363,0.97769340994849,0.9959401534452104,0.022306590051510027,0.25738636363636364,0.4689729898870853,0.6015330243263645,0.4940397255005092,0.9741097987511791,0.8601535231560632,0.8650237787750095,0.43849176585628913,163
decision_tree_tau_0_6,CWE-330,0.3820670646629612,0.6533333333333333,0.9845169412161658,0.9950064647243734,0.015483058783834247,0.3466666666666667,0.4810442908065119,0.5708943053578759,0.48984343492850313,0.979864900311,0.8189251372747496,0.819012456998928,0.2624383266302603,150
decision_tree_tau_0_6,CWE-345,0.0,0.0,1.0,0.9394782146158839,0.0,1.0,0.0,0.0,0.0,0.9394782146158839,0.5,0.5,0.060521785384116164,647
decision_tree_tau_0_6,CWE-400,0.13189633577008036,0.043606138107416884,0.9721777565913463,0.9684178387429032,0.027822243408653673,0.9563938618925831,0.04829191949073851,0.04405551018681654,0.03665062421614741,0.9423961813943602,0.5078919473493816,0.5215803676503004,0.04048108955428166,343
decision_tree_tau_0_6,CWE-610,0.21952953066037528,0.1655043859649123,0.9727986464820872,0.96149913597505,0.02720135351791279,0.8344956140350878,0.1885445297907488,0.17398029517749455,0.15815844810225232,0.936793397461518,0.5691515162234998,0.5695849430471281,0.08753376850528267,477
decision_tree_tau_0_6,CWE-668,0.2521590383309568,0.2991937984496124,0.8547426383539577,0.8816509150864296,0.14525736164604233,0.7008062015503876,0.27359722319043706,0.28837877606034856,0.14350840340646387,0.7765923976477919,0.576968218401785,0.5796393502095855,0.1921230726212078,1504
decision_tree_tau_0_6,CWE-669,0.0,0.0,1.0,0.9768012916499209,0.0,1.0,0.0,0.0,0.0,0.9768012916499209,0.5,0.5021089250409951,0.02329491340428581,248
decision_tree_tau_0_6,CWE-706,0.2919043886262918,0.14257425742574256,0.9830156386601041,0.9585460983266841,0.016984361339895837,0.8574257425742575,0.19128494256275255,0.15871898808914758,0.17721163202953522,0.9433121002844975,0.5627949480429233,0.5612023434703556,0.09517281277618128,505
decision_tree_tau_0_6,CWE-74,0.38066377573529386,0.44669331911869226,0.8642815026628577,0.8934515289800652,0.1357184973371423,0.5533066808813076,0.41084234090919997,0.43156661897657134,0.29192052850689365,0.7987015938650794,0.6554874108907749,0.6642148330396187,0.30262457709505663,1679
decision_tree_tau_0_6,CWE-913,0.24524727830423004,0.3463414634146341,0.9787173727220141,0.9871044181049584,0.021282627277985907,0.6536585365853659,0.28630198243850824,0.319210254141994,0.2744241759425109,0.966586068631616,0.6625294180683241,0.6641169725358307,0.19240695138548322,205
decision_tree_tau_0_6,CWE-923,0.0,0.0,1.0,0.9676330112055483,0.0,1.0,0.0,0.0,0.0,0.9676330112055483,0.5,0.5,0.03236698879445159,346
decision_tree_tau_0_7,CWE-20,0.21268610200678512,0.07608695652173914,0.9875035383220256,0.9596432517946608,0.01249646167797445,0.923913043478261,0.11171881127003078,0.0871920854658516,0.10449040538150489,0.9482979033964837,0.5317952474218823,0.5413089411084908,0.05925842173471972,460
decision_tree_tau_0_7,CWE-285,0.479000999000999,0.06282858200666419,0.9976644719502679,0.9677730006243772,0.0023355280497321944,0.9371714179933358,0.11014967790829859,0.07585297175256593,0.1625324317008274,0.9656596285821804,0.530246526978466,0.5310570784906892,0.07343106234279781,366
decision_tree_tau_0_7,CWE-287,0.4181662277284451,0.27744224593390654,0.9608426502727635,0.9291549713922664,0.03915734972723652,0.7225577540660935,0.33322782562282277,0.2973077327681598,0.2875470375271157,0.8979258168738473,0.619142448103335,0.6190536410230888,0.18440402241693699,984
decision_tree_tau_0_7,CWE-311,0.13330995223317618,0.13252190847127557,0.9677739915443304,0.9670078016782625,0.0322260084556696,0.8674780915287243,0.13276862173296808,0.13258555058872573,0.10025798881738428,0.937144402884666,0.550147950007803,0.5452057781974065,0.0510393526458036,392
decision_tree_tau_0_7,CWE-327,0.3435015964427729,0.7426136363636363,0.97769340994849,0.9959401534452104,0.022306590051510027,0.25738636363636364,0.4689729898870853,0.6015330243263645,0.4940397255005092,0.9741097987511791,0.8601535231560632,0.8650237787750095,0.43849176585628913,163
decision_tree_tau_0_7,CWE-330,0.3820670646629612,0.6533333333333333,0.9845169412161658,0.9950064647243734,0.015483058783834247,0.3466666666666667,0.4810442908065119,0.5708943053578759,0.48984343492850313,0.979864900311,0.8189251372747496,0.819012456998928,0.2624383266302603,150
decision_tree_tau_0_7,CWE-345,0.0,0.0,1.0,0.9394782146158839,0.0,1.0,0.0,0.0,0.0,0.9394782146158839,0.5,0.5,0.060521785384116164,647
decision_tree_tau_0_7,CWE-400,0.1915029415029415,0.023273657289002558,0.9961244814266058,0.9685191067236071,0.0038755185733942384,0.9767263427109973,0.04131216087356438,0.028194771583433496,0.055462018306686324,0.9649101168656277,0.5096990693578041,0.5215803676503004,0.04048108955428166,343
decision_tree_tau_0_7,CWE-610,0.21952953066037528,0.1655043859649123,0.9727986464820872,0.96149913597505,0.02720135351791279,0.8344956140350878,0.1885445297907488,0.17398029517749455,0.15815844810225232,0.936793397461518,0.5691515162234998,0.5695849430471281,0.08753376850528267,477
decision_tree_tau_0_7,CWE-668,0.6766917293233082,0.0319202657807309,0.9969474328936899,0.8628246666601689,0.0030525671063101317,0.9680797342192691,0.06065614364698809,0.03938186678418038,0.12280326075838907,0.8611760467916584,0.5144338493372104,0.5796393502095855,0.1921230726212078,1504
decision_tree_tau_0_7,CWE-669,0.0,0.0,1.0,0.9768012916499209,0.0,1.0,0.0,0.0,0.0,0.9768012916499209,0.5,0.5021089250409951,0.02329491340428581,248
decision_tree_tau_0_7,CWE-706,0.3047892578040671,0.14257425742574256,0.9841856124349171,0.9585944482748647,0.01581438756508303,0.8574257425742575,0.1938351605265567,0.15940621625497076,0.18249583973657826,0.9444271718201145,0.5633799349303298,0.5612023434703556,0.09517281277618128,505
decision_tree_tau_0_7,CWE-74,0.4901828662755839,0.2948312011371713,0.9420947011084777,0.8776273173505764,0.05790529889152224,0.7051687988628287,0.3668615757251211,0.31980792902395655,0.2947315692556426,0.8404313046353838,0.6184629511228245,0.6642148330396187,0.30262457709505663,1679
decision_tree_tau_0_7,CWE-913,0.24524727830423004,0.3463414634146341,0.9787173727220141,0.9871044181049584,0.021282627277985907,0.6536585365853659,0.28630198243850824,0.319210254141994,0.2744241759425109,0.966586068631616,0.6625294180683241,0.6641169725358307,0.19240695138548322,205
decision_tree_tau_0_7,CWE-923,0.0,0.0,1.0,0.9676330112055483,0.0,1.0,0.0,0.0,0.0,0.9676330112055483,0.5,0.5,0.03236698879445159,346
decision_tree_tau_0_8,CWE-20,0.21268610200678512,0.07608695652173914,0.9875035383220256,0.9596432517946608,0.01249646167797445,0.923913043478261,0.11171881127003078,0.0871920854658516,0.10449040538150489,0.9482979033964837,0.5317952474218823,0.5413089411084908,0.05925842173471972,460
decision_tree_tau_0_8,CWE-285,0.6133116883116883,0.06282858200666419,0.9987403823282642,0.967807041968722,0.0012596176717357636,0.9371714179933358,0.11312650763870276,0.07640743354685173,0.18709453095957834,0.9666982184012897,0.5307844821674642,0.5310570784906892,0.07343106234279781,366
decision_tree_tau_0_8,CWE-287,0.4163703711806006,0.27338133222832284,0.9610489421758063,0.9287951705827148,0.03895105782419371,0.7266186677716772,0.3297862671812643,0.293421426551124,0.284353553979851,0.8977385509562443,0.6172151372020644,0.6190536410230888,0.18440402241693699,984
decision_tree_tau_0_8,CWE-311,0.06428571428571428,0.015352158390133073,0.992614827902783,0.9636219135274354,0.007385172097216999,0.984647841609867,0.018332790621947245,0.01621400523560209,0.012707123292770652,0.9567794216883782,0.503983493146458,0.5452057781974065,0.0510393526458036,392
decision_tree_tau_0_8,CWE-327,0.3595455524867289,0.7301136363636364,0.9791992923014311,0.995756685375142,0.02080070769856885,0.26988636363636365,0.4796172475901665,0.6025431253364655,0.5008054381225393,0.9754078979630474,0.8546564643325338,0.8650237787750095,0.43849176585628913,163
decision_tree_tau_0_8,CWE-330,0.3820670646629612,0.6533333333333333,0.9845169412161658,0.9950064647243734,0.015483058783834247,0.3466666666666667,0.4810442908065119,0.5708943053578759,0.48984343492850313,0.979864900311,0.8189251372747496,0.819012456998928,0.2624383266302603,150
decision_tree_tau_0_8,CWE-345,0.0,0.0,1.0,0.9394782146158839,0.0,1.0,0.0,0.0,0.0,0.9394782146158839,0.5,0.5,0.060521785384116164,647
decision_tree_tau_0_8,CWE-400,0.1915029415029415,0.023273657289002558,0.9961244814266058,0.9685191067236071,0.0038755185733942384,0.9767263427109973,0.04131216087356438,0.028194771583433496,0.055462018306686324,0.9649101168656277,0.5096990693578041,0.5215803676503004,0.04048108955428166,343
decision_tree_tau_0_8,CWE-610,0.21952953066037528,0.1655043859649123,0.9727986464820872,0.96149913597505,0.02720135351791279,0.8344956140350878,0.1885445297907488,0.17398029517749455,0.15815844810225232,0.936793397461518,0.5691515162234998,0.5695849430471281,0.08753376850528267,477
decision_tree_tau_0_8,CWE-668,0.6766917293233082,0.0319202657807309,0.9969474328936899,0.8628246666601689,0.0030525671063101317,0.9680797342192691,0.06065614364698809,0.03938186678418038,0.12280326075838907,0.8611760467916584,0.5144338493372104,0.5796393502095855,0.1921230726212078,1504
decision_tree_tau_0_8,CWE-669,0.0,0.0,1.0,0.9768012916499209,0.0,1.0,0.0,0.0,0.0,0.9768012916499209,0.5,0.5021089250409951,0.02329491340428581,248
decision_tree_tau_0_8,CWE-706,0.3047892578040671,0.14257425742574256,0.9841856124349171,0.9585944482748647,0.01581438756508303,0.8574257425742575,0.1938351605265567,0.15940621625497076,0.18249583973657826,0.9444271718201145,0.5633799349303298,0.5612023434703556,0.09517281277618128,505
decision_tree_tau_0_8,CWE-74,0.5337446183821409,0.26563432835820894,0.9566300490487173,0.8748704377196466,0.04336995095128261,0.7343656716417911,0.3543918861711487,0.2951759521565564,0.301234811394346,0.848097837449974,0.6111321887034632,0.6642148330396187,0.30262457709505663,1679
decision_tree_tau_0_8,CWE-913,0.24524727830423004,0.3463414634146341,0.9787173727220141,0.9871044181049584,0.021282627277985907,0.6536585365853659,0.28630198243850824,0.319210254141994,0.2744241759425109,0.966586068631616,0.6625294180683241,0.6641169725358307,0.19240695138548322,205
decision_tree_tau_0_8,CWE-923,0.0,0.0,1.0,0.9676330112055483,0.0,1.0,0.0,0.0,0.0,0.9676330112055483,0.5,0.5,0.03236698879445159,346
decision_tree_tau_0_9,CWE-20,0.0,0.0,1.0,0.9569714846666713,0.0,1.0,0.0,0.0,0.0,0.9569714846666713,0.5,0.5413089411084908,0.05925842173471972,460
decision_tree_tau_0_9,CWE-285,0.6133116883116883,0.06282858200666419,0.9987403823282642,0.967807041968722,0.0012596176717357636,0.9371714179933358,0.11312650763870276,0.07640743354685173,0.18709453095957834,0.9666982184012897,0.5307844821674642,0.5310570784906892,0.07343106234279781,366
decision_tree_tau_0_9,CWE-287,0.3011904761904762,0.008121827411167511,0.9988625015834856,0.9085486789154882,0.0011374984165144872,0.9918781725888325,0.01575514108082257,0.010074034589456916,0.0395341060635275,0.9076805835390743,0.5034921644973265,0.6190536410230888,0.18440402241693699,984
decision_tree_tau_0_9,CWE-311,0.0,0.0,0.9994227531282391,0.9633107774662598,0.0005772468717608275,1.0,0.0,0.0,-0.0027071389253208377,0.962774650317006,0.49971137656411957,0.5452057781974065,0.0510393526458036,392
decision_tree_tau_0_9,CWE-327,0.4559097108565194,0.7056818181818182,0.986721604061527,0.9954054456118003,0.013278395938472968,0.2943181818181818,0.5530033134497542,0.6350595238095238,0.5585344675816135,0.9824396445513386,0.8462017111216726,0.8650237787750095,0.43849176585628913,163
decision_tree_tau_0_9,CWE-330,0.3820670646629612,0.6533333333333333,0.9845169412161658,0.9950064647243734,0.015483058783834247,0.3466666666666667,0.4810442908065119,0.5708943053578759,0.48984343492850313,0.979864900311,0.8189251372747496,0.819012456998928,0.2624383266302603,150
decision_tree_tau_0_9,CWE-345,0.0,0.0,1.0,0.9394782146158839,0.0,1.0,0.0,0.0,0.0,0.9394782146158839,0.5,0.5,0.060521785384116164,647
decision_tree_tau_0_9,CWE-400,0.0,0.0,1.0,0.9679152697146189,0.0,1.0,0.0,0.0,0.0,0.9679152697146189,0.5,0.5215803676503004,0.04048108955428166,343
decision_tree_tau_0_9,CWE-610,0.37756132756132754,0.04394736842105264,0.9968740909396067,0.9571350730031847,0.003125909060393388,0.9560526315789474,0.07843607663164334,0.053322301649006476,0.11631501781760951,0.9543596704754712,0.5204107296803296,0.5695849430471281,0.08753376850528267,477
decision_tree_tau_0_9,CWE-668,0.4766917293233083,0.026604651162790698,0.9969474328936899,0.8621840305803371,0.0030525671063101317,0.9733953488372092,0.050300156591971915,0.03278120671817378,0.09250187296085284,0.8604342758134479,0.5117760420282403,0.5796393502095855,0.1921230726212078,1504
decision_tree_tau_0_9,CWE-669,0.0,0.0,1.0,0.9768012916499209,0.0,1.0,0.0,0.0,0.0,0.9768012916499209,0.5,0.5021089250409951,0.02329491340428581,248
decision_tree_tau_0_9,CWE-706,0.6266666666666667,0.02178217821782178,0.9994114981592717,0.9537214201367215,0.0005885018407284311,0.9782178217821782,0.041981497771935584,0.026972975899760172,0.10967531936835843,0.9532344230119809,0.5105968381885467,0.5612023434703556,0.09517281277618128,505
decision_tree_tau_0_9,CWE-74,0.0,0.0,1.0,0.8429451001549019,0.0,1.0,0.0,0.0,0.0,0.8429451001549019,0.5,0.6642148330396187,0.30262457709505663,1679
decision_tree_tau_0_9,CWE-913,0.5948547979797979,0.22439024390243906,0.9901207125417104,0.9849291469740024,0.009879287458289641,0.775609756097561,0.250479305740988,0.22591428201902933,0.30541735656243696,0.9754232900966899,0.6072554782220747,0.6641169725358307,0.19240695138548322,205
decision_tree_tau_0_9,CWE-923,0.0,0.0,1.0,0.9676330112055483,0.0,1.0,0.0,0.0,0.0,0.9676330112055483,0.5,0.5,0.03236698879445159,346
random_forest_tau_0_1,CWE-20,0.04302851533332869,1.0,0.0,0.0,1.0,0.0,0.08250644449845415,0.18354780924462313,0.0,0.04302851533332869,0.5,0.5413089411084908,0.05925842173471972,460
random_forest_tau_0_1,CWE-285,0.03429250172075703,1.0,0.0016485873790369697,1.0,0.998351412620963,0.0,0.06631040829120517,0.15077532779290795,0.007394630656928319,0.03582983093953247,0.5008242936895184,0.5333760802454138,0.07447189605413657,366
random_forest_tau_0_1,CWE-287,0.09204412370794421,1.0,0.0,0.0,1.0,0.0,0.16857022445771533,0.3363653162068984,0.0,0.09204412370794421,0.5,0.6176608809181932,0.18179703667922226,984
random_forest_tau_0_1,CWE-311,0.036669021449336134,1.0,0.0,0.0,1.0,0.0,0.07074334675382823,0.1598883573867662,0.0,0.036669021449336134,0.5,0.5454052331852773,0.05477510459653977,392
random_forest_tau_0_1,CWE-327,0.015271990304601949,1.0,0.0016159580202448304,0.8,0.9983840419797552,0.0,0.030084332359344056,0.0719620977224934,0.004403154998878897,0.01683922040199879,0.5008079790101224,0.8649859065098164,0.42817686603614924,163
random_forest_tau_0_1,CWE-330,0.014031037608694138,1.0,0.0,0.0,1.0,0.0,0.027673732673630373,0.06642657948444086,0.0,0.014031037608694138,0.5,0.819012456998928,0.2624383266302603,150
random_forest_tau_0_1,CWE-345,0.060521785384116164,1.0,0.0,0.0,1.0,0.0,0.1141346954185138,0.24362212620546053,0.0,0.060521785384116164,0.5,0.5,0.060521785384116164,647
random_forest_tau_0_1,CWE-400,0.032084730285381065,1.0,0.0,0.0,1.0,0.0,0.062174206635795315,0.1421737850874727,0.0,0.032084730285381065,0.5,0.5215803676503004,0.04048108955428166,343
random_forest_tau_0_1,CWE-610,0.044619942760929475,1.0,0.0,0.0,1.0,0.0,0.085427329603935,0.18930617048893664,0.0,0.044619942760929475,0.5,0.5695849430471281,0.08753376850528267,477
random_forest_tau_0_1,CWE-668,0.1406853559682882,1.0,0.0,0.0,1.0,0.0,0.24666418907457874,0.45010835023136986,0.0,0.1406853559682882,0.5,0.5892337639901221,0.21592503116054523,1504
random_forest_tau_0_1,CWE-669,0.02329491340428581,1.0,0.004217850081990206,1.0,0.9957821499180097,0.0,0.045528908054694575,0.10654397493260695,0.009876710039073169,0.02731848106612742,0.5021089250409951,0.5021089250409951,0.02329491340428581,248
random_forest_tau_0_1,CWE-706,0.04708626589506598,0.996039603960396,0.0005866690886146139,0.3,0.9994133309113854,0.0039603960396039604,0.08992112153327984,0.19798878045430995,-0.016564553852556903,0.047610535278092544,0.4983131365245053,0.5606100666133302,0.10252236185335117,505
random_forest_tau_0_1,CWE-74,0.15705489984509802,1.0,0.0,0.0,1.0,0.0,0.2714689057230434,0.4822736800757169,0.0,0.15705489984509802,0.5,0.6685704710976115,0.34131926962423165,1679
random_forest_tau_0_1,CWE-913,0.019175751398548654,1.0,0.0,0.0,1.0,0.0,0.03762982762121044,0.08904768195177235,0.0,0.019175751398548654,0.5,0.6694615161839037,0.23305967115716397,205
random_forest_tau_0_1,CWE-923,0.03236698879445159,1.0,0.0,0.0,1.0,0.0,0.0627038569423074,0.14327990466920743,0.0,0.03236698879445159,0.5,0.5,0.03236698879445159,346
random_forest_tau_0_2,CWE-20,0.04302851533332869,1.0,0.0,0.0,1.0,0.0,0.08250644449845415,0.18354780924462313,0.0,0.04302851533332869,0.5,0.5413089411084908,0.05925842173471972,460
random_forest_tau_0_2,CWE-285,0.03429250172075703,1.0,0.0016485873790369697,1.0,0.998351412620963,0.0,0.06631040829120517,0.15077532779290795,0.007394630656928319,0.03582983093953247,0.5008242936895184,0.5333760802454138,0.07447189605413657,366
random_forest_tau_0_2,CWE-287,0.09204412370794421,1.0,0.0,0.0,1.0,0.0,0.16857022445771533,0.3363653162068984,0.0,0.09204412370794421,0.5,0.6176608809181932,0.18179703667922226,984
random_forest_tau_0_2,CWE-311,0.036669021449336134,1.0,0.0,0.0,1.0,0.0,0.07074334675382823,0.1598883573867662,0.0,0.036669021449336134,0.5,0.5454052331852773,0.05477510459653977,392
random_forest_tau_0_2,CWE-327,0.015271990304601949,1.0,0.0016159580202448304,0.8,0.9983840419797552,0.0,0.030084332359344056,0.0719620977224934,0.004403154998878897,0.01683922040199879,0.5008079790101224,0.8649859065098164,0.42817686603614924,163
random_forest_tau_0_2,CWE-330,0.014031037608694138,1.0,0.0,0.0,1.0,0.0,0.027673732673630373,0.06642657948444086,0.0,0.014031037608694138,0.5,0.819012456998928,0.2624383266302603,150
random_forest_tau_0_2,CWE-345,0.060521785384116164,1.0,0.0,0.0,1.0,0.0,0.1141346954185138,0.24362212620546053,0.0,0.060521785384116164,0.5,0.5,0.060521785384116164,647
random_forest_tau_0_2,CWE-400,0.032084730285381065,1.0,0.0,0.0,1.0,0.0,0.062174206635795315,0.1421737850874727,0.0,0.032084730285381065,0.5,0.5215803676503004,0.04048108955428166,343
random_forest_tau_0_2,CWE-610,0.044619942760929475,1.0,0.0,0.0,1.0,0.0,0.085427329603935,0.18930617048893664,0.0,0.044619942760929475,0.5,0.5695849430471281,0.08753376850528267,477
random_forest_tau_0_2,CWE-668,0.1406853559682882,1.0,0.0,0.0,1.0,0.0,0.24666418907457874,0.45010835023136986,0.0,0.1406853559682882,0.5,0.5892337639901221,0.21592503116054523,1504
random_forest_tau_0_2,CWE-669,0.02329491340428581,1.0,0.004217850081990206,1.0,0.9957821499180097,0.0,0.045528908054694575,0.10654397493260695,0.009876710039073169,0.02731848106612742,0.5021089250409951,0.5021089250409951,0.02329491340428581,248
random_forest_tau_0_2,CWE-706,0.04708626589506598,0.996039603960396,0.0005866690886146139,0.3,0.9994133309113854,0.0039603960396039604,0.08992112153327984,0.19798878045430995,-0.016564553852556903,0.047610535278092544,0.4983131365245053,0.5606100666133302,0.10252236185335117,505
random_forest_tau_0_2,CWE-74,0.15705489984509802,1.0,0.0,0.0,1.0,0.0,0.2714689057230434,0.4822736800757169,0.0,0.15705489984509802,0.5,0.6685704710976115,0.34131926962423165,1679
random_forest_tau_0_2,CWE-913,0.019175751398548654,1.0,0.0,0.0,1.0,0.0,0.03762982762121044,0.08904768195177235,0.0,0.019175751398548654,0.5,0.6694615161839037,0.23305967115716397,205
random_forest_tau_0_2,CWE-923,0.03236698879445159,1.0,0.0,0.0,1.0,0.0,0.0627038569423074,0.14327990466920743,0.0,0.03236698879445159,0.5,0.5,0.03236698879445159,346
random_forest_tau_0_3,CWE-20,0.042920362930721226,0.9956521739130434,0.0018,0.18,0.9982,0.004347826086956522,0.08229248716804581,0.18303468116252264,-0.005368696064371039,0.044558152044609764,0.4987260869565217,0.5413089411084908,0.05925842173471972,460
random_forest_tau_0_3,CWE-285,0.03429250172075703,1.0,0.0016485873790369697,1.0,0.998351412620963,0.0,0.06631040829120517,0.15077532779290795,0.007394630656928319,0.03582983093953247,0.5008242936895184,0.5333760802454138,0.07447189605413657,366
random_forest_tau_0_3,CWE-287,0.09198516617954372,0.998984771573604,0.0003061224489795918,0.15,0.9996938775510203,0.001015228426395939,0.1684569903067003,0.3361162757975808,-0.0047481046725499285,0.09222956645249683,0.4996454470112918,0.6176608809181932,0.18179703667922226,984
random_forest_tau_0_3,CWE-311,0.036669021449336134,1.0,0.0,0.0,1.0,0.0,0.07074334675382823,0.1598883573867662,0.0,0.036669021449336134,0.5,0.5454052331852773,0.05477510459653977,392
random_forest_tau_0_3,CWE-327,0.3435015964427729,0.7426136363636363,0.97769340994849,0.9959401534452104,0.022306590051510027,0.25738636363636364,0.4689729898870853,0.6015330243263645,0.4940397255005092,0.9741097987511791,0.8601535231560632,0.8649859065098164,0.42817686603614924,163
random_forest_tau_0_3,CWE-330,0.3820670646629612,0.6533333333333333,0.9845169412161658,0.9950064647243734,0.015483058783834247,0.3466666666666667,0.4810442908065119,0.5708943053578759,0.48984343492850313,0.979864900311,0.8189251372747496,0.819012456998928,0.2624383266302603,150
random_forest_tau_0_3,CWE-345,0.060521785384116164,1.0,0.0,0.0,1.0,0.0,0.1141346954185138,0.24362212620546053,0.0,0.060521785384116164,0.5,0.5,0.060521785384116164,647
random_forest_tau_0_3,CWE-400,0.032084730285381065,1.0,0.0,0.0,1.0,0.0,0.062174206635795315,0.1421737850874727,0.0,0.032084730285381065,0.5,0.5215803676503004,0.04048108955428166,343
random_forest_tau_0_3,CWE-610,0.044619942760929475,1.0,0.0,0.0,1.0,0.0,0.085427329603935,0.18930617048893664,0.0,0.044619942760929475,0.5,0.5695849430471281,0.08753376850528267,477
random_forest_tau_0_3,CWE-668,0.14080359036166862,0.9993355481727575,0.0016444550293427296,0.775,0.9983555449706574,0.000664451827242525,0.2468249869596531,0.45023994030449144,0.009049499329276562,0.14200134448030438,0.5004900016010501,0.5892337639901221,0.21592503116054523,1504
random_forest_tau_0_3,CWE-669,0.02329491340428581,1.0,0.004217850081990206,1.0,0.9957821499180097,0.0,0.045528908054694575,0.10654397493260695,0.009876710039073169,0.02731848106612742,0.5021089250409951,0.5021089250409951,0.02329491340428581,248
random_forest_tau_0_3,CWE-706,0.04708626589506598,0.996039603960396,0.0005866690886146139,0.3,0.9994133309113854,0.0039603960396039604,0.08992112153327984,0.19798878045430995,-0.016564553852556903,0.047610535278092544,0.4983131365245053,0.5606100666133302,0.10252236185335117,505
random_forest_tau_0_3,CWE-74,0.15705489984509802,1.0,0.0,0.0,1.0,0.0,0.2714689057230434,0.4822736800757169,0.0,0.15705489984509802,0.5,0.6685704710976115,0.34131926962423165,1679
random_forest_tau_0_3,CWE-913,0.019175751398548654,1.0,0.0,0.0,1.0,0.0,0.03762982762121044,0.08904768195177235,0.0,0.019175751398548654,0.5,0.6694615161839037,0.23305967115716397,205
random_forest_tau_0_3,CWE-923,0.03236698879445159,1.0,0.0,0.0,1.0,0.0,0.0627038569423074,0.14327990466920743,0.0,0.03236698879445159,0.5,0.5,0.03236698879445159,346
random_forest_tau_0_4,CWE-20,0.04291059593223706,0.9934782608695653,0.0037370460048426145,0.3704761904761905,0.9962629539951575,0.006521739130434782,0.08226718168617594,0.18294089063330995,-0.005856166521388007,0.046319858117859644,0.49860765343720387,0.5413089411084908,0.05925842173471972,460
random_forest_tau_0_4,CWE-285,0.03429250172075703,1.0,0.0016485873790369697,1.0,0.998351412620963,0.0,0.06631040829120517,0.15077532779290795,0.007394630656928319,0.03582983093953247,0.5008242936895184,0.5333760802454138,0.07447189605413657,366
random_forest_tau_0_4,CWE-287,0.09190911518262139,0.9979695431472081,0.00040816326530612246,0.13333333333333333,0.9995918367346939,0.002030456852791878,0.16831504967818894,0.3358213754904287,-0.008873496245951972,0.09222956645249683,0.4991888532062571,0.6176608809181932,0.18179703667922226,984
random_forest_tau_0_4,CWE-311,0.0365524118921337,0.9948717948717949,0.00184645286686103,0.18095238095238095,0.9981535471331391,0.005128205128205128,0.07051349493410622,0.15933999218159883,-0.0062389419749427095,0.0382607817489616,0.4983591238693279,0.5454052331852773,0.05477510459653977,392
random_forest_tau_0_4,CWE-327,0.3435015964427729,0.7426136363636363,0.97769340994849,0.9959401534452104,0.022306590051510027,0.25738636363636364,0.4689729898870853,0.6015330243263645,0.4940397255005092,0.9741097987511791,0.8601535231560632,0.8649859065098164,0.42817686603614924,163
random_forest_tau_0_4,CWE-330,0.3820670646629612,0.6533333333333333,0.9845169412161658,0.9950064647243734,0.015483058783834247,0.3466666666666667,0.4810442908065119,0.5708943053578759,0.48984343492850313,0.979864900311,0.8189251372747496,0.819012456998928,0.2624383266302603,150
random_forest_tau_0_4,CWE-345,0.060521785384116164,1.0,0.0,0.0,1.0,0.0,0.1141346954185138,0.24362212620546053,0.0,0.060521785384116164,0.5,0.5,0.060521785384116164,647
random_forest_tau_0_4,CWE-400,0.032084730285381065,1.0,0.0,0.0,1.0,0.0,0.062174206635795315,0.1421737850874727,0.0,0.032084730285381065,0.5,0.5215803676503004,0.04048108955428166,343
random_forest_tau_0_4,CWE-610,0.044619942760929475,1.0,0.0,0.0,1.0,0.0,0.085427329603935,0.18930617048893664,0.0,0.044619942760929475,0.5,0.5695849430471281,0.08753376850528267,477
random_forest_tau_0_4,CWE-668,0.14085646751101058,0.9993355481727575,0.0020804223317950456,0.975,0.9979195776682049,0.000664451827242525,0.246906211795091,0.4503479975712528,0.012558081116469883,0.14237587631551035,0.5007079852522762,0.5892337639901221,0.21592503116054523,1504
random_forest_tau_0_4,CWE-669,0.02329491340428581,1.0,0.004217850081990206,1.0,0.9957821499180097,0.0,0.045528908054694575,0.10654397493260695,0.009876710039073169,0.02731848106612742,0.5021089250409951,0.5021089250409951,0.02329491340428581,248
random_forest_tau_0_4,CWE-706,0.04708626589506598,0.996039603960396,0.0005866690886146139,0.3,0.9994133309113854,0.0039603960396039604,0.08992112153327984,0.19798878045430995,-0.016564553852556903,0.047610535278092544,0.4983131365245053,0.5606100666133302,0.10252236185335117,505
random_forest_tau_0_4,CWE-74,0.3587656252396996,0.462771855010661,0.8456427283926236,0.8941741295113962,0.15435727160737647,0.537228144989339,0.40404986511231444,0.4373013850545734,0.2792753549527733,0.785510200748242,0.6542072917016423,0.6685704710976115,0.34131926962423165,1679
random_forest_tau_0_4,CWE-913,0.1406380627742338,0.6097560975609756,0.5855336394762464,0.5922452297086851,0.41446636052375363,0.3902439024390244,0.177732871100225,0.22342879390875897,0.15640129682763532,0.5859086620943733,0.597644868518611,0.6694615161839037,0.23305967115716397,205
random_forest_tau_0_4,CWE-923,0.03236698879445159,1.0,0.0,0.0,1.0,0.0,0.0627038569423074,0.14327990466920743,0.0,0.03236698879445159,0.5,0.5,0.03236698879445159,346
random_forest_tau_0_5,CWE-20,0.21268610200678512,0.07608695652173914,0.9875035383220256,0.9596432517946608,0.01249646167797445,0.923913043478261,0.11171881127003078,0.0871920854658516,0.10449040538150489,0.9482979033964837,0.5317952474218823,0.5413089411084908,0.05925842173471972,460
random_forest_tau_0_5,CWE-285,0.42354645354645354,0.06830803406145872,0.9968007483418224,0.9679267654057915,0.003199251658177492,0.9316919659385412,0.11682476752456468,0.08190070671921648,0.15838453711641207,0.9650105789762463,0.5325543912016406,0.5333760802454138,0.07447189605413657,366
random_forest_tau_0_5,CWE-287,0.4138543978886274,0.27642701750751064,0.9603187956913788,0.9290276619578514,0.03968120430862127,0.7235729824924894,0.3311238808167866,0.29593748166434775,0.28478087938312624,0.89735811704999,0.6183729065994447,0.6176608809181932,0.18179703667922226,984
random_forest_tau_0_5,CWE-311,0.11673350116131227,0.13252190847127557,0.9616067853771242,0.966805686850606,0.038393214622875774,0.8674780915287243,0.1231152285760019,0.1282983670239451,0.08836560129251628,0.9312005747857774,0.5470643469241999,0.5454052331852773,0.05477510459653977,392
random_forest_tau_0_5,CWE-327,0.3435015964427729,0.7426136363636363,0.97769340994849,0.9959401534452104,0.022306590051510027,0.25738636363636364,0.4689729898870853,0.6015330243263645,0.4940397255005092,0.9741097987511791,0.8601535231560632,0.8649859065098164,0.42817686603614924,163
random_forest_tau_0_5,CWE-330,0.3820670646629612,0.6533333333333333,0.9845169412161658,0.9950064647243734,0.015483058783834247,0.3466666666666667,0.4810442908065119,0.5708943053578759,0.48984343492850313,0.979864900311,0.8189251372747496,0.819012456998928,0.2624383266302603,150
random_forest_tau_0_5,CWE-345,0.0,0.0,1.0,0.9394782146158839,0.0,1.0,0.0,0.0,0.0,0.9394782146158839,0.5,0.5,0.060521785384116164,647
random_forest_tau_0_5,CWE-400,0.06428873358942318,0.08448422847399831,0.9579824647079892,0.9692879389384416,0.04201753529201075,0.9155157715260017,0.07291403131615272,0.07940531919996985,0.03775509641125037,0.9299528007300009,0.5212333465909937,0.5215803676503004,0.04048108955428166,343
random_forest_tau_0_5,CWE-610,0.21952953066037528,0.1655043859649123,0.9727986464820872,0.96149913597505,0.02720135351791279,0.8344956140350878,0.1885445297907488,0.17398029517749455,0.15815844810225232,0.936793397461518,0.5691515162234998,0.5695849430471281,0.08753376850528267,477
random_forest_tau_0_5,CWE-668,0.259225931667476,0.3124939091915836,0.8538798323955028,0.8835267302671035,0.1461201676044972,0.6875060908084164,0.2833315232731339,0.3001224043659433,0.15410310388154058,0.7777143161429627,0.5831868707935433,0.5892337639901221,0.21592503116054523,1504
random_forest_tau_0_5,CWE-669,0.02329491340428581,1.0,0.004217850081990206,1.0,0.9957821499180097,0.0,0.045528908054694575,0.10654397493260695,0.009876710039073169,0.02731848106612742,0.5021089250409951,0.5021089250409951,0.02329491340428581,248
random_forest_tau_0_5,CWE-706,0.27182666039740555,0.14257425742574256,0.9812431032312748,0.9584741823546029,0.018756896768725186,0.8574257425742575,0.18678610654314365,0.15746073615476103,0.16874667991007564,0.941623549272929,0.5619086803285087,0.5606100666133302,0.10252236185335117,505
random_forest_tau_0_5,CWE-74,0.38166505943234136,0.445499289267946,0.8652694280196085,0.893357234388915,0.13473057198039148,0.554500710732054,0.41095133273481305,0.4309551016842031,0.2923135950371497,0.7993506434710136,0.6553843586437773,0.6685704710976115,0.34131926962423165,1679
random_forest_tau_0_5,CWE-913,0.2485780885780886,0.35609756097560974,0.9785270756544403,0.9872963497483929,0.0214729243455597,0.6439024390243903,0.29187833670009844,0.32694655482754403,0.28052200399658483,0.9665906170059108,0.667312318315025,0.6694615161839037,0.23305967115716397,205
random_forest_tau_0_5,CWE-923,0.025948384143288795,0.8,0.2,0.1935813953488372,0.8,0.2,0.050265821791338504,0.11483802503194444,0.0,0.219529779492126,0.5,0.5,0.03236698879445159,346
random_forest_tau_0_6,CWE-20,0.21268610200678512,0.07608695652173914,0.9875035383220256,0.9596432517946608,0.01249646167797445,0.923913043478261,0.11171881127003078,0.0871920854658516,0.10449040538150489,0.9482979033964837,0.5317952474218823,0.5413089411084908,0.05925842173471972,460
random_forest_tau_0_6,CWE-285,0.42354645354645354,0.06830803406145872,0.9968007483418224,0.9679267654057915,0.003199251658177492,0.9316919659385412,0.11682476752456468,0.08190070671921648,0.15838453711641207,0.9650105789762463,0.5325543912016406,0.5333760802454138,0.07447189605413657,366
random_forest_tau_0_6,CWE-287,0.41848829968089857,0.27642701750751064,0.9610351265279083,0.9290756366908592,0.03896487347209161,0.7235729824924894,0.3326009896109203,0.2964094310226149,0.2871511572982664,0.8980089838930623,0.6187310720177095,0.6176608809181932,0.18179703667922226,984
random_forest_tau_0_6,CWE-311,0.13330995223317618,0.13252190847127557,0.9677739915443304,0.9670078016782625,0.0322260084556696,0.8674780915287243,0.13276862173296808,0.13258555058872573,0.10025798881738428,0.937144402884666,0.550147950007803,0.5454052331852773,0.05477510459653977,392
random_forest_tau_0_6,CWE-327,0.3462454121964992,0.7426136363636363,0.9779761628654071,0.995941446088127,0.022023837134592904,0.25738636363636364,0.47153903452065427,0.6032346820930764,0.49613885390121465,0.9743882647515456,0.8602948996145218,0.8649859065098164,0.42817686603614924,163
random_forest_tau_0_6,CWE-330,0.3820670646629612,0.6533333333333333,0.9845169412161658,0.9950064647243734,0.015483058783834247,0.3466666666666667,0.4810442908065119,0.5708943053578759,0.48984343492850313,0.979864900311,0.8189251372747496,0.819012456998928,0.2624383266302603,150
random_forest_tau_0_6,CWE-345,0.0,0.0,1.0,0.9394782146158839,0.0,1.0,0.0,0.0,0.0,0.9394782146158839,0.5,0.5,0.060521785384116164,647
random_forest_tau_0_6,CWE-400,0.13788303200067906,0.03201193520886615,0.9788015825923349,0.9682506783889785,0.021198417407665045,0.967988064791134,0.04004688637815572,0.033573350297380455,0.03503520220056679,0.9484191259450295,0.5054067589006006,0.5215803676503004,0.04048108955428166,343
random_forest_tau_0_6,CWE-610,0.21952953066037528,0.1655043859649123,0.9727986464820872,0.96149913597505,0.02720135351791279,0.8344956140350878,0.1885445297907488,0.17398029517749455,0.15815844810225232,0.936793397461518,0.5691515162234998,0.5695849430471281,0.08753376850528267,477
random_forest_tau_0_6,CWE-668,0.3279029066005489,0.190828349944629,0.9356252633773924,0.8759443493230161,0.06437473662260773,0.8091716500553711,0.2411052873713091,0.20817753372660047,0.16050526095053463,0.8308319755262378,0.5632268066610107,0.5892337639901221,0.21592503116054523,1504
random_forest_tau_0_6,CWE-669,0.0,0.0,1.0,0.9768012916499209,0.0,1.0,0.0,0.0,0.0,0.9768012916499209,0.5,0.5021089250409951,0.02329491340428581,248
random_forest_tau_0_6,CWE-706,0.2866994439288292,0.14257425742574256,0.9825242381687037,0.958526460920984,0.017475761831296326,0.8574257425742575,0.18997807333135502,0.15834008180214498,0.17492721937867617,0.9428439354904901,0.5625492477972232,0.5606100666133302,0.10252236185335117,505
random_forest_tau_0_6,CWE-74,0.40211266386010525,0.43835465529495377,0.878349591930878,0.8935725744903502,0.1216504080691219,0.5616453447050462,0.41924810743343244,0.4304511000576504,0.30596789826670595,0.8092563022402363,0.658352123612916,0.6685704710976115,0.34131926962423165,1679
random_forest_tau_0_6,CWE-913,0.24783849988011583,0.35121951219512193,0.9787173727220141,0.987201533505899,0.021282627277985907,0.6487804878048781,0.28972859580230037,0.32339904470246605,0.2780636519036254,0.9666816709260712,0.664968442458568,0.6694615161839037,0.23305967115716397,205
random_forest_tau_0_6,CWE-923,0.0,0.0,1.0,0.9676330112055483,0.0,1.0,0.0,0.0,0.0,0.9676330112055483,0.5,0.5,0.03236698879445159,346
random_forest_tau_0_7,CWE-20,0.21268610200678512,0.07608695652173914,0.9875035383220256,0.9596432517946608,0.01249646167797445,0.923913043478261,0.11171881127003078,0.0871920854658516,0.10449040538150489,0.9482979033964837,0.5317952474218823,0.5413089411084908,0.05925842173471972,460
random_forest_tau_0_7,CWE-285,0.449000999000999,0.06556830803406147,0.9970886562113043,0.9678447071087231,0.002911343788695726,0.9344316919659384,0.11401091471071187,0.07898738607119078,0.1608934694424564,0.9651960217207989,0.5313284821226828,0.5333760802454138,0.07447189605413657,366
random_forest_tau_0_7,CWE-287,0.4245068373340966,0.27642701750751064,0.9619706444553703,0.9291406408591282,0.03802935554462965,0.7235729824924894,0.3344342846208518,0.2969835136778328,0.29020158809441426,0.8988577287559274,0.6191988309814405,0.6176608809181932,0.18179703667922226,984
random_forest_tau_0_7,CWE-311,0.13330995223317618,0.13252190847127557,0.9677739915443304,0.9670078016782625,0.0322260084556696,0.8674780915287243,0.13276862173296808,0.13258555058872573,0.10025798881738428,0.937144402884666,0.550147950007803,0.5454052331852773,0.05477510459653977,392
random_forest_tau_0_7,CWE-327,0.3462454121964992,0.7426136363636363,0.9779761628654071,0.995941446088127,0.022023837134592904,0.25738636363636364,0.47153903452065427,0.6032346820930764,0.49613885390121465,0.9743882647515456,0.8602948996145218,0.8649859065098164,0.42817686603614924,163
random_forest_tau_0_7,CWE-330,0.3820670646629612,0.6533333333333333,0.9845169412161658,0.9950064647243734,0.015483058783834247,0.3466666666666667,0.4810442908065119,0.5708943053578759,0.48984343492850313,0.979864900311,0.8189251372747496,0.819012456998928,0.2624383266302603,150
random_forest_tau_0_7,CWE-345,0.0,0.0,1.0,0.9394782146158839,0.0,1.0,0.0,0.0,0.0,0.9394782146158839,0.5,0.5,0.060521785384116164,647
random_forest_tau_0_7,CWE-400,0.1915029415029415,0.023273657289002558,0.9961244814266058,0.9685191067236071,0.0038755185733942384,0.9767263427109973,0.04131216087356438,0.028194771583433496,0.055462018306686324,0.9649101168656277,0.5096990693578041,0.5215803676503004,0.04048108955428166,343
random_forest_tau_0_7,CWE-610,0.21952953066037528,0.1655043859649123,0.9727986464820872,0.96149913597505,0.02720135351791279,0.8344956140350878,0.1885445297907488,0.17398029517749455,0.15815844810225232,0.936793397461518,0.5691515162234998,0.5695849430471281,0.08753376850528267,477
random_forest_tau_0_7,CWE-668,0.5777967162598103,0.07646954595791805,0.9910685223369832,0.8676243073684347,0.008931477663016765,0.9235304540420819,0.134887074675206,0.09248919782712066,0.1731876965806997,0.8623832632985442,0.5337690341474507,0.5892337639901221,0.21592503116054523,1504
random_forest_tau_0_7,CWE-669,0.0,0.0,1.0,0.9768012916499209,0.0,1.0,0.0,0.0,0.0,0.9768012916499209,0.5,0.5021089250409951,0.02329491340428581,248
random_forest_tau_0_7,CWE-706,0.3047892578040671,0.14257425742574256,0.9841856124349171,0.9585944482748647,0.01581438756508303,0.8574257425742575,0.1938351605265567,0.15940621625497076,0.18249583973657826,0.9444271718201145,0.5633799349303298,0.5606100666133302,0.10252236185335117,505
random_forest_tau_0_7,CWE-74,0.47317658125667733,0.3198312011371713,0.9335691590283602,0.8804887721551969,0.06643084097163984,0.6801687988628287,0.38125170963347205,0.34180078607602526,0.29923181384065106,0.8371639063251323,0.6267001800827657,0.6685704710976115,0.34131926962423165,1679
random_forest_tau_0_7,CWE-913,0.24524727830423004,0.3463414634146341,0.9787173727220141,0.9871044181049584,0.021282627277985907,0.6536585365853659,0.28630198243850824,0.319210254141994,0.2744241759425109,0.966586068631616,0.6625294180683241,0.6694615161839037,0.23305967115716397,205
random_forest_tau_0_7,CWE-923,0.0,0.0,1.0,0.9676330112055483,0.0,1.0,0.0,0.0,0.0,0.9676330112055483,0.5,0.5,0.03236698879445159,346
random_forest_tau_0_8,CWE-20,0.21268610200678512,0.07608695652173914,0.9875035383220256,0.9596432517946608,0.01249646167797445,0.923913043478261,0.11171881127003078,0.0871920854658516,0.10449040538150489,0.9482979033964837,0.5317952474218823,0.5413089411084908,0.05925842173471972,460
random_forest_tau_0_8,CWE-285,0.5613636363636363,0.06282858200666419,0.9983525975488169,0.9677950175441096,0.0016474024511831703,0.9371714179933358,0.11193603144822657,0.07618667568511236,0.1774587545862099,0.9663236865660837,0.5305905897777405,0.5333760802454138,0.07447189605413657,366
random_forest_tau_0_8,CWE-287,0.4245068373340966,0.27642701750751064,0.9619706444553703,0.9291406408591282,0.03802935554462965,0.7235729824924894,0.3344342846208518,0.2969835136778328,0.29020158809441426,0.8988577287559274,0.6191988309814405,0.6176608809181932,0.18179703667922226,984
random_forest_tau_0_8,CWE-311,0.08333333333333333,0.005095748133722817,0.9983495315966703,0.9634552922263664,0.0016504684033296323,0.9949042518662772,0.009581181870338495,0.006269654088050314,0.01304174255965324,0.9619301460089856,0.5017226398651966,0.5454052331852773,0.05477510459653977,392
random_forest_tau_0_8,CWE-327,0.36129557942057944,0.7301136363636364,0.9793879275712895,0.9957576108481856,0.020612072428710552,0.26988636363636365,0.4812514343320641,0.6036294931477859,0.5021462973672521,0.9755936425911376,0.8547507819674628,0.8649859065098164,0.42817686603614924,163
random_forest_tau_0_8,CWE-330,0.3820670646629612,0.6533333333333333,0.9845169412161658,0.9950064647243734,0.015483058783834247,0.3466666666666667,0.4810442908065119,0.5708943053578759,0.48984343492850313,0.979864900311,0.8189251372747496,0.819012456998928,0.2624383266302603,150
random_forest_tau_0_8,CWE-345,0.0,0.0,1.0,0.9394782146158839,0.0,1.0,0.0,0.0,0.0,0.9394782146158839,0.5,0.5,0.060521785384116164,647
random_forest_tau_0_8,CWE-400,0.10578865578865579,0.014578005115089516,0.9965076231890577,0.9682608669202626,0.0034923768109421313,0.9854219948849104,0.025522687189353854,0.017594064869652575,0.029743038063129234,0.9650028382379039,0.5055428141520737,0.5215803676503004,0.04048108955428166,343
random_forest_tau_0_8,CWE-610,0.21952953066037528,0.1655043859649123,0.9727986464820872,0.96149913597505,0.02720135351791279,0.8344956140350878,0.1885445297907488,0.17398029517749455,0.15815844810225232,0.936793397461518,0.5691515162234998,0.5695849430471281,0.08753376850528267,477
random_forest_tau_0_8,CWE-668,0.5837624167946749,0.04520487264673311,0.9945442326692951,0.8641711138878037,0.005455767330704911,0.9547951273532668,0.08351644462584268,0.05536040718409202,0.13211803836205044,0.8609825650476447,0.5198745526580141,0.5892337639901221,0.21592503116054523,1504
random_forest_tau_0_8,CWE-669,0.0,0.0,1.0,0.9768012916499209,0.0,1.0,0.0,0.0,0.0,0.9768012916499209,0.5,0.5021089250409951,0.02329491340428581,248
random_forest_tau_0_8,CWE-706,0.3047892578040671,0.14257425742574256,0.9841856124349171,0.9585944482748647,0.01581438756508303,0.8574257425742575,0.1938351605265567,0.15940621625497076,0.18249583973657826,0.9444271718201145,0.5633799349303298,0.5606100666133302,0.10252236185335117,505
random_forest_tau_0_8,CWE-74,0.5769124542457392,0.2233439943141436,0.9693895510402182,0.8701137619490164,0.03061044895978183,0.7766560056858565,0.32171288249225044,0.2544464188857991,0.2933752515218796,0.8522097387593203,0.5963667726771809,0.6685704710976115,0.34131926962423165,1679
random_forest_tau_0_8,CWE-913,0.24524727830423004,0.3463414634146341,0.9787173727220141,0.9871044181049584,0.021282627277985907,0.6536585365853659,0.28630198243850824,0.319210254141994,0.2744241759425109,0.966586068631616,0.6625294180683241,0.6694615161839037,0.23305967115716397,205
random_forest_tau_0_8,CWE-923,0.0,0.0,1.0,0.9676330112055483,0.0,1.0,0.0,0.0,0.0,0.9676330112055483,0.5,0.5,0.03236698879445159,346
random_forest_tau_0_9,CWE-20,0.0,0.0,1.0,0.9569714846666713,0.0,1.0,0.0,0.0,0.0,0.9569714846666713,0.5,0.5413089411084908,0.05925842173471972,460
random_forest_tau_0_9,CWE-285,0.6133116883116883,0.06282858200666419,0.9987403823282642,0.967807041968722,0.0012596176717357636,0.9371714179933358,0.11312650763870276,0.07640743354685173,0.18709453095957834,0.9666982184012897,0.5307844821674642,0.5333760802454138,0.07447189605413657,366
random_forest_tau_0_9,CWE-287,0.2583333333333333,0.00913705583756345,0.9983379838497521,0.908592068381779,0.0016620161502478748,0.9908629441624365,0.01743447310071187,0.011284726413356289,0.035471220412146835,0.9073007533998952,0.5037375198436578,0.6176608809181932,0.18179703667922226,984
random_forest_tau_0_9,CWE-311,0.0,0.0,1.0,0.9633309785506639,0.0,1.0,0.0,0.0,0.0,0.9633309785506639,0.5,0.5454052331852773,0.05477510459653977,392
random_forest_tau_0_9,CWE-327,0.4559097108565194,0.7056818181818182,0.986721604061527,0.9954054456118003,0.013278395938472968,0.2943181818181818,0.5530033134497542,0.6350595238095238,0.5585344675816135,0.9824396445513386,0.8462017111216726,0.8649859065098164,0.42817686603614924,163
random_forest_tau_0_9,CWE-330,0.3820670646629612,0.6533333333333333,0.9845169412161658,0.9950064647243734,0.015483058783834247,0.3466666666666667,0.4810442908065119,0.5708943053578759,0.48984343492850313,0.979864900311,0.8189251372747496,0.819012456998928,0.2624383266302603,150
random_forest_tau_0_9,CWE-345,0.0,0.0,1.0,0.9394782146158839,0.0,1.0,0.0,0.0,0.0,0.9394782146158839,0.5,0.5,0.060521785384116164,647
random_forest_tau_0_9,CWE-400,0.0,0.0,1.0,0.9679152697146189,0.0,1.0,0.0,0.0,0.0,0.9679152697146189,0.5,0.5215803676503004,0.04048108955428166,343
random_forest_tau_0_9,CWE-610,0.37756132756132754,0.04394736842105264,0.9968740909396067,0.9571350730031847,0.003125909060393388,0.9560526315789474,0.07843607663164334,0.053322301649006476,0.11631501781760951,0.9543596704754712,0.5204107296803296,0.5695849430471281,0.08753376850528267,477
random_forest_tau_0_9,CWE-668,0.0,0.0,1.0,0.8593146440317116,0.0,1.0,0.0,0.0,0.0,0.8593146440317116,0.5,0.5892337639901221,0.21592503116054523,1504
random_forest_tau_0_9,CWE-669,0.0,0.0,1.0,0.9768012916499209,0.0,1.0,0.0,0.0,0.0,0.9768012916499209,0.5,0.5021089250409951,0.02329491340428581,248
random_forest_tau_0_9,CWE-706,0.5638095238095238,0.03762376237623762,0.9987268881561366,0.954406761137574,0.0012731118438633672,0.9623762376237623,0.07050947967893832,0.046252476944843336,0.13712770094643567,0.9533298695855015,0.5181753252661871,0.5606100666133302,0.10252236185335117,505
random_forest_tau_0_9,CWE-74,0.0,0.0,1.0,0.8429451001549019,0.0,1.0,0.0,0.0,0.0,0.8429451001549019,0.5,0.6685704710976115,0.34131926962423165,1679
random_forest_tau_0_9,CWE-913,0.6111974789915966,0.24390243902439024,0.9969498857282263,0.9853833819001231,0.003050114271773803,0.7560975609756098,0.34765373143017364,0.27689035030340436,0.3784079288146437,0.9825032393240463,0.6204261623763083,0.6694615161839037,0.23305967115716397,205
random_forest_tau_0_9,CWE-923,0.0,0.0,1.0,0.9676330112055483,0.0,1.0,0.0,0.0,0.0,0.9676330112055483,0.5,0.5,0.03236698879445159,346
gradient_boosting_tau_0_1,CWE-20,0.04302851533332869,1.0,0.0,0.0,1.0,0.0,0.08250644449845415,0.18354780924462313,0.0,0.04302851533332869,0.5,0.5414961273588098,0.05926621709931247,460
gradient_boosting_tau_0_1,CWE-285,0.03429250172075703,1.0,0.0016485873790369697,1.0,0.998351412620963,0.0,0.06631040829120517,0.15077532779290795,0.007394630656928319,0.03582983093953247,0.5008242936895184,0.5333760802454138,0.07447189605413657,366
gradient_boosting_tau_0_1,CWE-287,0.09204412370794421,1.0,0.0,0.0,1.0,0.0,0.16857022445771533,0.3363653162068984,0.0,0.09204412370794421,0.5,0.6178079500989154,0.18204115264016557,984
gradient_boosting_tau_0_1,CWE-311,0.036669021449336134,1.0,0.0,0.0,1.0,0.0,0.07074334675382823,0.1598883573867662,0.0,0.036669021449336134,0.5,0.5451884529075377,0.052137156079874736,392
gradient_boosting_tau_0_1,CWE-327,0.01525383086169842,1.0,0.0003885381253035454,0.2,0.9996114618746965,0.0,0.03004907939520864,0.0718812918590959,0.0011082137665614268,0.01563019621630601,0.5001942690626517,0.86528323321379,0.4447542850294791,163
gradient_boosting_tau_0_1,CWE-330,0.014031037608694138,1.0,0.0,0.0,1.0,0.0,0.027673732673630373,0.06642657948444086,0.0,0.014031037608694138,0.5,0.8188996220200846,0.2610603361996383,150
gradient_boosting_tau_0_1,CWE-345,0.060521785384116164,1.0,0.0,0.0,1.0,0.0,0.1141346954185138,0.24362212620546053,0.0,0.060521785384116164,0.5,0.5,0.060521785384116164,647
gradient_boosting_tau_0_1,CWE-400,0.032084730285381065,1.0,0.0,0.0,1.0,0.0,0.062174206635795315,0.1421737850874727,0.0,0.032084730285381065,0.5,0.5215803676503004,0.04048108955428166,343
gradient_boosting_tau_0_1,CWE-610,0.044619942760929475,1.0,0.0,0.0,1.0,0.0,0.085427329603935,0.18930617048893664,0.0,0.044619942760929475,0.5,0.5695849430471281,0.08753376850528267,477
gradient_boosting_tau_0_1,CWE-668,0.1406853559682882,1.0,0.0,0.0,1.0,0.0,0.24666418907457874,0.45010835023136986,0.0,0.1406853559682882,0.5,0.5888310857750749,0.2154856578301391,1504
gradient_boosting_tau_0_1,CWE-669,0.02329491340428581,1.0,0.004217850081990206,1.0,0.9957821499180097,0.0,0.045528908054694575,0.10654397493260695,0.009876710039073169,0.02731848106612742,0.5021089250409951,0.5021089250409951,0.02329491340428581,248
gradient_boosting_tau_0_1,CWE-706,0.04723782661593693,1.0,0.0,0.0,1.0,0.0,0.09021361266923807,0.19864977289217708,0.0,0.04723782661593693,0.5,0.5611642183266292,0.09656040470283886,505
gradient_boosting_tau_0_1,CWE-74,0.15705489984509802,1.0,0.0,0.0,1.0,0.0,0.2714689057230434,0.4822736800757169,0.0,0.15705489984509802,0.5,0.6662519460781426,0.3396766261027385,1679
gradient_boosting_tau_0_1,CWE-913,0.019175751398548654,1.0,0.0,0.0,1.0,0.0,0.03762982762121044,0.08904768195177235,0.0,0.019175751398548654,0.5,0.6695661647194189,0.2372490061758447,205
gradient_boosting_tau_0_1,CWE-923,0.03236698879445159,1.0,0.0,0.0,1.0,0.0,0.0627038569423074,0.14327990466920743,0.0,0.03236698879445159,0.5,0.5,0.03236698879445159,346
gradient_boosting_tau_0_2,CWE-20,0.04302851533332869,1.0,0.0,0.0,1.0,0.0,0.08250644449845415,0.18354780924462313,0.0,0.04302851533332869,0.5,0.5414961273588098,0.05926621709931247,460
gradient_boosting_tau_0_2,CWE-285,0.03429250172075703,1.0,0.0016485873790369697,1.0,0.998351412620963,0.0,0.06631040829120517,0.15077532779290795,0.007394630656928319,0.03582983093953247,0.5008242936895184,0.5333760802454138,0.07447189605413657,366
gradient_boosting_tau_0_2,CWE-287,0.09204412370794421,1.0,0.0,0.0,1.0,0.0,0.16857022445771533,0.3363653162068984,0.0,0.09204412370794421,0.5,0.6178079500989154,0.18204115264016557,984
gradient_boosting_tau_0_2,CWE-311,0.036669021449336134,1.0,0.0,0.0,1.0,0.0,0.07074334675382823,0.1598883573867662,0.0,0.036669021449336134,0.5,0.5451884529075377,0.052137156079874736,392
gradient_boosting_tau_0_2,CWE-327,0.01527341876781361,1.0,0.0017104313315343914,1.0,0.9982895686684656,0.0,0.030087103543895287,0.07196843748537089,0.0049418070635469016,0.01693224365781274,0.5008552156657672,0.86528323321379,0.4447542850294791,163
gradient_boosting_tau_0_2,CWE-330,0.014031037608694138,1.0,0.0,0.0,1.0,0.0,0.027673732673630373,0.06642657948444086,0.0,0.014031037608694138,0.5,0.8188996220200846,0.2610603361996383,150
gradient_boosting_tau_0_2,CWE-345,0.060521785384116164,1.0,0.0,0.0,1.0,0.0,0.1141346954185138,0.24362212620546053,0.0,0.060521785384116164,0.5,0.5,0.060521785384116164,647
gradient_boosting_tau_0_2,CWE-400,0.032084730285381065,1.0,0.0,0.0,1.0,0.0,0.062174206635795315,0.1421737850874727,0.0,0.032084730285381065,0.5,0.5215803676503004,0.04048108955428166,343
gradient_boosting_tau_0_2,CWE-610,0.044619942760929475,1.0,0.0,0.0,1.0,0.0,0.085427329603935,0.18930617048893664,0.0,0.044619942760929475,0.5,0.5695849430471281,0.08753376850528267,477
gradient_boosting_tau_0_2,CWE-668,0.14073720758566893,1.0,0.0004310344827586207,0.2,0.9995689655172413,0.0,0.24674403082345792,0.45021506060320143,0.003471620452433457,0.14105624145739343,0.5002155172413794,0.5888310857750749,0.2154856578301391,1504
gradient_boosting_tau_0_2,CWE-669,0.02329491340428581,1.0,0.004217850081990206,1.0,0.9957821499180097,0.0,0.045528908054694575,0.10654397493260695,0.009876710039073169,0.02731848106612742,0.5021089250409951,0.5021089250409951,0.02329491340428581,248
gradient_boosting_tau_0_2,CWE-706,0.04708626589506598,0.996039603960396,0.0005866690886146139,0.3,0.9994133309113854,0.0039603960396039604,0.08992112153327984,0.19798878045430995,-0.016564553852556903,0.047610535278092544,0.4983131365245053,0.5611642183266292,0.09656040470283886,505
gradient_boosting_tau_0_2,CWE-74,0.15705489984509802,1.0,0.0,0.0,1.0,0.0,0.2714689057230434,0.4822736800757169,0.0,0.15705489984509802,0.5,0.6662519460781426,0.3396766261027385,1679
gradient_boosting_tau_0_2,CWE-913,0.019175751398548654,1.0,0.0,0.0,1.0,0.0,0.03762982762121044,0.08904768195177235,0.0,0.019175751398548654,0.5,0.6695661647194189,0.2372490061758447,205
gradient_boosting_tau_0_2,CWE-923,0.03236698879445159,1.0,0.0,0.0,1.0,0.0,0.0627038569423074,0.14327990466920743,0.0,0.03236698879445159,0.5,0.5,0.03236698879445159,346
gradient_boosting_tau_0_3,CWE-20,0.042920362930721226,0.9956521739130434,0.0018,0.18,0.9982,0.004347826086956522,0.08229248716804581,0.18303468116252264,-0.005368696064371039,0.044558152044609764,0.4987260869565217,0.5414961273588098,0.05926621709931247,460
gradient_boosting_tau_0_3,CWE-285,0.03429250172075703,1.0,0.0016485873790369697,1.0,0.998351412620963,0.0,0.06631040829120517,0.15077532779290795,0.007394630656928319,0.03582983093953247,0.5008242936895184,0.5333760802454138,0.07447189605413657,366
gradient_boosting_tau_0_3,CWE-287,0.09192624007390401,0.9979695431472081,0.0006122448979591836,0.2666666666666667,0.9993877551020407,0.002030456852791878,0.16834380448412536,0.3358672970280582,-0.011405701631197853,0.09241500919704945,0.49929089402258364,0.6178079500989154,0.18204115264016557,984
gradient_boosting_tau_0_3,CWE-311,0.036669021449336134,1.0,0.0,0.0,1.0,0.0,0.07074334675382823,0.1598883573867662,0.0,0.036669021449336134,0.5,0.5451884529075377,0.052137156079874736,392
gradient_boosting_tau_0_3,CWE-327,0.34560115449341794,0.7426136363636363,0.9778820009068383,0.995940980458139,0.02211799909316164,0.25738636363636364,0.47087265758309094,0.6027439840217331,0.4955995271997928,0.9742955433792693,0.8602478186352374,0.86528323321379,0.4447542850294791,163
gradient_boosting_tau_0_3,CWE-330,0.3820670646629612,0.6533333333333333,0.9845169412161658,0.9950064647243734,0.015483058783834247,0.3466666666666667,0.4810442908065119,0.5708943053578759,0.48984343492850313,0.979864900311,0.8189251372747496,0.8188996220200846,0.2610603361996383,150
gradient_boosting_tau_0_3,CWE-345,0.060521785384116164,1.0,0.0,0.0,1.0,0.0,0.1141346954185138,0.24362212620546053,0.0,0.060521785384116164,0.5,0.5,0.060521785384116164,647
gradient_boosting_tau_0_3,CWE-400,0.032084730285381065,1.0,0.0,0.0,1.0,0.0,0.062174206635795315,0.1421737850874727,0.0,0.032084730285381065,0.5,0.5215803676503004,0.04048108955428166,343
gradient_boosting_tau_0_3,CWE-610,0.044619942760929475,1.0,0.0,0.0,1.0,0.0,0.085427329603935,0.18930617048893664,0.0,0.044619942760929475,0.5,0.5695849430471281,0.08753376850528267,477
gradient_boosting_tau_0_3,CWE-668,0.14083145893878635,1.0,0.0012022120459546863,0.6,0.9987977879540454,0.0,0.24688847214031218,0.45040636733775063,0.010076666177593386,0.14171772040265557,0.5006011060229774,0.5888310857750749,0.2154856578301391,1504
gradient_boosting_tau_0_3,CWE-669,0.02329491340428581,1.0,0.004217850081990206,1.0,0.9957821499180097,0.0,0.045528908054694575,0.10654397493260695,0.009876710039073169,0.02731848106612742,0.5021089250409951,0.5021089250409951,0.02329491340428581,248
gradient_boosting_tau_0_3,CWE-706,0.04708626589506598,0.996039603960396,0.0005866690886146139,0.3,0.9994133309113854,0.0039603960396039604,0.08992112153327984,0.19798878045430995,-0.016564553852556903,0.047610535278092544,0.4983131365245053,0.5611642183266292,0.09656040470283886,505
gradient_boosting_tau_0_3,CWE-74,0.15705489984509802,1.0,0.0,0.0,1.0,0.0,0.2714689057230434,0.4822736800757169,0.0,0.15705489984509802,0.5,0.6662519460781426,0.3396766261027385,1679
gradient_boosting_tau_0_3,CWE-913,0.019175751398548654,1.0,0.0,0.0,1.0,0.0,0.03762982762121044,0.08904768195177235,0.0,0.019175751398548654,0.5,0.6695661647194189,0.2372490061758447,205
gradient_boosting_tau_0_3,CWE-923,0.03236698879445159,1.0,0.0,0.0,1.0,0.0,0.0627038569423074,0.14327990466920743,0.0,0.03236698879445159,0.5,0.5,0.03236698879445159,346
gradient_boosting_tau_0_4,CWE-20,0.04291059593223706,0.9934782608695653,0.0037370460048426145,0.3704761904761905,0.9962629539951575,0.006521739130434782,0.08226718168617594,0.18294089063330995,-0.005856166521388007,0.046319858117859644,0.49860765343720387,0.5414961273588098,0.05926621709931247,460
gradient_boosting_tau_0_4,CWE-285,0.03429250172075703,1.0,0.0016485873790369697,1.0,0.998351412620963,0.0,0.06631040829120517,0.15077532779290795,0.007394630656928319,0.03582983093953247,0.5008242936895184,0.5333760802454138,0.07447189605413657,366
gradient_boosting_tau_0_4,CWE-287,0.09192624007390401,0.9979695431472081,0.0006122448979591836,0.2666666666666667,0.9993877551020407,0.002030456852791878,0.16834380448412536,0.3358672970280582,-0.011405701631197853,0.09241500919704945,0.49929089402258364,0.6178079500989154,0.18204115264016557,984
gradient_boosting_tau_0_4,CWE-311,0.0365524118921337,0.9948717948717949,0.00184645286686103,0.18095238095238095,0.9981535471331391,0.005128205128205128,0.07051349493410622,0.15933999218159883,-0.0062389419749427095,0.0382607817489616,0.4983591238693279,0.5451884529075377,0.052137156079874736,392
gradient_boosting_tau_0_4,CWE-327,0.3462454121964992,0.7426136363636363,0.9779761628654071,0.995941446088127,0.022023837134592904,0.25738636363636364,0.47153903452065427,0.6032346820930764,0.49613885390121465,0.9743882647515456,0.8602948996145218,0.86528323321379,0.4447542850294791,163
gradient_boosting_tau_0_4,CWE-330,0.3820670646629612,0.6533333333333333,0.9845169412161658,0.9950064647243734,0.015483058783834247,0.3466666666666667,0.4810442908065119,0.5708943053578759,0.48984343492850313,0.979864900311,0.8189251372747496,0.8188996220200846,0.2610603361996383,150
gradient_boosting_tau_0_4,CWE-345,0.060521785384116164,1.0,0.0,0.0,1.0,0.0,0.1141346954185138,0.24362212620546053,0.0,0.060521785384116164,0.5,0.5,0.060521785384116164,647
gradient_boosting_tau_0_4,CWE-400,0.032084730285381065,1.0,0.0,0.0,1.0,0.0,0.062174206635795315,0.1421737850874727,0.0,0.032084730285381065,0.5,0.5215803676503004,0.04048108955428166,343
gradient_boosting_tau_0_4,CWE-610,0.044619942760929475,1.0,0.0,0.0,1.0,0.0,0.085427329603935,0.18930617048893664,0.0,0.044619942760929475,0.5,0.5695849430471281,0.08753376850528267,477
gradient_boosting_tau_0_4,CWE-668,0.14091015178342564,1.0,0.0018535805331135185,1.0,0.9981464194668865,0.0,0.24700948520291105,0.4505676976327774,0.01603417604909837,0.1422776949824142,0.5009267902665567,0.5888310857750749,0.2154856578301391,1504
gradient_boosting_tau_0_4,CWE-669,0.02329491340428581,1.0,0.004217850081990206,1.0,0.9957821499180097,0.0,0.045528908054694575,0.10654397493260695,0.009876710039073169,0.02731848106612742,0.5021089250409951,0.5021089250409951,0.02329491340428581,248
gradient_boosting_tau_0_4,CWE-706,0.047100132575401014,0.996039603960396,0.0008880251910756887,0.5,0.9991119748089243,0.0039603960396039604,0.0899463574957757,0.19803747448991732,-0.014857502995694502,0.047897342161457745,0.49846381457573585,0.5611642183266292,0.09656040470283886,505
gradient_boosting_tau_0_4,CWE-74,0.3629027410789431,0.4574147121535181,0.8498323645557988,0.8937270880601828,0.15016763544420114,0.5425852878464819,0.4042467533893199,0.4344039501695363,0.28070402646154313,0.7882078751668466,0.6536235383546585,0.6662519460781426,0.3396766261027385,1679
gradient_boosting_tau_0_4,CWE-913,0.2485780885780886,0.35609756097560974,0.9785270756544403,0.9872963497483929,0.0214729243455597,0.6439024390243903,0.29187833670009844,0.32694655482754403,0.28052200399658483,0.9665906170059108,0.667312318315025,0.6695661647194189,0.2372490061758447,205
gradient_boosting_tau_0_4,CWE-923,0.03236698879445159,1.0,0.0,0.0,1.0,0.0,0.0627038569423074,0.14327990466920743,0.0,0.03236698879445159,0.5,0.5,0.03236698879445159,346
gradient_boosting_tau_0_5,CWE-20,0.21268610200678512,0.07608695652173914,0.9875035383220256,0.9596432517946608,0.01249646167797445,0.923913043478261,0.11171881127003078,0.0871920854658516,0.10449040538150489,0.9482979033964837,0.5317952474218823,0.5414961273588098,0.05926621709931247,460
gradient_boosting_tau_0_5,CWE-285,0.42354645354645354,0.06830803406145872,0.9968007483418224,0.9679267654057915,0.003199251658177492,0.9316919659385412,0.11682476752456468,0.08190070671921648,0.15838453711641207,0.9650105789762463,0.5325543912016406,0.5333760802454138,0.07447189605413657,366
gradient_boosting_tau_0_5,CWE-287,0.4145929871859714,0.27744224593390654,0.9602141947813301,0.929110401122534,0.039785805218669826,0.7225577540660935,0.33207311904234854,0.29693748251930135,0.2856616473560726,0.8973561417784242,0.6188282203576183,0.6178079500989154,0.18204115264016557,984
gradient_boosting_tau_0_5,CWE-311,0.11673350116131227,0.13252190847127557,0.9616067853771242,0.966805686850606,0.038393214622875774,0.8674780915287243,0.1231152285760019,0.1282983670239451,0.08836560129251628,0.9312005747857774,0.5470643469241999,0.5451884529075377,0.052137156079874736,392
gradient_boosting_tau_0_5,CWE-327,0.3462454121964992,0.7426136363636363,0.9779761628654071,0.995941446088127,0.022023837134592904,0.25738636363636364,0.47153903452065427,0.6032346820930764,0.49613885390121465,0.9743882647515456,0.8602948996145218,0.86528323321379,0.4447542850294791,163
gradient_boosting_tau_0_5,CWE-330,0.3820670646629612,0.6533333333333333,0.9845169412161658,0.9950064647243734,0.015483058783834247,0.3466666666666667,0.4810442908065119,0.5708943053578759,0.48984343492850313,0.979864900311,0.8189251372747496,0.8188996220200846,0.2610603361996383,150
gradient_boosting_tau_0_5,CWE-345,0.0,0.0,1.0,0.9394782146158839,0.0,1.0,0.0,0.0,0.0,0.9394782146158839,0.5,0.5,0.060521785384116164,647
gradient_boosting_tau_0_5,CWE-400,0.06428873358942318,0.08448422847399831,0.9579824647079892,0.9692879389384416,0.04201753529201075,0.9155157715260017,0.07291403131615272,0.07940531919996985,0.03775509641125037,0.9299528007300009,0.5212333465909937,0.5215803676503004,0.04048108955428166,343
gradient_boosting_tau_0_5,CWE-610,0.21952953066037528,0.1655043859649123,0.9727986464820872,0.96149913597505,0.02720135351791279,0.8344956140350878,0.1885445297907488,0.17398029517749455,0.15815844810225232,0.936793397461518,0.5691515162234998,0.5695849430471281,0.08753376850528267,477
gradient_boosting_tau_0_5,CWE-668,0.2578242970249741,0.31315836101882616,0.8524586147163417,0.8834561252142684,0.1475413852836583,0.6868416389811738,0.2827469551657983,0.3002211482430793,0.15295456059488383,0.7765895226615254,0.5828084878675839,0.5888310857750749,0.2154856578301391,1504
gradient_boosting_tau_0_5,CWE-669,0.013836345954637588,0.6,0.40238412294605463,0.9905838166634311,0.5976158770539455,0.4,0.027048863941591582,0.06333865129020592,0.005713490622412686,0.4066955990979523,0.5011920614730274,0.5021089250409951,0.02329491340428581,248
gradient_boosting_tau_0_5,CWE-706,0.2877447400960766,0.14257425742574256,0.9826215144332953,0.9585305723404517,0.017378485566704887,0.8574257425742575,0.19015536083258616,0.15838542870595917,0.17534317670335745,0.9429366568627664,0.5625978859295189,0.5611642183266292,0.09656040470283886,505
gradient_boosting_tau_0_5,CWE-74,0.38291171467464263,0.44490227434257285,0.8660666945344149,0.8933413971538513,0.1339333054655851,0.5550977256574272,0.4113795300799018,0.4307966158201064,0.29305259061404526,0.7999271381599227,0.6554844844384939,0.6662519460781426,0.3396766261027385,1679
gradient_boosting_tau_0_5,CWE-913,0.2485780885780886,0.35609756097560974,0.9785270756544403,0.9872963497483929,0.0214729243455597,0.6439024390243903,0.29187833670009844,0.32694655482754403,0.28052200399658483,0.9665906170059108,0.667312318315025,0.6695661647194189,0.2372490061758447,205
gradient_boosting_tau_0_5,CWE-923,0.006692160611854685,0.2,0.8,0.7743251718174031,0.2,0.8,0.012950971322849215,0.029510961214165264,0.0,0.7810173324292577,0.5,0.5,0.03236698879445159,346
gradient_boosting_tau_0_6,CWE-20,0.21268610200678512,0.07608695652173914,0.9875035383220256,0.9596432517946608,0.01249646167797445,0.923913043478261,0.11171881127003078,0.0871920854658516,0.10449040538150489,0.9482979033964837,0.5317952474218823,0.5414961273588098,0.05926621709931247,460
gradient_boosting_tau_0_6,CWE-285,0.479000999000999,0.06282858200666419,0.9976644719502679,0.9677730006243772,0.0023355280497321944,0.9371714179933358,0.11014967790829859,0.07585297175256593,0.1625324317008274,0.9656596285821804,0.530246526978466,0.5333760802454138,0.07447189605413657,366
gradient_boosting_tau_0_6,CWE-287,0.4191520801066539,0.27642701750751064,0.9611487727217431,0.9290849305593328,0.038851227278256927,0.7235729824924894,0.3327648626598598,0.2964547698918394,0.2874812338952687,0.8981112596184001,0.6187878951146268,0.6178079500989154,0.18204115264016557,984
gradient_boosting_tau_0_6,CWE-311,0.13330995223317618,0.13252190847127557,0.9677739915443304,0.9670078016782625,0.0322260084556696,0.8674780915287243,0.13276862173296808,0.13258555058872573,0.10025798881738428,0.937144402884666,0.550147950007803,0.5451884529075377,0.052137156079874736,392
gradient_boosting_tau_0_6,CWE-327,0.3462454121964992,0.7426136363636363,0.9779761628654071,0.995941446088127,0.022023837134592904,0.25738636363636364,0.47153903452065427,0.6032346820930764,0.49613885390121465,0.9743882647515456,0.8602948996145218,0.86528323321379,0.4447542850294791,163
gradient_boosting_tau_0_6,CWE-330,0.3820670646629612,0.6533333333333333,0.9845169412161658,0.9950064647243734,0.015483058783834247,0.3466666666666667,0.4810442908065119,0.5708943053578759,0.48984343492850313,0.979864900311,0.8189251372747496,0.8188996220200846,0.2610603361996383,150
gradient_boosting_tau_0_6,CWE-345,0.0,0.0,1.0,0.9394782146158839,0.0,1.0,0.0,0.0,0.0,0.9394782146158839,0.5,0.5,0.060521785384116164,647
gradient_boosting_tau_0_6,CWE-400,0.13189633577008036,0.043606138107416884,0.9721777565913463,0.9684178387429032,0.027822243408653673,0.9563938618925831,0.04829191949073851,0.04405551018681654,0.03665062421614741,0.9423961813943602,0.5078919473493816,0.5215803676503004,0.04048108955428166,343
gradient_boosting_tau_0_6,CWE-610,0.21952953066037528,0.1655043859649123,0.9727986464820872,0.96149913597505,0.02720135351791279,0.8344956140350878,0.1885445297907488,0.17398029517749455,0.15815844810225232,0.936793397461518,0.5691515162234998,0.5695849430471281,0.08753376850528267,477
gradient_boosting_tau_0_6,CWE-668,0.3030803141224843,0.21481506090808417,0.9166512511258065,0.8770658692687231,0.08334874887419358,0.7851849390919158,0.24720831206059612,0.22585880637380557,0.15300666230426196,0.8178433947677275,0.5657331560169453,0.5888310857750749,0.2154856578301391,1504
gradient_boosting_tau_0_6,CWE-669,0.0,0.0,1.0,0.9768012916499209,0.0,1.0,0.0,0.0,0.0,0.9768012916499209,0.5,0.5021089250409951,0.02329491340428581,248
gradient_boosting_tau_0_6,CWE-706,0.291210722124318,0.14257425742574256,0.9829133432270695,0.9585428833156862,0.01708665677293057,0.8574257425742575,0.19070252873206942,0.15852270055506185,0.17667629976416382,0.9432148209795954,0.562743800326406,0.5611642183266292,0.09656040470283886,505
gradient_boosting_tau_0_6,CWE-74,0.4017929707654761,0.43775941719971573,0.878349591930878,0.8934714512913665,0.1216504080691219,0.5622405828002843,0.4188090004606254,0.42992353661059274,0.30546424661265553,0.8091635808679598,0.6580545045652968,0.6662519460781426,0.3396766261027385,1679
gradient_boosting_tau_0_6,CWE-913,0.2485780885780886,0.35609756097560974,0.9785270756544403,0.9872963497483929,0.0214729243455597,0.6439024390243903,0.29187833670009844,0.32694655482754403,0.28052200399658483,0.9665906170059108,0.667312318315025,0.6695661647194189,0.2372490061758447,205
gradient_boosting_tau_0_6,CWE-923,0.0,0.0,1.0,0.9676330112055483,0.0,1.0,0.0,0.0,0.0,0.9676330112055483,0.5,0.5,0.03236698879445159,346
gradient_boosting_tau_0_7,CWE-20,0.21268610200678512,0.07608695652173914,0.9875035383220256,0.9596432517946608,0.01249646167797445,0.923913043478261,0.11171881127003078,0.0871920854658516,0.10449040538150489,0.9482979033964837,0.5317952474218823,0.5414961273588098,0.05926621709931247,460
gradient_boosting_tau_0_7,CWE-285,0.530949050949051,0.06282858200666419,0.9980522567297152,0.9677850250489897,0.0019477432702847877,0.9371714179933358,0.11134015409877478,0.07607372961430528,0.17216820807419583,0.9660341604173865,0.5304404193681898,0.5333760802454138,0.07447189605413657,366
gradient_boosting_tau_0_7,CWE-287,0.41982979880126337,0.27642701750751064,0.9612519186732644,0.9290915470907365,0.03874808132673553,0.7235729824924894,0.3329958505774149,0.29653049198941145,0.28783302894277246,0.8982048925772016,0.6188394680903875,0.6178079500989154,0.18204115264016557,984
gradient_boosting_tau_0_7,CWE-311,0.13330995223317618,0.13252190847127557,0.9677739915443304,0.9670078016782625,0.0322260084556696,0.8674780915287243,0.13276862173296808,0.13258555058872573,0.10025798881738428,0.937144402884666,0.550147950007803,0.5451884529075377,0.052137156079874736,392
gradient_boosting_tau_0_7,CWE-327,0.3462454121964992,0.7426136363636363,0.9779761628654071,0.995941446088127,0.022023837134592904,0.25738636363636364,0.47153903452065427,0.6032346820930764,0.49613885390121465,0.9743882647515456,0.8602948996145218,0.86528323321379,0.4447542850294791,163
gradient_boosting_tau_0_7,CWE-330,0.3820670646629612,0.6533333333333333,0.9845169412161658,0.9950064647243734,0.015483058783834247,0.3466666666666667,0.4810442908065119,0.5708943053578759,0.48984343492850313,0.979864900311,0.8189251372747496,0.8188996220200846,0.2610603361996383,150
gradient_boosting_tau_0_7,CWE-345,0.0,0.0,1.0,0.9394782146158839,0.0,1.0,0.0,0.0,0.0,0.9394782146158839,0.5,0.5,0.060521785384116164,647
gradient_boosting_tau_0_7,CWE-400,0.1915029415029415,0.023273657289002558,0.9961244814266058,0.9685191067236071,0.0038755185733942384,0.9767263427109973,0.04131216087356438,0.028194771583433496,0.055462018306686324,0.9649101168656277,0.5096990693578041,0.5215803676503004,0.04048108955428166,343
gradient_boosting_tau_0_7,CWE-610,0.21952953066037528,0.1655043859649123,0.9727986464820872,0.96149913597505,0.02720135351791279,0.8344956140350878,0.1885445297907488,0.17398029517749455,0.15815844810225232,0.936793397461518,0.5691515162234998,0.5695849430471281,0.08753376850528267,477
gradient_boosting_tau_0_7,CWE-668,0.5747664132295073,0.07580509413067553,0.9910685223369832,0.8675405772136375,0.008931477663016765,0.9241949058693244,0.13375024385922601,0.09169189129965506,0.17170194275029158,0.8622876610040893,0.5334368082338294,0.5888310857750749,0.2154856578301391,1504
gradient_boosting_tau_0_7,CWE-669,0.0,0.0,1.0,0.9768012916499209,0.0,1.0,0.0,0.0,0.0,0.9768012916499209,0.5,0.5021089250409951,0.02329491340428581,248
gradient_boosting_tau_0_7,CWE-706,0.3047892578040671,0.14257425742574256,0.9841856124349171,0.9585944482748647,0.01581438756508303,0.8574257425742575,0.1938351605265567,0.15940621625497076,0.18249583973657826,0.9444271718201145,0.5633799349303298,0.5611642183266292,0.09656040470283886,505
gradient_boosting_tau_0_7,CWE-74,0.4884980971440062,0.29959310589907606,0.9409895926924543,0.8782166398790187,0.059010407307545754,0.7004068941009238,0.3705242187940959,0.3243315513243091,0.29672585512905814,0.8402458678267436,0.6202913492957651,0.6662519460781426,0.3396766261027385,1679
gradient_boosting_tau_0_7,CWE-913,0.2460691280046119,0.35121951219512193,0.9785270756544403,0.9871991386200978,0.0214729243455597,0.6487804878048781,0.28851761974714846,0.32279466991077665,0.2769357136800078,0.9664950147114556,0.6648732939247811,0.6695661647194189,0.2372490061758447,205
gradient_boosting_tau_0_7,CWE-923,0.0,0.0,1.0,0.9676330112055483,0.0,1.0,0.0,0.0,0.0,0.9676330112055483,0.5,0.5,0.03236698879445159,346
gradient_boosting_tau_0_8,CWE-20,0.21268610200678512,0.07608695652173914,0.9875035383220256,0.9596432517946608,0.01249646167797445,0.923913043478261,0.11171881127003078,0.0871920854658516,0.10449040538150489,0.9482979033964837,0.5317952474218823,0.5414961273588098,0.05926621709931247,460
gradient_boosting_tau_0_8,CWE-285,0.5652347652347652,0.06282858200666419,0.998244842189513,0.967791116328996,0.0017551578104870024,0.9371714179933358,0.11172476948339016,0.07614129489926187,0.17744174822534858,0.9662202069290144,0.5305367120980886,0.5333760802454138,0.07447189605413657,366
gradient_boosting_tau_0_8,CWE-287,0.42203326209164266,0.27236610380192683,0.9620737904068918,0.9287742235181726,0.037926209593108245,0.7276338961980732,0.33076173826173827,0.29302148536322503,0.28665630949964577,0.8985768298795229,0.6172199471044093,0.6178079500989154,0.18204115264016557,984
gradient_boosting_tau_0_8,CWE-311,0.1476190476190476,0.02044790652385589,0.9924192736088682,0.9637970280440354,0.007580726391131949,0.9795520934761441,0.027863549824334134,0.022474788534428868,0.03247480640160164,0.9567797235719157,0.506433590066362,0.5451884529075377,0.052137156079874736,392
gradient_boosting_tau_0_8,CWE-327,0.4559097108565194,0.7056818181818182,0.986721604061527,0.9954054456118003,0.013278395938472968,0.2943181818181818,0.5530033134497542,0.6350595238095238,0.5585344675816135,0.9824396445513386,0.8462017111216726,0.86528323321379,0.4447542850294791,163
gradient_boosting_tau_0_8,CWE-330,0.3820670646629612,0.6533333333333333,0.9845169412161658,0.9950064647243734,0.015483058783834247,0.3466666666666667,0.4810442908065119,0.5708943053578759,0.48984343492850313,0.979864900311,0.8189251372747496,0.8188996220200846,0.2610603361996383,150
gradient_boosting_tau_0_8,CWE-345,0.0,0.0,1.0,0.9394782146158839,0.0,1.0,0.0,0.0,0.0,0.9394782146158839,0.5,0.5,0.060521785384116164,647
gradient_boosting_tau_0_8,CWE-400,0.10578865578865579,0.014578005115089516,0.9965076231890577,0.9682608669202626,0.0034923768109421313,0.9854219948849104,0.025522687189353854,0.017594064869652575,0.029743038063129234,0.9650028382379039,0.5055428141520737,0.5215803676503004,0.04048108955428166,343
gradient_boosting_tau_0_8,CWE-610,0.21952953066037528,0.1655043859649123,0.9727986464820872,0.96149913597505,0.02720135351791279,0.8344956140350878,0.1885445297907488,0.17398029517749455,0.15815844810225232,0.936793397461518,0.5691515162234998,0.5695849430471281,0.08753376850528267,477
gradient_boosting_tau_0_8,CWE-668,0.6213157894736842,0.0618405315614618,0.9938937381221491,0.8661397437686519,0.006106261877850951,0.9381594684385381,0.11225941284062446,0.07538002891263207,0.16435904040628108,0.8627559600888753,0.5278671348418055,0.5888310857750749,0.2154856578301391,1504
gradient_boosting_tau_0_8,CWE-669,0.0,0.0,1.0,0.9768012916499209,0.0,1.0,0.0,0.0,0.0,0.9768012916499209,0.5,0.5021089250409951,0.02329491340428581,248
gradient_boosting_tau_0_8,CWE-706,0.3047892578040671,0.14257425742574256,0.9841856124349171,0.9585944482748647,0.01581438756508303,0.8574257425742575,0.1938351605265567,0.15940621625497076,0.18249583973657826,0.9444271718201145,0.5633799349303298,0.5611642183266292,0.09656040470283886,505
gradient_boosting_tau_0_8,CWE-74,0.5889188518474614,0.21440653873489693,0.9719436330379413,0.8691169630246364,0.028056366962058665,0.7855934612651031,0.3138858403573488,0.2455038910261799,0.29190863834043784,0.8529590888190264,0.5931750858864191,0.6662519460781426,0.3396766261027385,1679
gradient_boosting_tau_0_8,CWE-913,0.2460691280046119,0.35121951219512193,0.9785270756544403,0.9871991386200978,0.0214729243455597,0.6487804878048781,0.28851761974714846,0.32279466991077665,0.2769357136800078,0.9664950147114556,0.6648732939247811,0.6695661647194189,0.2372490061758447,205
gradient_boosting_tau_0_8,CWE-923,0.0,0.0,1.0,0.9676330112055483,0.0,1.0,0.0,0.0,0.0,0.9676330112055483,0.5,0.5,0.03236698879445159,346
gradient_boosting_tau_0_9,CWE-20,0.0,0.0,1.0,0.9569714846666713,0.0,1.0,0.0,0.0,0.0,0.9569714846666713,0.5,0.5414961273588098,0.05926621709931247,460
gradient_boosting_tau_0_9,CWE-285,0.6078571428571429,0.06008885597926694,0.9987403823282642,0.9677167102416238,0.0012596176717357636,0.939911144020733,0.1087662093025008,0.07318360122984519,0.18246830558064112,0.9666054970290133,0.5294146191537656,0.5333760802454138,0.07447189605413657,366
gradient_boosting_tau_0_9,CWE-287,0.025,0.001015228426395939,0.9992779783393502,0.907980516544372,0.0007220216606498196,0.998984771573604,0.001951219512195122,0.0012562814070351757,0.001388881521192028,0.9073940785392468,0.5001466033828731,0.6178079500989154,0.18204115264016557,984
gradient_boosting_tau_0_9,CWE-311,0.0,0.0,0.999326553032039,0.963307407372986,0.0006734469679609237,1.0,0.0,0.0,-0.002885838943085942,0.9626819289447297,0.4996632765160195,0.5451884529075377,0.052137156079874736,392
gradient_boosting_tau_0_9,CWE-327,0.4559097108565194,0.7056818181818182,0.986721604061527,0.9954054456118003,0.013278395938472968,0.2943181818181818,0.5530033134497542,0.6350595238095238,0.5585344675816135,0.9824396445513386,0.8462017111216726,0.86528323321379,0.4447542850294791,163
gradient_boosting_tau_0_9,CWE-330,0.3820670646629612,0.6533333333333333,0.9845169412161658,0.9950064647243734,0.015483058783834247,0.3466666666666667,0.4810442908065119,0.5708943053578759,0.48984343492850313,0.979864900311,0.8189251372747496,0.8188996220200846,0.2610603361996383,150
gradient_boosting_tau_0_9,CWE-345,0.0,0.0,1.0,0.9394782146158839,0.0,1.0,0.0,0.0,0.0,0.9394782146158839,0.5,0.5,0.060521785384116164,647
gradient_boosting_tau_0_9,CWE-400,0.0,0.0,1.0,0.9679152697146189,0.0,1.0,0.0,0.0,0.0,0.9679152697146189,0.5,0.5215803676503004,0.04048108955428166,343
gradient_boosting_tau_0_9,CWE-610,0.37756132756132754,0.04394736842105264,0.9968740909396067,0.9571350730031847,0.003125909060393388,0.9560526315789474,0.07843607663164334,0.053322301649006476,0.11631501781760951,0.9543596704754712,0.5204107296803296,0.5695849430471281,0.08753376850528267,477
gradient_boosting_tau_0_9,CWE-668,0.47959511077158135,0.024606866002214837,0.9972727578723587,0.8619785293369089,0.002727242127641347,0.9753931339977852,0.04671694265672793,0.030352440189472203,0.08943472514649778,0.8604329102448695,0.5109398119372868,0.5888310857750749,0.2154856578301391,1504
gradient_boosting_tau_0_9,CWE-669,0.0,0.0,1.0,0.9768012916499209,0.0,1.0,0.0,0.0,0.0,0.9768012916499209,0.5,0.5021089250409951,0.02329491340428581,248
gradient_boosting_tau_0_9,CWE-706,0.5638095238095238,0.0297029702970297,0.9987268881561366,0.9540515971376603,0.0012731118438633672,0.9702970297029703,0.05612201529147394,0.0365918541455344,0.11931500769337841,0.9529589840963963,0.5142149292265832,0.5611642183266292,0.09656040470283886,505
gradient_boosting_tau_0_9,CWE-74,0.0,0.0,1.0,0.8429451001549019,0.0,1.0,0.0,0.0,0.0,0.8429451001549019,0.5,0.6662519460781426,0.3396766261027385,1679
gradient_boosting_tau_0_9,CWE-913,0.6111974789915966,0.24390243902439024,0.9969498857282263,0.9853833819001231,0.003050114271773803,0.7560975609756098,0.34765373143017364,0.27689035030340436,0.3784079288146437,0.9825032393240463,0.6204261623763083,0.6695661647194189,0.2372490061758447,205
gradient_boosting_tau_0_9,CWE-923,0.0,0.0,1.0,0.9676330112055483,0.0,1.0,0.0,0.0,0.0,0.9676330112055483,0.5,0.5,0.03236698879445159,346
xgboost_tau_0_1,CWE-20,0.04302851533332869,1.0,0.0,0.0,1.0,0.0,0.08250644449845415,0.18354780924462313,0.0,0.04302851533332869,0.5,0.5394691549003501,0.060228641208365484,460
xgboost_tau_0_1,CWE-285,0.034237793808944136,1.0,0.0,0.0,1.0,0.0,0.06620813769518528,0.1505638723239683,0.0,0.034237793808944136,0.5,0.5320102350195166,0.07422527536058962,366
xgboost_tau_0_1,CWE-287,0.09204412370794421,1.0,0.0,0.0,1.0,0.0,0.16857022445771533,0.3363653162068984,0.0,0.09204412370794421,0.5,0.6186348516002089,0.18509338190138852,984
xgboost_tau_0_1,CWE-311,0.036669021449336134,1.0,0.0,0.0,1.0,0.0,0.07074334675382823,0.1598883573867662,0.0,0.036669021449336134,0.5,0.5451909279100127,0.05384655778927645,392
xgboost_tau_0_1,CWE-327,0.015247787038485745,1.0,0.0,0.0,1.0,0.0,0.030037364610284768,0.07185455649063392,0.0,0.015247787038485745,0.5,0.864073227732096,0.42257232309051335,163
xgboost_tau_0_1,CWE-330,0.014031037608694138,1.0,0.0,0.0,1.0,0.0,0.027673732673630373,0.06642657948444086,0.0,0.014031037608694138,0.5,0.8188378175505712,0.2597402720202521,150
xgboost_tau_0_1,CWE-345,0.060521785384116164,1.0,0.0,0.0,1.0,0.0,0.1141346954185138,0.24362212620546053,0.0,0.060521785384116164,0.5,0.5023136553369112,0.06487002035458436,647
xgboost_tau_0_1,CWE-400,0.032084730285381065,1.0,0.0,0.0,1.0,0.0,0.062174206635795315,0.1421737850874727,0.0,0.032084730285381065,0.5,0.5215803676503004,0.04048108955428166,343
xgboost_tau_0_1,CWE-610,0.044619942760929475,1.0,0.0,0.0,1.0,0.0,0.085427329603935,0.18930617048893664,0.0,0.044619942760929475,0.5,0.5694167899978954,0.08461923057683116,477
xgboost_tau_0_1,CWE-668,0.1406853559682882,1.0,0.0,0.0,1.0,0.0,0.24666418907457874,0.45010835023136986,0.0,0.1406853559682882,0.5,0.5869888637362761,0.2110969932156551,1504
xgboost_tau_0_1,CWE-669,0.023230806432635597,1.0,0.0014235551685040106,0.4,0.998576444831496,0.0,0.04540650095054808,0.10627604647494775,0.003604736633304699,0.024589528934223732,0.500711777584252,0.5021089250409951,0.02329491340428581,248
xgboost_tau_0_1,CWE-706,0.04723782661593693,1.0,0.0,0.0,1.0,0.0,0.09021361266923807,0.19864977289217708,0.0,0.04723782661593693,0.5,0.5640204456079501,0.10333654979441609,505
xgboost_tau_0_1,CWE-74,0.15705489984509802,1.0,0.0,0.0,1.0,0.0,0.2714689057230434,0.4822736800757169,0.0,0.15705489984509802,0.5,0.6662085280546083,0.33923233168195815,1679
xgboost_tau_0_1,CWE-913,0.019175751398548654,1.0,0.0,0.0,1.0,0.0,0.03762982762121044,0.08904768195177235,0.0,0.019175751398548654,0.5,0.6694222833297516,0.22114611046311553,205
xgboost_tau_0_1,CWE-923,0.03236698879445159,1.0,0.0,0.0,1.0,0.0,0.0627038569423074,0.14327990466920743,0.0,0.03236698879445159,0.5,0.5,0.03236698879445159,346
xgboost_tau_0_2,CWE-20,0.04302851533332869,1.0,0.0,0.0,1.0,0.0,0.08250644449845415,0.18354780924462313,0.0,0.04302851533332869,0.5,0.5394691549003501,0.060228641208365484,460
xgboost_tau_0_2,CWE-285,0.034237793808944136,1.0,0.0,0.0,1.0,0.0,0.06620813769518528,0.1505638723239683,0.0,0.034237793808944136,0.5,0.5320102350195166,0.07422527536058962,366
xgboost_tau_0_2,CWE-287,0.09204412370794421,1.0,0.0,0.0,1.0,0.0,0.16857022445771533,0.3363653162068984,0.0,0.09204412370794421,0.5,0.6186348516002089,0.18509338190138852,984
xgboost_tau_0_2,CWE-311,0.036669021449336134,1.0,0.0,0.0,1.0,0.0,0.07074334675382823,0.1598883573867662,0.0,0.036669021449336134,0.5,0.5451909279100127,0.05384655778927645,392
xgboost_tau_0_2,CWE-327,0.015247787038485745,1.0,0.0,0.0,1.0,0.0,0.030037364610284768,0.07185455649063392,0.0,0.015247787038485745,0.5,0.864073227732096,0.42257232309051335,163
xgboost_tau_0_2,CWE-330,0.014031037608694138,1.0,0.0,0.0,1.0,0.0,0.027673732673630373,0.06642657948444086,0.0,0.014031037608694138,0.5,0.8188378175505712,0.2597402720202521,150
xgboost_tau_0_2,CWE-345,0.060521785384116164,1.0,0.0,0.0,1.0,0.0,0.1141346954185138,0.24362212620546053,0.0,0.060521785384116164,0.5,0.5023136553369112,0.06487002035458436,647
xgboost_tau_0_2,CWE-400,0.032084730285381065,1.0,0.0,0.0,1.0,0.0,0.062174206635795315,0.1421737850874727,0.0,0.032084730285381065,0.5,0.5215803676503004,0.04048108955428166,343
xgboost_tau_0_2,CWE-610,0.044619942760929475,1.0,0.0,0.0,1.0,0.0,0.085427329603935,0.18930617048893664,0.0,0.044619942760929475,0.5,0.5694167899978954,0.08461923057683116,477
xgboost_tau_0_2,CWE-668,0.1406853559682882,1.0,0.0,0.0,1.0,0.0,0.24666418907457874,0.45010835023136986,0.0,0.1406853559682882,0.5,0.5869888637362761,0.2110969932156551,1504
xgboost_tau_0_2,CWE-669,0.02329491340428581,1.0,0.004217850081990206,1.0,0.9957821499180097,0.0,0.045528908054694575,0.10654397493260695,0.009876710039073169,0.02731848106612742,0.5021089250409951,0.5021089250409951,0.02329491340428581,248
xgboost_tau_0_2,CWE-706,0.04723782661593693,1.0,0.0,0.0,1.0,0.0,0.09021361266923807,0.19864977289217708,0.0,0.04723782661593693,0.5,0.5640204456079501,0.10333654979441609,505
xgboost_tau_0_2,CWE-74,0.15705489984509802,1.0,0.0,0.0,1.0,0.0,0.2714689057230434,0.4822736800757169,0.0,0.15705489984509802,0.5,0.6662085280546083,0.33923233168195815,1679
xgboost_tau_0_2,CWE-913,0.019175751398548654,1.0,0.0,0.0,1.0,0.0,0.03762982762121044,0.08904768195177235,0.0,0.019175751398548654,0.5,0.6694222833297516,0.22114611046311553,205
xgboost_tau_0_2,CWE-923,0.03236698879445159,1.0,0.0,0.0,1.0,0.0,0.0627038569423074,0.14327990466920743,0.0,0.03236698879445159,0.5,0.5,0.03236698879445159,346
xgboost_tau_0_3,CWE-20,0.04302851533332869,1.0,0.0,0.0,1.0,0.0,0.08250644449845415,0.18354780924462313,0.0,0.04302851533332869,0.5,0.5394691549003501,0.060228641208365484,460
xgboost_tau_0_3,CWE-285,0.034237793808944136,1.0,0.0,0.0,1.0,0.0,0.06620813769518528,0.1505638723239683,0.0,0.034237793808944136,0.5,0.5320102350195166,0.07422527536058962,366
xgboost_tau_0_3,CWE-287,0.09204412370794421,1.0,0.0,0.0,1.0,0.0,0.16857022445771533,0.3363653162068984,0.0,0.09204412370794421,0.5,0.6186348516002089,0.18509338190138852,984
xgboost_tau_0_3,CWE-311,0.036669021449336134,1.0,0.0,0.0,1.0,0.0,0.07074334675382823,0.1598883573867662,0.0,0.036669021449336134,0.5,0.5451909279100127,0.05384655778927645,392
xgboost_tau_0_3,CWE-327,0.32789869447764186,0.7426136363636363,0.9760774519282451,0.9959338615638309,0.023922548071754857,0.25738636363636364,0.45403497512905416,0.5914200009001529,0.4819092493561599,0.9725183653876661,0.8593455441459408,0.864073227732096,0.42257232309051335,163
xgboost_tau_0_3,CWE-330,0.3002423777219952,0.7066666666666667,0.7873471298954111,0.7957690958015898,0.21265287010458897,0.29333333333333333,0.3792318047917435,0.4562031876445268,0.38002046493370917,0.786190481706349,0.7470068982810388,0.8188378175505712,0.2597402720202521,150
xgboost_tau_0_3,CWE-345,0.060521785384116164,1.0,0.0,0.0,1.0,0.0,0.1141346954185138,0.24362212620546053,0.0,0.060521785384116164,0.5,0.5023136553369112,0.06487002035458436,647
xgboost_tau_0_3,CWE-400,0.032084730285381065,1.0,0.0,0.0,1.0,0.0,0.062174206635795315,0.1421737850874727,0.0,0.032084730285381065,0.5,0.5215803676503004,0.04048108955428166,343
xgboost_tau_0_3,CWE-610,0.044619942760929475,1.0,0.0,0.0,1.0,0.0,0.085427329603935,0.18930617048893664,0.0,0.044619942760929475,0.5,0.5694167899978954,0.08461923057683116,477
xgboost_tau_0_3,CWE-668,0.1406853559682882,1.0,0.0,0.0,1.0,0.0,0.24666418907457874,0.45010835023136986,0.0,0.1406853559682882,0.5,0.5869888637362761,0.2110969932156551,1504
xgboost_tau_0_3,CWE-669,0.02329491340428581,1.0,0.004217850081990206,1.0,0.9957821499180097,0.0,0.045528908054694575,0.10654397493260695,0.009876710039073169,0.02731848106612742,0.5021089250409951,0.5021089250409951,0.02329491340428581,248
xgboost_tau_0_3,CWE-706,0.04723782661593693,1.0,0.0,0.0,1.0,0.0,0.09021361266923807,0.19864977289217708,0.0,0.04723782661593693,0.5,0.5640204456079501,0.10333654979441609,505
xgboost_tau_0_3,CWE-74,0.15705489984509802,1.0,0.0,0.0,1.0,0.0,0.2714689057230434,0.4822736800757169,0.0,0.15705489984509802,0.5,0.6662085280546083,0.33923233168195815,1679
xgboost_tau_0_3,CWE-913,0.019175751398548654,1.0,0.0,0.0,1.0,0.0,0.03762982762121044,0.08904768195177235,0.0,0.019175751398548654,0.5,0.6694222833297516,0.22114611046311553,205
xgboost_tau_0_3,CWE-923,0.03236698879445159,1.0,0.0,0.0,1.0,0.0,0.0627038569423074,0.14327990466920743,0.0,0.03236698879445159,0.5,0.5,0.03236698879445159,346
xgboost_tau_0_4,CWE-20,0.04302851533332869,1.0,0.0,0.0,1.0,0.0,0.08250644449845415,0.18354780924462313,0.0,0.04302851533332869,0.5,0.5394691549003501,0.060228641208365484,460
xgboost_tau_0_4,CWE-285,0.03424411661869685,1.0,0.00019258545979778527,0.2,0.9998074145402022,0.0,0.06621996606313583,0.15058837521732366,0.0011441185756726,0.03442384032057204,0.5000962927298989,0.5320102350195166,0.07422527536058962,366
xgboost_tau_0_4,CWE-287,0.09196826858992883,0.998984771573604,0.00010204081632653062,0.1,0.9998979591836734,0.001015228426395939,0.16842862151237406,0.33607098595820606,-0.00864335845118407,0.09204412370794421,0.4995434061949653,0.6186348516002089,0.18509338190138852,984
xgboost_tau_0_4,CWE-311,0.0365524118921337,0.9948717948717949,0.00184645286686103,0.18095238095238095,0.9981535471331391,0.005128205128205128,0.07051349493410622,0.15933999218159883,-0.0062389419749427095,0.0382607817489616,0.4983591238693279,0.5451909279100127,0.05384655778927645,392
xgboost_tau_0_4,CWE-327,0.32789869447764186,0.7426136363636363,0.9760774519282451,0.9959338615638309,0.023922548071754857,0.25738636363636364,0.45403497512905416,0.5914200009001529,0.4819092493561599,0.9725183653876661,0.8593455441459408,0.864073227732096,0.42257232309051335,163
xgboost_tau_0_4,CWE-330,0.3820670646629612,0.6533333333333333,0.9845169412161658,0.9950064647243734,0.015483058783834247,0.3466666666666667,0.4810442908065119,0.5708943053578759,0.48984343492850313,0.979864900311,0.8189251372747496,0.8188378175505712,0.2597402720202521,150
xgboost_tau_0_4,CWE-345,0.060521785384116164,1.0,0.0,0.0,1.0,0.0,0.1141346954185138,0.24362212620546053,0.0,0.060521785384116164,0.5,0.5023136553369112,0.06487002035458436,647
xgboost_tau_0_4,CWE-400,0.032084730285381065,1.0,0.0,0.0,1.0,0.0,0.062174206635795315,0.1421737850874727,0.0,0.032084730285381065,0.5,0.5215803676503004,0.04048108955428166,343
xgboost_tau_0_4,CWE-610,0.044619942760929475,1.0,0.0,0.0,1.0,0.0,0.085427329603935,0.18930617048893664,0.0,0.044619942760929475,0.5,0.5694167899978954,0.08461923057683116,477
xgboost_tau_0_4,CWE-668,0.1406853559682882,1.0,0.0,0.0,1.0,0.0,0.24666418907457874,0.45010835023136986,0.0,0.1406853559682882,0.5,0.5869888637362761,0.2110969932156551,1504
xgboost_tau_0_4,CWE-669,0.02329491340428581,1.0,0.004217850081990206,1.0,0.9957821499180097,0.0,0.045528908054694575,0.10654397493260695,0.009876710039073169,0.02731848106612742,0.5021089250409951,0.5021089250409951,0.02329491340428581,248
xgboost_tau_0_4,CWE-706,0.04723782661593693,1.0,0.0,0.0,1.0,0.0,0.09021361266923807,0.19864977289217708,0.0,0.04723782661593693,0.5,0.5640204456079501,0.10333654979441609,505
xgboost_tau_0_4,CWE-74,0.3629027410789431,0.4574147121535181,0.8498323645557988,0.8937270880601828,0.15016763544420114,0.5425852878464819,0.4042467533893199,0.4344039501695363,0.28070402646154313,0.7882078751668466,0.6536235383546585,0.6662085280546083,0.33923233168195815,1679
xgboost_tau_0_4,CWE-913,0.20995542241717485,0.4878048780487805,0.7834420094918694,0.7898788461615922,0.2165579905081306,0.5121951219512195,0.24700321658240432,0.2837417892654738,0.230271828056878,0.7777171816790679,0.635623443770325,0.6694222833297516,0.22114611046311553,205
xgboost_tau_0_4,CWE-923,0.03236698879445159,1.0,0.0,0.0,1.0,0.0,0.0627038569423074,0.14327990466920743,0.0,0.03236698879445159,0.5,0.5,0.03236698879445159,346
xgboost_tau_0_5,CWE-20,0.14296161550584327,0.08260869565217391,0.9780240561672944,0.959547521539673,0.021975943832705725,0.9173913043478261,0.1045398163278958,0.09015781276789232,0.07878749684705527,0.9395102089568811,0.5303163759097341,0.5394691549003501,0.060228641208365484,460
xgboost_tau_0_5,CWE-285,0.35238095238095235,0.06830803406145872,0.9953447464225833,0.9678810655191608,0.004655253577416677,0.9316919659385412,0.11303862803862803,0.08112948211807294,0.14087096822927142,0.9636045883572859,0.531826390242021,0.5320102350195166,0.07422527536058962,366
xgboost_tau_0_5,CWE-287,0.4136465451181164,0.27744224593390654,0.9601134242483443,0.92910311446069,0.03988657575165568,0.7225577540660935,0.3318721145960611,0.2968867552610237,0.2852467480678015,0.8972643379285852,0.6187778350911255,0.6186348516002089,0.18509338190138852,984
xgboost_tau_0_5,CWE-311,0.11673350116131227,0.13252190847127557,0.9616067853771242,0.966805686850606,0.038393214622875774,0.8674780915287243,0.1231152285760019,0.1282983670239451,0.08836560129251628,0.9312005747857774,0.5470643469241999,0.5451909279100127,0.05384655778927645,392
xgboost_tau_0_5,CWE-327,0.32789869447764186,0.7426136363636363,0.9760774519282451,0.9959338615638309,0.023922548071754857,0.25738636363636364,0.45403497512905416,0.5914200009001529,0.4819092493561599,0.9725183653876661,0.8593455441459408,0.864073227732096,0.42257232309051335,163
xgboost_tau_0_5,CWE-330,0.3820670646629612,0.6533333333333333,0.9845169412161658,0.9950064647243734,0.015483058783834247,0.3466666666666667,0.4810442908065119,0.5708943053578759,0.48984343492850313,0.979864900311,0.8189251372747496,0.8188378175505712,0.2597402720202521,150
xgboost_tau_0_5,CWE-345,0.2240148354195642,0.4015503875968992,0.6,0.5635810694023402,0.4,0.5984496124031008,0.04838631187380882,0.09875644050662662,0.01707300183782166,0.5876015184138137,0.5007751937984496,0.5023136553369112,0.06487002035458436,647
xgboost_tau_0_5,CWE-400,0.06428873358942318,0.08448422847399831,0.9579824647079892,0.9692879389384416,0.04201753529201075,0.9155157715260017,0.07291403131615272,0.07940531919996985,0.03775509641125037,0.9299528007300009,0.5212333465909937,0.5215803676503004,0.04048108955428166,343
xgboost_tau_0_5,CWE-610,0.21952953066037528,0.1655043859649123,0.9727986464820872,0.96149913597505,0.02720135351791279,0.8344956140350878,0.1885445297907488,0.17398029517749455,0.15815844810225232,0.936793397461518,0.5691515162234998,0.5694167899978954,0.08461923057683116,477
xgboost_tau_0_5,CWE-668,0.2553106784722621,0.31315836101882616,0.850497333590875,0.8832186329951176,0.14950266640912502,0.6868416389811738,0.28122489064477785,0.2995312478323877,0.1505580118700444,0.7749044622751231,0.5818278473048506,0.5869888637362761,0.2110969932156551,1504
xgboost_tau_0_5,CWE-669,0.01868748510151195,0.8,0.20335536805036586,0.9954119850187265,0.7966446319496342,0.2,0.0365215551135181,0.08545056124341194,0.007883264749344884,0.2172997544743671,0.5016776840251829,0.5021089250409951,0.02329491340428581,248
xgboost_tau_0_5,CWE-706,0.26944065571899384,0.14653465346534653,0.9806564341426602,0.9586355894870191,0.0193435658573398,0.8534653465346536,0.18940307361333358,0.16107987099495774,0.17012726300003028,0.9412508406107735,0.5635955438040033,0.5640204456079501,0.10333654979441609,505
xgboost_tau_0_5,CWE-74,0.3832290910301041,0.445499289267946,0.8660666945344149,0.8934429389725882,0.1339333054655851,0.554500710732054,0.4118159434607673,0.43132335267865046,0.29355561480765424,0.800019859532199,0.6557829919011804,0.6662085280546083,0.33923233168195815,1679
xgboost_tau_0_5,CWE-913,0.2485780885780886,0.35609756097560974,0.9785270756544403,0.9872963497483929,0.0214729243455597,0.6439024390243903,0.29187833670009844,0.32694655482754403,0.28052200399658483,0.9665906170059108,0.667312318315025,0.6694222833297516,0.22114611046311553,205
xgboost_tau_0_5,CWE-923,0.01927705349553153,0.6,0.4,0.3869100647010799,0.6,0.4,0.037353963786574094,0.08540889413321724,0.0,0.4061871181966114,0.5,0.5,0.03236698879445159,346
xgboost_tau_0_6,CWE-20,0.1727885374769778,0.07608695652173914,0.9817611021721369,0.9594143556771796,0.01823889782786311,0.923913043478261,0.10394853768783667,0.08507739186771754,0.0866662746965067,0.9428015517414121,0.5289240293469379,0.5394691549003501,0.060228641208365484,460
xgboost_tau_0_6,CWE-285,0.35238095238095235,0.06830803406145872,0.9953447464225833,0.9678810655191608,0.004655253577416677,0.9316919659385412,0.11303862803862803,0.08112948211807294,0.14087096822927142,0.9636045883572859,0.531826390242021,0.5320102350195166,0.07422527536058962,366
xgboost_tau_0_6,CWE-287,0.4191520801066539,0.27642701750751064,0.9611487727217431,0.9290849305593328,0.038851227278256927,0.7235729824924894,0.3327648626598598,0.2964547698918394,0.2874812338952687,0.8981112596184001,0.6187878951146268,0.6186348516002089,0.18509338190138852,984
xgboost_tau_0_6,CWE-311,0.13330995223317618,0.13252190847127557,0.9677739915443304,0.9670078016782625,0.0322260084556696,0.8674780915287243,0.13276862173296808,0.13258555058872573,0.10025798881738428,0.937144402884666,0.550147950007803,0.5451909279100127,0.05384655778927645,392
xgboost_tau_0_6,CWE-327,0.3333334680374154,0.7426136363636363,0.9765521533764169,0.9959356308521959,0.02344784662358317,0.25738636363636364,0.4590043855736444,0.5946190237589472,0.4859704632231134,0.9729859204786859,0.8595828948700266,0.864073227732096,0.42257232309051335,163
xgboost_tau_0_6,CWE-330,0.3820670646629612,0.6533333333333333,0.9845169412161658,0.9950064647243734,0.015483058783834247,0.3466666666666667,0.4810442908065119,0.5708943053578759,0.48984343492850313,0.979864900311,0.8189251372747496,0.8188378175505712,0.2597402720202521,150
xgboost_tau_0_6,CWE-345,0.4,0.004627310673822302,1.0,0.9397406620306683,0.0,0.9953726893261777,0.009137529137529138,0.005765653601310242,0.04113194545885195,0.9397572903192379,0.5023136553369112,0.5023136553369112,0.06487002035458436,647
xgboost_tau_0_6,CWE-400,0.13189633577008036,0.043606138107416884,0.9721777565913463,0.9684178387429032,0.027822243408653673,0.9563938618925831,0.04829191949073851,0.04405551018681654,0.03665062421614741,0.9423961813943602,0.5078919473493816,0.5215803676503004,0.04048108955428166,343
xgboost_tau_0_6,CWE-610,0.21952953066037528,0.1655043859649123,0.9727986464820872,0.96149913597505,0.02720135351791279,0.8344956140350878,0.1885445297907488,0.17398029517749455,0.15815844810225232,0.936793397461518,0.5691515162234998,0.5694167899978954,0.08461923057683116,477
xgboost_tau_0_6,CWE-668,0.3192048814112033,0.19547951273532668,0.9313716552169449,0.8760789172224109,0.06862834478305498,0.8045204872646734,0.2422406683776884,0.21181012892649584,0.1573189573969497,0.8278354654437827,0.5634255839761358,0.5869888637362761,0.2110969932156551,1504
xgboost_tau_0_6,CWE-669,0.0,0.0,1.0,0.9768012916499209,0.0,1.0,0.0,0.0,0.0,0.9768012916499209,0.5,0.5021089250409951,0.02329491340428581,248
xgboost_tau_0_6,CWE-706,0.26944065571899384,0.14653465346534653,0.9806564341426602,0.9586355894870191,0.0193435658573398,0.8534653465346536,0.18940307361333358,0.16107987099495774,0.17012726300003028,0.9412508406107735,0.5635955438040033,0.5640204456079501,0.10333654979441609,505
xgboost_tau_0_6,CWE-74,0.3975002304682453,0.43775941719971573,0.8759346632810427,0.8932060000737735,0.12406533671895725,0.5622405828002843,0.41634374486880477,0.42884655452095244,0.3019105415484923,0.8071237106778811,0.6568470402403792,0.6662085280546083,0.33923233168195815,1679
xgboost_tau_0_6,CWE-913,0.2460691280046119,0.35121951219512193,0.9785270756544403,0.9871991386200978,0.0214729243455597,0.6487804878048781,0.28851761974714846,0.32279466991077665,0.2769357136800078,0.9664950147114556,0.6648732939247811,0.6694222833297516,0.22114611046311553,205
xgboost_tau_0_6,CWE-923,0.0,0.0,1.0,0.9676330112055483,0.0,1.0,0.0,0.0,0.0,0.9676330112055483,0.5,0.5,0.03236698879445159,346
xgboost_tau_0_7,CWE-20,0.21268610200678512,0.07608695652173914,0.9875035383220256,0.9596432517946608,0.01249646167797445,0.923913043478261,0.11171881127003078,0.0871920854658516,0.10449040538150489,0.9482979033964837,0.5317952474218823,0.5394691549003501,0.060228641208365484,460
xgboost_tau_0_7,CWE-285,0.43900099900099904,0.06282858200666419,0.9971846255011314,0.9677576338032055,0.0028153744988684707,0.9371714179933358,0.1095318218687558,0.07574148157485058,0.1555536338476443,0.9651960217207989,0.5300066037538979,0.5320102350195166,0.07422527536058962,366
xgboost_tau_0_7,CWE-287,0.41982979880126337,0.27642701750751064,0.9612519186732644,0.9290915470907365,0.03874808132673553,0.7235729824924894,0.3329958505774149,0.29653049198941145,0.28783302894277246,0.8982048925772016,0.6188394680903875,0.6186348516002089,0.18509338190138852,984
xgboost_tau_0_7,CWE-311,0.13330995223317618,0.13252190847127557,0.9677739915443304,0.9670078016782625,0.0322260084556696,0.8674780915287243,0.13276862173296808,0.13258555058872573,0.10025798881738428,0.937144402884666,0.550147950007803,0.5451909279100127,0.05384655778927645,392
xgboost_tau_0_7,CWE-327,0.4412872640942421,0.7056818181818182,0.9856861326978403,0.9954002705271874,0.014313867302159684,0.2943181818181818,0.5410426989617038,0.6281459250366813,0.5484583302902145,0.9814197094562992,0.8456839754398292,0.864073227732096,0.42257232309051335,163
xgboost_tau_0_7,CWE-330,0.3820670646629612,0.6533333333333333,0.9845169412161658,0.9950064647243734,0.015483058783834247,0.3466666666666667,0.4810442908065119,0.5708943053578759,0.48984343492850313,0.979864900311,0.8189251372747496,0.8188378175505712,0.2597402720202521,150
xgboost_tau_0_7,CWE-345,0.4,0.004627310673822302,1.0,0.9397406620306683,0.0,0.9953726893261777,0.009137529137529138,0.005765653601310242,0.04113194545885195,0.9397572903192379,0.5023136553369112,0.5023136553369112,0.06487002035458436,647
xgboost_tau_0_7,CWE-400,0.1915029415029415,0.023273657289002558,0.9961244814266058,0.9685191067236071,0.0038755185733942384,0.9767263427109973,0.04131216087356438,0.028194771583433496,0.055462018306686324,0.9649101168656277,0.5096990693578041,0.5215803676503004,0.04048108955428166,343
xgboost_tau_0_7,CWE-610,0.21952953066037528,0.1655043859649123,0.9727986464820872,0.96149913597505,0.02720135351791279,0.8344956140350878,0.1885445297907488,0.17398029517749455,0.15815844810225232,0.936793397461518,0.5691515162234998,0.5694167899978954,0.08461923057683116,477
xgboost_tau_0_7,CWE-668,0.5155522403237188,0.07780287929125138,0.9881283245440798,0.8674468979928657,0.01187167545592017,0.9221971207087485,0.1349441629391632,0.0936623628103214,0.15860845038830013,0.8600424762529061,0.5329656019176656,0.5869888637362761,0.2110969932156551,1504
xgboost_tau_0_7,CWE-669,0.0,0.0,1.0,0.9768012916499209,0.0,1.0,0.0,0.0,0.0,0.9768012916499209,0.5,0.5021089250409951,0.02329491340428581,248
xgboost_tau_0_7,CWE-706,0.27977257211128176,0.14653465346534653,0.9815414478326699,0.9586713364674413,0.01845855216733009,0.8534653465346536,0.19168715810159587,0.16171692490252504,0.174452400897863,0.9420939757277965,0.5640380506490082,0.5640204456079501,0.10333654979441609,505
xgboost_tau_0_7,CWE-74,0.4884980971440062,0.29959310589907606,0.9409895926924543,0.8782166398790187,0.059010407307545754,0.7004068941009238,0.3705242187940959,0.3243315513243091,0.29672585512905814,0.8402458678267436,0.6202913492957651,0.6662085280546083,0.33923233168195815,1679
xgboost_tau_0_7,CWE-913,0.2460691280046119,0.35121951219512193,0.9785270756544403,0.9871991386200978,0.0214729243455597,0.6487804878048781,0.28851761974714846,0.32279466991077665,0.2769357136800078,0.9664950147114556,0.6648732939247811,0.6694222833297516,0.22114611046311553,205
xgboost_tau_0_7,CWE-923,0.0,0.0,1.0,0.9676330112055483,0.0,1.0,0.0,0.0,0.0,0.9676330112055483,0.5,0.5,0.03236698879445159,346
xgboost_tau_0_8,CWE-20,0.0,0.0,1.0,0.9569714846666713,0.0,1.0,0.0,0.0,0.0,0.9569714846666713,0.5,0.5394691549003501,0.060228641208365484,460
xgboost_tau_0_8,CWE-285,0.6133116883116883,0.06282858200666419,0.9987403823282642,0.967807041968722,0.0012596176717357636,0.9371714179933358,0.11312650763870276,0.07640743354685173,0.18709453095957834,0.9666982184012897,0.5307844821674642,0.5320102350195166,0.07422527536058962,366
xgboost_tau_0_8,CWE-287,0.41841439810365433,0.2611985911115715,0.9632101836882114,0.9278373896768357,0.03678981631178863,0.7388014088884285,0.32141442458124486,0.2823319875421271,0.27866637313547626,0.898576693275251,0.6122043873998915,0.6186348516002089,0.18509338190138852,984
xgboost_tau_0_8,CWE-311,0.1476190476190476,0.02044790652385589,0.9924192736088682,0.9637970280440354,0.007580726391131949,0.9795520934761441,0.027863549824334134,0.022474788534428868,0.03247480640160164,0.9567797235719157,0.506433590066362,0.5451909279100127,0.05384655778927645,392
xgboost_tau_0_8,CWE-327,0.4531110083733133,0.7056818181818182,0.9865333244558995,0.9954044935011452,0.01346667554410053,0.2943181818181818,0.5507641858151725,0.6337905668856345,0.5566358614845819,0.982254201806786,0.8461075713188588,0.864073227732096,0.42257232309051335,163
xgboost_tau_0_8,CWE-330,0.3820670646629612,0.6533333333333333,0.9845169412161658,0.9950064647243734,0.015483058783834247,0.3466666666666667,0.4810442908065119,0.5708943053578759,0.48984343492850313,0.979864900311,0.8189251372747496,0.8188378175505712,0.2597402720202521,150
xgboost_tau_0_8,CWE-345,0.2,0.0015503875968992248,1.0,0.9395662339827758,0.0,0.9984496124031008,0.003076923076923077,0.001934235976789168,0.01707300183782166,0.9395718475746854,0.5007751937984496,0.5023136553369112,0.06487002035458436,647
xgboost_tau_0_8,CWE-400,0.05578865578865579,0.008780903665814152,0.997082335832736,0.9680985505859194,0.00291766416726397,0.9912190963341858,0.015133076799743466,0.010551811348525817,0.014624987514833132,0.9653737237270091,0.502931619749275,0.5215803676503004,0.04048108955428166,343
xgboost_tau_0_8,CWE-610,0.2164750972373431,0.14037280701754387,0.9760418839877072,0.9605069488723951,0.02395811601229267,0.8596271929824562,0.170144009465858,0.15091559769479784,0.14347003908652922,0.938768447537002,0.5582073455026256,0.5694167899978954,0.08461923057683116,477
xgboost_tau_0_8,CWE-668,0.6091880341880342,0.0618405315614618,0.9935684131434803,0.866101793323263,0.006431586856519736,0.9381594684385381,0.11206389783884421,0.07534465343816901,0.1618482526895414,0.8624762806184461,0.5277044723524711,0.5869888637362761,0.2110969932156551,1504
xgboost_tau_0_8,CWE-669,0.0,0.0,1.0,0.9768012916499209,0.0,1.0,0.0,0.0,0.0,0.9768012916499209,0.5,0.5021089250409951,0.02329491340428581,248
xgboost_tau_0_8,CWE-706,0.3047892578040671,0.14257425742574256,0.9841856124349171,0.9585944482748647,0.01581438756508303,0.8574257425742575,0.1938351605265567,0.15940621625497076,0.18249583973657826,0.9444271718201145,0.5633799349303298,0.5640204456079501,0.10333654979441609,505
xgboost_tau_0_8,CWE-74,0.5930244236949688,0.21321606254442074,0.9726026116211374,0.8690216468525863,0.02739738837886262,0.7867839374555793,0.3132615371243499,0.2444184033320659,0.2928065870155615,0.8533299743081317,0.592909337082779,0.6662085280546083,0.33923233168195815,1679
xgboost_tau_0_8,CWE-913,0.2434779064287261,0.3463414634146341,0.9785270756544403,0.9871020232191572,0.0214729243455597,0.6536585365853659,0.2850910063833563,0.3186058793503047,0.2732962377188933,0.9663994124170007,0.6624342695345372,0.6694222833297516,0.22114611046311553,205
xgboost_tau_0_8,CWE-923,0.0,0.0,1.0,0.9676330112055483,0.0,1.0,0.0,0.0,0.0,0.9676330112055483,0.5,0.5,0.03236698879445159,346
xgboost_tau_0_9,CWE-20,0.0,0.0,1.0,0.9569714846666713,0.0,1.0,0.0,0.0,0.0,0.9569714846666713,0.5,0.5394691549003501,0.060228641208365484,460
xgboost_tau_0_9,CWE-285,0.6133116883116883,0.06282858200666419,0.9987403823282642,0.967807041968722,0.0012596176717357636,0.9371714179933358,0.11312650763870276,0.07640743354685173,0.18709453095957834,0.9666982184012897,0.5307844821674642,0.5320102350195166,0.07422527536058962,366
xgboost_tau_0_9,CWE-287,0.33513808706506476,0.03965088573500466,0.994331625512032,0.9108270971134749,0.005668374487967999,0.9603491142649954,0.07067384466767909,0.04809219942768776,0.09434316483977569,0.9064582220499474,0.5169912556235183,0.6186348516002089,0.18509338190138852,984
xgboost_tau_0_9,CWE-311,0.0,0.0,0.9998075535130395,0.9633242265768942,0.0001924464869604427,1.0,0.0,0.0,-0.0016741462730709574,0.9631455358061112,0.49990377675651976,0.5451909279100127,0.05384655778927645,392
xgboost_tau_0_9,CWE-327,0.43662961450188664,0.5833333333333333,0.9880506370114949,0.9935132490492162,0.011949362988505111,0.4166666666666667,0.49580586688805867,0.5435731463251356,0.49399989611873646,0.9818772525897856,0.7856919851724141,0.864073227732096,0.42257232309051335,163
xgboost_tau_0_9,CWE-330,0.3820670646629612,0.6533333333333333,0.9845169412161658,0.9950064647243734,0.015483058783834247,0.3466666666666667,0.4810442908065119,0.5708943053578759,0.48984343492850313,0.979864900311,0.8189251372747496,0.8188378175505712,0.2597402720202521,150
xgboost_tau_0_9,CWE-345,0.0,0.0,1.0,0.9394782146158839,0.0,1.0,0.0,0.0,0.0,0.9394782146158839,0.5,0.5023136553369112,0.06487002035458436,647
xgboost_tau_0_9,CWE-400,0.0,0.0,1.0,0.9679152697146189,0.0,1.0,0.0,0.0,0.0,0.9679152697146189,0.5,0.5215803676503004,0.04048108955428166,343
xgboost_tau_0_9,CWE-610,0.37756132756132754,0.04394736842105264,0.9968740909396067,0.9571350730031847,0.003125909060393388,0.9560526315789474,0.07843607663164334,0.053322301649006476,0.11631501781760951,0.9543596704754712,0.5204107296803296,0.5694167899978954,0.08461923057683116,477
xgboost_tau_0_9,CWE-668,0.0,0.0,1.0,0.8593146440317116,0.0,1.0,0.0,0.0,0.0,0.8593146440317116,0.5,0.5869888637362761,0.2110969932156551,1504
xgboost_tau_0_9,CWE-669,0.0,0.0,1.0,0.9768012916499209,0.0,1.0,0.0,0.0,0.0,0.9768012916499209,0.5,0.5021089250409951,0.02329491340428581,248
xgboost_tau_0_9,CWE-706,0.5638095238095238,0.0297029702970297,0.9987268881561366,0.9540515971376603,0.0012731118438633672,0.9702970297029703,0.05612201529147394,0.0365918541455344,0.11931500769337841,0.9529589840963963,0.5142149292265832,0.5640204456079501,0.10333654979441609,505
xgboost_tau_0_9,CWE-74,0.0,0.0,1.0,0.8429451001549019,0.0,1.0,0.0,0.0,0.0,0.8429451001549019,0.5,0.6662085280546083,0.33923233168195815,1679
xgboost_tau_0_9,CWE-913,0.6111974789915966,0.24390243902439024,0.9969498857282263,0.9853833819001231,0.003050114271773803,0.7560975609756098,0.34765373143017364,0.27689035030340436,0.3784079288146437,0.9825032393240463,0.6204261623763083,0.6694222833297516,0.22114611046311553,205
xgboost_tau_0_9,CWE-923,0.0,0.0,1.0,0.9676330112055483,0.0,1.0,0.0,0.0,0.0,0.9676330112055483,0.5,0.5,0.03236698879445159,346
