sample_id,row_index,fold
7e5ff33c6115230d,0,3
a42e28301f592e79,1,2
a856960e41f7eaff,2,4
c29aba78836b9590,3,2
ba36099b5638d88d,4,1
f9d7db23f3d6d452,5,3
d5558cd419c8d46b,6,2
dbdbe77faa5213ff,7,3
8aa5ce41b6d8fa0f,8,1
32f8d814f7770c45,9,0
63df25afff97ff9a,10,2
02a76b02480aa0d9,11,3
4b24c0144415ed2d,12,4
0e63ddb4ad360553,13,4
9e7558df3c37f4bf,14,3
1315e8bab303d033,15,3
a2fef5591162b004,16,1
fb33db3cc269e691,17,3
d362cc58d3af6b1b,18,1
05f32fafcf60699c,19,1
0723444db4b7f211,20,1
893a38cf4d8f4a0a,21,4
755ca3c8fb4fb7c6,22,2
bfa565aba18937ab,23,2
3923648e3cbfb752,24,3
22deae58032b7fd4,25,0
84158a38e6ce626c,26,0
27120149b93f2c2c,27,2
338642c3812cf608,28,0
82e1e47db45502c7,29,0
adedf41a72f51ad0,30,2
c47efae8e3a48c01,31,0
7972ad1e85aab289,32,0
b873885ce5800a69,33,3
638a327e4ad7a574,34,0
d9aa0d1c335da385,35,0
ef4c3dd4727a5cdf,36,3
3e61c3e886343139,37,2
9f3dab2d51367dff,38,0
5d68b8c35c2fe485,39,3
fae48290c92c978e,40,4
7f3b9e669f32a43f,41,1
e8e462c3beb8ea73,42,3
1c4d3a5ce1cd03ca,43,1
13a707a70bb98e2d,44,3
704e9691f712195e,45,4
710a105b1e9c8081,46,2
d577647570604199,47,2
aa946fc6ef3a4818,48,2
adf57a6bd2305239,49,0
0a609023be9bc3bd,50,3
5a0403636901313b,51,0
c337f892bc76333c,52,4
f2a61467d0e34226,53,3
0691f0b46d33f7cb,54,4
1d2a764301129c54,55,4
cd5b7fd4145677c6,56,2
5b5818d4960e7797,57,1
5a34c164e8d59106,58,2
f70110a8fc435192,59,1
022f4789cdf49259,60,3
a63ac737385cd804,61,3
b94bf58b6d2870aa,62,1
f4cacd10d724ca41,63,3
41593ee4c1993d47,64,1
1a7fdca7a0b02b65,65,0
071210eb9043590b,66,2
7fdbbf403b02c729,67,0
2c4ff1cc511f1a71,68,4
6abc182d6fd47914,69,4
01c3b77e9dfab920,70,0
feca025ec2ab0d22,71,2
645f43a814db9021,72,1
7e0df1ebd1e48821,73,3
7acc17f86dab9b74,74,4
fd872c5330cdf237,75,1
803003e1f63397ba,76,2
e6a81e7223bc01da,77,0
80ba1007118bc297,78,2
ed6729d04e59c671,79,1
cb0d688c6dd55fb2,80,0
5cf856d638c716c9,81,4
99e73f0b5bbfecd0,82,0
1de81dbc4985c55e,83,1
99ada30c3ba5fcd2,84,4
a5186f7e73ab336f,85,2
c5855e506e68b9ec,86,2
1fad19772052951d,87,2
6273ccdc5d082ca1,88,3
9b8e04e0d2e1cad7,89,0
ec458b8d79f67c3e,90,3
1b074ad01fdec978,91,1
5453a8a324a5f723,92,2
54f8dc5ff2e28697,93,2
92cba83733424b20,94,1
a9e08dcb0a7fc21d,95,0
cb3facb8071e3488,96,3
05b6a134aa1143a7,97,2
0677ee6c95ccb5b3,98,1
080dbe8c2821169a,99,1
293a095e3c8cf5a1,100,4
37c0678a220320f0,101,0
c12c4827882dc607,102,3
aea7b0ad1070d665,103,3
5a6e850e7ffb3f7e,104,3
aeea2a14eee90082,105,1
5b2913cc1a6e0e93,106,3
334cafae54add33a,107,0
08e2c5fffba135d9,108,1
6d7dedc233f24e83,109,1
fc4aaffde0c80674,110,1
bc2bb8c5a95fbb3e,111,4
d68d19ac047160f6,112,2
7a74b9429e7e1d57,113,1
320410ba65d2f334,114,0
6a3c51be506c6936,115,0
26b4c6609e27e454,116,3
6e5788c6c5e03abb,117,2
70a0bc9d720bc975,118,3
73c38dfbc2a60ae5,119,0
4a95282417e71bc1,120,4
81b80147693a5711,121,2
eb6dbbe7c116d745,122,2
0d99414227e523e9,123,4
2703f82bdd1158a8,124,2
d917de9b8a23eea8,125,2
bb28c699e45807d9,126,2
adf21673b09f9d95,127,0
9544cb09a7d078e2,128,2
0899081f06a2d4a0,129,4
f640838eaef6389d,130,0
f483ea4552b99686,131,1
83b713cd58dedd2f,132,0
011c9f7a1e326bac,133,4
e2ba9ac4148cabf5,134,1
d77425bb1822cec3,135,3
1b571cccf2316bd1,136,4
45b724eed2929080,137,0
0af410d6dbe1f246,138,0
a88ec83ad86eb984,139,4
e0c66d2a6ddfaeea,140,2
8d7b8a26eec428c0,141,1
67fc24b3fa98a624,142,4
9b2cd17665e805ee,143,2
1cf8be3c88105ff3,144,1
2939a6f3cf9612a3,145,3
04b3f6b8c7789a99,146,1
a3b181288b1b74db,147,0
89e3f00130576497,148,1
1e0990c46ffdd3f9,149,2
9e3c24fec443bc6a,150,3
ba206b6b7685895f,151,3
f99268bfdf2c8092,152,4
4d531a9950a4df27,153,0
63611425fed80fbc,154,0
1f35b9ecd3ae6386,155,4
d7fa6b43221f41a9,156,2
b6091cb400758e5d,157,4
9f269f91b88417d6,158,2
b8390ac74fb70d35,159,3
2937cc8e7e4aeea6,160,3
8a679cb324dbfe01,161,3
7f2522827e1a54f2,162,4
e86993961791931d,163,1
4346bbaa17fed757,164,1
7637d512876ac4aa,165,2
022c7766797809f8,166,3
a7236ec6970edd87,167,3
4986ace09122cb20,168,1
26306fecd31d38d3,169,4
84a358169bd597ac,170,1
37fe77cec932a83c,171,2
2e745a18cc3f8405,172,1
0b874881144e05c9,173,0
08c923a8b657c82f,174,0
0be81c9bb71aa3af,175,4
79dbfbd12e618749,176,3
35119d26616eb10c,177,1
f813b1b8e79b8e6f,178,0
3d2d2d66cd55f96e,179,1
099f37f2e33812e1,180,3
ef6af5a70cfeb80b,181,3
d3c08888b94a79c9,182,0
53fd4f47e267cafe,183,1
20b306baf0e513fb,184,1
5d0d139e6f99520e,185,3
0fd41614b25f2956,186,2
d83e88202820bd2b,187,0
37c770d0ecb10d0c,188,3
b34961501c66c2f1,189,2
51d046695a856822,190,4
f160f06c74df6e57,191,0
bc70035866d36472,192,0
905f55b775bf7ec9,193,0
e722255e74cc064b,194,4
59737fd79f124580,195,0
ed74806524292752,196,2
1f4f37c9da8864ab,197,3
8eec43e1db090417,198,4
696026d1e053eb55,199,0
5550069358e5328e,200,0
005c098b057af885,201,4
c5f36b49ad2c4a0b,202,0
ef06b6667d6609aa,203,2
550c791c5304af1a,204,2
88308e5402418edf,205,2
2d21164f96f94e0d,206,0
131ff8efdde77244,207,2
f1eaa4408928a59c,208,0
bb138848a8f3e4ea,209,3
8960ae3541d90c24,210,3
93920fffdcfbef2d,211,1
c71fa54d73512ddd,212,1
80fc0d9c710b8787,213,0
06d818e901862554,214,3
9136637d0c83f956,215,0
018523d62d75ac13,216,2
cfe14e47bd81aa78,217,4
5ba16db58c5d2f9b,218,1
6e952f8612cc1d8f,219,4
fddb47deb1b0f5d5,220,4
240397215d895e2a,221,4
9536d24ff565fe55,222,2
ec3dcbd59fa658ec,223,1
812aacd9f53c6570,224,2
755900fb940ec0af,225,3
e8a42c15267d08ab,226,4
2afdae6456ee9181,227,0
64792feedde74aa7,228,2
c65c3350f74a0197,229,4
0603ab7ebc4192d0,230,3
89f5218322421870,231,3
d032e6daf5fa3b7a,232,3
1a583c05be296276,233,2
13d04a1d60e13dc5,234,1
a3c85aee00631619,235,0
d97a847733485e5d,236,1
196b4f298c30faf7,237,2
433cffa221f5216f,238,3
2d8b93856bc1f95c,239,3
d28ddabc101d0a3c,240,2
29c9462f7a753103,241,4
ca1a4ada98f627d0,242,3
72c70dc5a6c5c969,243,4
9d622847344b4300,244,2
614c09072eb4f636,245,0
6ee78cddff6bd283,246,0
cf8cc776f719d8d0,247,0
cf7d8649ed2af343,248,1
8fa17294a2ae58e9,249,2
6bc2c4ff1a0eb765,250,1
20fc7542cabce8eb,251,4
b9ef312af6a3fc6a,252,1
0c37d78172861533,253,3
d49d18ad9e17c23a,254,1
05a1e5319491eb64,255,4
f40baa9d8d17e2b1,256,3
4a55edd85ebe7fed,257,3
1d07b4ed4fb7a773,258,1
29e3eefbf5f8a344,259,2
8a4a81664f095b09,260,3
6c13097d15feaa73,261,1
53b9e31b1462ac9b,262,1
c50ac91ab7cf0019,263,0
d2648a6c0e7ea9b6,264,2
877715b89b1bbd07,265,0
a7b1cbc750a4d9ea,266,3
9bc5065d41911446,267,4
6224e2fdeb83972f,268,0
7914040e4b87e3d5,269,2
c0d067bd64aa9e99,270,1
0d91eb532073b9fc,271,1
6b33ccd628d47f30,272,2
92b62edb60a6aff6,273,4
334957ecc5560d6c,274,1
3c8044c5a4beb4ab,275,4
1ea62ffeb5216d2f,276,4
39cfe2ae269759fe,277,0
0c95d0f80e922384,278,3
aaa1047e79e1d5a8,279,1
cf6d073b311d63fd,280,1
b23fe91538da9e14,281,1
4e630ba1b6869486,282,3
b328e84f6d3f721a,283,3
510c85dd096476b4,284,3
815f20b09aeafb9c,285,2
fc2675d4b17a81fe,286,2
385bff6dc5d16a20,287,1
057be334cd2580ac,288,0
878a85757e9f4008,289,0
c65d98196338b1f5,290,4
1184db58a4aeae50,291,0
7731ee671c8e7d6e,292,1
d80520e2686fe131,293,0
95ad1313f6d891ff,294,3
e0cfc62739db94f9,295,0
95f33e758b38af41,296,4
971535aefaed03ac,297,1
dc60baaee45bcf62,298,4
f0fb309caf1e1e16,299,2
6f6ab5f8eb069f77,300,2
596e0bad5f453167,301,0
0b8aa069b2f52f5a,302,3
17704ddf4f053d71,303,2
451ddd1f16f6ef98,304,3
0f9d550fc396e07a,305,4
b99ce58b5afccdf5,306,0
6f7e857ea3a74581,307,1
0f2a0961bd41e293,308,3
eb70536b9455c8e6,309,1
137781ea4d44e75a,310,3
240bdc7e84036b93,311,1
381e641b3d1a9529,312,3
7db2d241bb7f6c9d,313,4
836e75e074c2beda,314,4
0761a1c6d623c82a,315,0
4959b629437df1d2,316,2
40ec9dc2dcc224eb,317,1
5709905652be027d,318,0
5541244e9f736c68,319,3
5d66ffd6aeaffd7b,320,4
cb1ce5f585ae0d1c,321,4
220e03ca42b7b9e5,322,4
cc582c9ec004b961,323,0
2fef0d0abbb50704,324,2
d6828d228e39fb93,325,4
aca2e088ba4a45d4,326,0
a41ef3799933f94a,327,4
263bb08020f1bd58,328,1
1dd89775096629ca,329,3
687b1fc240a9112d,330,3
767244e551b463b5,331,1
f7c34554ae7b1f3e,332,1
caf63cc1076c05ec,333,3
cbcf9ee59f181ca6,334,1
95cea2fb6ca525df,335,4
3748d425cd5c7586,336,1
635b6df1ae743b3b,337,0
b56455e537966abb,338,4
c613bb7a79c551d0,339,2
8959ef89685f0d0d,340,4
f65f198c79593fcd,341,4
c96eee9a068493ed,342,2
9e51735434e9adcb,343,0
875909132933f114,344,4
37298d5862394edc,345,1
547e6d072236f06b,346,4
997c96ac80215b06,347,0
23a335d937a4a86a,348,3
89af3c9eb59ffaa2,349,0
6ec2d19ab9ac40dc,350,0
6c94e6170742f0a1,351,3
f3efbba66982ba4d,352,0
fee63f47a06a8729,353,3
a40e65a76c7e0f79,354,0
6d8b0a0a6e2f8709,355,2
a910a65248256776,356,4
28bfe5e9d6c3fe33,357,0
f2faa266f1bdff5d,358,3
f8ea86a8ebb4c2b7,359,2
2cd942027ddbff8f,360,4
16d25bd291351454,361,3
2674f1b25c4bff2d,362,0
079305dba1aa6731,363,3
0f1c5f617a317809,364,2
c2894fb9fecc08f9,365,3
f06bc5bd09b4f711,366,4
6b6d6b0934666d19,367,2
bc30d180e0422bec,368,1
46018e89e1412852,369,1
95be0079133d4da9,370,2
41a2042814ff8364,371,0
1c6d1def1801e596,372,3
f12cdfac70742636,373,0
d1d742946962ad46,374,2
81fbc374b4da1116,375,2
bf0e1f0679f0fc14,376,1
bee8a2678422208f,377,3
f6b65936ef52c222,378,0
f40c84657048cb4d,379,4
b464d1ba2f698c1b,380,0
784122359a6ee0e9,381,0
b30dfd1a39d15757,382,1
c5b174cd1989ff7c,383,4
2e2c0c216d32152b,384,2
1c36765d21b15df6,385,2
6405aeeacf1466f1,386,4
c224169ede330a70,387,1
2797c60da2cc67f1,388,2
1d181bdc3e92f925,389,0
67a1533aa958c0ad,390,3
ad968b261b5e5c5a,391,2
49b4f727352b050b,392,0
d4bb019101f1cdaa,393,2
9f530cde83cd3b19,394,4
f4218136ccbfa575,395,1
369011082c8781da,396,4
36829cedfaaf33c5,397,4
9998b16b7704d4cd,398,4
e2ef96fb2af596f9,399,4
cdebbecfb9fa292e,400,1
202e6bebc05e7c1a,401,0
f7d2b006913339f6,402,2
aded97f7865bfb11,403,4
0f9876f3e66959b3,404,3
b0f14eed2c220758,405,0
9cf48af98a516a9d,406,0
cc24ee60664793d0,407,0
4d0a2db2de6cae36,408,1
5a819f81d5db20bf,409,4
da648511d29b5628,410,2
75179d4a8c534879,411,0
3f082c8adb14f457,412,1
bfe9364b2006e9d3,413,2
b57e821de3a142cc,414,4
e9f48afdda67cd23,415,0
791965abb7309d58,416,0
6a4936bb6139172a,417,0
8e8ac2825f011a24,418,3
f4b24de552dbbb85,419,4
77ec7d070204cf65,420,2
aa7d5d5d494c702d,421,4
62996ecc0add5da1,422,3
0ec3c8d911f4271c,423,2
065c6048683baec4,424,4
027ff6f09df62e88,425,4
4cb56cde3c688231,426,3
e72288fa0d2581eb,427,4
0a5b2ed2e8bef3a2,428,0
9ba40117827d915d,429,1
ccc62138b1b1faf4,430,4
3195b9901e72e7ed,431,4
968b60cf325c012f,432,1
373075564135c125,433,0
3b428aec5b2120d1,434,2
efc380d279f342d4,435,4
101b27be580bb3b0,436,2
1317a58a13cfe8c6,437,3
dd6abc3c6cd7b6dd,438,2
5f008abfd9a190b4,439,1
6b2d62c9bcb04f6f,440,0
2461ea5c7ca5249b,441,1
f9c57ecf64ad12ac,442,4
2f93046b2aeecd3e,443,4
e956f5e669b334f2,444,0
96f91999452216e1,445,2
83fcf8037559f0cc,446,1
f819a1ea4c8c31ef,447,4
61d1ae64dd8f0c55,448,1
71b40ed8ddd479bb,449,0
3ceb934cb3393b78,450,0
3fffe819ccf3caf9,451,2
eadfafb8e8fb593f,452,0
e50852af3c5d3b8e,453,4
0ee28bb75e1d5443,454,1
90e314e9558e4a33,455,1
aa72145da0466268,456,2
0c4c5e21e0b0574a,457,0
e68786b93679097e,458,1
c4194b493d8ec086,459,4
050cbab48cb40493,460,1
476dd1a4aaa8feb0,461,1
0406c218cd32d38a,462,1
fade0bd619dda327,463,2
e9c91af6289798ee,464,0
3ac9b6353b90aeaf,465,2
12d7036ae0cabbf0,466,1
364d8f6589f46f2e,467,2
9a2cbb85ee959199,468,4
dac244faec2c6752,469,1
dd489dd505a7561f,470,3
0c78696b178cb979,471,1
6ad1b7e4eb60743e,472,2
2b621731b902066a,473,2
2f5a4d3e3cf3476e,474,3
5590f919e820bdff,475,3
ea7943f35c99e660,476,4
bdecb5023fd1008a,477,0
785318c781cf94b0,478,0
3602e9322239815c,479,4
030484048f13a712,480,2
a6b28ec377947e07,481,0
15adbe430e0d57d3,482,3
cd8ce330939a8371,483,2
b8dfb994ba512c5b,484,2
a931742655b2a621,485,0
240beb34e1b87812,486,1
b00e5f483c934da1,487,1
ed8560daa63cae8e,488,0
1e404a80e2025f79,489,4
05c97e5f15a6ffd5,490,4
9889535a65498f5f,491,2
424a59390912ae7c,492,0
4b9870dd00b83ca7,493,4
1b387ebe04eae110,494,3
79a063db4b3c5d4a,495,3
76249170dfc88d7b,496,4
714e4f9b1ebe3234,497,1
7af9a89d7a91a836,498,2
f31046a782c91fdb,499,1
58689ed4506592be,500,4
3f541bd9e0c61adf,501,3
96d806a26192b56f,502,1
97da4dafff055ba7,503,1
8c3967052a01a92e,504,1
de5afd42ec9cddd0,505,2
e6fa89d05b581b5d,506,3
27890e7eafdb920f,507,4
65510f45f58b792a,508,0
9174b326cde645dd,509,3
2a0e044c72d6a55d,510,0
bc8b73a476c0cf5c,511,4
b1c893a5c1ff0390,512,2
b2d5da543db6f654,513,2
066c072981856a4f,514,1
ef42477e1a560b3b,515,2
5a45c0325051d142,516,2
5e7e1922343a26c5,517,1
27ae28634a358be9,518,0
6578076be5b93408,519,4
8ac8f36d358f5ca9,520,0
c7bc35638066844a,521,2
468ab98dc718d8fb,522,1
16a4ba40b9c6b46f,523,1
bff5cd0af3f9b8b9,524,1
d708a0f9f235454a,525,0
35d49d942203121a,526,2
daf389cca3b95863,527,3
dc2f89a915e17b37,528,4
40889d1b0f845e48,529,1
d7bae351511cacd0,530,4
bd6a0cb7e4bf784d,531,2
3ee1a8b21423b5d0,532,4
0fc5d71bf9c214c9,533,0
51e5b87ad855806a,534,2
8ca3cab607780d60,535,3
68805ccf40befbae,536,4
ffd01ce6333ade50,537,3
88a56f33d924aeff,538,4
d558c3fdfd667626,539,1
e0b6ec39fa433fa7,540,3
56564d185e56b6e4,541,2
52071adcae9847af,542,3
1f41ab38cf16ce3c,543,3
2f950bdd590b277e,544,1
0e50520839c9ac6c,545,3
52c7d78e3164f1a2,546,2
d9e3b16365aeda80,547,2
d9f139a39b74bc20,548,4
23ea7428dc7638ef,549,0
c0ba61265890e831,550,2
73db8d2c478a1c67,551,3
ca61b25331274a9f,552,0
68978e464beb312e,553,0
e279e0e38f022727,554,2
7304149c70982ae0,555,0
31925ee23906a241,556,3
35da61af36e0b84b,557,0
2dbccbde1e7446b6,558,2
9b35c8fa252c3ffa,559,3
1fab63552b366ec3,560,2
3f9ab7ab9200b802,561,3
d1c2aa0833c58391,562,3
6010a8cf2c8e8932,563,3
c1ebb0ce5fcc55c8,564,1
bad6ef93675df8d3,565,0
c22c06db5e9acd25,566,1
6873af63be6725f7,567,2
59f471cdef441ea8,568,4
d351d004cc1b6e0d,569,2
504b9f9aa01c03b3,570,3
89418105bfba0cf6,571,3
3e903ee73d813554,572,1
aa4495a2172114d9,573,0
9bc62e84c428914a,574,3
ad39fee613b2ab4f,575,3
6b0a7800d69c5449,576,1
6fd0059305b8540a,577,1
15422584410c3456,578,1
2777b4774327c82f,579,0
0286540b7441fe45,580,1
19afe86b4a0c407a,581,4
67c94def9fd0fede,582,2
5da9a0b78d2e06e5,583,1
72f59f9a2c29d461,584,1
c9c7f06783d7d29f,585,1
a84375577348d4f5,586,4
624f14d9d84c1f4d,587,4
1db829bc523ab635,588,1
bcdbb04f1869d976,589,4
4c447558a39cd6eb,590,1
13e9eeca7f5f9aae,591,0
68d6e8d3e2d026a1,592,3
baa8741c99a95682,593,2
1e704f711aab280e,594,2
a048d275dd23e886,595,0
18e4fda354249cbd,596,2
5152fbb45412f3e6,597,4
86b3469c3f031640,598,1
ddea62a8b58bad4b,599,2
c3752677d494d46d,600,4
a3a68ba4a6bcd32d,601,0
95df102ede37bd55,602,3
39e0ed547a60b5d8,603,3
3bdf52fd95ea3ea6,604,2
f04c288bf760ba57,605,2
e80adc32a590c955,606,4
0f67b15e38190cbc,607,2
d20a9c4a929a69f4,608,1
23e69fad8bf39934,609,1
b547292fc6d3ccc2,610,4
c45b149dce17e931,611,1
1b6b5b5c7794f3a8,612,3
6cc2c632d2727d4c,613,2
b3a4de3ef1aab93a,614,3
05b683b04617d791,615,4
0e773e6d77c740f4,616,2
5e9722ab24a0d7f1,617,3
d9a8ce8e03036bf2,618,0
1d4a7d459a205f2a,619,2
22486256ee8ceb1b,620,2
46ab93a50e1aa261,621,2
f6375b4b24f4079a,622,1
b5a776a944d9c3d1,623,0
a82fda615cbd782b,624,2
4d711b5a829e8f96,625,1
1f13b0d4563bf4bc,626,0
98695cead655624b,627,3
de8dee67f1adfdd9,628,2
85c23af7476067b5,629,0
e84f3af76ac63fda,630,0
b8c9f4e4e05c01f6,631,2
8d5f771982239b26,632,3
25cb42905a7bf177,633,4
378637b52e6673b2,634,1
0429935fd87d4fef,635,4
3f1c4bc3ca273383,636,2
255f57d46438deea,637,3
f3bddd749517a3f9,638,2
3aac38aac9e82ef6,639,3
3dac26788474a109,640,1
77ff6c2a7228723c,641,3
03bdf382fabbf39d,642,3
e581564777e493d5,643,3
89568b2a684dba54,644,1
7503744be148d123,645,0
c80eadb3bcb77c99,646,4
97a093d141caa5b7,647,1
d746c0c57c53a531,648,1
343e40109483fb40,649,3
f8c6082fec10daaa,650,2
654277fd0ead1e25,651,3
93bc691debff756d,652,2
2021116def03da51,653,3
cfd2104f7874330b,654,1
2093b1a3a0b7d2d3,655,3
5654a437819178e2,656,4
04f43d692e36ba44,657,3
7851699aaa9db96c,658,0
6fce92f62bbf8ecf,659,0
084f26e2fcaed981,660,3
1f8733cdb78c4e82,661,4
7cd516cf437212f8,662,4
59e4040bf10b8266,663,3
294f7d451e1d94de,664,4
cfd90008e07bc197,665,4
d7d4d0232ac746b8,666,3
de81beb88050e2e6,667,1
1f10a000ea19ccea,668,0
a2ff8d034689369e,669,2
8b25597e4c6e4bfd,670,2
5eadc320a13fcb6e,671,0
c530ba756a0fcd4f,672,1
459e19eba1119224,673,3
43447be6c5a3fea3,674,2
4892a27952fa536d,675,4
77349eb6aafece24,676,3
f855428288fb16df,677,0
9b84f0ae4fb6c6ec,678,2
c08e3efad0b431e6,679,0
1cafc5eee1d5765c,680,0
5d6f400eff4a6640,681,3
e29a5f7fde47cbc3,682,4
6f74b7b7dd06c0ce,683,0
b3b6d69800b70a83,684,4
a13db343749ad3df,685,1
480eb23651d1aeef,686,2
61600becb2d39d93,687,3
c2a06da1f838ba0b,688,2
9d39100c43118a54,689,4
1adcb80e9d967710,690,3
395b24dd47918408,691,1
70ed75a8bbb940e9,692,4
5a9943e8d4262e48,693,0
33e97f81ee6c2e13,694,0
0474d9d3e7c2171e,695,0
f26c7d254e0424f6,696,4
9628212d76ba2347,697,3
5b3c20e60adf5dcd,698,3
fad3b5ba236b4849,699,1
bffe39a94c680935,700,3
85ea672adfff71aa,701,2
5b72ed7073f2f793,702,1
c546a8bcc0682b46,703,2
8f21d1bd1c24c4ee,704,2
f93d07127ac2860f,705,2
3db9fc5da269d366,706,4
a57fe9b17f9baa52,707,2
07368a67c7da5a31,708,2
fd63be4adb1adcca,709,1
179f980efb485217,710,0
9746b5219486c491,711,3
6ac7168397198532,712,1
7e8e7e4117f92f6d,713,4
69673a99f228bcde,714,1
3989bf9bfefafb52,715,3
cb7aff2e437329ff,716,3
40b76ae6d3658b68,717,2
f3a157845db5da74,718,2
e9f5b3cb47035704,719,2
8a385f25124da167,720,2
aefcfa85d9f0317c,721,2
6b60d5d27e329e26,722,1
ecfc115b6af125ee,723,4
a5742a32ee4c6145,724,3
723e16bcfa8e4277,725,3
a3cc998104a22ce8,726,1
a5b941357179a53c,727,0
a4237ca9fb97cafd,728,2
70474899fc14ee73,729,2
8cbef629290fbf01,730,3
e7bc3e1b7efc46af,731,0
feaccded5c04168a,732,0
448726e9abb169d6,733,1
f8c52cc126f09351,734,3
99962b7b199027e6,735,3
3db70dc0d650fa99,736,3
5069fd3109049b8a,737,0
ad130ebfafe949b0,738,4
b04b0251f50dc1fe,739,4
5cc165fb95183643,740,2
b2c6177f796e077a,741,0
cd1eeef1de2ce284,742,1
7eef632252e29711,743,3
a06cc066cb95126c,744,4
87a2cb4180db3389,745,4
4b175f60a807c9d7,746,0
a3b773e9f4520e88,747,3
9b9579c83b4f8ff2,748,0
e0913059262d7b6d,749,2
6b46022b869ea96e,750,3
bde9e160b54f67d0,751,4
d5e53ead95573eaf,752,0
dd46f1086199e774,753,0
adda283d60acf8ee,754,2
dda26b56894d4706,755,0
e4016dc501d9ac5a,756,3
6b0a9bef37c58527,757,4
85912d491472fe52,758,2
e24320cc02bca8a9,759,2
a7a86c4a1eb56287,760,0
ff6f3cb4d9cfc28f,761,1
6ce4e7ad544bff0d,762,0
2f61b467624005f3,763,2
0786cb2df50e3ddb,764,3
0c7a4e74d58117a2,765,0
34c9253363e04fc4,766,3
314476223ef645b3,767,4
32398abb9adbb174,768,3
25d2d4b321afb157,769,3
0ad1fc1fc3daf8fb,770,0
e58c74fdda087556,771,3
2a04c59d07ca0185,772,1
04437e746e12ba1c,773,1
8c30f907cb6a1319,774,0
07445697e4df4cd9,775,1
15b4b69452ad7986,776,1
1c51feae5f3d926a,777,1
dbeb139ac3da614f,778,3
5274a48a8a952078,779,3
7be6bdd74dd3d94b,780,3
2bee55cf9dca28e0,781,1
571f4cdcb50748b3,782,2
e8f36c6bd5029a63,783,4
78ebff2c522dc9af,784,0
9e71b8f03ae50d70,785,1
b27e2d5dc45048ee,786,0
08aa73579343e298,787,1
a5e935da5210e154,788,1
6696b5baf4ed4f83,789,1
bbbab146a7c8266c,790,2
b097278cd6dcd286,791,3
cf5fff5d8affa747,792,2
732b751c7a47df25,793,2
bddfa5227c8d5fb8,794,4
4cab55cea57f711f,795,4
61d0da160b041377,796,1
f7857fc97fe849a6,797,4
9a08b2e58d2c5634,798,4
48d148ca9283dc13,799,2
68ddb248562a1bac,800,3
23f73ea0a3a4fdf1,801,1
1877f1df991e1842,802,4
2db02405918c8613,803,4
4c12a75a3f1e3a6a,804,4
42bddcfb1e98b955,805,3
37e6d4d70c57959b,806,1
ce274d1f39c26be9,807,0
8142796b399b922d,808,4
62aa4bd165a0bc65,809,4
22879f9055173e06,810,2
9b506b85f26bf1b1,811,1
e03f91fbea3bb6ab,812,0
2b1074c75106d963,813,1
e44e91d14e6598e5,814,1
5410215bded02b6c,815,2
2212707d73d18eb2,816,2
3eb5bd354378f7a5,817,1
72610001fb11832b,818,4
9ce04301615267d6,819,2
555a3bc79dee53b4,820,3
a7f2215feb8f67e3,821,0
939b7d4857722e1b,822,1
0cc2f6f999a42c4b,823,4
f3b514e320b903e7,824,2
212d02e815316496,825,0
a9b1bcd65beca407,826,1
e9f9bd00b07cea2e,827,4
f2c2e1901ec2110c,828,2
fae81b679638eef3,829,1
eba9af429d1733f0,830,0
ce1b6d6834ef3a5a,831,2
37143be1db12654c,832,4
988ee78302acaf8d,833,1
4312641f2333cb07,834,4
9608563c841e93af,835,1
94adf66c637f002f,836,3
e222df0d4585155a,837,3
5af7c4087341049f,838,1
931580f7787bb309,839,3
b9b0bde2ca140d9e,840,0
ba5260efacc8f62f,841,3
69fcbd9e4c8d7819,842,4
6daaedaa31f59969,843,2
00a97451ac865e50,844,1
23b859153f05a281,845,0
28042dcc2dbfbeb5,846,1
98261915362a9310,847,0
901710cd5161c888,848,0
ef9e780209083ed7,849,0
4910161de5aec675,850,4
384f87e6cce7fee0,851,3
cfbd54a0ec4784f3,852,4
09a298c23c213acd,853,4
b067fbf1d925f774,854,1
09f6acb4b0b81f0a,855,3
9d2187612fd661e9,856,4
f826929c51906434,857,0
e6690cfa5aac3f25,858,2
53814c3a192e2212,859,0
877b6700f61a585f,860,1
9aae806442bbb20f,861,3
5b91a030da62a783,862,0
ccded5dbb584fd87,863,1
706850db05d7299e,864,4
8b105ec3e8e8e2d6,865,2
bff3c7efc3ed77c0,866,2
7756c7fa334c67e8,867,2
839d3076d097b049,868,2
1d67b098445d9476,869,4
0b30e67a9e2cc2ee,870,2
bfeaed05b650c7fe,871,0
c4892b6cc533f338,872,2
3099861309f5e24c,873,0
ddd687c8501f1ddc,874,3
4b6be2dc3af605ed,875,4
022b82ebbd33af97,876,2
a9a43bc6db6a92f2,877,1
9be0f07aab56cc7b,878,3
d4168f732126ccc3,879,0
3fa9dd655fe691bb,880,2
70e784c59d6b068b,881,3
b8efe92b3ef1be6b,882,4
8934ed1cbe1415b7,883,0
d3d9d538c2dfcd03,884,4
49da0572ce9c7a3c,885,4
4594010e556d5073,886,1
45614414e4f9e7af,887,0
98446d4bd46206d8,888,0
453d47504e7a422e,889,3
f0165ca65c64179e,890,0
c9fdecaee9c7300d,891,1
bf30d4c33273f43f,892,2
b60445b48296eac4,893,1
3bb9aa3d41c898f9,894,3
047123b7b48d8daa,895,3
ca648e726dafaa42,896,2
a1a7710bf2baa684,897,1
a13c689b7cab8973,898,1
5a264d9b3bd89423,899,3
31b6fe9aa81fdb21,900,0
1c2533577dd40e06,901,3
5f673ca2f0c86efd,902,4
0766587380e99544,903,0
515d6f082c9ccd4f,904,2
a8be15cc89fc0847,905,1
6490e30b691de268,906,2
fcbeb10ed5d2ea37,907,3
9f6ee1f486a4e8c7,908,2
c8b5231b57419622,909,0
d600746a44849ec4,910,0
4bb6f0bca22f9017,911,4
b670c6266a693b5b,912,2
fd1037a12e6ace9d,913,0
c6d90ae22e87901a,914,2
73e0f801038b243f,915,2
a59924a762f86144,916,1
d997a4505c78e516,917,1
a22faf23f0c8bdc1,918,2
b24588f611a43d8d,919,1
1d004d6320e5032a,920,2
8ab0a5833bf49133,921,0
3b477f7d536b5b0a,922,3
4cd107a9c14e475c,923,4
060e1c5343030a2e,924,0
bb0a1bd23838d78a,925,3
f27a77e64b38d04c,926,2
255f7879916c29de,927,1
f58961df86ef35af,928,2
a0e5564b1f5db853,929,4
55e4b3a9010b5af0,930,4
d5861b32d3978897,931,4
7da2e56c233daec4,932,1
49930868f66af815,933,1
6819dcb00cfced4f,934,1
f4e203dd8491f168,935,1
1cfed26fb58a0a39,936,4
1397999287d647f3,937,3
ac09d91a814b54d3,938,3
ba525ef0e792f800,939,1
fcf1c34008605c06,940,1
31e505230daaaa64,941,4
04a562e2b9831e4f,942,4
38b3dbb570711397,943,0
970ac9d51e8606ec,944,1
88a871f0458d05dc,945,3
36f8d1e6ef3283aa,946,4
bf6a3d854a258f34,947,3
74f3f52fedbad236,948,2
8da54494c8ea6ff8,949,3
9234d402941719b3,950,2
0605a3e45d7f5492,951,3
ce4c180b7e1cd51a,952,2
45d35b907e96ce54,953,0
49ca9e2e4b0c324d,954,1
e9dd74f00437a604,955,1
bf4377c89aa71341,956,3
633c34092cb56188,957,0
1a226fd63a144633,958,1
e06928822cc8d898,959,3
22f1f55fca5acaeb,960,4
21f72340cffcc304,961,2
5f0a1e446d9d87b3,962,2
6f8bbc7ef8a271b8,963,4
005e91a76e2d6a16,964,1
5c965bd1fd35bb27,965,2
194ba5335413a29f,966,1
0be0e45830f8b0ad,967,0
7b9d2911993737a8,968,4
b1b494302389178c,969,1
670e144b4deb4ddf,970,0
5ba97abe9cc2fcf7,971,0
ba6aab186799acf7,972,1
e771614af533807a,973,2
cb170261a0237ae8,974,4
7df67ae08762e016,975,0
55276c7f5d355c3c,976,3
95b013f80b8aaa49,977,1
88112dc8c498766d,978,3
b0d362232a8e7a24,979,0
a59759acfdd0facb,980,2
253030cfc7eee496,981,4
f5e08a6a85169c2b,982,1
022a5a2d9f5f9244,983,3
0717f0921ccb03c1,984,4
6219cabdc281ad30,985,0
fa4a2cdcb1ef36e0,986,4
53914f41930b74fe,987,0
2eb37426f65a7f17,988,2
2780376d46d5ccc3,989,3
96752d9906e0d1ed,990,0
26cb74152ad09b51,991,2
89f4d0053b1e249f,992,3
444c7383794392ca,993,3
b3e2afe2b044c66c,994,1
b531094a8390b62f,995,0
4f3e4985357b0088,996,0
5ba1dd29fc93eac3,997,3
24d169291ec807cc,998,4
bb84489d10383f8e,999,1
e565b0814144813d,1000,0
3e210107b0be3ea3,1001,4
811f0b17f5836d5d,1002,0
d28986699978b2af,1003,4
4592075c804b83b9,1004,0
2dd0c55cc9f3ad23,1005,3
64acf08661ce66c6,1006,2
cfc6dce58d85ac4e,1007,3
eb6a0c5af55b4d1d,1008,4
6f286a3087bb6414,1009,0
4f5c96ad770ea0da,1010,4
85f11b23e8848cd0,1011,1
79686d27faeec38a,1012,0
29ff99d342d2e458,1013,1
b0a82e2dc85e0f21,1014,3
1e222105740cd170,1015,0
0bcfd879a6248bf4,1016,0
4222002cc336d14b,1017,2
ded347ddb3993d82,1018,2
1b9e61f2cee70911,1019,3
f2db7296c48970bf,1020,3
c58e414b5763ffd6,1021,2
5aa37a7b5c490534,1022,1
191c784948b3fcac,1023,4
2c9014cc3ce119e1,1024,0
ba7cc5c89e5815bf,1025,0
6464db446b9b213e,1026,1
c9afaa491834683e,1027,2
20c01481022ba2b9,1028,4
405a99be2b0b65d6,1029,2
043e88068936afd6,1030,1
0d15493a7a9908bf,1031,4
718dc37cd9f6137b,1032,3
e72a96827c9da9cf,1033,1
9e72fe0fa4e667d9,1034,3
29c5dd34b5658734,1035,2
aa502784cf3e63e0,1036,4
af021f28262a0ff8,1037,0
22cc1716d39d8ac8,1038,2
2261f5172f9f2e55,1039,4
58f10c69547d21bd,1040,0
bd8b1914273d44d0,1041,4
30510232253b3f70,1042,2
32dcbd26bee90fbd,1043,0
e9b31e553607f84e,1044,4
e96aa60ac77f2583,1045,2
7f7b7d1a45b89a2e,1046,1
b64ca734eaeb8e20,1047,4
6b5c5fdb008e6d95,1048,4
e225ddd701ff289b,1049,1
ffd4f214df80fb06,1050,0
a4615158f8efde68,1051,1
56bdf5048e81a26e,1052,1
666f0c7cb3a8a100,1053,0
2a17b81aee25a2b2,1054,0
e3759cae3f15a0fb,1055,3
1e8b922c5e3c116f,1056,2
4a308df3eae75be5,1057,4
25799d70f5eb38ac,1058,2
0b9c2c77c1dece19,1059,1
372b36735d0439ae,1060,2
b6ee4efe8163e334,1061,4
20dbb010d7a3adf6,1062,3
39d8529cf6b92a5b,1063,2
861bcd0616ba4ffd,1064,4
ee30caa1ea15d971,1065,0
801f22af33489f44,1066,3
97c4fe82841f8f21,1067,4
b9c5fafc31725ea8,1068,4
174409e6c4b192b4,1069,4
c5f87eddf243235a,1070,1
426f3374601d4a24,1071,2
08b8b34c00e903a7,1072,0
70ddf3db08c0ccd6,1073,2
a57577f3a4d4c64c,1074,0
467c405074812b2d,1075,4
9913d7ad86b08a1b,1076,3
5490764af34fd531,1077,1
7ffab6e301aadea3,1078,1
92494c12d5129ea0,1079,2
6069836189ca65d0,1080,3
e6656d256d9c1837,1081,3
683d60929dfd4d01,1082,0
26bd31291755e938,1083,1
90533f575c9fe26f,1084,4
42d957d6e1911d8c,1085,1
917dd599cb1aafae,1086,1
b8ce37b08b71e966,1087,3
fa1291e32459a330,1088,0
6275f3d04d2c0f83,1089,0
7817dd3fca7435e3,1090,0
6c4c1a0b97801320,1091,1
201e99ebe275a4c1,1092,3
245fcbc237feb076,1093,4
7e9a6c6f330ff633,1094,0
1bbda333f74ef94f,1095,0
7bd41c42e5c32910,1096,1
ed8d40693c2d5bcb,1097,4
5336a8b68ec4912e,1098,3
c8bbf5dac9d7cdb5,1099,4
6db7849f326b7326,1100,1
c210072d41d0af2e,1101,1
622c73f8ebf0e312,1102,2
51b386c6e023bfcf,1103,1
6119a55794b5cb2c,1104,3
927300bf9882cf7e,1105,4
a0af0c8b9a2cb73d,1106,1
32e598c44c364b07,1107,4
f11ee3ef47b300c1,1108,3
fdbe85b588c2d205,1109,0
4f7f3de1f854f610,1110,0
0dac1e71bf7bb23f,1111,3
df3676f456aabbe4,1112,4
1b73157546bb8948,1113,2
9bb7a91eeddd04b7,1114,0
1504dd5c95d2cc3d,1115,1
a06644def61bf372,1116,3
ddb449e9c72d010a,1117,3
d53b3dca598bd837,1118,0
0022440faf7a891f,1119,0
582a2d0dd7a520eb,1120,4
ddd8d324ce196d1f,1121,0
7cd3806c558c3e40,1122,2
0c6778bd470d0f99,1123,0
eae4d7e3816fa14e,1124,3
ddb7cca7b5a05bf0,1125,3
84ce1d914a3bec06,1126,2
5a01ff935cf631dc,1127,0
58bbebbb7c666c59,1128,1
d5370fed9ead5a4a,1129,4
50cb9824b8a4918f,1130,1
ffadc3199793e854,1131,0
c7506fde2aa73774,1132,0
6d598babc21471a4,1133,2
ec0dea213f706169,1134,1
1d3220b9a532daad,1135,0
48a5522fd2066ce0,1136,3
c6ae4b51f47c551e,1137,0
69e3decc666b35e3,1138,0
74d0a1b6e0351fb4,1139,2
dd62e98b37d657fb,1140,2
9309f720c8bbd638,1141,2
0098e325987d49e0,1142,1
a0cf579dcd4aa9f8,1143,2
3effb131bd159e70,1144,2
51c3b706d9d4e589,1145,2
5a729ad35bca7314,1146,2
117d5a7d28316977,1147,3
e975ac0dd2548fa5,1148,2
975d6526566a41fb,1149,3
07002414c2da7cfc,1150,0
65a950a4fc35dce1,1151,1
7d403df9f83e944d,1152,0
1d4347d3db570eca,1153,3
68debedb56fd2f78,1154,4
b011da1e6d4be2ea,1155,1
62643577ae20ea81,1156,3
8a3ec5bcc1f74e58,1157,0
0af5778f33641bc5,1158,3
56067f878f02d0ae,1159,0
f8980040a5d46093,1160,4
972386b47622aa1d,1161,2
26d615cc4a084af0,1162,1
d45c1d476f8d875d,1163,0
fd9a7d6577581786,1164,2
6de5b3bcd7dce773,1165,2
6a11d9af2b2883b4,1166,2
3bf5260d9ce409d4,1167,2
10bc36902e816a1f,1168,2
944ef95d0efd0aef,1169,4
940da7843437212e,1170,2
058a10e2e8caf568,1171,4
e89273bc881a3e2e,1172,1
0f4cf56888581daf,1173,3
826ba3b9ba883cac,1174,2
d21f6a16a33431f2,1175,3
7fe1dfd10824cf13,1176,1
fc272d460b9c2b38,1177,4
c59d58b301886f38,1178,2
d877492868f96503,1179,0
6d4c33e388f52998,1180,3
7f32562b3db4d171,1181,0
e11f57d7de1bd1fe,1182,4
bac7f82e34a96586,1183,2
66ead0490d01ce54,1184,3
a8be5955e5e47b06,1185,0
1134efe1075d4b00,1186,0
0100c7523b54c3b2,1187,0
eee3aa88ab341baa,1188,0
9c562a6ef0d42a81,1189,1
558445a5958bb423,1190,1
4809646502294bdd,1191,4
968bf0ac2608b586,1192,0
8cb2ee09e0a133e3,1193,1
712ca634456c7954,1194,2
b0d3ae7686ee561f,1195,0
482c0ebd1f83aa9b,1196,1
771b574ac8fa0ccc,1197,0
a9f22bad2f5ba4a5,1198,4
6e33ec1bd4c13f7f,1199,0
c1091b5f5f1c717d,1200,0
783f363b0ec0f6f0,1201,2
b75a61d4d4103799,1202,4
02d763672854c93c,1203,1
4dec61bf93f1b415,1204,3
63b62140834cb86d,1205,2
6fadacb1a85b5f97,1206,3
281427f8b62dd25d,1207,1
2e9f76120387d743,1208,2
ec6a4adf17879550,1209,4
3e5cb44f9e1f172c,1210,0
b9d387f1f5815ba6,1211,0
579033f5c16f21f2,1212,4
57bd30b88b429dc0,1213,1
f372dcb8df73effb,1214,3
add2f752a8fc59af,1215,0
69a1ce79bbdba97d,1216,3
de7b7ac20ca0c313,1217,4
d4a167a6c9a59b0a,1218,3
368fa63c5e6c5889,1219,3
fd1702bbffafbad5,1220,1
3e998be6de5c432d,1221,3
51c459b1ad5b8739,1222,3
849d535e4f0aa852,1223,2
5d29b4192f83d99b,1224,1
e01c7fbac24dd015,1225,0
939380fc5ce58901,1226,1
0bdc2ce03281d790,1227,0
7b916535d97e39c9,1228,0
77eefa2c8b83aa7f,1229,0
a8f12b41d535a8da,1230,2
4acb0ca67af05627,1231,0
9340ed58bed702be,1232,4
31e858bebdca75e2,1233,4
bd6c06a64b6dcac0,1234,4
b50dc15bfd2996f5,1235,4
6b86b8c44601902c,1236,2
03faf5ac28c6a5f3,1237,3
d7c8e1e7d12e88a9,1238,4
c02b29e6b29bff0c,1239,1
4dcfe6c63d9efe95,1240,4
cdecdd99e605b559,1241,0
73a9679c6f67055f,1242,3
160cee8c1d35ed4c,1243,2
4d3137fcccfb6e09,1244,0
2f7aea79dcb21c95,1245,4
69b7cfca8fe76720,1246,3
24d597c894aeda70,1247,0
fc191d737d0ad04f,1248,0
070fb677b42bfb44,1249,4
92afd52abd34a06a,1250,4
7897cffa6972432f,1251,2
68c5ca66c86ab9be,1252,3
8c25fc342a68b528,1253,3
9518b0d981fe4d82,1254,2
17fdb1163ff0d123,1255,2
54f0717d777098b6,1256,0
bae6908ead0d7638,1257,0
e2574e70dbd43f07,1258,3
f75894723da1cccb,1259,4
6b3f3fbe9ebd2434,1260,3
b22c272a430ecc86,1261,2
9a7bfa075d067298,1262,1
06735b52a9e6353f,1263,0
76bce62dae058215,1264,1
ed2dfea90cc582fc,1265,0
f1bbef35aa672d03,1266,1
81c71afb65459f46,1267,0
c9ae22917c4f518b,1268,4
6bed0cf3a49d6233,1269,2
5d418db6a7b6d69e,1270,0
abe2dce924cb76b8,1271,2
846625869ac6f8fb,1272,4
11248b4e4e065b88,1273,1
66fdc066b082c35f,1274,1
2a2d327fd367fd39,1275,4
d0cdfe21818f4f04,1276,1
48c2cc55f551640c,1277,4
a130787980525e58,1278,4
76b5b21351150653,1279,0
7f2009213b92c5a4,1280,3
0cd4012324cbd69a,1281,4
b2d2c6e8b490aa18,1282,3
2ef790e35f791702,1283,3
dbf1c616c7407ba5,1284,4
a148c55a85acf012,1285,0
7ba96faaeac91b35,1286,3
cdbb6074f4fff363,1287,0
0e9d3828172a242a,1288,3
5aa56650dc8228ea,1289,2
9474d0ae893cf834,1290,4
212ab3d7645bbe5f,1291,1
7617adeb02089d01,1292,1
e1837dc5148b0e49,1293,2
fa29e6390fd2e7d9,1294,0
67863f7102e1a54c,1295,1
70ac150c96b1db3c,1296,2
fb155163cab604f0,1297,1
1b332d019d4aa3a5,1298,0
45f897a31edad691,1299,1
3995aefd76e478f9,1300,1
eef757a242f70c3f,1301,4
30d5edb8adb88521,1302,4
d30fca9f82b1f670,1303,0
3e5fc4bc096b495d,1304,4
3e7bc7fa04886540,1305,2
f2911531d47808d9,1306,4
6d41a6f79ac8415c,1307,4
2d4761a198132c9d,1308,3
34e5bf9edbf2295a,1309,2
d49ec2653211cf30,1310,3
d4a351c0e1556e8b,1311,0
1bb5a5842a231a39,1312,1
8b16d3442c5330a2,1313,0
b3396ab781d44c59,1314,3
cb389e8b61c4343f,1315,4
44a3a77d1914d70f,1316,1
2e467f63ddda9319,1317,4
0d37606f40defd4c,1318,0
99d26cb834d7c5d7,1319,4
f4c99ed211d51355,1320,1
104ea309a33e076b,1321,2
58b3e8189a246539,1322,2
4261fed2d9f278c7,1323,0
a7f0cd370e2497e4,1324,2
9bab950b0fa64110,1325,3
5c3c59f500966473,1326,2
2e16422a72f84e22,1327,0
a178144090c92842,1328,4
4e3b3efb6900f1e7,1329,3
9e4c4ff60952fb33,1330,1
6333bbe0a2b1c68f,1331,1
cfa5565de201de16,1332,1
b289ac2541e4e9a3,1333,4
980cc31f41ae8f08,1334,3
90c4bc00d79c1da1,1335,3
4798b2f2f4345cfb,1336,4
7fded2292dc38663,1337,0
0a5a20aa62b7456b,1338,1
3d11888c2daa48e1,1339,0
7bbf75909198ad4f,1340,0
0ff5e15982945068,1341,2
383437c5df886534,1342,1
6b625ccbdb8920e9,1343,4
431225bcddd1bc21,1344,3
988ab047cbef0d28,1345,4
874224429da35f4f,1346,0
1c01d1aca0150aa2,1347,3
cabc14b76eae3102,1348,4
a352d5e72d33e553,1349,1
93d56fc1617756d5,1350,4
a0bcd24151e988d7,1351,1
9e4dea55b89b7f22,1352,3
91d16328ec0a67f2,1353,0
a26ac3bcdbafc388,1354,2
5a93ca7ebfab7688,1355,1
ee0ab4c5ea09cd54,1356,4
6c9daf8ab96d7198,1357,3
1a9ea4aafb985c5d,1358,1
11dd0dd9518b07ca,1359,0
31c6ca9486584f37,1360,0
b783872b7bdbc9c3,1361,0
cd0f3e62c27f0dd1,1362,4
a1fcbad924dc547e,1363,2
73d1be6808f0a9d0,1364,2
25f13446b5a056cd,1365,3
b5fc9e3d16f1f1be,1366,3
c6a870fe0ee7d9dc,1367,1
e1cb7135affddb1d,1368,1
6114f30509134634,1369,0
1bedb003748eb5c9,1370,4
29f8a0fff80e6d92,1371,0
c3117800271da2d9,1372,0
322ae898283d2b4e,1373,1
e4aadec7863a7cea,1374,1
13cff02dda4d80d8,1375,3
66fdebbd4895049b,1376,2
5dd182784e6fe81b,1377,4
fbe950a2534c191f,1378,1
67b304d9d42e3f4a,1379,4
d963b9df4b5f9dce,1380,0
7e995311a4f00330,1381,1
da5dafbf3e987778,1382,1
1e46da294477b8c2,1383,4
a111854ea8fe9f7d,1384,3
ccec6192f3d02a11,1385,4
a8f36cc30496b79a,1386,0
80933aae351d9dd1,1387,3
262ac184cdc2edaa,1388,1
4ec77a45c725beeb,1389,0
0e217c4e0fbcd514,1390,0
5b7d3b2955fa3802,1391,2
2d8fbb914d8543e4,1392,0
3921fc8b0b2a07c8,1393,4
c8cab330435eff01,1394,0
a69e0cb3a8083cd3,1395,3
37a56060de847ab3,1396,2
aefb886a3cc14e0c,1397,0
68787b79b4319017,1398,0
bbb2e850043677fe,1399,3
8ee8921fe61ef633,1400,0
9eabc6f92e8d748a,1401,2
8e85f7759d026291,1402,1
2ad7764bc59a4617,1403,3
613b9b063b396a19,1404,2
80a92ed47461e599,1405,4
3eb89c070db2c537,1406,2
a5514d37d4c41e57,1407,2
5f598eefdca7f979,1408,4
b33a9e7514d2744f,1409,1
3c18fd5a3531fa15,1410,1
e42ec60448dba699,1411,2
989615f0c7996ebc,1412,3
c6041355c261a651,1413,2
203838c904253c26,1414,3
a65735a278248321,1415,1
a405b5e0c21ced7a,1416,0
16b49bca829f36a9,1417,2
bc9bf65dffa076aa,1418,3
b69fa599cde15d37,1419,2
438bd6364323c2e5,1420,1
3dbac82782d772f3,1421,0
97cfb995b8eae2ef,1422,2
9ab8fe7d05291fb9,1423,3
1544c991feb797a1,1424,0
a7cbb0dd960fdc07,1425,1
628df49e982f2823,1426,1
2b48f7360c369aec,1427,0
45225637c4c66c50,1428,3
9a9ccb30f2e498d2,1429,0
a2f6809835f597b1,1430,0
7095d90723b03b90,1431,1
a0be609ca7cdd3af,1432,3
529c9a85a5bce509,1433,0
b3e71b8c975596a8,1434,3
7aa1f28dbf8b5a50,1435,1
c956c18f3ef13107,1436,2
d2baabe49fbb92f3,1437,3
3136ea6bc5cef712,1438,2
4f286fa23eed9d34,1439,1
40d248ca39285b52,1440,4
21806a59c2abafdc,1441,3
9154a9fbf9d479bc,1442,2
795ef27429e95691,1443,0
7b5933539a957cf9,1444,3
6cc61f81d60875c9,1445,3
63c0e96a48ec8166,1446,2
4b89a10319c896e0,1447,0
41fb779b4da8e51b,1448,2
750ad6f6205ccd76,1449,0
c09a15f05ce35678,1450,0
57bfee20eaf640b3,1451,3
3e7bcf90e42adeca,1452,0
ab30419b6dc18a11,1453,2
87bcbf6787c8b3db,1454,2
6cd7a683615fe1bd,1455,2
5f148dc0634287bb,1456,1
cd05b3cd3f44f923,1457,2
edb2a9c2a8c82bd0,1458,3
5fdd63d2d75c8b79,1459,4
d52960f0fc79b7b0,1460,3
3e044ad46980c1bf,1461,2
f097730c94a7ea2c,1462,2
d02b68e7174ed11c,1463,0
c533465d3d6cd15e,1464,3
15012bc0df6be806,1465,2
2a9924a74de20979,1466,2
3d0a7ba05d29dbd8,1467,3
22597130184acd05,1468,1
6c5d3043dbf920de,1469,2
7e169b7250566b29,1470,0
84293b242faedecc,1471,0
9faef31a3965ee36,1472,1
ca86b8ca4a6e8a8a,1473,0
21b364948a0691fb,1474,4
92ee33ba8dc886ab,1475,2
b16c94ccfb6c7b59,1476,1
238a2f50265a97d3,1477,0
5752b5db2ad28057,1478,4
7e98a3a0640d903e,1479,1
f27f9de4967bb00d,1480,3
fd4b65e7d942b239,1481,1
5f237f9dd4e584fd,1482,2
323dedfc2378d89e,1483,0
5aadfa6192566c7d,1484,4
860ded40b182853f,1485,2
ac3d0ccc4cd7167e,1486,0
0bcd0f28f25dee8a,1487,1
700d2ce2a592acac,1488,2
163ffe8dbf09a7ee,1489,0
1adb5935d6b4de19,1490,3
00b54053ee22b1a9,1491,1
815c399b5f38290c,1492,2
9591bfeeac0f6079,1493,1
0e270de1cd1af832,1494,2
e08e8b5c7c7a1fc5,1495,0
a2966f4b6b289372,1496,2
8aa75c28b38a9551,1497,0
52756691b10b5d4d,1498,3
0e81f739facb67c6,1499,1
bfaf48cab81c43dc,1500,0
07bb68ff84a5efd6,1501,4
2afda7f38bb6f952,1502,2
935750b3baae5b68,1503,2
eed6585463f852c9,1504,4
3482cf417c6b58ed,1505,3
f71657a4329ac712,1506,1
3c71374c3371f3e9,1507,1
42f71354f3cfec22,1508,2
440f432bfef3137e,1509,1
f9aec7cb2d844815,1510,3
132b9fd4975ce53a,1511,2
d1751a053e275410,1512,2
6619667195ccb376,1513,3
df8f7707f8d13376,1514,1
1841ff5170afaae9,1515,2
7d2e5cda593f8e0e,1516,2
8c032c4caccfa4c2,1517,1
8bdfdc4dad209c95,1518,2
39cfbe4954e193f5,1519,0
eb0594d55e54c4f7,1520,0
3ffd922978e16a13,1521,4
04c70451be515811,1522,4
c3d3d6e470024e4a,1523,1
c95b9d5f20b9c522,1524,2
fd845edf3a98d685,1525,3
8e612e80929826be,1526,1
209bc7a7087657d4,1527,4
7d94353ab4218cd6,1528,0
49fbb30ea8d76122,1529,2
0a8388cf2fd76e28,1530,4
789fbf08da577f08,1531,0
20a5f03604e6f64f,1532,2
42c85b6032b68f04,1533,4
335759d94c8d6a4b,1534,3
85e29b83f727b6e0,1535,4
1a590eca438331db,1536,2
0b6a4a6ee14b2ebd,1537,1
c9d470e475266b50,1538,1
e2b5abdd3cb35017,1539,0
88fe37fd6552d310,1540,0
6fbf617718814c85,1541,3
a64c6b1376783040,1542,4
c2f3479a4005c656,1543,0
ef7e6ac43137121e,1544,0
50c81ccd2aa22d22,1545,4
12c668b18d992dd9,1546,3
c6b2e456d6b40c06,1547,2
ee86d7547ec4b9c5,1548,4
3fd4251100e86025,1549,4
966997601c6a9e77,1550,3
23ee92f3ba43d000,1551,2
57828c02d0a46e96,1552,0
1569e8dd7fb2528c,1553,2
2f1e2dd0685bf003,1554,3
8e4e455b93855df0,1555,1
a81ed8912c065869,1556,0
3a5369d299524233,1557,2
90910af7d10fedd6,1558,2
79313dbc30cf1382,1559,3
5887018cdc12e006,1560,2
c14be7639e167a0a,1561,3
3f41de163f63e735,1562,3
f64b92cf902438a1,1563,2
7c258e23c6b3be6f,1564,1
42e7272c478e43f1,1565,1
7f148d4a00ee63a8,1566,4
a588ce40d7af8caa,1567,3
4ef3e96b15e098d3,1568,3
abbf6fd96d227e20,1569,0
8b32f22dee7c812f,1570,1
6f1833f2cc26b6a3,1571,1
892e2d31598ec3e8,1572,1
a40e481171a036d1,1573,3
ba163169071e0345,1574,2
154e3a4b36ecf79d,1575,1
cce06fbdccc1f5aa,1576,1
3bf8b39dc011da7b,1577,1
31cf9cef075c19e0,1578,3
bc876a6d1d43a228,1579,1
5745f7ed65b5bc1e,1580,4
beb3de8893511aea,1581,1
e3bbe93ad7e4caae,1582,1
c38d674ed1e3b901,1583,0
658e551f8ee1a870,1584,2
02588770afd9f15b,1585,1
122d0a5e8c47a6e3,1586,2
e28bf20957ca5530,1587,2
bf432f9be5e3dcbd,1588,4
0f96733bb6d6b5c3,1589,0
7e028e1072d71a8f,1590,2
12ead747f024eb28,1591,3
2e24f9a9873b02cc,1592,1
090cf210591331b5,1593,4
362231333614bad3,1594,1
614aa632eb8c232c,1595,3
1c829ae118abd36f,1596,4
6e25529f8c3ff2b0,1597,3
32311144adf28c90,1598,2
e06883e5975da792,1599,2
38cc785b2ea7485b,1600,1
9c4dca9d0568ba0c,1601,1
2db0c5d6cc5b7e1b,1602,4
4ea84cb65ef2a851,1603,0
c00d407195c32f8a,1604,1
c72ce3f33e6dbedf,1605,3
e9de75e6d0f2b7c0,1606,2
aa31e602b6a23bc3,1607,4
f2043242dfea594c,1608,4
c47ae86c701a0a58,1609,0
d099c333c7f411e1,1610,3
eefd9ec5ee4dd8ea,1611,0
92bbe3326a759536,1612,4
fe398141dabe6545,1613,2
2c9ca95c70d1ac98,1614,2
8ae3041be3601c39,1615,2
443427c048ca6bd0,1616,0
ea4f16d3cd382609,1617,2
46c77cbd2c9ab453,1618,1
7cca04c6c84c6692,1619,3
95353dacd8ea7143,1620,4
00ae2e8e274712d5,1621,3
333a59b05f936c7f,1622,0
35e65f01da1c9387,1623,3
e27b1bf90cfb5327,1624,4
47a4d4bb8bc5c5aa,1625,2
add86986019fa80d,1626,2
8dd0bc531d5876bd,1627,2
d2cf3099b99854ce,1628,1
ef17e1e9264d27fe,1629,2
0faffd4599c1c527,1630,3
e433f0dbb38942b1,1631,2
a7cd3ca063f54fd5,1632,3
664f55a906488096,1633,4
304c3ac9beaa5c21,1634,3
618d8adbf8530dc9,1635,4
f52e4a233901d6f0,1636,0
d9ee617e1ca515c5,1637,0
89585909587de8ee,1638,1
512c939aa158d1df,1639,3
8df10b614a85daa4,1640,1
e25b9d1431868a5d,1641,1
7baeb48a94aed9c2,1642,3
d1dd1d656b88ed57,1643,4
2508bb3e20dc40f6,1644,0
1b5d1d9e9b85a8b3,1645,4
04faa19f09d8f48c,1646,4
209ea6c29caf8960,1647,0
f000676003e133cc,1648,4
009bdae7c45a00e8,1649,4
1ce8e33a8bbe8680,1650,1
859ac78baf221b1d,1651,0
0e80369c39ce1452,1652,3
c5c2bfbcd5f5e035,1653,2
7a8d9302ad34ee85,1654,3
ec32178c1dfec412,1655,0
e02ea7e9eb2dd3b3,1656,3
d07be828c841413e,1657,1
95f719e0ca3f8b8e,1658,1
412dbf45cdc40650,1659,1
f70bc9f0ad86393b,1660,0
f10340cf200e9e6c,1661,4
d022fd77d5baabaf,1662,3
89b13f26f7fc5677,1663,0
c374c3f81bf9db48,1664,2
0c9347a2dad883e8,1665,4
908e47005e21df34,1666,2
08537b0bdd4eb219,1667,0
d987d9cab41d075e,1668,0
e5b4da57f9866b9c,1669,2
0a814dd53ae05779,1670,3
906e2cac8418cd2f,1671,0
a2543cf6a4a9dda7,1672,1
ff01171e2192ef9e,1673,4
bff2d0878fb26c8a,1674,4
15f9ae488b57e878,1675,3
1dff2619891f7bc5,1676,0
eb46812bbd94102f,1677,1
49373ada589f9f4d,1678,0
d83383b0e37eec81,1679,3
2b0fa5c24eb02968,1680,0
855dd6d7074316ac,1681,1
8bc5349bf7a92e2e,1682,1
e4070b99b0843a7d,1683,0
b7cb9c41a08dfac5,1684,3
f966e5f6437ec2e5,1685,2
28b42c32e6babb58,1686,4
9c1380e21443a821,1687,0
30e685cda7950705,1688,2
cd2932ca70205afd,1689,1
914dc59c57cbc1fb,1690,4
20d597c8eea8dbd4,1691,1
211969a2b996a67c,1692,4
70a06ef3a86bd9b8,1693,3
bc3780599bf4519e,1694,3
ede29d65ff629bc9,1695,1
5a2677b1e344d65f,1696,4
f1dee71511b8de28,1697,1
39c34dda541ff56c,1698,0
91a485cf82393ed2,1699,2
021574606c7dd88e,1700,0
01ab43f48947dd89,1701,3
1e0aaf25bd5fe5f0,1702,3
8c9eb88358a4e81e,1703,4
5ea9be095041d266,1704,4
c0eff5c45d108ff7,1705,2
0de94ed9474cf02d,1706,4
50f8610dc81cde5a,1707,2
2d2a5d9f2b277631,1708,0
ced65f1182c09972,1709,1
a91b658682ef9a31,1710,4
2ca16380d9400b28,1711,1
6e7e4e23a4659a2f,1712,2
4bc2273b58ed347b,1713,4
cc245bebd9a98490,1714,1
2fe052c750a1f8a2,1715,4
5dd05080573c30d7,1716,1
d7f98ea8c2e4d2b3,1717,1
5f25aa541132a0d0,1718,0
fedbc8c70efa106a,1719,0
3cdcebd19bc164ee,1720,3
bf44d71d7d24970c,1721,1
45e467e9840125f3,1722,3
8e494378765df85b,1723,1
79822910b27edb9d,1724,4
096339f85f635ef9,1725,4
ff534fbc309851f4,1726,3
d8ddc0c0b7fac496,1727,4
80ef4be9901a3002,1728,1
21cf3cc7ceaa0046,1729,0
a64b04438f494b19,1730,0
dd02db80180a710a,1731,0
a5684146c12cfb22,1732,2
6eb979591ec5b906,1733,0
024a398cc9f7cc2b,1734,3
be3b7cf1a00e9b16,1735,0
c43333d62819d2d0,1736,3
d7cfcde90b9870b0,1737,0
abbccaceb6c3551b,1738,1
69af29bec8b3fc25,1739,0
37e4f59cd1e6d250,1740,2
3eab32d1e686c4be,1741,3
f612349d0d24837b,1742,2
e70354bf1feaf93a,1743,1
9cf5bdbe37b861ad,1744,1
fe148fb823f0c552,1745,4
4c842e8035bad911,1746,4
8ccbee9997ac1a44,1747,1
ab85d1f772a6420e,1748,2
c2747fba3e00216b,1749,3
70c21be8402374de,1750,1
8d9ca2f14b6bfab2,1751,0
5be5beac68bef32a,1752,0
61ab0d806a88b447,1753,0
0afc1e216cb740ea,1754,0
e3bfc7d26decab42,1755,2
7713c9b0cc007571,1756,1
5ae4d03c56bb8bf3,1757,2
736537d8d520063e,1758,2
78f0ddb54c017401,1759,4
9bdef5c0abd7a56e,1760,0
4894c1bd2ef790b9,1761,0
97ed1a2004a5d8ea,1762,1
b616f56397c77ed4,1763,1
ce0547bb44223168,1764,2
4df66f6bce436fb0,1765,3
dbd99df3da87b31b,1766,4
3c1cbe6c2bc4cdf6,1767,3
c60d447dcfd1fda7,1768,0
d6c5e0051ec81a09,1769,0
65af29de139a7d30,1770,0
42e0c53841c1be7a,1771,0
d61aed2829882791,1772,1
879a4104ea62a05f,1773,3
566193368a23d2a0,1774,3
b6d7ca4bdafc8803,1775,3
c45dcb5e195fa481,1776,3
2c3897eaa012aa77,1777,2
de967add4d164eeb,1778,4
de6751923c6b49ef,1779,1
04cb29f9a5f10900,1780,0
cfbb225ec5372473,1781,3
cbb5c3f8714601fb,1782,1
bb50334cc120db16,1783,2
222e43275533f297,1784,4
bb41108ed21751ef,1785,2
043657288df6d646,1786,2
4a9e155022f2206a,1787,3
f6b10d04d8524601,1788,4
509165dcef4865d1,1789,3
617b1084eeb6fef6,1790,2
32138ec5b599c36b,1791,3
4dc4d69fd273e33b,1792,4
c52d2459b36e3647,1793,3
74e9f048b7a6fb98,1794,0
264fd103184c3b4f,1795,4
5fec104e6ce43121,1796,1
ce7e0f4bc72874fb,1797,0
cee463bd97bf29ab,1798,3
c4d9caafd61f9bf6,1799,0
bd8d98ea769104b8,1800,3
759a39b0a89bb923,1801,0
d14b7ed64ac108fd,1802,2
c4ef2044ae413fe0,1803,2
a9d181e584c1011c,1804,1
728ba0994a00eac6,1805,4
c0c43a8612565d5d,1806,3
e8226c7dbdd9c08a,1807,4
08f21fa1aa159067,1808,3
66709b625663e840,1809,3
727317c4dd9d69e7,1810,4
9e457ea0d5b21127,1811,3
4ce665742ccb95c1,1812,1
9669297ae7ffc73e,1813,2
40efcb8219f137ce,1814,0
794fc52ddd957942,1815,3
2636bd0a8e391ca6,1816,3
63917e59c0b44b0d,1817,0
d367274df93289a6,1818,1
ed332d1f55c647e3,1819,0
c0826ef66ef0c29d,1820,4
9a92ca580097ab22,1821,1
29dd235ac6035e89,1822,0
e83893bbf35cd9ac,1823,2
777a325248452f25,1824,2
8677e7bd8e2b734e,1825,3
9b673a9d6515a32b,1826,2
7a3366579730a595,1827,3
d428f71a4a22c476,1828,3
e2f638f6ec1dde10,1829,3
404094c267dda554,1830,0
b4fccf6aa8b89ec1,1831,1
74bb9fdb66f48923,1832,4
daaf657ccae6b916,1833,3
0009357b85c5e261,1834,0
da9b1f069695e491,1835,1
7df520d22676eb47,1836,1
3d11d036283ced6c,1837,4
0a9782969b6b45e9,1838,0
2e3da4e9758d0cd0,1839,0
72998de26c9fe462,1840,0
111337dee8a3cd19,1841,1
92a5e39c3f3946d0,1842,4
65a3c79f1e9a94aa,1843,2
55916eae50cba838,1844,4
86bf9b848070d4a2,1845,1
6ce8c5caf1197fd3,1846,3
3b10f0aebcf02ad6,1847,1
588f9dfbd35d8be6,1848,1
b4fd1a904cdd0ec0,1849,3
8be8b791e859b55c,1850,4
86bde565ebd11a67,1851,3
3e3e86ab25ec47ae,1852,1
241ac371bc647aa5,1853,4
cc20f589de611e29,1854,4
48f0f535b11c126a,1855,2
78688835c02dbe32,1856,1
b8a018500bea8658,1857,4
740652a85fbdcde4,1858,1
3bafebf84c008d41,1859,2
a5b18b83fa4bcd98,1860,4
e20aa6407c59787a,1861,4
430552d711557cb0,1862,1
6d3d24cb5ae1f69a,1863,1
3fde2a77cc3cc165,1864,3
5f0e7af33e603716,1865,2
12055fe62305c761,1866,3
afd62d708713ce16,1867,4
f2fa88749f57b04e,1868,2
5af2354ef85795e4,1869,4
89c30379b184b29e,1870,4
e117ea1a2a48e865,1871,4
b4dc3b43494d616b,1872,1
4cc08b6a65b2dc93,1873,0
a700e45ca0175b9a,1874,2
52bdbcfba0f30f74,1875,1
26acecf01ce3ef37,1876,1
f7f61a9b4190c942,1877,2
0cd4197ad91509e5,1878,3
ba8f21c99dc6900b,1879,4
4fb83ce0edb6699f,1880,4
3a7160a8f4ac859b,1881,0
79450a93411ccf28,1882,1
7f487470d9e0e1dc,1883,2
a6f570f09c95ecb1,1884,4
87ee8c1e31c06312,1885,1
e7808fb0a81a48bc,1886,0
33d38fdc75aeff7a,1887,3
dcb0d12b53b50762,1888,4
dc375ab5e3fb4ddb,1889,3
226c1edb85cafda8,1890,3
32b7490aea859629,1891,0
c0ebe4359d01c308,1892,1
dfb0b8039972b2bc,1893,2
ed96787f81179eb8,1894,1
ef327bcf8f520919,1895,4
99394fe6f306da51,1896,2
ad28ae6e5db6f7ed,1897,0
ac0eb4c828632d47,1898,0
87825f43e14a314a,1899,3
31a1f981ebf0c5f4,1900,4
55c6bbdf798e3622,1901,2
cad6160f31c9a356,1902,4
a278c8754bc3feda,1903,1
3f7aa751331202cc,1904,1
2dd30325b063ef6d,1905,4
fc8e18afb3d01796,1906,2
370bde55d5f7e62f,1907,3
090d8a5acc4e6e00,1908,4
724d1d51ff6084cc,1909,0
d02448afa73d931d,1910,1
05b1fb938e6b54b6,1911,2
46b77e54a940d886,1912,2
44ed0a6f2d81156a,1913,0
610868f28fb6933e,1914,1
ad84dba425b73161,1915,1
d1dddc8c2308c29f,1916,1
ee085d492b35dded,1917,4
10097f529b195db2,1918,4
1329adee94630128,1919,3
9005614b982b9fd5,1920,3
d75f9438b2aa0076,1921,3
80e613f2945c2040,1922,4
e719155f2386f9d9,1923,3
ceb05dac317c92e5,1924,1
b1af33b4313b9bb2,1925,3
1d4d153b97f038c5,1926,2
ee212aa4b4efdff1,1927,3
d32b00ac8d465f15,1928,3
594e0db93da9af19,1929,4
6faf719e9a4233ff,1930,4
f5b5739724e9709e,1931,0
8e8221114ff6ed99,1932,2
0baa51241553f574,1933,1
c4bad42fbb4a9696,1934,0
f70fabee485ab462,1935,0
dda3cba4b2afec91,1936,1
f17ba09d5d3139a2,1937,1
f33ff5cab847368c,1938,0
a90b047fdfad4b38,1939,3
75f74d4f230364e4,1940,2
f357e7ed9676bad7,1941,0
c0eadb109936e182,1942,4
03f432915ebe8f89,1943,0
a9ef2d2448f19cec,1944,2
0cf334aa641a7aed,1945,2
4109c9c0bb425652,1946,1
f257e63af25364ce,1947,2
26ba6401b1c43271,1948,0
a70eda139304f4f1,1949,4
b2eb13750aeaf886,1950,0
68fac62b538be3d2,1951,0
d83171c93b12f8c9,1952,3
557bcc78b73981b0,1953,4
ee57680d26c2c92c,1954,2
541ffcca4e2f3fd6,1955,0
ecc00c2a7c97fd74,1956,0
5a6ff9ac799f3a68,1957,0
b9a7a204037edf16,1958,3
f29caf87cc1a9729,1959,1
0dffacbe6cb3d71a,1960,1
897ec8be1b337a3e,1961,2
364aa4800a932d68,1962,0
4ab99972a1404aed,1963,0
94b845406b764d82,1964,0
de1dae22d7eccc85,1965,4
fdc714aeddf2a507,1966,0
a1a57e4bb6a34f32,1967,2
7c57ca61f08a4632,1968,0
affcbb3ff5d2ab92,1969,4
9a1ea3a306f04e5c,1970,3
732afc8301fbc64c,1971,2
554d6445e51a9241,1972,3
449fce9cdd85a546,1973,3
fcbe6f0c8e014317,1974,1
587134e40fc8c316,1975,2
85089398497ee051,1976,0
37c4fd43e02e9c38,1977,3
01a7f0369d6b40f5,1978,1
3db912109f4cc850,1979,3
6b5e3b3c04a415a6,1980,2
9d1f674d5def09da,1981,0
ca39595aa320aa06,1982,1
0939bc86557a551e,1983,4
4f3782954356f52c,1984,4
0ba6cbef984a9b22,1985,3
dda2f4abcdb65001,1986,3
521f532717fc013e,1987,1
37178f2a34325b00,1988,3
673066057390e365,1989,3
db07fd31cb4d2d69,1990,3
639e307a3e2f1555,1991,3
b6b27d2b388237ef,1992,2
70d39fc4f5c0b863,1993,2
eb67d4bdfd4a04bd,1994,2
5300dc9b7c5cae21,1995,0
7d9f7c6dbe5c16e1,1996,2
c5665dea9dae3c74,1997,0
119c4cd07ce00e44,1998,2
332c9dfc11043d46,1999,1
25f0651333aaf41d,2000,0
dc53346c308e567c,2001,1
2bb673c98f2982ef,2002,1
07d37a5a36e8328d,2003,4
47011555a9abcdf2,2004,3
85f0545c56a0f3ba,2005,2
55018516b72b7b42,2006,4
09bd951a3de6c0cf,2007,0
a627fcd66425104d,2008,2
e4d009c7aac1d79f,2009,1
5b8f8c148917485f,2010,3
3f17a855b6d0b936,2011,1
855ffe113a487f9b,2012,3
30ce2a64e4810ca8,2013,2
bc53cac4d8c22380,2014,3
5d0c0958fbbd1471,2015,1
b45f589a3bd16b0b,2016,1
604690b83636c18f,2017,3
dc764d7f5ab3ff4a,2018,2
ccba36999f7f4ee8,2019,3
64e06fe903e9e417,2020,4
788ab7756feb3af6,2021,3
9cc6e67bafb1bca4,2022,3
704312f1db50e02d,2023,2
9bdbae680dca9595,2024,0
803324e2d290645e,2025,2
89b53a83a52fc12c,2026,1
f26a9de447acedc5,2027,0
edad20d935cf1779,2028,2
fd1804ce48348bf6,2029,0
d8b8ec75eaac3bde,2030,3
ef5f5d2fd586c7d1,2031,0
c8d3b3b6d9872f0b,2032,1
b1806a7284672740,2033,2
ae40762f8ee88dbe,2034,3
6d1ba2d8de4f6774,2035,1
53bcbe5dc97e92a6,2036,2
4dcd4e0e0bb45f1c,2037,4
63a47ab57a4bd44a,2038,3
e70f9b5f1b493016,2039,4
7e8bac675fdf2b4e,2040,0
0d2538015b3421aa,2041,0
e62b3484240117ad,2042,4
8687a07679c2004c,2043,1
08ed8958202f8a51,2044,3
87b4fa32d4c39c84,2045,3
570f6be0becf6fc2,2046,1
444bc68956655a32,2047,0
6c312142fece3def,2048,2
879a2e591d4dca06,2049,0
fc204cabc4b25994,2050,3
6f3334fd8443db75,2051,0
71d182a612705c99,2052,0
bae04f7b99f3df55,2053,4
e29f0fa72a20313b,2054,2
64fc1b59131acebe,2055,3
615a9981cefa4805,2056,2
411e502df33dc67e,2057,3
f909ddaa06dc1db9,2058,2
491ecc69fd8f9566,2059,2
1e52cd9f80b4f05a,2060,0
ae33c241edd8b51b,2061,3
1dbbdf46f05c34be,2062,4
4ff3073eeeb7bc39,2063,0
ab2c0ef62511ae2a,2064,3
5f3777547695315d,2065,1
ce780082c74050be,2066,0
a8bfb15bc6ebe1e8,2067,1
d7692e2c9ac5da7d,2068,1
f910f6ee3137dc6a,2069,1
f0b6f8de7317121d,2070,0
235cce58ed238afe,2071,1
31953e1b334a0586,2072,2
b44217398a76a84b,2073,1
0adfbfaa27e5369a,2074,3
c287eed258b13fa2,2075,1
44bebbffebb4c400,2076,0
d59b6ae6c945b958,2077,3
2953ecc14eb47c23,2078,4
fff5e005eb2519a2,2079,1
581ef30c08ef745b,2080,0
1a442efb94c1e04e,2081,3
4ab099bc6d92793b,2082,1
0b56f19486a43b55,2083,2
3211e3b713bb02f0,2084,3
1f310280162bcaa3,2085,0
94104d17a19b818c,2086,2
79b2083572f9c558,2087,0
c2afa58e8da70989,2088,3
41c22aa057242240,2089,3
db34c46cf626c213,2090,0
4cbe5bb75ab9a782,2091,1
dcb155b321e95aac,2092,2
5e2908974c5a96d2,2093,2
a063a3bfc71437a4,2094,0
e8275cf7f810beb5,2095,1
f483a63ce898e749,2096,0
f1ab990911c4bcf4,2097,0
3eaf83998fb17368,2098,3
8f9cd4cd56aad49c,2099,2
a4951daa373497ba,2100,1
f657227f8071aad0,2101,0
558231a5468000d8,2102,0
18e541a4713a401e,2103,2
cd342703ac6a6b75,2104,0
e0e7e245721f2bbf,2105,1
1d50a5017514d8ca,2106,4
4c627d47fc9e7909,2107,1
8814395234f9ec8b,2108,2
e59b7bd574e19193,2109,2
194d954f6a8cd1f7,2110,1
9511b452a6e4fa50,2111,2
e9e1e9513e6ec338,2112,2
95736da109817b0c,2113,2
a7101f881c67845a,2114,3
c72d7e37e5de7815,2115,1
aea3fe287d06e9e2,2116,3
d7e19748584db80b,2117,1
c12b8482479da579,2118,3
cfe062efbe758170,2119,0
66eb9925cb02e4cc,2120,2
ec0359c4fe269b40,2121,2
13d8166005a97788,2122,1
1191202ab5ea788d,2123,3
87b32f2d6818607d,2124,3
32194fb837b695bd,2125,3
52a52919dcdb20dd,2126,3
a3f08186d3d5865a,2127,4
6ff0f32181da78a0,2128,1
4d1cc7cdcb89942f,2129,4
8bdb143c58c012b0,2130,3
2cc03e589dfb8521,2131,4
e99362bd7f03fe52,2132,2
063a6ef1d07eca83,2133,2
07bb9d09b750a314,2134,4
7b5d8b70992e62ef,2135,1
d59d861aa4f427a2,2136,2
91cf401c3db4cda5,2137,2
6aab65e1fee088e1,2138,4
967c0d6f163e0045,2139,2
873e6f5ef3219bc4,2140,1
0310978d248afced,2141,0
3ba2f944ea50185b,2142,3
56350ace63f5aa76,2143,0
9ee7ff9074a073a2,2144,0
90844ce4b52c37e0,2145,1
fb342aa82271c937,2146,0
ce348cee943926e6,2147,0
f57608a313747e3f,2148,2
f73197acb3bfdb83,2149,1
ac8ceb0f3a5932ac,2150,1
a884b27bca88ab71,2151,2
529a1ee637dd4635,2152,1
8baeb627f5be4f67,2153,0
e04486d0ffe7e247,2154,1
efa76ddf041230f2,2155,4
1457513d73646fc0,2156,2
7f131087acfa30f1,2157,1
5f9199882931f297,2158,1
629d06e01630f384,2159,2
74edc2cb2d0eced8,2160,4
15f31880a753f739,2161,4
7d8c9a45bdbd8b93,2162,0
5fa6553f7c0da986,2163,3
480106815a310ec7,2164,0
35878a3126d0792f,2165,1
8b851b30198ed468,2166,2
48bcd6ad9d3c6fd3,2167,0
04eab5abc1ed0553,2168,3
ebf81cadb1c669ff,2169,2
06ddb7640f4f155c,2170,4
f3e34915c80803dc,2171,0
676ddd595d6c7f37,2172,2
ed966407d18ecd4e,2173,4
a13510187b103eb3,2174,1
f17f51a01bff96c1,2175,1
98d3b062934391dc,2176,1
bb3f15c2a330ba52,2177,3
9ce72224c31aecde,2178,4
27b7475e6e3e8141,2179,0
f5b74908e6d4fb4d,2180,2
a4d0eee55740dbae,2181,1
2a5e72a1894ab94a,2182,2
cc706a7d768d5eff,2183,3
6416235fa620c82f,2184,0
ace2de09d2b00926,2185,4
f04ddf1ea879220e,2186,3
c436e606612a3f8e,2187,2
8137ba335a2cee3d,2188,4
182042d275fa186d,2189,3
e411fbfeb16525e3,2190,2
e796a1cde9517789,2191,1
41824ab5865f1589,2192,4
ffd1b57864e2cd74,2193,4
df0e8ad7ad91ad97,2194,3
e77a216c4222aae5,2195,0
232be155d8cdd44e,2196,2
145098a99d3fa5b3,2197,1
7b9b8ba0974ccf1f,2198,4
34e6f92cf8ac7bc5,2199,3
8204e503ef8007df,2200,3
9c2bd888e86ad8d8,2201,1
a8d9ae0d372e5743,2202,4
e03cf33d70c5d3b6,2203,4
26e4ed8815f378e8,2204,1
65c93b26b270eec5,2205,4
70d039c44523a3cd,2206,0
0e0ab7ac5f3e455d,2207,3
bdbe3128a6a1b4ab,2208,3
ed3f2d02beefcdc7,2209,1
c3f7769b9274f890,2210,1
07090ffc5b700915,2211,0
6e46f83a9c53e783,2212,3
cb0fa915d4c366a6,2213,1
f7d3e66ec2c5d9ca,2214,3
9b55e5b161b55a8a,2215,2
880c38364b26b780,2216,3
b5b9dbfaf5d6e5ce,2217,0
75bb67b902fc795a,2218,1
3696813e5c5deb20,2219,1
c246d1eb8f4e2c4a,2220,2
a06f1fe01a4b3915,2221,3
1cf9712811b1964c,2222,3
f115c51a278013b4,2223,3
79dc077e98479136,2224,1
e65851b320397191,2225,3
d5e9c21619e3b6d2,2226,4
81f210937ab1bebb,2227,2
f05dbb5c1d7f7c39,2228,2
31afe98052ef017a,2229,3
fc5e338ee10a736a,2230,0
68efa3c343d6f2ce,2231,3
8b89c96670a37880,2232,3
6dd76804a68a7d97,2233,4
93f905565e7b4405,2234,1
a3cfeff2cc9bc34e,2235,1
9741f887006f4f10,2236,0
66cfeaddc0422b87,2237,3
fd990780587c0eea,2238,3
023cd3e3896ce325,2239,1
b3055d7153d97751,2240,4
694da54cc8bce8e8,2241,1
01120f3593056b2f,2242,1
bd6ac9b2e554fc08,2243,2
2b9d72d14ae26b1a,2244,2
e5209dc0a89210fb,2245,1
f08cd9b0f3157866,2246,4
c8707346f75d7707,2247,0
5575dd1ab7dcc546,2248,0
677bf0f8175180a0,2249,2
abedb24791bed871,2250,1
e925a4f8251f7d68,2251,4
a0e2ac8ab94481c7,2252,3
0c3752612087ff44,2253,4
a1dcc3172ae54466,2254,1
114c6f3038322aac,2255,0
1b0a70736589fd67,2256,1
7b3b5a89f14cadb8,2257,1
13c95e726a4cfc15,2258,0
5d0d984d235b5572,2259,0
98bfe32dde688583,2260,3
5be86f57010ba5fb,2261,3
17fb2fc6e3b5b0d8,2262,2
ef748284856bcdff,2263,4
41ef24612b80cc53,2264,1
3fb4ffa2227eed9b,2265,3
06ac08f88080c500,2266,1
28a3265a89a031e2,2267,2
da2bae2d6884cbf7,2268,3
5112b6dc5e5a9d98,2269,1
f49693ba9b3e592f,2270,4
9a4c3f97578f43c4,2271,2
3d6f763d3847644f,2272,3
8a4cea9d85827373,2273,4
3187fc4c4d597fe8,2274,0
4e7f8667205d2457,2275,2
a66719f95f1be946,2276,0
00d7d0e8ff225158,2277,4
85e98a85bbad2605,2278,3
ee97d0f905082968,2279,4
c18ef011cc2e6473,2280,3
08b6045bcd91e6ff,2281,0
4649914547dba077,2282,4
9f55ad672053c76f,2283,4
d0b2246a7eccd6ec,2284,0
2f33b7ff091dbb64,2285,3
61f7ddb0a7316ce9,2286,4
146af161fc210785,2287,0
2d03065c79bf5ee9,2288,4
2fff29545ea59234,2289,1
3fa4c773956cffc9,2290,3
48d8c90fb10d2617,2291,1
3ea5b26ebe141a5e,2292,4
63162dfa5bebc0a8,2293,0
f4f4973f6fe7ef2e,2294,4
514686f1286bfb22,2295,3
6247608b238b5714,2296,2
81720dfd7fd56ae7,2297,2
72434fc882388b8b,2298,4
b21edbb209c29b2b,2299,3
810f72d132db16bc,2300,3
857029ed067f10c4,2301,0
49d522e4ec462ba0,2302,1
d4af857ce9475c00,2303,1
c7dadc9b0451926d,2304,1
ab729b8deabc3f1b,2305,2
a99d9a58cd409d9e,2306,2
59bacb6d1749bdf2,2307,0
db35d326f3814d3a,2308,0
526eea70bb210e33,2309,1
e264eb8e2a7b1c69,2310,2
df50c09b1972e15c,2311,3
9729fe563f37b8bc,2312,0
df5c4fef6eea39fc,2313,2
c09b2ebfc112cdc8,2314,1
81d86cdb340a7226,2315,2
1be03fce1a35f76e,2316,2
ea05a5cdeae67114,2317,0
3867068982eeeb2c,2318,0
dd588b098fffaef0,2319,3
525a99e7208537c2,2320,3
ea7183bae4a05a8e,2321,0
fa19e7ca1123e628,2322,0
16e4ed38d0c33135,2323,0
23ac41e9b6991e4f,2324,2
e8fcac914bd5f1e3,2325,4
9dee63e85ff994de,2326,2
07aa4fc5cc128a4a,2327,1
b06f7df4e48ede8e,2328,2
ad48e9f4828f3d49,2329,4
7635a1687b1ffac3,2330,4
5d95af12be0c0e4f,2331,3
9f672dad2b243088,2332,1
52e3e6d2f3e20c21,2333,0
0976d12efacb5d5d,2334,3
167952f9228956f5,2335,4
8db8a876c6b99405,2336,2
44dffe1e2e7ff3a5,2337,4
c9ff49bc7267f9de,2338,2
2f3a2925e5ee9c75,2339,0
c6d6c026fa657325,2340,0
583c8d089674203a,2341,3
8e940b33ad2cd55e,2342,0
37c11c936feb7ff9,2343,4
24e2f3e3c6101849,2344,1
e9516893977f8601,2345,1
8e943b237efde372,2346,4
4732c1ab09f61cd4,2347,0
666c49c41e0751d3,2348,2
b13a35ce320338ad,2349,0
b862dff6dd281355,2350,4
453bbb90635a3c65,2351,2
4c896ec9686a0d6f,2352,3
73f74bba1952be1d,2353,1
86850e046d5bfe02,2354,0
b4e477ddb08621ef,2355,1
2ee612c9fc5ddc96,2356,3
ad2ba02b6b75b31d,2357,4
5fc0a8bfaf0e4a57,2358,4
ffb6ddd3fd1c4172,2359,1
878fc1083768fad3,2360,2
8b7bd7ee246bdf90,2361,3
947873122faab30a,2362,3
6e251f2bc3de2a13,2363,2
58cc32c33d1f6daa,2364,3
dc82319d7a9d142f,2365,3
827ed6f1c7d7bee8,2366,0
e2f966492a812fc5,2367,3
c2dee5ee7f0c7534,2368,1
fd5f8077b9e9249a,2369,2
0b02e84caeb45dcf,2370,3
0576ae9f53a7002f,2371,4
fef03a219e9cfe6c,2372,4
03b4900fc06c19bf,2373,3
d082ed405dd72e23,2374,4
979163ce877b14cd,2375,1
09a97faa062d43b0,2376,1
34ed18e3ec5248e4,2377,4
f9db56167ad68f7c,2378,4
d0f26ece8f901145,2379,4
108ea471b0117f1d,2380,0
9520f88df8e9ce08,2381,4
01eca1da485a73fb,2382,4
28ba51576d18ad2c,2383,4
223312e6c0fab9b4,2384,2
8957a6bbb20d8d9f,2385,0
8a0de5fa5fcf9e56,2386,4
e3fe3251f73d8826,2387,2
a5e0748b3ba0adbe,2388,0
0f4ccf19ffccc0fe,2389,0
00a5140cd3836301,2390,2
85957c0896f22800,2391,2
862b50db5ae92e22,2392,3
519c4f2c918ba4b8,2393,1
0b64f4586e59007f,2394,2
b4c9a930b9174d8b,2395,4
78e637c35422861b,2396,0
cae06b3083bbfb5e,2397,0
d416837a1ca6b76a,2398,0
49635678cc72a6bf,2399,1
080674dd398d9ffb,2400,3
b547bce8b107f3da,2401,0
eeeac277dd8ba2a2,2402,3
4b01ceb9d8fc629b,2403,1
ddfd3d1c5f17fda1,2404,4
746a6c5320e0269f,2405,4
5a3826e7d09e1503,2406,1
6e52e47e5dfa9bd5,2407,0
26d2d33bc26a3caa,2408,3
f6724ed3d053ea4f,2409,4
a37fb4f3b66fdff3,2410,2
fbbaca41f8d73e94,2411,4
7d21902712836960,2412,2
62d6160cfefaedb7,2413,2
20da3057d242044a,2414,3
a5e2ec0de2c62a76,2415,4
90dbbde2a2e2d631,2416,0
7cd1b4d754426098,2417,4
a27511a44b614fc7,2418,3
440031c474429ae2,2419,4
5c4cc87bcab222b8,2420,1
87c1e2004a8a6fae,2421,3
18ddd3157092482f,2422,2
165305fd46293a41,2423,2
484468d3c36ace8b,2424,2
abfda46b8311a325,2425,3
52ed3c597a6b17d0,2426,2
18c9fc36d1176cc2,2427,2
9cf939490ef4c070,2428,3
081ed968b8961208,2429,1
076adcff4386c2e4,2430,0
e18d1c08e587fa2b,2431,0
bfa3afd4908ae5aa,2432,2
b940221c71531b0e,2433,0
936b07b9b82f4027,2434,1
9c02a358947dfe37,2435,3
2e53e93c619fedf9,2436,1
95ca0a234ca43c48,2437,3
4cb221a2c457516d,2438,2
b47323f0e88b3ef5,2439,3
9a30616d2ae302b5,2440,2
833e023ca338693a,2441,4
da5928eba5627171,2442,3
ad7a3e53efec7068,2443,2
30e8798c53060a21,2444,4
8c4f1095556c982d,2445,2
95941dffe7531d8d,2446,4
24424b3af5f32596,2447,3
d02330b29bd185ea,2448,0
2e4bd25faa9b951d,2449,3
aa111752d9fc493d,2450,1
91b82e10d1c14345,2451,4
6234c57c6e47c20a,2452,3
dabd63c44bebdcc1,2453,3
597858d955d11f14,2454,3
e31260e0694e438b,2455,1
e9437796b699b0f3,2456,0
0223d7f52d6b5d0e,2457,0
2b711716c5f2158c,2458,4
f7ef55ef96497038,2459,3
1cfe5f9bd32dff64,2460,3
0df0db7b2a424058,2461,1
d26206bff2102a92,2462,1
2d4ca9816e22449a,2463,4
11e92ce5ccf7c7ac,2464,3
51fe23ccd1d55665,2465,4
1401866d0fb5591f,2466,2
40235071befe87a3,2467,3
70f27c60b1b307be,2468,1
d10abca520099200,2469,1
4c6ba260d3a95e91,2470,1
95c76e26a1af8595,2471,1
a01043ff32408c3b,2472,0
f5e182ac2cb9f661,2473,1
b89818de340a2bcd,2474,4
0163b3e839722c25,2475,3
70806e1c8febc357,2476,2
80b714bb9bd72a64,2477,1
8a387397f70e4006,2478,1
1907cc7246111773,2479,1
6fd05353e707dda4,2480,2
36b6ae1bd2bdeafa,2481,2
87c2ecad67074913,2482,0
31fa5211103d4dc3,2483,2
a01dea3c394a90b1,2484,3
6bde14aa7171df7a,2485,0
5887595ed1fdc51c,2486,2
a26f666a1df02dee,2487,4
1c2cdf876886bc03,2488,4
64afea18bb0eea3e,2489,3
2e1722995ddb9151,2490,4
07bd291834977334,2491,4
7064476b89e7aaad,2492,3
4fad87f607a9511c,2493,1
5b16c72a37828906,2494,4
23af431a421df9d3,2495,0
5df1468e009264ba,2496,4
3086d5c708a619ba,2497,0
9de751790a0cc68b,2498,0
73e7796f1e3ec8a5,2499,3
0144e63c35d1bcaa,2500,3
c2255e45b9231156,2501,2
5c14754ca3178aa2,2502,4
bafbdfbce7386dfa,2503,2
c834e504912f1d01,2504,4
28c7d58514398828,2505,3
6d61a38c7cbe1b17,2506,0
440f62e9e9a87fca,2507,4
b8f6d8185d8bf425,2508,1
ab81c335c230985b,2509,0
9a1771c0ea851c54,2510,2
6a6cdd8b7e85975d,2511,1
488c83379596a381,2512,4
f8de46d38ce177d7,2513,3
7fa1b63fa71e1578,2514,2
9bce54dfe7a3c484,2515,0
61d260067ee1893b,2516,4
b2efd78f1cb58ca2,2517,4
2fbca51748881393,2518,4
a24c86edc11f7d7c,2519,2
0a357e705b789ad9,2520,1
9b97598fe05a4dff,2521,1
be567ca13c96b1c7,2522,3
6c7b525d0b7d3c51,2523,0
524c88c21a3543b9,2524,4
bf4f59a20b65c504,2525,4
15ea98c62d68e2ae,2526,4
7df48952df808d6a,2527,1
e21b43dd0bc382a5,2528,2
0074d4b03b8d2e10,2529,4
0a84e12cb1efba04,2530,3
b9657747f232ac1c,2531,0
6f53bd4a808b2d5f,2532,4
363313ec0153320d,2533,4
f43f7a7a4295073b,2534,0
63080c8db62e8d99,2535,4
98cf83871a423368,2536,4
9f6330167d5857b4,2537,2
b7d9bb82a7ffd9f0,2538,0
af80c9610d8a52c2,2539,2
89c199c6b9ee645a,2540,0
02cdaf01f14545c4,2541,1
c8119b2e1aa3f7cc,2542,3
6bcc775eee6fafb4,2543,3
44e102a9cd1f0717,2544,2
3c8512385710e9da,2545,3
d0703e4c399b8def,2546,4
bbab65630b9dc562,2547,3
df1ff8a9c1fcb1f1,2548,4
83db41a53d677dd2,2549,3
f6d7f587c0951d6a,2550,2
778e00efd33e88ab,2551,4
7aac60c38f347830,2552,3
5b31b2d392743ff6,2553,1
dd30af38e8fe0ce0,2554,4
65271ea951ac843c,2555,3
1279556fe0facc04,2556,2
ca238caa52c472c9,2557,3
ab734558c6921b86,2558,1
1dd4d47937bf3179,2559,3
e54422a9f68b6730,2560,0
4799be538a0dea15,2561,4
926ba63c484eb9a7,2562,1
7bdbb20d3a6d0bc3,2563,0
c3f61efe071db504,2564,3
0be3b6aac59492e6,2565,2
8db63698be5d5647,2566,4
60b6bf1fcc6c5cb1,2567,2
872451318d93ebf8,2568,2
efd0fd3ba4f2ef32,2569,1
0fb4cab1593993fc,2570,4
5313f8937cc715d1,2571,0
5d21383af097db2c,2572,1
9eef605beee0772c,2573,3
313a11c8b57b6d17,2574,2
c6d6c8eb1bffb109,2575,0
d96b9b4c33796354,2576,0
35d935a268146295,2577,0
f9cbbe5dfb9c74bb,2578,1
0f8d6a3642567f4d,2579,0
70407830d805fcbc,2580,2
c595bc7c602bbcf7,2581,4
ed36158f3e25ce02,2582,2
0cccac6e8ceea87c,2583,1
be7374cf4751e3bc,2584,0
e9c9eb987cbb5f8a,2585,0
76bb4f6853bd1a01,2586,2
34b69853dd83ac6b,2587,3
fcc5000f9cb88929,2588,3
355ab40cd01b1820,2589,1
dee558583a585222,2590,2
42d6086f67b2a2c0,2591,4
c469fac909f8e126,2592,3
bfbdadad04cd16fb,2593,0
d454bcb09931d6aa,2594,3
7cdfa3181c920cbb,2595,4
8bfbc7e70729eb05,2596,0
713012553205e5a4,2597,1
487d17df90587c98,2598,1
d944f6e2db2d9568,2599,0
f732c9c5b65f279b,2600,1
bfe76909f0ff636a,2601,4
d0a1c06a3b91d6ee,2602,4
ddeea4c17de2ab9c,2603,1
bb1a537f92f030ea,2604,4
1242126250789bc8,2605,0
1949a64cfaf3a65e,2606,2
2594eb3d57fd891d,2607,1
b6cff4b0b671a99c,2608,4
3e8e9da1ff4383b4,2609,2
aaa7b5f4a095f81c,2610,1
c493af93e64fb191,2611,3
be2e5f988e7ac609,2612,3
bf5accee65a77452,2613,3
ea0ef474ec7730b9,2614,2
0196c7ddc9002788,2615,4
5993e68e474b619b,2616,3
0eee42f43637cb9b,2617,2
35faeab1e33d04be,2618,0
cb1c9658d14e7a44,2619,2
e3611f6751e82838,2620,2
c2f84472d25e163a,2621,4
2188423f60088488,2622,3
3d85c40b61f7c39c,2623,2
fee23bbf845335bf,2624,1
7a4c3957c7419ed2,2625,4
e51e82912407ac54,2626,3
2166be90c48b311e,2627,1
bef7fa560a286ef1,2628,1
228fc3ef2ba55dd7,2629,0
0dc4735954b78f64,2630,1
7c26648e12dc38e3,2631,4
bd3dbe49bfa25658,2632,4
c100e291d612ac8f,2633,1
330ea6f8fee8a14f,2634,1
aa35d1d4c43dee22,2635,4
0e0e31c3018e2fe6,2636,0
be10266b0b4ef7db,2637,4
9c9b9e53732977ca,2638,1
fc880017cc8c8ec5,2639,4
411fc75c6512fd69,2640,2
990a9a849dfb811c,2641,0
25dd916d138f31a2,2642,4
9ff7d7807ead9c5c,2643,0
b2cf1f7479fd2115,2644,4
efca39935d6defcc,2645,3
c4877dea675d5345,2646,0
bd10a0fab4c81d47,2647,2
8d427e04076b1c8f,2648,3
b6edaea3e36048c8,2649,2
ebb1de0ba2331d9d,2650,1
6968b43b8038a63e,2651,2
09b4d36d2a119dd7,2652,3
ae5a41da529591bf,2653,1
fba3d8367eb06e6c,2654,0
c52adb8d9d30e306,2655,1
9870f6192b5e630a,2656,4
17aa1f5d01ee0fcf,2657,2
4c050e82ffdcb921,2658,2
136b6323d322c560,2659,3
3e5d34adecf9b7a2,2660,3
095f213cc517f5b8,2661,1
95f16c48d2f999e2,2662,3
9a5355838882f3f3,2663,3
1cc1382f14b2af7d,2664,2
2efaccf0e883ecff,2665,0
f74f4468f175b64a,2666,4
fbda00fd869c19ff,2667,4
76fb17a7151ec70c,2668,4
3173d2fa5cee4329,2669,0
1b3f61bebb8c6cfa,2670,1
25977d5c8bd1d9ab,2671,0
9722b6117cd2ed35,2672,2
d335293f88894680,2673,1
94e276c680c6cb39,2674,1
39c2aff901a7676d,2675,4
9b914cd47e99b449,2676,1
7de0c36343cdc5e9,2677,1
cf4a96b15b4bcb73,2678,1
e86c9ca86a08be08,2679,2
e388c6f2cd24d804,2680,1
9cc6c76d9cba5d80,2681,1
d92250cca1097dc9,2682,4
be56e8c1891c85b3,2683,3
db7baaa9b30bf603,2684,4
72383934e9977d13,2685,0
cdceda01d2f325c5,2686,2
ac68365fe91d0c13,2687,4
012b5cab51879da9,2688,1
5f9df75e22502464,2689,4
5146d4dac2a5f613,2690,0
313401b2384724c3,2691,2
bd709a88063d9ea8,2692,1
fc7958dc0f0aaa12,2693,3
7bdbf97b9f9a78cc,2694,1
2342169f25fb3720,2695,2
a3e378d379dab81a,2696,4
aa029b919b58664b,2697,0
183afe5bd270e8dc,2698,0
fc08e19eb1a000f5,2699,0
72fdaa75496aee83,2700,4
344dff43db91cc1b,2701,3
d11d911483ee358c,2702,1
8cff730578c19ddd,2703,3
16d06dd4c885942d,2704,3
41c75f83371a0a9e,2705,1
520a86854bef591e,2706,0
77a379e449c542e7,2707,4
ac66b3936d877b53,2708,3
9eb956111552baf4,2709,0
abcf3a581e5fd632,2710,0
dff46fc82ad8b618,2711,3
c0a8b80d4088fb4f,2712,1
01b313e4e6f74930,2713,3
458e9f1a2292b7ea,2714,2
9293e547f6fd9965,2715,0
b49a2e2b56910b6c,2716,3
8882e8b3a2b27672,2717,4
cef5d7ddf0bbf723,2718,2
9b1fcf73eea47468,2719,0
6ca62c36e377b2c9,2720,4
868d6279f0468cf9,2721,4
3c53b678ea9943ad,2722,0
4e6d49b20e12dd32,2723,1
401d34a7e1b25eff,2724,1
ebd5841e572d6547,2725,0
029c8bc1c440cb89,2726,2
1d631f20125bba18,2727,1
1be0d1f8a8d3af02,2728,0
79e986f55ac34dbb,2729,1
e904886884215d01,2730,4
574a9598451a3af7,2731,0
830a5c8c1ad939fc,2732,0
29e70c451de7354f,2733,2
dbfaf5fba414e5e3,2734,3
6cb6889b5c5a491a,2735,1
e9d7ff528009346d,2736,0
847b5da9efa063da,2737,3
af05ce00f90203f2,2738,2
60179f51e9cb1592,2739,2
54c2d8a7ada9d23a,2740,3
ee9046d68b6e3e27,2741,3
e6bc1b49adcda763,2742,4
9b07a21c03a7f5f7,2743,0
70332e8201ae7cbc,2744,4
617893fc934b69ca,2745,4
e26b696d6878b944,2746,4
6cf7a9e16e4775df,2747,2
9f1fd8c624eea72f,2748,4
0f405ce163ecd2da,2749,1
2674d81d8e63c6a8,2750,3
763becc2ed87a3e4,2751,1
05273fa7b750a32b,2752,2
6693f9497d280f13,2753,2
871afde7bcba22fe,2754,2
8a33b54d3cdb8ae2,2755,2
679135860f5b5664,2756,2
faa2ab5485cd4f1a,2757,3
04fc074d94ff6274,2758,2
dedf30e063de8a5f,2759,2
a4e5de91b876ff30,2760,0
fd3d33cb93e8ed8b,2761,1
c3f112574a08ef40,2762,0
f377f0891f903a38,2763,2
591352a97d9ca1cf,2764,2
2482a95f6fa704d3,2765,1
7cedd47a29062050,2766,0
e3db288cd2fbe34b,2767,1
913ba08a70a5d67d,2768,0
f9a9a23d193654ac,2769,4
db64b8fd2e38be67,2770,0
45bd38279005df31,2771,2
1ab4e51b448fe446,2772,0
867a21926e5cf7bf,2773,2
8eb3445199cb3dda,2774,3
c1b95a3357f01019,2775,0
6f70439c98dd1aa8,2776,0
6f245a1f4b8719c4,2777,4
d034dde7f27fb943,2778,4
fcadf69c99df3ece,2779,0
2e7e1cd1ba3435ee,2780,3
221b64d518c538fe,2781,1
90af502c55de3e64,2782,2
25c7ae1d73fb58a5,2783,4
06c741f6b8ce8bef,2784,3
514a90cea3415516,2785,0
888803bcb3f1481a,2786,0
a76b3e26947089f2,2787,4
0188142e3bbfa89c,2788,3
622498053a5fe4d4,2789,1
ad4bcd3d35b15ccd,2790,1
2b6835a8ecae0c25,2791,2
58d0991ec716ee92,2792,4
3496122b03ba699e,2793,1
1ad9a5cd44b99432,2794,4
6c1217f99776b6ec,2795,4
52f9ebc50a2cddf4,2796,4
539e04fd88e34a7b,2797,4
c03ac842ede04e29,2798,2
be06a0d9c94768cc,2799,0
b1b84806b22747e8,2800,4
03cf93087e950908,2801,2
a7a38a75151a0e17,2802,2
be2a5977657ca594,2803,2
d9a4af923a3f6cf8,2804,2
77a96b1d143913f7,2805,4
95abed6860054a62,2806,2
45783540c5c4fff7,2807,4
82570c11d379e704,2808,4
87b0b0d1d25eda19,2809,2
801b7632caa8215a,2810,4
1538209c8a924259,2811,2
e2c8fa4c5661c409,2812,2
8973bc99919503d2,2813,2
46f99e228f619eda,2814,2
8a87d74e0f5a5221,2815,0
03a93805dd001c63,2816,0
a7d52ccf8b9db888,2817,3
2874836d3dfb1936,2818,2
90fb10bdb2eae24a,2819,2
5f1f83655b66c48f,2820,4
d122009be005887e,2821,4
bd97c9c034f352ec,2822,3
ba97003ae27aeef9,2823,1
68e7e6e22a3f22f3,2824,0
a1fc994c5dbaac4e,2825,0
094a850adff2cc96,2826,1
86c7b6662ddddd90,2827,4
a56643c1cba0318c,2828,3
a3a799176618e0ee,2829,0
71de3dc52652b07b,2830,0
645e50018b6c9783,2831,2
4a1f1eb1c97a7f49,2832,3
3f0cabbea2b2fc86,2833,2
5df06ab26eaafb85,2834,0
c9d4501288f7cf53,2835,1
d312bea3c3f451db,2836,2
8b5f3ffdb97108fc,2837,0
71917a4019a8ac7e,2838,1
597193a136794e2b,2839,1
f2ec796be72455da,2840,3
caf4161aae8e5082,2841,3
0c9225e1e1b4c3fd,2842,0
b0cc63ec86398b24,2843,3
b23e6648c84a434c,2844,0
42ec651ff2d8ee2b,2845,0
d0f71ba2e98b562d,2846,1
2b9598ffb4bfcdbe,2847,0
e5b5c219fbd57ffa,2848,2
e3478680077a29f8,2849,3
26927fa1a233388a,2850,1
c7863a2e1cbbf14e,2851,2
9acaac7502bf0356,2852,2
853871674b94ccc6,2853,3
95053ce92d8e81f9,2854,3
679686e7e4cb2e4a,2855,0
5a9c77128a5aaf9a,2856,1
113dfae9c07e6fcd,2857,3
5e51cfd5749c8c54,2858,1
23811508a0313492,2859,2
1d881b85c86da2df,2860,0
9b1de148638c54b2,2861,1
ec7ac6b8fbb50cdc,2862,3
22292d444581cb95,2863,2
00de2094c7abdea0,2864,4
4dd5e94c92198fbc,2865,4
03448eae06ecd75c,2866,3
932ce2fa89d74587,2867,0
ee5ce66fae47ae0b,2868,3
ebafbfd64d4ec93f,2869,2
b2b05666ce68ce4f,2870,2
397bcc904d73fe9a,2871,2
e89cee5242822dd0,2872,3
419537c797d2a345,2873,0
78130f3dd20e860b,2874,4
815d44049201dae3,2875,1
c24f150c0fcd4f48,2876,0
64e41c119295331e,2877,3
3bb2edccd6b8bd6e,2878,3
cddd60c73a4331ee,2879,0
9bceadd419cbb46d,2880,4
be8921718ef8a436,2881,4
21959b32dc39d1bc,2882,2
6ce32db426909d1c,2883,3
be43632c7c28fad8,2884,2
d1a7cab9fb91f744,2885,4
c2870d5dc2eff9b3,2886,2
01269b91031447ae,2887,3
e68035327c3faae7,2888,0
1a8da61b86a103a2,2889,4
31131978cb1b56f6,2890,1
0ff6bd7d852b0d62,2891,4
bbac95a3e1541e25,2892,4
e829824d5838798a,2893,0
ecee365ba6e41665,2894,2
cbe6da743b01e29e,2895,3
3fd7195f42451d8e,2896,2
0b6b8b2983a0c86d,2897,1
dfdab6d4c32b3f74,2898,3
23d4762d2215e5fd,2899,2
4ffaf8084c4a32c7,2900,1
a8ee3f21aa19345b,2901,4
bb6c82da36a40b30,2902,3
5840216231408619,2903,2
24928da92fe39d1a,2904,4
81a6aa18d59f02c6,2905,1
1524260691e0d366,2906,1
b24244c5169f179c,2907,0
303d0e31abe5661a,2908,3
e97fef01500335ad,2909,3
ec88ed112c73b7d1,2910,4
d130301ab15eb365,2911,1
c7093384c356f510,2912,3
07f6fe69ffa6fbce,2913,0
1eba57a3ebaa39f4,2914,1
5f0c262c8d5a11d3,2915,3
dc57cd4f8f3f65b2,2916,2
b0c370cc5b3016f0,2917,0
e405724b597bb19c,2918,0
ff438401e7aff4de,2919,2
7bf5149a8c363088,2920,0
a214fff1c1c7ad23,2921,4
9e805754ea824442,2922,2
d8911fdf749ad20b,2923,1
030c7f170b3441a4,2924,4
3109fe8f768eef30,2925,3
91f20e989b5a2755,2926,4
5d69dfc90e63b78d,2927,2
a24e555a71707047,2928,2
abfcc95dc6214e1f,2929,3
e3ed9606a904e0e5,2930,3
bf27a1a1afa06721,2931,0
b8788279fcc2399d,2932,2
3a5e3fd4cd740723,2933,1
69d5018baa8a4844,2934,1
20adb3a50a4d28b7,2935,2
daa3e8f511540271,2936,2
9fda4ddeb4887e92,2937,0
185ad07fa999de70,2938,2
94aad06ab7587363,2939,2
5a27f1c4f4b5d5e3,2940,0
25f78258650a5596,2941,2
bb0939602f6e6ba7,2942,1
1e15a9229e245d61,2943,2
202ac5e231b2d0e4,2944,3
9f99e5e13ec8ea87,2945,2
038f5a6cb12f360b,2946,3
0b3dd3070ff35f05,2947,0
f60b5d7e7f0db22d,2948,4
75371b5b2888b749,2949,3
08905c9c14a0a59a,2950,0
c3d03ea3c19aa4de,2951,2
cd1d8721dc144635,2952,4
a84c67a188f2f8f6,2953,0
69ebfeafb8627556,2954,3
0b45d01143950fed,2955,3
737da1c3a91f5364,2956,4
60fc85d5ef7057dc,2957,1
9aeb578fc3765117,2958,0
d3b037b5dc167fe0,2959,2
09240562e95c02c8,2960,4
409f3ac31cc024a3,2961,1
5ada1e333adbba44,2962,4
a254c2878bd43894,2963,3
06e0c051d14dbdf1,2964,0
8dccd6b02ac84bcc,2965,0
220852277bc45a9f,2966,2
c9e69a887193ed2e,2967,1
ed0d5a1f26e12e7a,2968,4
a345ab3ac36a885c,2969,0
09f0a18eaba42450,2970,2
1e953f84a28cc9aa,2971,0
a03d2df75c8ef972,2972,3
b83c07c77df5dc17,2973,3
0a24c3004fbf31e0,2974,0
54f8f4ca1c3fd837,2975,2
834aafded458faea,2976,4
25a6dd74ecfa516f,2977,2
48ffd1d05fd5e757,2978,4
9e2500dc7b32579a,2979,4
304e21ef1176ef95,2980,0
6e663775e4bf506b,2981,2
961e5191fa7beda2,2982,2
3a80e6fa580d1c4f,2983,2
dd49d2b76f2799a3,2984,4
ed86d8a75427aa95,2985,2
acaa2f16e281ceb3,2986,4
d7a122a733824fff,2987,2
ba3cf7b76b0a90a0,2988,4
9dc206e16c321b65,2989,3
d3949c31dd368918,2990,2
c8c272933425c32d,2991,2
75475633ffdb5f76,2992,4
3cd7b38c1f98a542,2993,1
fee94b95d61dda97,2994,1
7ca6fa6c2f3a4360,2995,0
ee69334613a31465,2996,4
f3382efd8aa14e5a,2997,3
4dd0173b4d1d7fae,2998,2
a8d2d07a9082b47f,2999,2
8d0e3bfffd69a8e7,3000,0
00a91f6de249631c,3001,3
f13960ac9cd5f905,3002,1
09f57e4d5de3af75,3003,2
a7fbdebadeb3b91a,3004,3
b1ada2700962cfcb,3005,4
802b02831e8131ce,3006,2
560b9ca9fe47f57e,3007,0
6e25e7e988a43930,3008,2
88a52d115257def8,3009,1
534dc69d2a79f31b,3010,4
5098049787fc7c24,3011,3
81add120096bded4,3012,3
4e83fe3e32401146,3013,2
e8c38948ce7d0ae4,3014,3
1233ffbf898fd354,3015,0
3a9beded8254b334,3016,3
a035ef7570398d94,3017,4
64fc5442f0c6eded,3018,0
48c59b19a0f5d3d6,3019,3
31c3ea2aff126388,3020,0
4e60a7967ca82178,3021,1
6a9c123778164269,3022,1
ec034223b69a98e9,3023,1
4df5d46458387daf,3024,3
f49b0b54a10d1ae2,3025,2
068353141024ff12,3026,1
8aad3c2391770b1b,3027,4
eb7659436ff9c656,3028,2
89cdb0746c55e3ba,3029,0
3609b50ca078ffd8,3030,3
687c755d6c28b3c5,3031,4
43639d1b2bcb7587,3032,4
5af956ad38d43cb7,3033,2
616e50525b268ae9,3034,0
3b00fc9ec53e611a,3035,4
1bb522c077e1f10f,3036,3
4201c6500bfc6737,3037,3
25e218eeb654b010,3038,0
58cc7d6e905de92b,3039,1
c458ad63d2e4d854,3040,1
303eef068d781a8e,3041,4
b9850d8a7de4d9a6,3042,0
a062886d44a951d2,3043,4
7f66a6769af5e9a8,3044,4
3a1c0c3bd9620e72,3045,1
d971f15098db8b6b,3046,3
2a05922b571dcbf9,3047,3
37de0a10e9579908,3048,1
08dc8eb6c2d3d630,3049,1
8c2a3b05c386154a,3050,2
c6fffbef973a00d1,3051,2
880fdfbbfdd19031,3052,3
ecfd7fecdef85952,3053,3
aaf1f25de752d757,3054,1
e86ae518c396b42e,3055,1
f7bd605b40e6ab95,3056,4
bdcbd1705656f740,3057,4
6bf650a380c57845,3058,1
3d33dccb428133bb,3059,3
ca1824d0e578b453,3060,4
dc80f959e7adcaf6,3061,4
f3b6fc5ece83c4be,3062,2
df6d0c0eceb00e2f,3063,4
3bb40901d2dfb21a,3064,1
09aff62d59f733b9,3065,3
3ad33643df04ea89,3066,3
deda8b4eda91d87a,3067,1
0c95fda79ea884ba,3068,0
443e48c5c6a177b3,3069,3
7754c33726d046da,3070,1
1fb24c4d7fc5214c,3071,4
4c900f439a15a93f,3072,3
60622743d3c0bb92,3073,4
75ca61ac1b35c0e7,3074,0
f106f59454583176,3075,0
f3e2e6eca85f22d1,3076,4
8b58ee927a9d471b,3077,2
ec416b9d36e17da8,3078,1
e7226483060d922d,3079,2
6b41f385d1cd48bf,3080,3
9333437cc934e02d,3081,1
4e3771aa5d5c5645,3082,0
6d0388001ae81f17,3083,2
4c33db92a8b86a89,3084,3
271eaf379b84ee3c,3085,2
cad7cedc861d6d1d,3086,0
53b1b3da6ecccdbf,3087,2
e213dca0af2c3044,3088,1
576ce2c4f1c1db81,3089,4
2086349430fb7f46,3090,2
0bb500dd13e32a99,3091,1
85b451e25729d4b8,3092,2
35825a50e0d5a7ee,3093,1
209490496a639241,3094,4
b71afbcb9434b41c,3095,4
52059155811c9d62,3096,0
03a13bae7a95cdc8,3097,2
79d61b1f07dccd52,3098,3
e50bfb5b100b14d1,3099,4
62768eac0f869a54,3100,3
da09b087b31c6f1c,3101,0
b22d7ab5dc9b7672,3102,1
60ae7ffaccc0b15e,3103,3
e57e53789db45c56,3104,1
a6c0e71134be7e7c,3105,0
82301fe5363aeff0,3106,0
a291bf49be1a11a9,3107,4
54500218cb052278,3108,4
629a672c8c006efb,3109,0
f79443af4b1f39be,3110,1
bf01f696f9d4b68e,3111,4
c73734d7dcdd7b12,3112,4
efd7e38cc7cf9ae9,3113,4
20311ee92db8feea,3114,3
eae9c74d7747c3af,3115,4
a1ab78371cda4ac4,3116,1
3cb66c30dc7c3f3c,3117,0
8432eaea72854cc4,3118,0
d04793438dcc842d,3119,1
c6e5991891722380,3120,3
0d8732270a5eb791,3121,0
d2d756f9879bd2e1,3122,2
3683da234d4877d8,3123,0
75278cfdd22414a7,3124,2
983e29d68084e203,3125,4
872c86703947e355,3126,4
e7021eeb040ffd55,3127,4
5a8a1ce1c079ea0f,3128,1
8e99802732533cf5,3129,4
03725741dc41aa63,3130,3
7fa9b511467e3648,3131,4
161e664c812bdc23,3132,4
131c7d0fdfc54392,3133,0
18c48ae9882b1358,3134,2
aed18ccae6c90f29,3135,3
5cea90174167a843,3136,3
b4a589d3e0597eb1,3137,4
ce3d7a03b194e621,3138,1
7d2a3c5505bdf565,3139,3
d60bb4ec22a2c925,3140,0
e2f5bc891761fd78,3141,3
a41310baccecb3eb,3142,2
60e65fd4f015dd65,3143,2
d2477ac461eed54f,3144,4
636c8aad480caa29,3145,4
59d03f8f1247b577,3146,0
e552aed964cc5e08,3147,0
6f8cf9345a7f54e3,3148,4
6547b8dda756a6d5,3149,1
2058165f22afcac2,3150,3
eda68f87f843829d,3151,3
576f417c5c5e1dad,3152,4
f7ed9a2a45199c48,3153,3
aea4a389b6912d7b,3154,2
e2f89e592c38db70,3155,4
b1e74e66d5b26153,3156,1
429b8e1742ac4a90,3157,0
c867b617e2d4bdc8,3158,1
8f3ad8eb69ccfccf,3159,3
90cd5d105f403fad,3160,3
128d9b3cc3a925a7,3161,2
d3a65000ca2ae013,3162,0
8ce6708813f2d8eb,3163,2
f7e9e376dca00c90,3164,4
434b505956604405,3165,4
c1072166444b9882,3166,0
35e18f8bd638422a,3167,0
a637353b770cdcbe,3168,2
d6732b60123550e9,3169,0
ea183089b0713a34,3170,3
0bd8da3cacd6fb2a,3171,3
f1c7c322947ba0bc,3172,0
31f26f82294abb87,3173,3
0243ca4ed287ec93,3174,4
8d22c6bdad8a6005,3175,4
21df0bfd2c10c76f,3176,2
b2e8a37094319ff6,3177,4
1c853c850c665c68,3178,0
cc74fe15a532e087,3179,4
966d8cdb2da194e8,3180,2
3975e413044d7f25,3181,3
90305a898f6284c8,3182,0
a0718623a68d29f8,3183,2
e4c9c605d11c4a4c,3184,4
b6d05bcd69508bb4,3185,3
eb87efbb3a98b941,3186,2
17ddb32dd9d13362,3187,2
a084569a91d6c35b,3188,3
caba3f57e8cf879d,3189,0
3c72ef46ef5dee5e,3190,0
f9bb820808163527,3191,2
615334d7b5c9f154,3192,1
692d5ff9b947bd36,3193,3
19ea37daced6d874,3194,3
5b285e371e5dd049,3195,4
ee7f12ddf6af5ccc,3196,3
0de0ecdbb9383b36,3197,3
0519f6ba277ce506,3198,1
f8b50e0020da8100,3199,1
41f779284ee7fae4,3200,2
64f2f69a79c8ff07,3201,4
e4a3ee62641bd01f,3202,3
04948bb9f4c0bb4a,3203,1
c2098c3198d12d46,3204,1
1f6040e7341e2b43,3205,4
532dd5d52651741f,3206,3
da85efe167c8bb66,3207,2
bf0fe38346f8553d,3208,0
b99d106f664154d4,3209,3
e1762a3012060e49,3210,3
af06a6b503834e7f,3211,2
55002f1aa42b0d5c,3212,1
ec208114b6314ed3,3213,4
192c06c023493992,3214,3
24831501be142be9,3215,3
9b434e6da34f81cb,3216,0
a2348994ff2125a0,3217,1
6d4d67c9db40b870,3218,1
c78c4b2258cd59bd,3219,3
eb507f7d08697dba,3220,1
3e5f21e501d1e1ea,3221,3
79ce3fb9b92d67f2,3222,2
ba195032a16e616d,3223,2
b374eae3d2fc36c5,3224,3
de8e8ce2d1daac42,3225,1
9633fcd2635c75f0,3226,0
b548e4f9e872a1d3,3227,2
30a0eb752d3f9c70,3228,0
bd0d431beebc0b25,3229,3
00f0ec18b47f9ce0,3230,3
ce20e1ee415b59e2,3231,3
0f1e8ab039353cc8,3232,2
c9369fef61978df7,3233,1
8833feaacfebb7fb,3234,0
fb3b90f5534c89a4,3235,1
7a61576d2e79ccee,3236,2
2ad2365cb741bb52,3237,0
68c2324a576bb369,3238,0
253c0d96a905d7b1,3239,2
9dca52f3d2ec7443,3240,2
2cb75d4b37adcbd3,3241,4
f52d31ec3b3979c1,3242,2
c4c17c54eea5e7f2,3243,3
55bf533702da04d4,3244,3
0cd16de18ed6ba0b,3245,2
cdde4727ba336043,3246,2
25dc83c9c7495cc1,3247,2
9a5fd6148c6d1518,3248,3
71e900043d128a44,3249,2
f59a2cb07fee4757,3250,0
2a320e71e7826c73,3251,0
7e2459ca47ba93ea,3252,2
2bb019c73da3f8fe,3253,2
5823099298d49994,3254,0
aa8a472edb94345c,3255,2
5561da3f06efbf15,3256,2
514f8642f8125f8d,3257,2
aed593439ae78bce,3258,2
dde02d83d9243f37,3259,3
925ec82a9c73167f,3260,3
71d1c10d0e2cf2eb,3261,4
2c93e1435016628e,3262,0
f40ce4f28663ebc7,3263,1
75681723454851bd,3264,2
1fa1c224c8031cca,3265,1
6aa9b58ef6ebf1a8,3266,2
fa66ec337bc1a8c4,3267,3
c4a11b00bfbca9aa,3268,2
97d68006b78b0cb7,3269,3
aef30507615804fc,3270,2
82cb5a7acb6a9887,3271,0
dbdd07b12eda1f5f,3272,1
1e07ad613db6df60,3273,4
21fd40c66f9c24c1,3274,2
59033faf6a61ff4f,3275,4
d31f3616bb379cea,3276,4
4ed1efd1a22fec35,3277,1
f2dde5edcae37895,3278,4
ebdf90a6cff0ebd9,3279,2
7327e8eae2ea85f2,3280,4
dd60a53133c17676,3281,1
d37bd88dacf1e9f5,3282,2
960e60a35c4e5917,3283,4
ea821b9362240e39,3284,2
df358eef0b1589a9,3285,0
424db3013d535609,3286,2
3206ec2f5eb3977b,3287,1
0309201b5fd2b063,3288,3
cbfee35403ba3a9c,3289,3
78798b4ccbb19c2d,3290,4
d83ff1347d85f63b,3291,1
8a840a156aa2a999,3292,4
2c258ef6b909403f,3293,0
54239e2dfb7d370e,3294,3
9e83554119bec2af,3295,0
58fa9d369a951aed,3296,0
7b39bad264bb1850,3297,1
9d3d89685b25d9fd,3298,2
88566e56beef55af,3299,2
15170b2dfa584d16,3300,4
f4f3fd84fbad9883,3301,3
7d919379d529b854,3302,0
9197d54cc5622a25,3303,0
4c65486c88e23205,3304,2
02a8b71136ee8154,3305,4
2ab80061e76f9a1a,3306,0
2db8f6b667331a38,3307,4
5e8f5c87af91fb9d,3308,2
2c51907084f7172f,3309,1
a82274d5f6920ffe,3310,4
65986571bdbc12c9,3311,1
26ca7bfe45e5c873,3312,1
04bc3ab8f6293e86,3313,0
26f730fe750a90f2,3314,3
a62c5137e75c1512,3315,2
6f9b11142eeaeae1,3316,1
924a1c89f7bb1ac9,3317,1
9f56af9f8e7bbbea,3318,0
c9639e72e48aec71,3319,1
d8297a8f5de7f9f4,3320,0
2f8b1a2c48e7e436,3321,0
47c7b364ca8caffb,3322,2
32601e4bf7c789fd,3323,0
fdb5462187ca9337,3324,2
8578ba09f8206d79,3325,4
dccb0908cdf96c77,3326,4
eb2a195d2db5e118,3327,1
e42e2296dfdf12b4,3328,3
58cb1e29e6ba0e4b,3329,0
124026d85422d8d1,3330,1
8ba465c038f88e3f,3331,3
cacfc29b528c4e90,3332,1
9423cd22e306976b,3333,2
5c35da83968d3a04,3334,3
a4eeebbbfe5c375e,3335,1
cfa92be46e601c9e,3336,0
d25733ca093d88c6,3337,4
435f6ac15ce22cd4,3338,0
843ea8f4cf8f565d,3339,0
e2d1066dee3b92b2,3340,3
a899b3acb654700b,3341,3
37c3cae75825c8c6,3342,1
ca3b1df7961f58d3,3343,4
4281c0968fbfd166,3344,0
ed41778c800419d0,3345,2
af108bb01f997e20,3346,1
60b5f4998bcfd44b,3347,2
881072a2fcd70a49,3348,2
856ba3fa6ffbd562,3349,0
832bd1607e6d3e90,3350,2
59de87e9b50c6905,3351,0
89e175dccb3b3501,3352,4
a2ead11fbd3e65f2,3353,0
ec1acfe5d4eef5db,3354,3
ffff3d3629195075,3355,0
29dad6482fc0119a,3356,3
97e57e9b83bec8cd,3357,2
e18b625d9f33111b,3358,4
7bbb9e5addd24626,3359,2
3a4c3e6599877977,3360,3
5d2791b0020fb43f,3361,1
c43ca446a980a828,3362,3
914e0390583f8558,3363,1
18658460c596f649,3364,4
28a812ce5ca98524,3365,0
e47d4f021ed97c8e,3366,3
c2d8c96ee8ad4d35,3367,1
e5db3bd5bad1d60f,3368,2
49725df8db26cd37,3369,4
7e66d247b946ece8,3370,4
bd6b6fa7896c4db2,3371,4
fa9e9e004df8d734,3372,3
ab7bc0196c4b1393,3373,1
bbc3c5237d832630,3374,0
96bec80d49748e75,3375,2
7ed8904553b3dd4e,3376,1
d4256f999af8453e,3377,0
d68b2457cee2e3f5,3378,3
8ab8e9fdf855c32a,3379,0
a5dc81b84afb562b,3380,3
0b7021305d5fefcd,3381,3
6d6b1e2ccd2ab3ef,3382,1
7df16d3725b04c32,3383,3
859a286ffb1b7ff0,3384,3
21e2bd606cf8b21b,3385,4
dc430728a9361007,3386,3
19dfdb7dcafe8f46,3387,4
79911f258f7327a2,3388,2
47aea056d3c661a5,3389,4
debb0dbfa9918250,3390,1
602a7c284f6f3635,3391,0
6e85acac1cc5f738,3392,3
ec8aec7e8755cfe2,3393,3
b68fb2374c94ef32,3394,0
9afcb7b6d583ed38,3395,0
bec239af857f4537,3396,0
489c633c7721e48d,3397,1
f7087ea47ae717ab,3398,2
7f0bc5b583289d20,3399,2
b6021bd32eb7180a,3400,0
c1c042e671b2b3e3,3401,0
6dae1aa37315230f,3402,2
ee2604f2f40658fd,3403,1
168a37cc0fd73db5,3404,4
4cd4ff83b63b5dde,3405,1
5db6aece9c0ef3f7,3406,1
4dce9576f3e04c64,3407,1
d77bb342a3666147,3408,3
199b40161a1b6b55,3409,0
f2c3f43a69698b02,3410,2
8d2afe39a79ffe5e,3411,1
0a6d08733cb849ba,3412,4
be6e4ca0aab19bcf,3413,3
8f92184acd537713,3414,2
652198be35361ee1,3415,1
1eda66b4ea8d6d9b,3416,1
75cbaac4a5087bb7,3417,2
01420dfb1f1b99fc,3418,3
b88c84bfff1ef392,3419,0
2ff7aab081bad3c9,3420,2
dc51a6a07f66d73e,3421,4
78c6ef13a028987d,3422,0
bb327d3b836f0612,3423,1
4df8702604ad8aca,3424,1
c392138e731cd465,3425,4
10505fac7fe022fa,3426,1
b4337e4e83d25aac,3427,2
37e0b2f2fbead8a9,3428,1
eaae4aa527cdfc59,3429,1
a090318dc71f1236,3430,2
1411aa341045dff6,3431,3
a16c5fd3fa7dee4d,3432,0
d321b6a53006a337,3433,4
cfabe401507a5a9d,3434,0
98d7b640e074897b,3435,4
8908085f5b8a8ef8,3436,4
b0ba08db9a53c3b6,3437,4
5de7138f3a28bb6c,3438,3
bfea7b84f5661954,3439,3
7d0ca35ef6f30dcf,3440,2
997311326118d219,3441,3
d7461022f17c4bf5,3442,0
442322de4ceef0a9,3443,4
2779b81a8d4091c4,3444,1
f99ceb4bc0451f23,3445,1
4caebbd571ed5c95,3446,0
86c384e2e65864e6,3447,4
404516effa9ad4e5,3448,4
d7e258777aced433,3449,1
659565a28883092b,3450,1
85e867acb9fe574e,3451,3
eec4711e663e57af,3452,2
b613676e5a629f7c,3453,0
9f2f69c4bbd46e18,3454,2
13bcc97e176b19cd,3455,4
1815c79af5647143,3456,3
7d78f8ad7950d0f4,3457,0
fb4c1dcf61aa3edd,3458,4
67837a1344de7035,3459,1
f6058f055916626c,3460,1
c595849bcdef81bd,3461,3
8ed3566fd21f25c3,3462,4
6e9b3f8452adeb1c,3463,3
b7a026582a09954d,3464,4
a7fd49af3da53821,3465,0
5c4f1d4472ed413e,3466,3
1826ffe1a4801d70,3467,2
36498fb5f0f286c5,3468,3
b0764c0991686517,3469,3
243a6f77198aab02,3470,3
d17a100540b96584,3471,3
6273398a6b56fcd0,3472,3
61e519c178f66720,3473,1
b67ab069d47db6ff,3474,2
4e83ccf2831c8d80,3475,1
e7d5e95e6c1736ec,3476,0
ad84207d9848290e,3477,4
d18baafb943c2bdd,3478,0
773ef68bd9697488,3479,2
0e572d9375892712,3480,0
dcc6143424747d81,3481,0
79f975571735586d,3482,0
08c030b824f8a122,3483,4
ba4a196a5901ea79,3484,3
e755172451884270,3485,0
95e8909dc191e0ef,3486,2
794ed5da2e184094,3487,2
424a7efb8bcc82f2,3488,4
c0a670e6cf1183a8,3489,2
629c33fc32e69dfb,3490,4
ebe5ee29c6b5ba8a,3491,2
ad96a1426592f5c1,3492,2
6a45b0fe3da993f8,3493,1
73abca2df709dc43,3494,1
70bfd87c60741638,3495,2
ae6514c7a51a3957,3496,4
0225ba43ea6dd400,3497,3
6c8b10ac35949000,3498,4
39bfb30f62c8821b,3499,1
02ca79087c7eb9fd,3500,2
7bc821da6e55e767,3501,2
50af0e68fafa1af8,3502,2
1f450103ef67b116,3503,2
d269d9048dc12398,3504,3
845bda2bd0c5fec9,3505,4
a343aee6bb675014,3506,4
74cc5ce295723cd6,3507,0
71e38b1989904785,3508,2
5c5f9fdcbed40104,3509,3
f975ee1ea7d18bb0,3510,3
038026edfdc44672,3511,0
2b397ef2908c8beb,3512,1
c9e3f65708649542,3513,4
6364104e33a9b2f9,3514,3
acd18d7ebb5a66f8,3515,3
e238fd7e7838256c,3516,2
434cc332e058c086,3517,1
1beb5a2284823617,3518,1
05d8fbdc5737a9be,3519,0
20fd195c6a3286ab,3520,2
a0080cbe5d8571b2,3521,2
018dc5cc2f8d8ee5,3522,1
4edc7788c2dbd5ae,3523,1
0a4bbc5bac4704a8,3524,2
c6c0c8489354a157,3525,2
4eba0c9047e016af,3526,4
85643ddeded75669,3527,1
7960affae0666568,3528,2
1f3da470c73d6ece,3529,2
d646fba34b2384dc,3530,2
6689f85ca0aaaba5,3531,1
60b98aa049d1d0d0,3532,1
5f51d24ee7953f92,3533,4
946ec4b44a684748,3534,4
bc9249786eb874ec,3535,1
93264d82f430231b,3536,1
6a3bbe7e5df3f2c1,3537,0
63b047bfa2c9eff1,3538,0
e80250db1a75b86c,3539,2
25d0548ecf13d2d5,3540,2
bdc90795b8ff4b6c,3541,1
a717e63b0bb56139,3542,0
17da931711134668,3543,0
b720f239aad52304,3544,3
9f9cf5a811846246,3545,4
0ed5fd87dc7e5402,3546,0
26c9bf91d7c3733a,3547,0
f45de36c51918acd,3548,4
de3a004b0e45d734,3549,4
e47b9371484d1e73,3550,4
84267d69ed90375f,3551,0
0b2a7100d7508b23,3552,2
51a684d5ef330160,3553,4
41abc1da817b85bd,3554,2
4d226b87f7533874,3555,2
5f9e0ce34eee77e8,3556,0
86042a04b709156c,3557,2
06d1d2d748d3d5f8,3558,0
31c6a09d171cebc3,3559,0
32daf3007124a472,3560,4
c5d8c16fc70cd0e0,3561,4
0da934b08629e5d8,3562,3
e5a9c7f1c957f176,3563,1
f0b08b1f5119f04f,3564,3
333d46335d165994,3565,3
6e496da2f0acbdd6,3566,0
dd06a7f69c575678,3567,0
d31555128729205a,3568,4
97a19f8d5ccb05a9,3569,3
d8f23dc4777323ba,3570,2
8e6f462d875248ce,3571,1
ce2074ec842bcd40,3572,1
a467e63d6a606617,3573,3
0257dfb27d0102df,3574,1
18fb0228c7f4963e,3575,4
dff4b240dbe1d854,3576,3
f8ba2bb94ceb2f22,3577,3
d9bbec6e2bd69261,3578,1
60965337112850c6,3579,4
186b8ca4713bd4f2,3580,4
36a63848a3116a6c,3581,1
92e4d4e65afed031,3582,2
981b87205d67c9b6,3583,3
49ae3cfae9df0910,3584,4
27c4f686a69cbdd2,3585,3
5f97870e57e2e102,3586,4
d9ff4276d6de86fe,3587,2
668f07fa044c5900,3588,4
7ba2b89cb6582364,3589,4
ccbe9431a7351cda,3590,4
a31bcbf4863ef81f,3591,1
fd21f96bb960f116,3592,0
b8be00d505e52678,3593,4
c4a487ae1bc392fd,3594,2
aa3e9d7ca761885a,3595,4
3119c73032cb3bab,3596,1
3f6a13c41ee2088b,3597,3
2c7bd5dcc56aacf6,3598,0
19a603ccb657f8b7,3599,4
de285ca0a707b58b,3600,3
b3e69636c50ffa26,3601,1
a8d67ad9f04044fd,3602,2
c60e53881967b744,3603,0
fbf14638859c65da,3604,0
7b47d21d11600542,3605,4
212d42920436240a,3606,1
f58690a2a6afff76,3607,3
d810ffa5e734a0f7,3608,0
ee71004b0abbcb93,3609,3
5ad44d428e0a10e8,3610,4
7de7543e19f94c9c,3611,3
0c8f295898dcf747,3612,0
29154764ac9739b8,3613,4
f8ad364e995ef746,3614,4
15756df094e29e5a,3615,1
93f6461bc24cbebc,3616,0
bfa42d7de77c3fa8,3617,3
2688782cc0653426,3618,2
0b4d6bc4b375c524,3619,1
1307d85f7c8d51b4,3620,4
9cc34998992b14dc,3621,2
ae4eccb676d16a36,3622,3
e5fc38a62b8a33b2,3623,4
4799d257a7eed9a3,3624,3
6ee3e30c5cb0acaa,3625,0
220fced133855329,3626,3
dfcfddf4576c83b4,3627,4
69d7dbe7d456c63e,3628,2
7f153e8a68f71cd4,3629,3
bcfbfddc3c2d2134,3630,4
37340a124bc950c8,3631,2
20cab36e3bd62c9c,3632,0
be03d727dd79a427,3633,2
364fed8cf0903178,3634,4
70a91e3c1d4ee7ac,3635,4
56589663bc89ef1c,3636,0
646aaa504e1f7240,3637,3
651472b7d64f9f60,3638,0
18cbf4d19bc8326c,3639,3
d3545ea30415c60a,3640,4
549e58fb685a3dee,3641,4
e9275e3493ea26a3,3642,4
f1d3c01901c42093,3643,2
159cc3d69b1fe5d2,3644,3
0aa248ad48b99a06,3645,1
0f7e7ad756b3b4c3,3646,0
bcbee8d489b003fe,3647,3
a6aaae3b74e06954,3648,2
fd29213e8964f7c0,3649,4
0bae42ef71467d34,3650,1
2dbee1d569ee652f,3651,4
586731f30f389500,3652,4
1ba52cd9e0c7040d,3653,2
beced0950d89b368,3654,1
5d1c3a5f293e56fb,3655,0
15c96a0dcb36cf06,3656,1
d10b663ce04da0f9,3657,2
9c5b1ea975620fef,3658,2
771cdd2bd114ba98,3659,2
60869cb0e7ff2137,3660,1
fa18fcbd7a7e1952,3661,3
33c5f29fe9087285,3662,0
8689272719a79f07,3663,3
ecca675f44bcd053,3664,1
7643db54c37de604,3665,2
12fd33286a84d9f2,3666,0
7c7f7f854b5001b3,3667,1
bcb9c1dff7922812,3668,2
06671a1e6fbd1a91,3669,2
17f6de9c6d029fac,3670,1
05e6d3bb80184ab9,3671,0
32f42933d583a673,3672,4
a4fdb174aee7620f,3673,4
64f9f7654c50c3e7,3674,3
082aa16f944331ff,3675,1
ce635dbad758b001,3676,2
622829d93ff47b5a,3677,1
02c8302e2843a8e9,3678,2
73cf3f3bb6bb5fd4,3679,2
8deb0ecf1b9cb10f,3680,0
5364a164fdc5180f,3681,2
f1f4b7989c4efb8f,3682,4
344f267bfae0e6db,3683,3
a16283f84067eb95,3684,2
361d320e65443f03,3685,4
f28a48caff670316,3686,0
af16d25582cc3143,3687,2
44e2dd3ff5e00ac9,3688,4
808389e99da2f4e1,3689,1
7bd1e3d8e19c9d9e,3690,4
60d77263cc4f20cb,3691,4
1d802182d5d2273f,3692,2
5da290a45f72c46f,3693,3
e17b048c0f18154e,3694,0
45ddea131eb12642,3695,0
b2ac2d8551e734a1,3696,2
f31815e3c957b668,3697,3
54dd4378bc6e4bfc,3698,4
49411df0e5c83d21,3699,4
e6c7bfdfda0788d0,3700,0
77f7f48fba7e21f5,3701,3
0ebfd67f5a9c2e9f,3702,4
769ddb5cfdf4c2b7,3703,2
ac27cd758a6993cc,3704,0
156d1baf948f1e60,3705,1
c354be44824f14a3,3706,2
d1c98a771b3e1769,3707,1
028d7d12459307e3,3708,2
2f5253e2353b67c6,3709,4
1a717662c64dffa2,3710,0
e9553600e61789f7,3711,2
d7d335e9146e1c1c,3712,0
86516405320d1f60,3713,4
5f14b0b76dc24d48,3714,4
1de2d30a02328079,3715,4
fc612b6a211c6b11,3716,3
d2ca76604f331453,3717,0
cf3d738a151c0f3d,3718,0
ec74d528e973bc17,3719,4
4b732b344886867d,3720,1
b279f680af9cfe9a,3721,4
4f6d9883cd0b950c,3722,1
6c07e6cecd1da3b9,3723,1
8123566866641eef,3724,3
e0c972e4d97f6da4,3725,3
8fc36e186928797d,3726,0
ae1ea5c1f6051ad3,3727,4
be3a075c3c91486f,3728,2
7efa1f9c53119067,3729,4
097bfe5dd091a3a8,3730,1
fa2423de39c87e00,3731,3
cf740e965b4e2bc4,3732,1
8701235175eda73f,3733,3
ec701fe47fdc37c6,3734,3
6d4854bb8ea43ab9,3735,4
657021238381596c,3736,4
52dd45924288653e,3737,1
bf0f0125258948c0,3738,1
01cb6296c7f98c41,3739,0
526ae461cf64bd53,3740,2
1f19ca34089bc457,3741,3
ad8634dc5fdd4611,3742,4
fb913f269b9817f3,3743,0
9de77c9c31c32ec9,3744,3
22a2bff867d46a82,3745,4
361edec8c70fbfd1,3746,0
e15b8b45e68e9d1f,3747,1
4be3ab7a4ff43545,3748,0
fc5e682634053f9d,3749,3
b9b9ee42dc851f6e,3750,4
96040b3c7a4d42e3,3751,2
e174a30d3d28aa8b,3752,0
5312c36948a4c4a8,3753,4
69e85bc8e786cb24,3754,0
7b8145d975926a31,3755,0
5c260197babf6e0c,3756,4
cfc396d45774952e,3757,1
4cd42d1ac06ba4b1,3758,3
d7c037325d0b94cb,3759,1
46bfc88d76ea5884,3760,0
632c780a9da798b0,3761,0
04bd68ed9bcb2de6,3762,4
d251b5a03ce5b3f2,3763,3
6ec03dcd4b4f979d,3764,2
93a165803a08aa84,3765,1
34ba7bfd4ec7289f,3766,3
ab8e44fec5b90870,3767,0
412e82ee047fb9ea,3768,3
56134b571ec0bce0,3769,2
ae73a453f44f9aea,3770,0
d551ca2747e7afb4,3771,0
a59b5b26e154fdff,3772,4
90b3843f1c548bbf,3773,2
0f8d3cde5989c73e,3774,0
fb5394ef0ecd4500,3775,3
68ce4ea61528b31e,3776,2
ab935fa3f27a9472,3777,4
f03f7ea21785a593,3778,0
34f46c09af6a41e8,3779,1
1b8187403a087762,3780,1
e6f397e33a24b309,3781,3
b35a4514295cc8af,3782,4
47a596f07d4dc48a,3783,4
47a2abd2387cf855,3784,1
09074754f99516c3,3785,1
c994039148e99a54,3786,0
cca598e53a0ddc05,3787,1
5878803b5003775d,3788,0
c832f1b4c7ed2a5e,3789,3
1dc54ff204f127c6,3790,0
d6f99cf9debd34e5,3791,4
f92ed70cbc20705e,3792,3
88fa1b8ff4bd7295,3793,4
1e834ad75cf795d7,3794,4
5010f4fab47620f7,3795,4
9b277d7143fe4447,3796,2
71441148261a3e8f,3797,3
db8e1a58d1c84055,3798,3
2c801a054cd13f7f,3799,0
ca803bf62c653c0d,3800,1
79609b3e062ec37f,3801,3
1b84a39cb5787d2f,3802,2
e197cb60804bd86f,3803,1
b0e14ed715232684,3804,3
8506a8905eafd5cc,3805,4
a50a6073a54b6788,3806,3
c9a56a30441ec645,3807,4
c6c46d8d87293587,3808,2
c80c9b6ad75afbfa,3809,3
66bf58b0efb713a7,3810,3
f077a3bfb49e837f,3811,2
ce7a5aae655d6337,3812,4
353b98f89705b6ec,3813,2
72ebf356e9c7715a,3814,1
8b97ecf63aebd337,3815,0
d58c02685b2cbc93,3816,2
e24e15775c30642a,3817,0
06bdd073b01ef40b,3818,4
fcdaa991b42df571,3819,2
944208f5f73b2d48,3820,4
0a773d392e6747bc,3821,2
9fd54e3bbf823e11,3822,3
61a3a337c71eb243,3823,0
b42c33776a6c8a12,3824,2
7e14c5e4e26fa938,3825,0
fcbed482eb3ce350,3826,0
fd11d6dad8c41566,3827,3
c7c360ee1527194e,3828,1
444b191149c0abd7,3829,0
25ddfa8ce030775a,3830,2
33fe3f54a26bb5a4,3831,3
d38816bf645a5e56,3832,3
a81a13ad3ba066bc,3833,4
e364adc8dad395a4,3834,4
7b5b600122434b6f,3835,3
2668ba450937cffd,3836,2
793ca8d0a9c048b7,3837,0
d79714f9a4e5e6b8,3838,2
670565db7ce25a48,3839,4
725c852e89f8d575,3840,3
4905a697d11385d8,3841,4
63c5ccfa443a0e80,3842,2
85b500f63516b0b4,3843,2
777cc6d07e32600c,3844,1
c762521f044627e1,3845,1
d63264b5885e44a8,3846,4
26ad9e73390aa06a,3847,3
5df4781b2d2954b4,3848,4
64613063c376634c,3849,1
84df79a47f81e94e,3850,1
06f2d18f114d663e,3851,1
2a64505b9cccdb7a,3852,4
cb9ebb9531db3234,3853,4
560da73ca804b7dd,3854,1
04b5f371a163fd12,3855,4
977079ece06b96da,3856,2
279327c89d8f4d8e,3857,1
bf42855093e80ba5,3858,0
b9318777b8443b4c,3859,1
b45ee2ca998defc9,3860,3
c217d7cd1fe03035,3861,1
d3b419173a7327f5,3862,4
50ae13bdc43569e1,3863,4
cd1f1b79baa3a7b0,3864,4
7c517154b6aa2621,3865,0
a57705d1665c41b1,3866,0
58fa77d9ce6a5990,3867,0
d4ac001e22df8ab6,3868,0
8233b26e968c1469,3869,3
3f8336e1a4d084b2,3870,3
43b5edd4f8acd099,3871,3
e950e63faa2fd60d,3872,1
6239b69aa817fa90,3873,4
2ccd81879012c708,3874,1
537d42132d57d189,3875,2
fa94d3afa020e942,3876,3
05c9d891844ef042,3877,4
8cbe4048a496e032,3878,1
c4e6ff674e6893f0,3879,0
73f530a0da9ab469,3880,4
98961074edd50166,3881,1
6a0d040e1bb4bbf1,3882,1
4dc64785e0750025,3883,3
664db49859f3b577,3884,3
0b927e5c504b5116,3885,0
2bead114c7f17df8,3886,3
a02f2f73a0101582,3887,2
3a2b7aab11dc0127,3888,1
4dd73101b6376531,3889,1
f8ae07c02dc4e39a,3890,2
d30d06b435856278,3891,0
827192dd2ee21a74,3892,2
2684080b3756af64,3893,2
73be1adfad355f57,3894,1
31fb9787851cc54a,3895,0
a1539207e5281ad8,3896,3
ec58555c7ab4d605,3897,3
b5fbee9ebad463ed,3898,2
4d41a0b5f7a2873f,3899,0
27985e973f4e93ef,3900,3
3cd84fa38971a702,3901,1
ac957bf0d039fcfd,3902,2
6af0b850766aa5cb,3903,0
33301eaeb5d92224,3904,1
8158e9cde7e3f64c,3905,1
11e6762c968e16fe,3906,1
5806f5a27fa345d3,3907,4
d6ec6db2e05a804f,3908,0
903ff6cd3064f71b,3909,2
1d988d1049941e50,3910,4
97f637ac70724593,3911,3
799c540964d8ab06,3912,4
1b83141a9584bef6,3913,2
111ef22925cae556,3914,1
abe2640638672bfe,3915,0
af389c52adb4dd8f,3916,0
74028f5cf06bdac3,3917,0
4b9e8944304e7018,3918,3
f1ddb456a99f29b2,3919,0
81db022aac89b599,3920,4
e4ee1bd9792c93c5,3921,1
6ae62da5073e3817,3922,1
39e647a3113bc6c6,3923,2
b9d4760f70fc79c7,3924,0
741296769d73e77a,3925,4
a6cc3248643d1185,3926,2
9d68d3524227d02b,3927,3
13dc5770e366b0df,3928,3
b6becb40f2f6738f,3929,1
a9ceb83383c7b282,3930,1
7ef5eefa7f7e71a4,3931,1
545cbc4eba467915,3932,1
00897975f14b982d,3933,4
f23801068ea174de,3934,0
fdc7012bac8a1ca9,3935,3
d58caaa11d478f55,3936,2
d464ae25907bad9c,3937,2
dac254f5375f3798,3938,4
c6ac21d754de841f,3939,3
b60043ded57b8c50,3940,0
413e86dce54eef42,3941,2
69e8a5676fd8c79f,3942,0
6de234117847629f,3943,0
0ae1b45ed03147eb,3944,0
9e1e048aa5301baa,3945,2
f7be5880987b34e4,3946,4
a3fe1869450108e2,3947,1
b6302e7f495e468a,3948,1
3da88ced9dd22e28,3949,2
f812ccb1b610007a,3950,4
3da68c8165ec4e2a,3951,3
92c5a2687c1b605b,3952,2
8fc7c73d8a671ab2,3953,3
517ac29ec1a2f241,3954,2
c13a641701b479b2,3955,3
c5625b18039ab32f,3956,0
a2b1896f52f174a1,3957,2
fa4bfc2fc7794046,3958,3
e95b9358627deb3c,3959,2
9abab49bf7e4d6ad,3960,4
dca3dd0d0966a35a,3961,1
b14dea994a8cc589,3962,2
958106239dd17f36,3963,4
54c847c9602f2063,3964,0
37b5891e5c7dd4ad,3965,1
20b85e463015828d,3966,1
c7751551fb95203a,3967,4
33c4f95d5f57b9dd,3968,3
e94064d007970c88,3969,4
8010c33e7f33ffce,3970,2
520aee6a25af3898,3971,3
7d42f045f6e4d32d,3972,0
768136d46829f33d,3973,3
34781e9b1c886b8b,3974,2
f64055d399453e0c,3975,0
4f005a41d32be74f,3976,0
2839aed7f52d0a15,3977,3
de86ed01e47b41ff,3978,1
aa1278b90b480b95,3979,4
f893970db4aef1de,3980,3
4eb084278066d1cb,3981,4
4a1dc6829597e610,3982,0
6652c45d99cc3275,3983,2
17b70c99aefb6c5f,3984,0
e10a85b5c1bf5a68,3985,1
3b8c11560ff7ce73,3986,3
595d6af4ff9cde4f,3987,0
06f9d804bcbb98ae,3988,3
3fd61b81a6676da0,3989,4
cd42ac82300806ec,3990,0
92b9d7b757da087e,3991,2
d20ffdfaecbcb314,3992,3
5334e8e1b93d53f6,3993,1
7911d01b8bb654c6,3994,4
91310827fcf9b025,3995,2
070a6a79e65a5ee6,3996,4
c3e09b2d0d8e7728,3997,3
33e63bf0b4499b0e,3998,4
7bafc82e8f597b84,3999,1
ed718c278f4b2576,4000,3
4f4ccb65e0a9e9e4,4001,2
3bb67df6d7855296,4002,1
c19c8ae69fb40666,4003,0
e75e15a5b3e92cc7,4004,1
7eaab035e33f36a9,4005,2
dce65d80059c0032,4006,0
da070f33693f4da1,4007,2
034c63cd41ee4912,4008,4
4223720bd04d63cd,4009,1
e7cb81cdeaab8051,4010,4
08e2e9b2bda9ce59,4011,1
38d54b73268b8fb0,4012,4
606360d61b8eadbb,4013,3
20f988e90f5c6595,4014,3
cd22cd3b4d5f4b45,4015,2
9ddc348cea93c2d8,4016,2
bac07559ff6e1740,4017,1
8e1425af39679840,4018,4
ee6c980a29ea18a5,4019,0
c200635bc6713ccd,4020,0
abbd70234ae7fcbf,4021,2
83401c98152ff528,4022,4
e142a49145ce7aea,4023,3
278952cd006173d4,4024,1
979f0e487ea2a9e9,4025,1
aae7ef1ed04343f0,4026,3
ab79c79e80992668,4027,2
0b5771ecef2fc26b,4028,3
6e5b64fd3fddd7f3,4029,4
6ad172f0e2bf67f4,4030,1
20520b52a4384b5f,4031,4
36b735126ff51bb4,4032,2
e836ff1fc937e3bd,4033,0
1619764cf841b5af,4034,0
b292a437ea13fd63,4035,4
3331a5d9993167dd,4036,2
beb1e400778bc98f,4037,3
aa3555f63842e436,4038,3
750088b4e902d9f1,4039,0
1fdff7fc0501b153,4040,2
0d613057baaa02ea,4041,4
ea0ae318a7dd700f,4042,2
16e5746b823eb090,4043,2
c3900d64895de11b,4044,3
17e4e1f956888bb6,4045,2
1348a1d2e416b09f,4046,1
16e59477cdbbbe4c,4047,1
57dccc562f634a4d,4048,3
34cc7aa2f7dc4228,4049,3
506a50cd5f691153,4050,0
ca231695fdfd1848,4051,2
ba388ea4255377a0,4052,2
9ce84ed121b68159,4053,1
bcd3f4b29bcc6946,4054,4
0858a4cac3062f43,4055,4
66b8f485e1ca7680,4056,0
3ac19922db4230c8,4057,1
89d9e3459c3c9b3b,4058,2
6fdb754d750e6e3f,4059,0
b06be3f74f233782,4060,2
d38b6f085dc3fc65,4061,4
8b16a18e8f32d2c1,4062,4
ac698051a21930e6,4063,1
02e8a5d1a7efef0c,4064,0
5ccbabc6d8b740e1,4065,4
b2e9dae64daec273,4066,1
72580f9a85c92194,4067,1
d7cd9eaebf001e73,4068,3
ccb68c9f36b3cef4,4069,1
b458299f01e1ece6,4070,0
24e34e130f84d2f9,4071,2
2db422abd13a0a85,4072,2
483189253304d50c,4073,4
50f40bf0f470e42e,4074,1
49a366dce8033c73,4075,1
a1ce0d52ce40a03f,4076,1
4c9a80f2318d4ec8,4077,2
4c6ca4f926d5e5fa,4078,1
0c69940f3642fe83,4079,3
e700fe06ffa19af7,4080,4
665b73d50f9e4953,4081,3
bf4462738f829b17,4082,3
5dd072909cfc3b3d,4083,4
cf20ada538ecf690,4084,4
b667df60643b623e,4085,2
a936aa6386cfc860,4086,3
bf12c15b1990de43,4087,4
bad7455717a0b9c8,4088,4
5352585acfbe5dec,4089,2
24a457f77335e33c,4090,2
9a35ccaf42a41415,4091,1
c30420d92156bb56,4092,3
3baf1d9ab63edbc7,4093,2
678891ff161db378,4094,1
e51fea2e6f0bc479,4095,4
f66118f374bce2de,4096,3
ffa200542566a45e,4097,0
b48080de89d0810b,4098,0
5a1cf6ec62e48768,4099,4
0f4f44a645a3d58a,4100,3
560b02d3b9f18370,4101,1
a4bf7070a382d822,4102,2
c46189806bd41c3e,4103,4
594d2fbf784fb45e,4104,0
0ce24432ec0e66ef,4105,3
02e8fc8bb5bc9bef,4106,3
91012f9441bd6036,4107,4
7b52dead10c8311b,4108,4
223f52b74f4086d2,4109,2
96b4a8fd026fb359,4110,4
30e3dfaebf79c14e,4111,3
2f9dbeec88b033fb,4112,3
3f1901b2c3dce228,4113,4
fe88278c0727c0fa,4114,2
f9a9a762cb662b86,4115,0
576667bf04581086,4116,4
71a10dc108f35a59,4117,3
c609ed2b20bcd0e1,4118,0
cb39289845427dd1,4119,3
75fd23da2e0441da,4120,3
dda25ed114df98ff,4121,3
2a51a2782aefeca8,4122,2
51a7515a4bf9411e,4123,1
ed5621dbecbd36aa,4124,0
1ea7c27eafebd279,4125,1
640b098f20fad459,4126,1
ef3df3e76755f31e,4127,0
85e12fbb9acc2423,4128,3
93c942277ffa2d50,4129,3
b1cb68f7552c653b,4130,3
d826807533dc4161,4131,3
65bc12f9fccaf80b,4132,0
8d12f057e96ed4f0,4133,4
9cc7f936ca1be4c3,4134,1
cce1896b61cf505c,4135,0
24c7a39eff67d768,4136,1
859ffc6f7256ea9f,4137,1
95270e387f76e8d7,4138,1
cb0244f760a94b09,4139,1
fdd8139dd5d6856f,4140,4
f0a34a531835e1d3,4141,0
ac1740c09524f8c8,4142,4
07ca19de11e23f0c,4143,2
904c827db6668d3c,4144,2
c4e757029890c13e,4145,2
8d85467dc3094802,4146,3
98f0425942bc20ec,4147,4
9e8184aba062e4cc,4148,0
52af94e8700abb5c,4149,1
a0230f23c0d05d59,4150,1
89aedb8af531f087,4151,4
cd858d282bb46de4,4152,2
c767095085e193e5,4153,2
d771390e3fea7add,4154,4
4ca76e2e0ecf6765,4155,3
6e4f4a59ea4ec5a7,4156,4
7ba45482d29e58fe,4157,0
cdf329159f958bb8,4158,2
540cd743ffa20cc8,4159,3
5fc29e3329992083,4160,4
fdaedceef9ba7b07,4161,0
b2e279e181996298,4162,0
835d967bb84c32fd,4163,1
673196db8de906dd,4164,1
a03754e1537b9db6,4165,3
2c3bb9f0f3a31d13,4166,2
49602cebe011e7a1,4167,2
a539f2797deb6e10,4168,0
e505f4b487807fcf,4169,3
f8e0a9f0958251a4,4170,2
62654705fb4e4028,4171,0
4537ed25c644fb55,4172,3
752bae59c1b4d2ce,4173,1
152d587f3d1b335f,4174,4
692431cf09b9fa8a,4175,0
7898d4ff50bc1e66,4176,0
403822d766d0a775,4177,1
9cd4b5493457b5db,4178,2
03f80585a0b1a4a7,4179,4
9d17c3dbd72e0ae4,4180,0
fe46985752950947,4181,3
1cf6b4867d9bf42a,4182,3
ccd480bce6827fd5,4183,4
3a84061cb4636d90,4184,0
100b5013deea3c73,4185,1
969f67fb08b71f11,4186,0
3d35fa0122da1e1d,4187,1
fb278399512f5419,4188,1
1bd0ee50eb5d77d1,4189,4
9af1aa386c2403ce,4190,0
6710cee1c18c9976,4191,3
45a80c4ce9771f3d,4192,1
43ff3c47b8295011,4193,1
0ec8b0d9ede6c889,4194,0
836579c8655cd548,4195,0
33ddc59202c01ec3,4196,2
bcbcc4a742644cc4,4197,1
2647f1c95e67c253,4198,2
a368c91aca383d4a,4199,4
20ef60e201bdc48c,4200,0
3197ba09c0f9b0ee,4201,4
558968ffacca2bf5,4202,0
3bcf1407284a1dc0,4203,0
a593e0a5376bf0a3,4204,0
17e5aae5b774e04f,4205,1
1333bae00abe9061,4206,0
61ed569a84baa4dd,4207,4
0291825397570f09,4208,4
84cc202c7699744b,4209,0
2412f0ec5dfb3219,4210,4
0f466b871355f1f6,4211,2
eeb8bb7d0d024e9f,4212,1
f18bf7e1afe38e21,4213,1
eddb89fa7526d660,4214,4
0c993da0bf04ca7a,4215,1
8c86d92b5858d09b,4216,3
d792fc454ff04667,4217,3
06040766216a12ce,4218,4
226bf7eaf0b41552,4219,0
bbed4d5f4d9fccbb,4220,1
fcd4f5f608402bd2,4221,2
0ab1351abb673878,4222,4
9d5374072b7936ed,4223,1
240dce23cc041a7f,4224,4
6d9e3f8b52fadc1d,4225,1
1f23300b6cc526f2,4226,1
f9758fb594a0777b,4227,1
82bd0bc61deeb47d,4228,3
4f3ac35ea3a672fb,4229,4
7dd641786f4aa176,4230,2
d962aa790703b812,4231,3
3909ab30cf1e5abe,4232,0
e60407b3253462ce,4233,4
c2a8ad9fe4e334c1,4234,4
9bc99e9b32178094,4235,0
54ebd335bdd9bea3,4236,2
e755d4ac074db367,4237,3
8a4601ea9d715872,4238,3
d5c996df75d8b74e,4239,3
0d82ddd162c10325,4240,3
521dd3c918e900a3,4241,3
b71a647accc38bc3,4242,0
864724532742ab6b,4243,3
7af00a7f51dee519,4244,4
35b09e5adc6f70db,4245,1
97c72909f13bc536,4246,1
c6a3c4a7d52cdd0a,4247,0
09b9f1b19a63b5a2,4248,0
ac9a015e1e0ce9fe,4249,2
1d3350a1e87f8f4e,4250,1
ca9aa0fb8c0fb91a,4251,2
c78c95990e185ff6,4252,2
69b794bce356c1dc,4253,2
685535ae3e68d382,4254,2
57c181ef4c9ec1dd,4255,2
ca52dd058b27bdce,4256,0
a3fdde37402a209b,4257,3
984000b5b0676191,4258,4
d07ecc99f42b77b3,4259,1
1c9721fedc4fb1d8,4260,2
97f45f7b50fd6abb,4261,1
6e9511cd61b515c2,4262,1
4d00d349542d6399,4263,4
e30d7ea68494581b,4264,1
4f4a4e24277f9f1f,4265,2
2c33733915ed5cae,4266,4
a86a67eabea4bf5b,4267,4
1554a40b388dc7f1,4268,2
1e46c197e622f2ab,4269,0
bb883bf62351294e,4270,1
ca6f4816cd8a8af1,4271,3
239e49c018cac7a8,4272,3
6b4dcca265334558,4273,3
056c726e53ecb186,4274,1
d94a646ebbe9991c,4275,4
4e43a4fd349ef332,4276,4
41b32a33d9f47c94,4277,3
1cac6cba3d443721,4278,1
eb28bcbd231dd5b3,4279,2
d9a2407b5dcb80e0,4280,0
a1f73cf20c88f8a8,4281,2
816dab1a47541ba0,4282,2
2a096a170e1f8294,4283,2
0ce5f8711022029e,4284,3
84042f5c0be792f5,4285,2
9b73c9362528ede6,4286,0
6ba0e8b8e1c28bab,4287,0
f20818272bc4f8d2,4288,1
03a37420d392faac,4289,2
7b8be599bd8130da,4290,4
aa9cd9632ab0d4cb,4291,2
fe8fd26b32689ae1,4292,3
7f8f577f231a5aa6,4293,3
727dc409522d121c,4294,1
8837134adad79e73,4295,3
e306c00282cb63ab,4296,2
51c6e087cc4fa282,4297,4
0f774aaaab6585ca,4298,2
ae5fc1ce6e399017,4299,4
71d6c31d864d73b1,4300,3
785c2627b6d04641,4301,0
21460bacdb48caa2,4302,3
378f8d98ff7a2168,4303,1
9c11fd322b6aafb4,4304,0
34b5c80816dbaa2b,4305,4
771075338de104da,4306,4
b031f0c5a3177699,4307,3
fa52db4e47befabd,4308,2
1f7a03b42ba1e06f,4309,1
1a66e3e4082b6ad3,4310,3
b713866b4be66ff7,4311,3
46fdecbb1f63812d,4312,0
5e37041275ea4cf6,4313,4
c71aaf5771404e6d,4314,4
cd39ec150b812812,4315,1
67860847022fd38c,4316,3
a5bd3e7170a24d4a,4317,3
26634cec02abe880,4318,3
89466389e355e348,4319,0
cbe78a415af22808,4320,4
4668a3949222d3b6,4321,2
9737ada34cf37646,4322,2
fd6308bfe641ccee,4323,2
38d220ea08daf538,4324,3
937708ef42bf0506,4325,0
b22002d47159be90,4326,2
a51e9749f842bf7c,4327,2
54d6c72d098377cc,4328,2
99803561a8aa613b,4329,3
e097f57144a30c88,4330,4
202a4205e18c27a7,4331,3
5436b2ee99062352,4332,1
5b0b23c4cd4ebd3e,4333,1
e7ff8794098de6ea,4334,4
da495a48b1ab8edd,4335,3
6ebd414c185b3035,4336,1
915e1da29a58338d,4337,0
9985d70f83827171,4338,3
e386ad81e142f1a9,4339,0
8bf73f1b94bac104,4340,0
69cb3f73c1a42c68,4341,4
d094ce5bf929c964,4342,1
0cce32afe59181be,4343,2
a656d7615a290387,4344,4
921d362d7fb8dbe1,4345,3
b5fdcea6d2f455ce,4346,0
c183bb7282e31baf,4347,0
d1206d6cd3b4e03d,4348,2
52670332e999fc8d,4349,1
6a4575d47402a5a4,4350,2
1f5cc23daae01096,4351,4
3b28b7514b615fd6,4352,4
852632eb7b93ad54,4353,3
ea6b1a9cf3af5258,4354,1
9c973e6298d8f142,4355,1
6ccb35a6d514e0f7,4356,4
69a5433fb780f53f,4357,4
0c21f878b7d7c3ab,4358,4
4da1bebcb5e783c0,4359,0
90751b4fdfa63855,4360,4
96af47335820794e,4361,3
abdf58d5fd0cd024,4362,3
1592268c4d26a721,4363,3
2f4ebb99e741ba6a,4364,3
208513536863ac7d,4365,3
765e348d6a55c2e5,4366,4
446eb0d36aaa319c,4367,0
c4b8a942d484be10,4368,1
5064f345272b0be6,4369,0
396f7302940d2389,4370,3
b0e3336b4de72c84,4371,3
fff06cd67a59c5bd,4372,3
35fe55c3974069c2,4373,0
58afa3b3ae507cf4,4374,1
07dd6b6f48202943,4375,4
d018940b8a98c48c,4376,1
705d3044c0fd61ac,4377,1
e9654d58ead9877a,4378,0
2bf08629211f78b1,4379,3
5a0ce815a3af6c45,4380,4
a3ca47741236c0dd,4381,0
b30c45d587053ecf,4382,4
db9101545b94781f,4383,2
cc14d3b6812a1041,4384,1
fd551c9cadc1d275,4385,4
ac4d1e97bbabe0f5,4386,2
cf977e90ee2f3763,4387,2
bbb62c2ed1ec1682,4388,1
72df505e2fa4c63c,4389,2
2dc634a4d4153887,4390,2
d29f5e997db98142,4391,0
7826957cee2adbf2,4392,2
fce4b94188fdaf87,4393,2
78bb0c2a8808410f,4394,0
3e0e318a224e5594,4395,3
525dbac25fa1848d,4396,4
d8aecc1aaa248369,4397,1
40c88968ee577786,4398,1
54dd360052e74843,4399,3
c49d1ab1efa84950,4400,1
bd37905033c98896,4401,3
4be1e8f306f1e368,4402,4
da1a88333105df5e,4403,0
eaf19a5ce13cd122,4404,2
c3e1094e187b93e6,4405,4
6349c589f0df42c1,4406,0
ac643dda81608cc4,4407,4
60044c3ea293d262,4408,1
252c52ae0f154d95,4409,1
69ce7655dd9d6836,4410,1
45296f0242f55ae3,4411,3
01bee13d305d6c59,4412,1
47c3df12f96fcb9d,4413,1
0c87dfb011025d95,4414,4
92f287fc5b1e84a1,4415,3
7b6946ac8c294cbe,4416,3
aa6b546c5721e8ed,4417,3
4e11d098ffede680,4418,4
802c5bbacacfc5f3,4419,0
638063a254bcff60,4420,1
10134b6524b656d0,4421,3
3b05e0b2f201afaa,4422,2
ac5b2484d1f42ce7,4423,0
9f3b5071a121df92,4424,0
23c575b7846fe6bd,4425,3
2a81c3b5fcc23ce3,4426,0
0a4acb81ffdd2ce3,4427,1
e099c0ca410186e9,4428,2
c034ce555e43b7db,4429,3
539f56563d48c010,4430,1
56db9f4f745be433,4431,4
ae412ad0605b718d,4432,4
19de2aefde7af8a6,4433,0
5823a1d1391836d4,4434,3
ce8890efc0ce41fb,4435,2
f48ebec9d1a2217f,4436,2
66208fcf7a5a4a82,4437,3
34f49f93c8082ae1,4438,3
471a20679f11a11c,4439,4
4b92d2f2d98c3fa3,4440,0
ca81c107897f52e0,4441,3
8701e40c0312fdb3,4442,4
580ed68b9b77c13d,4443,4
db844f29bfa7c50e,4444,1
dfba85cb5adb90b5,4445,2
7da407974fafa84e,4446,1
665b4d55c4040bc5,4447,1
6a3ee238a685b295,4448,3
b5d7fc0790cea971,4449,4
98d7f7521a94ec82,4450,0
1aaa138cbc0f5cdd,4451,0
258c5849178bbc8b,4452,2
d7e2b1eaa12fb6ef,4453,2
0bff2a19f6eebca8,4454,4
88e86b585cb55ddd,4455,4
6a346a63040b3648,4456,4
47589c48aa1ca4e7,4457,3
b470cbf521a73826,4458,3
91848c7e3950cb64,4459,3
ea5d8959ca53a49c,4460,1
8cedd03b83e22abf,4461,1
061d0109f1879e18,4462,1
7aa226e3bf0c8604,4463,4
330a2451a5e240d6,4464,2
21630f7a7bb34a00,4465,3
4d000f2ce04b3182,4466,4
f29064a603fe0c53,4467,4
7d4e078e498a4c40,4468,3
4fafd9a6f027c4d0,4469,1
c7ab08dc876d60d0,4470,0
6165543ea8455798,4471,3
743645f83aaccda7,4472,0
94c32c0a9576b21b,4473,2
051f078ed2462e8c,4474,0
5b9de52a3110aefe,4475,1
d0a8f924dacfeef5,4476,1
4cd4c51172004c60,4477,0
e84b340076a47414,4478,4
df4daab6e73cf2b6,4479,0
e5f1c1569edfcc35,4480,2
7d03935d9b702258,4481,1
ce645e1fe3446754,4482,1
1a42913a233b18f2,4483,2
c0c6da92a9d7524e,4484,4
d2de87faf27b3b4c,4485,3
4462a2d667a30da0,4486,4
673606288d99ba45,4487,4
41d980bb97757bec,4488,1
7905d01404e071ff,4489,2
3bd8e5df931243e8,4490,1
d315aec7da274911,4491,4
382335675926b0b9,4492,4
8c1e3a4324c2a4e1,4493,1
5b9607aadf6d51d0,4494,4
3cca45bba88e6cf1,4495,3
3649e50c1d9de088,4496,4
a5a43b6e85c50e24,4497,0
c11a2e25f65d1765,4498,0
f58874b0034431a8,4499,1
faf7a129a77ab70c,4500,2
1ce2acc669066de0,4501,4
5d0b9cd2be0666e5,4502,2
f7033b18bedbf772,4503,2
e9480a1726d4c7e0,4504,4
99a7ab2939d7e4dd,4505,2
4523b788db019c63,4506,3
b58a2c6e073630ad,4507,1
187d68f69e64c91f,4508,2
4f5a0f84c56945c1,4509,1
f061eb4eeff92c03,4510,4
f368eef8fbe9c4a0,4511,4
5cf3712b24b7882a,4512,0
104b92201ad99e62,4513,2
e1487a9916ba8a85,4514,1
3900693bb98d825b,4515,0
c34d7d7c5413a36c,4516,2
c6f7e2adae9da790,4517,1
37674f449b312445,4518,0
dc6a3519d33e4059,4519,0
c22e42a7117a8a64,4520,4
7645fd2f0ba47afa,4521,1
65b4c62fdb30336d,4522,4
b8f703696da39c15,4523,4
8464fc52426a9b24,4524,0
9bfe575e555acde8,4525,3
e5f19291b0f3c0e4,4526,0
386e4d8e23c88397,4527,0
dd0861d7fb30c3a0,4528,0
8d6680eb27406edc,4529,2
ea98fb2c23312840,4530,0
ab99e6db75b39da2,4531,1
335b10808f53a697,4532,1
c320e4b946d366d6,4533,1
d20ea33c032a93ab,4534,3
0f51f385d11ad2ab,4535,0
96eb93d3a348b511,4536,4
ca2367f83539269e,4537,4
8aaffb30ac70b02d,4538,1
55a4131aaf4d3893,4539,4
0ae6933ad22fa417,4540,2
151f0d70b1d67834,4541,2
97907c32347b4e2e,4542,2
40d31d8a20d10f15,4543,2
26ca4c152004f148,4544,4
d234fa59a5c66e55,4545,4
83bdf8d2445a2e50,4546,1
6b1b91ad2ed08e4e,4547,3
41784575394ff737,4548,3
662e3f28cda91157,4549,2
5abce99d11ccd41b,4550,3
ca33f4933e179732,4551,3
561196a54fad735a,4552,3
5bf3df2077ba98ba,4553,0
8a6ce51a2a009fc3,4554,2
d8fea9e6d34d7fd4,4555,4
6ed0ec5a84c18cf0,4556,4
38c6c74f0adb8b77,4557,3
028a8e54b6e326b7,4558,0
fedb668e3a4b2c61,4559,1
b5aa063e04f81d8f,4560,3
cd52bfdfce934040,4561,4
1fc54f2f6de5c579,4562,0
50b1477fc1f5a09d,4563,0
fa16a5b86ec6a9e6,4564,1
6b2ddbb871274a9c,4565,0
97245735bd4db3e3,4566,1
a5893e7f555ea51d,4567,3
9fea8da6e3a69a58,4568,2
b36043337df35f40,4569,0
86b575417c8a92ae,4570,4
1fa8b809e4abf05a,4571,1
e3c4f3381e232c2d,4572,0
d2b20fa3e45eeff5,4573,2
228c6662d35646be,4574,1
115788ba57c9f46e,4575,3
dc34454039737853,4576,4
fbd2c08a240660a2,4577,4
9b31f9fa108e0a97,4578,2
126ddfc7c569b343,4579,2
c3bdea9989a30ace,4580,1
629dbb7ae2841dee,4581,4
0ff6e336a8fad81f,4582,4
4a6e43237ec8e551,4583,0
4e968299df53e55d,4584,4
faba74200ed56840,4585,3
23db757c0ee2b2e1,4586,4
6c7e9f2807e8fc73,4587,3
3d26975369fd72d4,4588,3
c19e51a0a045c6f6,4589,1
4405e37193a45184,4590,4
30f8139abee2dad8,4591,1
738eb98b60c0294d,4592,2
9835dcba84dad64a,4593,0
b6160d19a704267a,4594,0
2335fc94789ecf1b,4595,4
075d6d63a7ca64fc,4596,0
d479ab5f263bf0c8,4597,4
3d9b39693e873772,4598,0
ba6a1ab7712413d5,4599,2
0c15eeb86ad94b84,4600,0
a45c5eb8b5af7555,4601,1
e38202c24df880b4,4602,0
3e70faaeb4ac8a42,4603,2
22ed3594e5ffb40c,4604,1
22ab042423735f84,4605,4
af0c8c8c4f6790eb,4606,2
51265758f22ca3e4,4607,4
b30efacb9f5bc08b,4608,2
c452fb46c749d64c,4609,4
dc5d14712cba807a,4610,3
fb976b340bd6737d,4611,4
96409e81487f786a,4612,1
aeddd04772f98ea3,4613,4
9d74d2732b48f400,4614,2
0fe590a953d8833d,4615,1
822570de85f35f79,4616,1
ff6b3b8e1250f0e6,4617,4
8fb436d5d9f42cfd,4618,2
2b90c761dd1a655d,4619,1
c2c66c458692598f,4620,3
d3326a82f83843c0,4621,3
e32693222dbf072d,4622,3
74be4f21f70bf10c,4623,2
ebfed3dcf65e977f,4624,3
8f9966d66815070a,4625,4
914d7f876325ca28,4626,3
e954ac2ab6938242,4627,3
438d31b491dfbeb6,4628,1
accee527f6f2d4d8,4629,2
de1d47beeb2c1bc4,4630,4
572cdcc26cb8189e,4631,0
ee08961e83fcae84,4632,3
eea55062857c6ea3,4633,2
3a4445fc3d000489,4634,2
afb7d7b92d642829,4635,2
df887fdf446a8bd9,4636,4
6891f053fdb55014,4637,2
58a999f83984238f,4638,4
7a86df6e403ffd6c,4639,4
4f9bcc681bd86852,4640,2
4525c5f538ba99b7,4641,2
41c493a0d7286a96,4642,0
014337e4b3d3237a,4643,2
2eb19ef1d47c7b83,4644,1
d6a30e03291a435a,4645,1
1636680593b0b8ad,4646,2
87011330f6adeba0,4647,3
b8515e86154c8ac2,4648,4
0df81325c2fcb5de,4649,2
029de3f77c777bed,4650,0
9a80c69b3b3acb8d,4651,3
0070bd6ffec9d0c2,4652,0
2d2ef0776d958ffa,4653,0
5ffe3b2938d3fcc7,4654,0
2921520886d3a59c,4655,4
02b7810040fb4ee0,4656,1
650162ed920b231a,4657,2
4579c55f06e78772,4658,1
e1d17e5355a5edf2,4659,0
caca89163cd88f1f,4660,3
8d5978be81c1dc6d,4661,4
91f500d48f0925ce,4662,1
756e038f01f6b01a,4663,0
d158a1e394e07ea5,4664,0
bb57de447815a9fe,4665,2
7337d93d7f2d1266,4666,2
e9eaee9cecbf68c2,4667,1
bf5fdebd14af9cf9,4668,1
dda3fa3ebe444e57,4669,0
4abf5040fc4d9d7f,4670,0
fd5e190e389c9f54,4671,3
9f98cc81d3a60f82,4672,3
be3dea1950f154b3,4673,3
0cf9e500b718d900,4674,3
fdecc32d76510bbd,4675,4
816830970545b78d,4676,0
09c65cb53f89daa3,4677,2
a932ad2b61680c27,4678,2
38aa32cdcb239cc2,4679,0
ad72ad085e8a2e14,4680,4
9fcc1a07d49e5823,4681,1
3ff5a6cb9ee1f289,4682,3
df2bb8ee1da83b65,4683,1
5bc9f2f234104eab,4684,2
1e70200c6ff9f708,4685,4
8740ce64e352c2e7,4686,1
38d8e78684aa9ded,4687,2
47be6d17e58c1f76,4688,1
77de87a64895d11d,4689,3
5abd693d797e95d4,4690,0
03293e8e01ec2894,4691,1
8912ea382721f9c7,4692,2
8e96ffc0fbca4dec,4693,0
729312194d761352,4694,4
efa9e76c4593c953,4695,0
d72e78359c4188d1,4696,0
67ff7e04f8521af3,4697,2
d390344dd3f4b0e7,4698,1
9f6bd9bc5f1ee9bf,4699,2
b664098c855e2b1f,4700,3
3a21b3cae1873b55,4701,4
c35b5276f93d1012,4702,2
d5a4976f61e6bc4a,4703,3
5aac5de572cfed8f,4704,0
54d57252e2dc191b,4705,2
f6ca9b22ba999b06,4706,0
d8001ac1a675ff0a,4707,4
0d6e63c423f190ca,4708,3
bea35c1f25c09b75,4709,2
c2dd67d9ed1d1dc3,4710,1
2aacb3ba5b96c9b1,4711,2
6d2c1063ef06ac08,4712,0
a30a0ce905a82041,4713,0
94f7395ede832711,4714,1
b7d7d5fffc791b02,4715,2
db161f3f56c1067b,4716,4
c8cbbafbf19a5a39,4717,3
460ff025d94effb9,4718,0
14de8ef92f0904d9,4719,0
e0399dd64f29f07a,4720,0
7ed3769438f1f488,4721,1
f79d475fa8512ba9,4722,3
548b388e621c1d82,4723,0
5fbc7b52963725f1,4724,0
985a7390015ff039,4725,1
9dad91c8eddd5ac3,4726,3
278fb70d431f9116,4727,3
5cb4d61e0dd9b7b3,4728,1
83a722c22602212a,4729,4
b9da31a4473f44c0,4730,1
53aeb83d80f6cb55,4731,4
11563f5f5d9b33b7,4732,3
283473709ce25778,4733,4
67f0093462c4bcb0,4734,2
9a38fa1ffe8e19ac,4735,1
b9458bbba4206a44,4736,0
0fcfb5ab79dc8331,4737,4
e1ad26685672ac82,4738,4
4926439fab8c379d,4739,2
df474c4294147a67,4740,4
9baf2b6f0f15c1fd,4741,2
f08a7557df65ef14,4742,4
25e2d6c9cb2da611,4743,4
18ccbe4332a1735a,4744,1
fe0e16cb44bfa34b,4745,2
995da4a719327da8,4746,1
356ed3d7cfe116d1,4747,0
40d6c3e93593b509,4748,2
a3e29e53abb02d8f,4749,2
db29f95a437f207c,4750,4
692c3a11a7b96f73,4751,4
8f17e2d2d92fde58,4752,2
f53e280297b01889,4753,3
1734f7bfe0783b28,4754,4
7da51995c214d1eb,4755,4
d50c3313b13150d1,4756,2
518b164e59f4f734,4757,3
92f4e5fb79ec60d6,4758,0
cae92820c648dd23,4759,2
aa751eef0511fdab,4760,2
133a94650b515bfa,4761,4
24e16cf4d352525e,4762,3
c3ff9f2f90f5c522,4763,0
7e44badb4756c119,4764,2
ba14f942a43fc0eb,4765,2
ebaafe7602824215,4766,4
007230e5bbc7602f,4767,4
c3a1830145257468,4768,1
3148483197244bbd,4769,2
bdfb22cbcb74b46b,4770,2
f81b8bfbf49bcf53,4771,4
2a6e392339c7094d,4772,0
6ed0def3be129233,4773,2
a41071d7e7fe9058,4774,2
e0dbb78cce1eff2b,4775,4
8bd8608ae931be2c,4776,0
3ee1be0a98909a04,4777,4
f8df04629c7afd02,4778,2
247a9a8a3706e9af,4779,0
776eb9a4d9c3a6db,4780,4
5656d1493b219a0d,4781,2
cc4442fa68107c44,4782,4
060c6381954766aa,4783,4
516c0eb85173aa0b,4784,4
65e04942339e3dd2,4785,0
4d08282bc66d6ae3,4786,0
79ba975e7ecd528d,4787,1
c2141db0bac9fc4b,4788,4
5e9b8dc0c5b8f9f4,4789,0
491da5d366c74624,4790,1
ee465ebf00d9e1f8,4791,1
403a576814cdbd80,4792,4
81a7244138c9ec07,4793,2
9e51dbdddc856bfc,4794,2
83bff748d125c4c3,4795,2
000bd28becf4f25c,4796,1
0d91273aee989db1,4797,3
4b74eff0f90c1e44,4798,4
39d93ef11f3e21ba,4799,0
b9e341a419eaf3a8,4800,1
4fb925915eba4ab8,4801,1
87ab27bdbb1bf2d4,4802,4
cff683263a00eee3,4803,2
50ab1c7337baebcb,4804,1
26b0504b7a201ee8,4805,4
d697b82437d8db80,4806,4
3bf8dda396f4b24c,4807,1
94e36b87cf7070e0,4808,0
841c3bf10385f220,4809,0
3ddc963a9cbfedde,4810,1
5065ce31ca1e348d,4811,4
17fdd3d40a20f89d,4812,1
3232d744d7d0f282,4813,4
81251b5b368edf30,4814,4
aa8a9fe564378efc,4815,1
4b6565684b3b4961,4816,2
01699da446e844c2,4817,3
5d06fc1e974f6bc9,4818,0
6266807cb132c435,4819,0
ff1bddcb8455f3ae,4820,2
e38c1aff0621bf46,4821,1
e0927e6c36a0b9ed,4822,2
fd6164247e2f7048,4823,1
9777a73bb0f40d96,4824,1
af3aaeace7cce62d,4825,2
ca63b6a8c5846ef8,4826,3
94848f31b9a05830,4827,1
24183d2ee686d170,4828,2
27a460fc02a65d6c,4829,3
cb5d60e15235fd5e,4830,0
df9dc29d10fed434,4831,3
0bc89d80b1721647,4832,4
8680ed9e6406210a,4833,2
f0a156b7f73069e8,4834,4
60fd5dc5922eb85e,4835,2
128ec90ace4490f8,4836,2
4c312ddad05930aa,4837,0
177491e84833d321,4838,1
3f89b87a53ba52b6,4839,0
cede8ab82cc8b7ab,4840,2
21c604755d93ec41,4841,3
677a31fd76af5b4f,4842,1
7b962ca128c4ac3c,4843,3
0d56a0ec8a41a588,4844,3
b3f3a2f515c0ca98,4845,1
92911b05759d4580,4846,1
557d794047ee7c37,4847,2
3cd6a424738e92a8,4848,2
12349d0084dcf3a3,4849,3
08dbc357b3bd396e,4850,0
ec2e4887e1ca94a5,4851,0
94c4d7f3eb4db03a,4852,2
a3ced2bdcea4843c,4853,0
208738af4423bd30,4854,3
dcbe239a553f9164,4855,4
2815a4fd6511e9b8,4856,4
2f9d8cc09d97fb2b,4857,4
241bd8ec2f84ca52,4858,4
22ebcebd2f9a117f,4859,2
ee85ccfdbc80ed86,4860,2
afd5ece6410cf61f,4861,4
5e7bea8967b78947,4862,1
1f4409372432a996,4863,2
e706fcd143453034,4864,0
bb4376faa61663e0,4865,1
f93a3dcd250d354e,4866,4
ab7b3a6d70b36aaf,4867,3
fd5b8bfe79cf9e1b,4868,1
8052b6f0d3a91151,4869,3
8a40bda6cf4d5bd1,4870,4
0e1ad32cca159265,4871,1
db7b93254868982e,4872,1
befdb9e1e5e4c09b,4873,2
5aa002ee0acae1a7,4874,1
189c2e60fcad9724,4875,1
bf2867224b59f6ab,4876,0
b68b1370dbec8cb1,4877,2
4b38731e3247183c,4878,1
e603e01cc2f030a0,4879,3
2cdb4e9dbb1d5830,4880,0
031599b5c8b5fdf6,4881,0
efb7d2f5195d33f0,4882,3
e34eefed03cb7bc2,4883,0
84e9803d82abc090,4884,0
50978e543d378c50,4885,4
ad13d2b4d438c59f,4886,3
cb43ce8517b0d119,4887,3
b4a98523d3e4d5c9,4888,2
5a7d14b12e90a798,4889,1
fd9ca60387002df5,4890,3
1e988e3381269ce7,4891,1
e0c80301afbd157e,4892,2
9d61eeed971fbdee,4893,3
8b482bd427a6f1f2,4894,0
50cc6a1c51faa28a,4895,3
f26e95f1fd9c19bf,4896,2
d4b0fa4d56123744,4897,4
ea98068bf6bdecb7,4898,4
388807c01ffce1c9,4899,1
41226fdb75b9e3e3,4900,1
215a600b682d6ee6,4901,3
68ad18697bb8dec6,4902,4
305646825f22a610,4903,2
80ea174b8d3ea58a,4904,0
c2c792e095f59ff3,4905,1
c8f54c717166aff5,4906,2
27cee370d10be96f,4907,4
bd41b599312b6f37,4908,1
bc78eca9f75cb3ac,4909,1
04601cd6530bfb5b,4910,0
2641a51a68ff0813,4911,0
1ae3a4a7b7d6a2b0,4912,4
a5b07d93570060a8,4913,1
8af53f838ec26523,4914,2
d38b85a6202ef6a5,4915,1
6ad1c19bd1fa6cfc,4916,1
3e4439e2f2363482,4917,0
50b686124faa677d,4918,1
2e13e1ffe500b0cf,4919,0
886b775e248e2308,4920,3
85208be4ea106d09,4921,2
14a6792f30e9a4b1,4922,4
f0449b2e8cbe5fb4,4923,4
b3249827891bcce8,4924,1
9ff96f17d2ac01fa,4925,2
ed84dde023c9a920,4926,0
bcc27717e698bfe5,4927,0
125a20f48bcabade,4928,4
86080635b14c5675,4929,1
7e2d8c3497a3c9af,4930,0
28eb2afa65817e75,4931,1
87f3b7574e229bbb,4932,3
b7d6504c9b5d831a,4933,1
3f1fa9d3f8fcd89a,4934,0
d4a00331f1b12291,4935,2
0ea6934521a6b914,4936,3
fd8cf56359c92d69,4937,3
0cd7db4152d93cfa,4938,2
8b0ceb2ca5f2006c,4939,0
b51d08753ca98744,4940,3
0de5f4ae479ee681,4941,1
f72ec6d9de45e920,4942,3
8ff95d84a035a015,4943,2
51a02351a5782125,4944,0
ceb34910560191d3,4945,4
3661ac0895909d28,4946,0
b163a2446791887f,4947,3
a49fedad2884074c,4948,0
fc235a2bdf3e3e48,4949,4
51186d29f285f38d,4950,3
b99cfd1bc3d1a118,4951,1
c3fe11a4679464ba,4952,3
a74ed66052912f59,4953,3
57f1b23dea1b8737,4954,4
23e46a27b26c271f,4955,0
a58537d704ce9779,4956,1
99f7d0f665fd6f23,4957,1
e58e3c5c335970bc,4958,0
5d5a2bd5ee699b44,4959,0
3f0970848fae3475,4960,0
c3d7ab07f02ee716,4961,1
345f4b3a37f2939d,4962,3
5c1c297202426d29,4963,4
7262691dc1f975e6,4964,4
7fa84328f031ee90,4965,1
25062e606687e694,4966,4
b825d5e9d2bad6ed,4967,1
96808cba436ed232,4968,0
62fae76d65cf808c,4969,0
845281ab8daf577b,4970,3
94bb94e3bd0ae0c6,4971,0
fc884ad903472765,4972,3
1012b1a2364737ed,4973,4
61c1214010fcf06a,4974,3
b7bbee4532bf8ed3,4975,1
e2be50da8df7be7f,4976,1
d0a179ed2986bffa,4977,1
0ae19f1cda75a9fc,4978,1
6495ef25f04dde7f,4979,0
7f379a2e8992ad01,4980,3
b8a50c5841978331,4981,4
96252c1639b75c96,4982,1
ea4c2d78e5d412de,4983,3
e0ee1f2a0f80e596,4984,1
502ae2647601eb37,4985,0
7ea08f315180dffe,4986,3
391eb44775df83ae,4987,3
e9a51909735adf52,4988,2
4ffd7e6451affe88,4989,3
318ffbf0cba5f721,4990,2
bb82bd0711380d2e,4991,4
c24e306f8e68e72a,4992,0
978664d5f4523563,4993,1
c7756a105bd33417,4994,4
fbee842f4c9e0e20,4995,4
a0a368f8adde928f,4996,4
2d781a76ad9989d6,4997,0
732f4800ee3d7728,4998,3
d2862abcb0292218,4999,4
41f30574252f6efb,5000,1
3eb8671b59b83c78,5001,0
59a2ba00d821d4ab,5002,3
bee2a220a1eec75a,5003,1
70c3cd844827c1ad,5004,2
34a80281aa9eb0a5,5005,4
651d90f3f2cb25de,5006,3
d5b42aa8667f25ef,5007,4
e1b9eaf420fdd8c1,5008,1
fb22e5c83bfaefc9,5009,0
47dcf0a90a1b5575,5010,0
ed26a61322987331,5011,1
7301ff0d6aa9c996,5012,3
11d6ce9aefb10e96,5013,0
e2fc2bbbe96f5c79,5014,3
88bce48a0e254355,5015,1
7ed60f7c0b279315,5016,0
65c656853cbf6d8c,5017,3
f24de9b8e4254798,5018,2
f6f60086e486a091,5019,0
7dbb23b0ceaedf10,5020,2
61e9fa17774e9b92,5021,2
46bc07a5a8c933af,5022,1
6aaada4cef73d0b9,5023,4
20e750b2dc51f414,5024,4
9063764da4b7a4f8,5025,1
7f9060619434f7cc,5026,4
0bdd6c027a0f1819,5027,1
621791a0b89ee6ef,5028,2
3684c41eef7175a1,5029,3
3427f650658d4ac5,5030,2
499b77539470dd2f,5031,0
57b1f2c5f77b284c,5032,0
933dcfe92a12c713,5033,3
bcd482c4e29a36b6,5034,4
735a2100d2534e73,5035,3
e97a1998f9ae563d,5036,3
1fca087acaaefb28,5037,1
0fa90076b906aac2,5038,1
824a3b9ca2b92b0a,5039,2
ed218469deae58bc,5040,1
893bfcd3728541a2,5041,2
d771ab567da8106d,5042,1
fbf367b638acadd5,5043,2
b35f0632dd8a90ea,5044,1
2826926b9fda52ea,5045,3
59b3affa8789af71,5046,4
ddcd99dddf9d9c54,5047,3
cf5165cc839d47cb,5048,2
905686c83b5d7932,5049,4
1524c10a9ccddc77,5050,2
a74ff9ac848b726a,5051,2
d9606d5b3ba9e007,5052,4
1c4dd0bea773021a,5053,4
c704b71810474591,5054,2
21b93e7154477d70,5055,4
04e520992f12fce4,5056,2
2221ac7249dd8724,5057,2
e177106e7dcf5a8a,5058,2
b9c95013a6b8d051,5059,2
d7fb56d726ccbce5,5060,4
77d4a3e4b8fee333,5061,4
cc8a2c47b47decc9,5062,1
cd935e76edd92810,5063,2
fb9416996d2df023,5064,4
dd74b4b930b51a7a,5065,4
cfb9210f1d26389b,5066,3
3694498634ee2a67,5067,3
ff99d6fa498e7386,5068,3
0c49b4f57eec8fd9,5069,3
6fcdb6b2fea83df5,5070,1
97493503b4ebc40e,5071,4
293ba8ee0c9ed56e,5072,0
235f2e89acafb7cd,5073,4
5e57dae6e3179066,5074,2
24cac94355543473,5075,0
ba5c01c6799f002b,5076,1
46c98cfa235db6c9,5077,0
21a3875e0f3d17e1,5078,3
890ee9c20831e22a,5079,4
2124ef967cc4aa79,5080,0
aacdef07ae94e227,5081,2
40a408cf26c54cd2,5082,1
2f0856d31b8bdd48,5083,1
ca73cdcd0a8d09c8,5084,1
f189523d1ea42672,5085,3
459b98490ceeec28,5086,2
2d2e99bb3c966376,5087,2
6ced030362d83970,5088,3
1b75a337d2bfd61c,5089,0
1d03c7593d5879b2,5090,0
8433492cc14c8db5,5091,3
b53633c4b8e1ca39,5092,2
808ebe8ddd5f7e00,5093,3
50f9167e5764fd66,5094,1
9b5217a657ef848d,5095,0
7e0ec094428fd3f2,5096,1
55c59a3e7b045578,5097,4
71a9b999f66b5754,5098,2
7d18c637470a9631,5099,0
208799c03117b939,5100,0
fa68450b11298338,5101,2
4a42f102ede44484,5102,3
1c72e887eea14e24,5103,1
95c6a86bc9db5a00,5104,1
e4813093fba3052b,5105,0
bf0a62697524801b,5106,1
3e6cc80ef265b414,5107,0
5c97c7cf88d85359,5108,1
0d965179a302aa87,5109,0
c8f89dae461da232,5110,1
4e2628f3d7c35ed9,5111,3
4624b1a44222e148,5112,0
3d037f41b2260cd2,5113,0
4471e3b56eb3d34f,5114,2
11b4cf8fff2d0350,5115,0
2421e3c911450514,5116,0
458c09e374477175,5117,0
00660d6f10312556,5118,2
63d501bfbd16ac31,5119,1
0df5209465fac34c,5120,2
6da129366c0ec0b0,5121,3
6fe97f3624a0f221,5122,3
60016022bbdea5db,5123,3
e228e3ca3e408d00,5124,4
e900d9ef217d5018,5125,2
d533e2e9263cfb83,5126,4
b3898e942115a988,5127,2
5d4f1db11254acf4,5128,0
62d093a54e76f1cb,5129,1
20619b23d5a83847,5130,2
adeaf8c931dfd5cc,5131,2
b989f67fac93a4ab,5132,1
13da835fae62aa87,5133,0
9b8f95c1a0057751,5134,2
18a8cee6d13bd26b,5135,3
908eb9dca11a899e,5136,2
82e3c7c4da49b75e,5137,1
5060f4bd8814216b,5138,4
d91e4b691d22f025,5139,4
adc8ba1308707916,5140,3
04e0ced9708665ca,5141,3
ae0f57abd215c813,5142,3
58432b1f0e6eebb4,5143,4
8d1f92112cec41a0,5144,4
255914323853ef7d,5145,1
e23abe1a8733b1b8,5146,4
c63c3189dcc633f9,5147,3
e91b258c2743ec63,5148,1
934bf438f4b9c584,5149,2
1ac36d54d9c17658,5150,2
aa30f674240f37f6,5151,1
76cbcc22b57742dd,5152,2
f3f658c59e6af97e,5153,2
d9717d7ca94ed69f,5154,0
67498c6278e20469,5155,1
841ad91c78d4b511,5156,2
002f4e0a39ce3655,5157,0
fd73e61efc9a865b,5158,0
3182f934869d44fc,5159,1
df2769129418c5e2,5160,2
ada4282cf2bf944c,5161,0
b2c93deabaf3c8f8,5162,1
2f7785555feca0fa,5163,4
6c46e74838cdb4c4,5164,0
c206e897c060c023,5165,3
94340f85d2d3af69,5166,2
6d8f15ec104117b0,5167,2
9658fe156ccbb4db,5168,2
5381d5effd20786e,5169,2
7834382c890b1bd7,5170,1
2f1366495f6c9ab1,5171,1
714ea4a8c73dc530,5172,0
599e79566cc4bdce,5173,0
bf44dd7079e698a5,5174,0
036184b5fbb5130b,5175,1
78685c4d9a2613a5,5176,0
a051e1e4acfb49b5,5177,3
029d623d5332100b,5178,2
1347cdd169787234,5179,1
28cb8f8582f0ed39,5180,4
fc0712daa808c064,5181,0
4c0490ace13d2abd,5182,1
8839a0dcf7cef290,5183,1
65db161d81d1cad0,5184,3
8ebb47052cf16d46,5185,3
77f91cc7935a03ee,5186,4
93a0a9688d4f6bf6,5187,2
9123721c06d9dfeb,5188,1
a96d93131727307a,5189,2
f12a34f0a3654f03,5190,3
00e8092ae3dd03bc,5191,4
299e44a9625eea40,5192,1
63ba697ccbc8cd35,5193,0
e0a8847ba78a5fed,5194,4
2300ee361cd56d23,5195,1
23c9aeafb475e9c1,5196,3
ba9b83c28243c620,5197,0
0a08c394257a9b5e,5198,3
c64688bd01fe83f7,5199,4
cb9d106954cce36b,5200,1
0800dd93346e27bf,5201,1
4eabd6c7d8be24ff,5202,3
d0eba92c024b9295,5203,1
9dab570dd064f5ab,5204,0
40cd0380cd24747a,5205,3
11fd0e728e248214,5206,4
f4ab0505b05e1215,5207,0
5bca5c0f51d680f6,5208,3
148947ed5ade7f11,5209,3
fa2aef2f69268119,5210,0
5d0f66e057de8a01,5211,1
64dcf9d490bfedc3,5212,3
873f2accfe8eaec2,5213,4
7c2ea0ed719d6006,5214,3
1198600528e6338c,5215,3
d438ebf6136e8a06,5216,2
39a3a964f08b42c2,5217,1
d93011e3987e6fc2,5218,4
c5e767327ab13ba4,5219,2
0c6ef65bab0bbf03,5220,1
028eee56a758fb27,5221,1
76ecf998af66b8e4,5222,0
143a44d8719b1e93,5223,4
9b77fc8bef69f2e3,5224,3
a5650ea6d66f4423,5225,1
dad1e51bf1dd994d,5226,0
742d6e3c89bbd9b0,5227,0
1cd5da87a81f6e38,5228,1
88deea351593bc9f,5229,3
34b63976f8b3e879,5230,3
6ed220235890eb85,5231,4
48babb768cfdeb45,5232,4
71cadd6071aee54b,5233,1
440f39d24d3bc271,5234,2
db5140ee614d0895,5235,2
8b00c9ee4e880a0d,5236,4
6498c90c865a0d74,5237,2
f3b0787168e54e73,5238,3
769cad98b8137271,5239,2
5b0e09f010636b6a,5240,2
453de76f8d08fdc8,5241,4
790739463a345d83,5242,0
95b04d76735a03ae,5243,1
7a8a334449ef0449,5244,4
a4fd86480ef8a00a,5245,1
1a12e8261af342a5,5246,3
4ad5b9162fa9fe31,5247,0
3cf2dded39aeafc5,5248,4
a45ac3abab25dea6,5249,2
1a9c9209e89d2039,5250,3
db0156d1fdfe6ba4,5251,3
d5fe778de53b2dce,5252,3
a5d341ae42de715a,5253,1
afb62ef9759936a8,5254,4
63bcd5bf02b5bcbc,5255,4
05fee25c8ca59275,5256,3
0620afbf34e09d5a,5257,4
bf84adfd68c26463,5258,1
e09a4f500ff620a8,5259,1
4c0b1cd18228faf7,5260,3
c50a599baed84612,5261,0
2cddbc8e1c7a0bc4,5262,3
8d0ac98042108cb1,5263,2
54281790d0304653,5264,3
7e9adddb302ed97d,5265,1
9e0ed9829ada415b,5266,1
e7241ae9f6c04571,5267,4
4ae9a5b2428a0d1e,5268,0
8904211df40e9b4e,5269,0
6b6d1450af5a3e7d,5270,1
64b5e69765fa9c85,5271,1
b72be7a4b9392069,5272,1
b12378bc909616ab,5273,2
79f1408c94ec9992,5274,3
f9370238442301c5,5275,1
68db46b0d7bea286,5276,3
cc12b661d8af002d,5277,3
cba136d12d61e2cd,5278,1
831f5e140efc3655,5279,3
e09073dc0203761f,5280,0
9b9e113c89647fee,5281,1
0119bea75b1e9bd7,5282,3
2bb11e1debcd5373,5283,3
e8ae706fa84ad2ed,5284,3
48bb436ca344653d,5285,1
08f89f2f13855237,5286,2
4dfc46b055e57c52,5287,2
93eaf2912866d566,5288,0
8880d5f410e3a44f,5289,0
3bcc004db94e0318,5290,4
5bc1ea67abc44434,5291,4
46828488c220471c,5292,1
1d0933a8ccdac6c1,5293,3
a1b801652a2c1fd9,5294,4
88a93cc919774f45,5295,2
c8685c8e090a7760,5296,0
e8a1175cbd590ea3,5297,4
afa0471041f9398d,5298,2
38d11237b2949245,5299,0
0d96382ba3bf5ac8,5300,2
ebd81fe17acdc733,5301,0
fecd18646042796f,5302,1
d5633c45b437d79a,5303,3
33fca3d35bf876da,5304,0
9263213bc85c2795,5305,3
2719d2c4e064bba8,5306,1
42bf165ec4a500ec,5307,2
9427fe3ce54357ca,5308,2
190c303454cf0004,5309,4
1940d0c452f0f616,5310,0
3e28faf1a8de96ab,5311,4
fd5e8af954f04810,5312,3
025a352f6dcf9ed6,5313,2
f67a6d50bd803448,5314,4
4bbebaeb0d9bbb3b,5315,0
1f8eda1a519e8e70,5316,1
4040759b3623b8d3,5317,4
a42820c8e05de1b9,5318,1
d767bf233b671cdf,5319,0
555c88454900a96c,5320,2
c28a7472f1c6e9e5,5321,4
d095edb576300a05,5322,1
dfc26d65c56e494a,5323,3
d27420c3768f94d9,5324,3
bdc1987862e36166,5325,2
822d31647f48a385,5326,3
309eb218e88616dc,5327,1
93e7ab1a8e779c59,5328,0
d12cc83a39e5f2b2,5329,1
d4736415affc2002,5330,0
0154dfd2bfdb428f,5331,1
25a076728615b155,5332,4
c46716f2c4526207,5333,3
afd3e1c7cf05c50f,5334,3
1ec03d2ff11a95b5,5335,3
428145a4df9bbefb,5336,0
8ec3100018b21320,5337,2
fa576c07bd1396ac,5338,4
4269cdf687a67ccc,5339,2
95ed672cea2aa145,5340,4
38154e675d981b68,5341,0
187eeab90d4878bc,5342,0
98047ddc16ca0b47,5343,4
f5662ac0422ef192,5344,0
49bf6e1534f5eaaf,5345,4
33d954bea509fe46,5346,0
fd955aae924f0b2a,5347,2
c50dabea2bdcc06f,5348,2
eac37f8445e3ba34,5349,2
e10f5a6217ff3b47,5350,3
7138ffc60b101d4c,5351,4
ce975b5a2d5d9aed,5352,0
40f3cc1254a872a7,5353,1
d96d4f781c0c216e,5354,2
2f7039e0b6f9784e,5355,4
3755c984af708008,5356,4
5c641c055b6dfa10,5357,1
bfd431894984b9dd,5358,3
7560b7648ec91dcb,5359,2
f4d6d4f1b082c008,5360,4
ee5fd0c58fb41c4f,5361,2
e933dbacc4cb8414,5362,0
4e69966fb956beaf,5363,1
9e46d4b8613dbbe9,5364,1
0a910dc9ff7c0b30,5365,1
6b30242ce43a8a37,5366,4
3c61097bfc0eea0b,5367,2
f75df05e240e1bf5,5368,3
a8a2cd33e9d8d68a,5369,2
445ee32aaae32b63,5370,1
332e80f764aca1b0,5371,0
6ce0d4c21ce2230d,5372,1
6919751149bf8b05,5373,2
a50e57ea9e673da0,5374,3
2eac54622e5a25a0,5375,2
e80faa957d66f83e,5376,4
3a45e2a7ce59ea25,5377,4
0a684ae0a20274eb,5378,4
d5e48bb5b00828a7,5379,4
791ce0ef6243c23c,5380,1
a413df5216543244,5381,3
63cf39287452b93c,5382,3
c40e48b8748a87a4,5383,2
178896ba74410f2f,5384,4
82ff87824603f413,5385,4
140464e1056db4e2,5386,1
1d2f27146f0989ce,5387,3
de89a636cb60990b,5388,3
efcd4cfac734d34d,5389,2
11ca35dbd9911461,5390,1
683fb0ffd213e4cd,5391,1
441ea3a03784c257,5392,4
c27b8b6388b8a5c4,5393,3
dd542e2a83fdf07c,5394,2
a3e268382eef77c8,5395,2
14989ff97cbca6b0,5396,4
9cd1ba4b2da278dc,5397,2
16abe55640e0e721,5398,3
c014558c9966554e,5399,4
feb76c0af607d3b6,5400,2
825a6d53b4ce3b34,5401,1
c7fe995fa98763a4,5402,3
2de01c4ea153d3eb,5403,0
7f3d1d87587304e6,5404,1
63923798ee6f4075,5405,0
0bbdd504a2c3360c,5406,2
d1a612b239e4acd8,5407,2
4c95197d16f7e59e,5408,4
e0899a8ef20ca098,5409,1
bdc98d5cc3b98517,5410,1
ac56aaedfe8efc5f,5411,2
767ca22a8833118c,5412,1
f8014a4257821363,5413,3
ee01feeca7073c08,5414,3
fd4ede5d47ff4882,5415,1
26164349b8c1ce85,5416,1
0c9f320cdd66620c,5417,4
89582d343cd80feb,5418,3
430fbffe7b861c8f,5419,2
ae131feb4c3ee5a9,5420,3
4837324b33a26c51,5421,4
198f2b0fa64b1a56,5422,1
7e3c4f0e5e812504,5423,2
e8f3c9dbe7a52cc6,5424,0
e8da2f78f1de7c1a,5425,1
4b75fea4439083a4,5426,1
635c5fa848f31e34,5427,4
94fe4fdc8927313a,5428,0
0bf2112c9b877876,5429,0
b3e6c00138077ca7,5430,2
f5acd969594d0f9b,5431,4
461507e75922a997,5432,0
6b3ad2a1c0be94d3,5433,1
46e0932c6e5ca123,5434,2
85056df16eb9760a,5435,4
c9e35125623f616f,5436,1
e07125000972e4ee,5437,1
3a820cd2b4e336bd,5438,4
8baa0e76dfebfff9,5439,1
7875e16afc40ea25,5440,4
fb71b5a0ae9f1256,5441,4
7cec0651c96b1b16,5442,3
b89ce1672ad73b47,5443,0
f1fb259f3b805dc3,5444,0
6de93f691ad62377,5445,0
93c9f3f71f467659,5446,4
423bbd65da9e22e5,5447,0
af211b641df077ce,5448,1
10ac8600f5d981b4,5449,2
cc4e6d19a74a163b,5450,1
b638818df65ad4cc,5451,4
dcb8b18a31c9f811,5452,3
7dc36a5861d2667b,5453,2
16b1f9a4708ba210,5454,0
e90a24e091ab76cc,5455,4
7a2730c958790dca,5456,1
fbaa65e77b41fe32,5457,2
df64b84010f90f38,5458,4
6bc8af5fcd67915b,5459,4
e6b2da25659e8c29,5460,3
71228e3e07df3cfb,5461,1
6aa9ff2a49078822,5462,3
386eb384673b6b85,5463,4
f02acc7b9fd35a29,5464,1
84eb504846fb4c31,5465,0
e9f8b8848bf488df,5466,1
07162c3cd3674162,5467,3
6d9276ccfbf513c6,5468,4
ec3d11aceac8adfe,5469,0
5a1fcfb3362685fc,5470,4
825ab25a9bc6af75,5471,3
f99c94e4cee6f5a4,5472,0
ee9219ea8f4b6eed,5473,3
82b8a31310b18fce,5474,3
b2cba8123fdcf567,5475,2
1898200950bee3b6,5476,2
0f03ed9f120f96f4,5477,0
8ff118bf29562d32,5478,1
4c74bd93a9401764,5479,0
7d5c41cd7d9c8310,5480,4
bc73aeb81f743610,5481,3
fbc812fbdb3c8ebf,5482,3
dc2df55871e2972b,5483,4
6a6dd14580d0f2ec,5484,4
ceaed009ed33a45b,5485,4
570e410297ec189c,5486,0
4c0487bb0983bd1e,5487,2
9f4cea27e4ba2be0,5488,4
1a7157778d0467ab,5489,4
27412f6a91e5fba6,5490,3
1b8dd9767fbcb365,5491,3
52b159c684c34d13,5492,3
f86608cb5d195847,5493,2
2effad9d9d8b5ae1,5494,2
8327f0a6f00eb339,5495,2
3194a4b2d1704925,5496,4
0df537dbaaba6ed4,5497,4
ed9c558fbcb38c10,5498,2
475cdbd949315d7a,5499,2
f66fcd937ca274ca,5500,2
0e0301a2bda7e095,5501,3
c117378c9cc3ed53,5502,1
37816127f0dffab9,5503,1
42a049198e282138,5504,2
e8df9c296fda3cb0,5505,4
2ae9db0287e53415,5506,2
646379874718a69e,5507,3
1114a8670d081475,5508,3
b3ea141d0e8f2368,5509,4
3827ca3995adc21f,5510,2
829038588cf087e6,5511,3
47553528cae4451b,5512,1
fc2be1570bf51a77,5513,4
d1ea5eebaeacf9ec,5514,0
f18482d3341581fa,5515,0
fa66760f61a2d9c4,5516,2
56fda0dc6966ca6a,5517,4
04a649f8b94aed43,5518,3
ba695c527d9ad775,5519,3
fcdd9b8fab34d406,5520,0
582bbe22a49b22a6,5521,3
5d6bfe60d1fdb6ef,5522,3
c8969c04b1455e76,5523,2
cebc16b06ee8afa4,5524,4
75fc552510cdb736,5525,4
dd313151d696529b,5526,1
932b611ce1c82fff,5527,0
4bc184c598754045,5528,1
4ca4ca9b418b5cc9,5529,0
fc8e3115ac673860,5530,4
7c82de14f0b65df0,5531,1
bc19741a392042e7,5532,1
9350ff9a3e507587,5533,3
3d84c2168d61841c,5534,3
6e3ccf56ec108b9a,5535,4
c28f8510583d4387,5536,2
360f5a1bb2cd0316,5537,2
9e25b227b3335c53,5538,4
446f53f46f4c610c,5539,2
08f003efceb44956,5540,0
3e39e295f42cd9b7,5541,1
6b699ae549670cea,5542,2
d9d66427b858e8ba,5543,2
551d8410b3460658,5544,3
2af1e47de4e05d65,5545,1
6199dc1cd9e21b5c,5546,3
61c0048c2c05b072,5547,4
36760b6472cd10c7,5548,2
78cc1d88517997f1,5549,4
129e9089902f4194,5550,2
2145bb50a60df989,5551,3
48acccf1568cfa8f,5552,3
89499ff1bf39a23a,5553,1
8dbbd479d3dbcfbd,5554,4
4d76b8a5609a839c,5555,2
6d9eb44b0fabd4eb,5556,1
7fd1b620e74e9ed6,5557,0
6837a881ed37423f,5558,2
2a07857b203b939c,5559,1
dd74b54880fc4c1e,5560,0
00407e93d093f655,5561,4
a25c2c0a4b484465,5562,2
4db12e21bfb80f5d,5563,2
c2b0aec48f0a53c0,5564,3
47b2bf2fbe523a67,5565,3
1526a1c1f0889b31,5566,4
463a19e9749a09f3,5567,2
160580c3351f5aa6,5568,0
624b57036f650648,5569,2
db084559156c397b,5570,4
bf37026a47536a8d,5571,0
ee20ca405b4aacd7,5572,4
179641acae95dd44,5573,3
6bb6140751364677,5574,1
7e421d6acb7dfc56,5575,3
47ca0f3630833588,5576,4
866aac6970a9d69f,5577,3
7c0e63e18ecf1ed1,5578,4
ca2f6943680f67f8,5579,3
3c4f8bf0462d590d,5580,4
5ac6156b89b3d30a,5581,2
09d90a457230796d,5582,3
5368debf46ce3dde,5583,3
b1fb4a6d62df453d,5584,4
5f6e0802dfa1d3f1,5585,3
42c24bd8b9e9da0c,5586,1
00c97d463268ef1e,5587,3
fd8510f116c729c0,5588,1
4c8b19778b61eb0b,5589,3
ac6793f03f80ac7c,5590,0
725d198a2ff0ceae,5591,4
dbbf9fed7e33fecf,5592,2
e2c280d10cfc93dc,5593,3
e707a59590c3612f,5594,3
5330b17ca0a59c3a,5595,4
6f9aafc5144ed123,5596,0
872b5645ce10ef6f,5597,2
a8c08b62e7bcc410,5598,0
a2acde6400c32168,5599,2
7f591c7caf718aab,5600,1
2feb9bd4516cbd3f,5601,4
f061ebce7a6b6d34,5602,0
6e2e50f624262d9e,5603,2
a58911979a059e12,5604,4
eba2db4e67955155,5605,2
758b5872666a31a5,5606,2
9def7d20d3395a76,5607,4
2ca178be5f2493cd,5608,3
047bbe9e5af1a8d9,5609,1
cb0bcf8b7de0df9c,5610,3
d1acd1d5e0bf2c5c,5611,1
411728d4b4b4727a,5612,3
7f79915f4080a479,5613,0
5324e9a8e1701855,5614,2
efc3ad7089617a25,5615,4
c4656ad9168ad52b,5616,0
fe24bade3e830b11,5617,4
0054d744c1077e47,5618,0
0db8d61fb7e2d68a,5619,4
e0b417ab69e9ec7f,5620,4
c6e485bb1976a9bb,5621,3
6e934101cecea571,5622,1
3a160a88d47d249e,5623,3
90d44afe67f921f6,5624,4
edeaecdd1b7f4540,5625,2
65026a4fccda7be8,5626,3
6a43513335ef0c2d,5627,4
65e628678e355a02,5628,3
9f831739e0444ff6,5629,4
b500d5c14d9a02d2,5630,2
329185890b4838b2,5631,0
f2180764c162350f,5632,3
038f60b799fd7073,5633,4
af8ea3be6b878a17,5634,0
30f12e82f19a94f9,5635,3
1394ba00dada8384,5636,2
77368c1a8807f195,5637,4
2f2261a599d337c8,5638,4
ba15dd48efc21143,5639,1
acf5275417beb86f,5640,2
44be147c0ea791c7,5641,3
ff10c2946e95fad9,5642,1
ca37e84ec27f95b9,5643,1
607885028eb1ac7b,5644,4
f07204dee15b5a2a,5645,3
a7ebffbb22f72240,5646,4
17b5d7e0fba6a54e,5647,1
5cbe48ddc4fdac85,5648,0
5e644aed2cb6298c,5649,2
6a82e0228f241dc6,5650,4
a4bc54ee5d7c58c5,5651,4
9bac8394d306d805,5652,3
4056849d87f9a9a6,5653,2
509c53530f0a89e8,5654,4
4ee76f53de8352bc,5655,1
76cf9733d8e7f501,5656,4
6c388f4f8fb5f48e,5657,2
2bcc4adb824c2fe4,5658,1
fbb3aff96ca5467a,5659,2
3415fd75e732ed90,5660,2
428b6bf01f0ad59c,5661,1
10fef557a9503187,5662,3
f9fd6b746fb09ff5,5663,0
1b68791ce484f709,5664,4
b7293c17c46f90b3,5665,3
ed57a0ee73be013c,5666,3
bdc8e6bc2c6e5023,5667,4
db5ef4e90038b8aa,5668,0
a06c6a94b3ccc86e,5669,1
a1f6695aea57db75,5670,2
ff8ec03492b22f40,5671,0
e284eee0509effa8,5672,2
53d23cafcf845aae,5673,3
45c90ec82588d816,5674,3
f612611644770516,5675,0
2ee0ebcd2b8b99aa,5676,3
ccbe13639c1fc44b,5677,2
aa308d38c486f348,5678,1
7b914f0b42f57895,5679,4
16e457719978bc96,5680,2
8d2914479d8b3372,5681,2
5a1a720992ca3a1f,5682,4
6eaa7199e804e911,5683,2
c34fbe68948197eb,5684,4
e0819dc9dd27ece6,5685,3
d22603a4401f304e,5686,4
d428b448ac6597d0,5687,1
d6379904294aca62,5688,3
a6417ccfb063ea4b,5689,3
20eae817e7595572,5690,4
ac92b178ed714140,5691,0
7ac49636e627f050,5692,4
5d8275ee1931584b,5693,1
d185908a4bfc46d1,5694,0
5a2d67d3c3acba8d,5695,4
365f706ea62eb389,5696,4
bf13b52d34abf880,5697,1
37ed171dd3ef871e,5698,0
3830c22c6abff643,5699,4
acd7027cbcf47de0,5700,4
a64d4eecaa4e81ce,5701,4
c7dc89d8e38e58ab,5702,3
91c2c9fb24282362,5703,1
e07761c1ed611f25,5704,3
cd3b6efbe2137dc7,5705,1
be2b8c9d6b22574e,5706,3
cfbe3c93c97e9afa,5707,3
cec854987c389260,5708,1
77ada5e9cac18ca1,5709,4
d889a2325a7d36c3,5710,1
76f00768ba964cd6,5711,3
f62120b4d7c19a47,5712,3
d598c2ba8f738b9b,5713,1
67dffae2d50ec336,5714,2
23d741f1ad663a55,5715,2
461e44967d8bddf7,5716,3
b52a5ad438d599d8,5717,2
a6e97a52b66eedef,5718,3
44d10f2cd6b6dc20,5719,2
f54250ddbd5f3f5d,5720,0
3d78937f924770e5,5721,0
ee1701d16a54f89a,5722,2
8622dd6a60b8171b,5723,1
fb582084c410adb0,5724,3
b64202608a8b6efd,5725,4
bbe001874a3596d2,5726,0
daea4ac46180a3f3,5727,2
422fd18a02040efa,5728,0
b7b2de284fe6c1a5,5729,2
7ddd2700e57fa68e,5730,0
a962533e8329db84,5731,4
da901dd112cf3293,5732,1
9e11dcfc6b0b17c5,5733,3
132a844156e7fa24,5734,4
87f1208ce43ac074,5735,0
7319a24736869d39,5736,2
cd06f9c62b9d6076,5737,1
fd49e2f0294cdada,5738,3
0e397c34fc3781db,5739,1
01f01d0e4e386063,5740,3
9d706e18f94d4c7b,5741,3
80424089b51153b6,5742,4
b42e8a8ae33193cd,5743,4
acf7bbd1bb42f8ab,5744,4
4e0ca6a10dc5964b,5745,4
e6dabb03fdbd8202,5746,2
9447a71189781038,5747,4
1acd1c29d3e8b91b,5748,1
8bc6786ee60ac718,5749,2
c5ef411bd5e4ccfe,5750,4
f8d6702d2de8fef1,5751,2
d1dee0b8bbc63624,5752,3
7ee8d90d5fb04395,5753,4
4dd8c488bacd7787,5754,0
f395f6b9f7b6c77d,5755,4
a0a02bf6d3268116,5756,0
807c926847dd4b0f,5757,3
5effc22cc0b1796d,5758,1
47d671c23fdb42c5,5759,3
f83e7574f9d2f747,5760,3
5f27fc253a46c7a4,5761,0
da7f39d83e0bcb23,5762,4
5c37975d05d213d8,5763,4
957b91e10b4ce16d,5764,1
1a38467f2b408326,5765,1
a6d02599a92c13cc,5766,3
f0a0cc555062567d,5767,0
a1f7aef51780727e,5768,0
38574527677b2a1d,5769,0
3180372e1a832b11,5770,0
9111ef1e34c1d4dc,5771,3
70aaf9e6cda65b23,5772,3
522d49907f0e3f7c,5773,0
c8a35e86be7771ce,5774,4
2db242f2f8bc556c,5775,4
dacd235f4803a3f8,5776,0
f0353125b90a2b20,5777,2
f764b872a231d3c8,5778,2
2cae59a6e9ef8139,5779,2
12db884709721735,5780,0
cde005a8aab082fa,5781,4
7e173817e3acea17,5782,4
a95b30599cc3accb,5783,3
f01bcade5870272f,5784,3
235d5ff0d17cca8e,5785,0
bd259026a71d16a1,5786,1
9550be9fbfb8f279,5787,1
4a25e5781c2276dd,5788,3
a848854cf12d858a,5789,1
7b3b2c0faee2e0fc,5790,0
7cf0c8e85d02d3ac,5791,3
543af61d82e87bd6,5792,2
8c306a7b32831c03,5793,3
803fd6b302b69c85,5794,4
1b709e62ec031818,5795,4
c886cefbb1166dd6,5796,3
9af5c48f792fe64b,5797,0
ec02570cf5ea2293,5798,1
2463dcbac39d6278,5799,0
fdc0237463fb91b8,5800,2
d2ba5911c0ccac28,5801,1
04eacdf3fcdca1b0,5802,0
8f8f0c5dbbacbf62,5803,4
644b845f14fb03fa,5804,3
78b427af09f23350,5805,1
1ab6e1c9d3880210,5806,2
ae218d49f192cff6,5807,1
d7c3ddb1963c446c,5808,3
1bf1c911d2ce5a69,5809,3
53002bb63687f8a4,5810,4
27dffe9e19baab1f,5811,2
c7710e2281fc5954,5812,0
4a3e04644d85bcaa,5813,2
b003620eeff8e138,5814,4
490fcb2152e68d42,5815,0
82b9176b188d3871,5816,2
19d35f5ea829fe12,5817,1
bd05ae556f6567dc,5818,3
539157b88370e76e,5819,4
907e12e95b401aa3,5820,2
fe5262c608d0c63e,5821,2
736336a35b7377d2,5822,0
3defd036798039a0,5823,0
c9503944fbf01730,5824,3
37ef7ee1f837d865,5825,0
8d1b97f4439c4006,5826,2
8a00aa5b69652d51,5827,2
1939ffd46f9bf48c,5828,4
461fbfc0dae6cfcb,5829,2
22199b66d4db45f3,5830,3
6adf8808cc6f1a99,5831,2
249315a07beff439,5832,0
996f4c76ae50678f,5833,2
e2dab683fed9a0ef,5834,4
14c43002deec9b3a,5835,1
388b310bda8f685d,5836,2
1af39ee6ae82d70f,5837,1
25ce57f064fc65e9,5838,1
bc2965e10e5de0d6,5839,4
368a59657de1f29a,5840,2
29ac70ee8dbee1a6,5841,2
a9f0a4566ed334f8,5842,1
d34a20816dee8d71,5843,1
9ccf5e8a9bcd782c,5844,0
30e4127f1a9de7b1,5845,2
3ef5d0fbf76d6095,5846,4
f15dbd63508c4d35,5847,4
4e5b89c240f0d60d,5848,1
1fb20fe1cd925267,5849,2
af82d4d6bfe23948,5850,0
10eb02594d72db71,5851,0
df2d12e55a5c5bb9,5852,1
b889d81b516eac7d,5853,2
344a4eed832ae36f,5854,0
9a256020ae0bb65f,5855,0
f507898f0d5300d6,5856,3
d8c89e7e256d357e,5857,1
9bb5224cee3cb722,5858,2
da53edd28c90aea4,5859,0
8d7d749f6488a45e,5860,2
f83b2a25c20db1d4,5861,0
97e1a8f2edd02a4f,5862,0
7c38c89b3ca8ef03,5863,4
b3cdb549ace04ed2,5864,3
d8717ef1cfc402f9,5865,2
dced3c2fd92a712b,5866,4
21335dc4cd56f340,5867,2
8696e056a6077dab,5868,2
77cc750c1528e024,5869,4
8a2e5d6c4d630fae,5870,0
af4dcf246bc2d89c,5871,3
252aaee8da9a09ea,5872,3
c37e886b7f9a8d4b,5873,2
b7e013ad70dc9a26,5874,4
f76dbd42292ddf44,5875,4
f395336fe71bd586,5876,4
f5f69307e33bfb63,5877,3
9c0cc709b520241d,5878,0
6e0d745cb4efd4fd,5879,0
baade213e6504bf2,5880,1
dd8f6d3344f51cb9,5881,4
444b1d6b879fd1d7,5882,1
82202a3d6b836b8d,5883,3
0a6bf9082de76785,5884,4
c9b45340c6bb345f,5885,3
5ac506d8ac98bce9,5886,3
4464727a506bcafd,5887,1
bfb53da22419faad,5888,0
5fd30ea7ef7ed4f5,5889,3
e4ef9834172a06f6,5890,2
00cf04e07d450ef1,5891,0
fbaf62d9a9102952,5892,3
a502bfb94b3d5617,5893,3
b55976371486ea73,5894,0
59b3735582ebeadc,5895,0
47660dae1c4aed26,5896,0
925f836f74974f7c,5897,4
7aeab96ed2a9d7a6,5898,3
b220fff9d212dc63,5899,4
5617e390686e8727,5900,3
7e78a0d787368e46,5901,3
cbffa0ce020c302d,5902,3
91060f5fe4d43f21,5903,3
d75e1af4cc2ad3b0,5904,0
3e1ec96ba555f019,5905,1
cd5f845868182f6e,5906,3
25ed50d1345eafb5,5907,2
b161ca4db67d619e,5908,4
81fdf9331c2b19c5,5909,3
309fcfd449f2a29d,5910,4
682613d4090e0a1c,5911,4
7813511c11b62db1,5912,1
223bd281db0c2936,5913,2
01ee89568bb554cb,5914,4
fb190e3020b80b2d,5915,2
908de558b43d84e3,5916,1
1922d30c706691e5,5917,2
792a4068c33c5de2,5918,3
ca6e62c7e36e1827,5919,0
a70eebf7827c5b87,5920,3
d1f70aac7b76de9c,5921,1
92bbd285ca605c1a,5922,3
6d65c987f8dfa3cc,5923,4
7ef96edf901dd5ce,5924,0
41134026d1cf5baf,5925,4
eee571b875268fbc,5926,2
c37699865684f69a,5927,0
aca87591c0ea2610,5928,1
7ed06f896a314178,5929,3
786198303a0a0380,5930,2
56c7323418e9189e,5931,4
bb0a3644661e6212,5932,4
8d6bb500e7332492,5933,2
59490e227e26d8ec,5934,2
c32b05fb173fdc33,5935,3
1fda31487d9ace8c,5936,1
7da6635965e5f445,5937,2
09e09ad1097daa09,5938,4
d4e7370e2200ea59,5939,2
6bded78e37bbfd47,5940,3
1d7dc1d9b3000b60,5941,0
974e1fb6e1973b31,5942,2
72a1be9b97d703f4,5943,0
a02d6ed07f0eaa3e,5944,0
3ff84b6ce9419f92,5945,2
03fa7802137d6095,5946,2
58d970fc0132c1b6,5947,0
04bd29b0c0d0597a,5948,2
41c5a8664badff24,5949,4
4797822f7f03054d,5950,2
60561fd9d84df8f2,5951,3
fc0fe4c32248e0af,5952,0
b762fd65e0a258b0,5953,1
922795b45817ba3d,5954,2
94b4a91527530ee1,5955,2
699d6c02781fdd99,5956,1
d1ffb50d9c0e77e5,5957,0
4fed0c5964bafff7,5958,3
e59c3be634640420,5959,0
6861aa3f9ce2af2f,5960,4
060cabcc0f22ee7d,5961,4
04cf1388de8d65ab,5962,0
514b929bbabe504d,5963,4
2f552d921eba566a,5964,0
823bd974aca5c56b,5965,4
a15197e654911a0e,5966,3
ba66c7800c4fd06f,5967,2
29f0caffbb3adc4d,5968,3
215ad769ac7c7b72,5969,0
ea274b8fb142858c,5970,3
85a38150e12c850c,5971,4
a67f3dccc2dce6ff,5972,3
735bdc8361c5cf84,5973,1
e4418bc8ef24d0b6,5974,4
5fc18648f1226e2c,5975,2
1f0d625303a16f27,5976,0
bba96a9405c19744,5977,3
173b3d25fe585a48,5978,1
85d00b37704565c2,5979,2
67e46ae198c684d0,5980,3
9da9f60288bdd062,5981,2
1710fdb0ea7f3edf,5982,4
ef7b45459c895fd0,5983,3
0cfd7f535305cd33,5984,1
ea48adf9c7f489c8,5985,4
88d703454c3c33bd,5986,2
cad667769555d61c,5987,4
0b392a2e0978c62d,5988,3
86dfb509fb3e5031,5989,2
ff121e19a61d4e36,5990,0
c135ff1e02d0ec6d,5991,2
160c446e77d409ec,5992,0
ea1afbb80189ac44,5993,4
12cb5eb337a0b2b3,5994,1
b1c775b517c2e270,5995,2
e52f32140085938a,5996,0
91f82c99b5164ce3,5997,1
82085cb12aaf232d,5998,0
54b9ed3de6967b81,5999,3
279e5ddd192ca8fa,6000,3
dd1d65b77c4a7d8e,6001,4
388a5c96c56a4582,6002,0
ba1852dd1be0bc41,6003,2
8be805d7c29ef686,6004,3
f378e549dcd4f26e,6005,2
a2642c14a3d18ead,6006,4
4ced9bdb3363be6e,6007,1
a6f237a0e6c7bbb6,6008,2
c7837e6a494074bc,6009,2
5e0b787c5bec635a,6010,2
8d5d7ad62945aa6c,6011,3
b57d8d9ca4673da4,6012,4
49d0c537972296e6,6013,3
3570a7755d76af6c,6014,1
25184ee2dbd4ac3f,6015,2
1bcf74b6ee71d56d,6016,1
01e46f8a765a34e4,6017,2
6edcb69be659858d,6018,4
4d317cf73af31d34,6019,3
6f620d41ea75f9c6,6020,0
3c9388db51cb0fd2,6021,0
f38955160b3fb6ce,6022,4
07722e879cb0d835,6023,0
7d91aa8d652552f6,6024,1
6fe2c0be28e13dc3,6025,4
c46836e764457a92,6026,2
a562074905144c49,6027,4
25294d74add72657,6028,4
97ba125842948f3b,6029,3
5f5e47b3a805659e,6030,2
177bc3a6d3cbbb0b,6031,1
f5df491b7c1fe657,6032,4
03fda7da71bee141,6033,3
ee77221f1eb0b989,6034,2
58463944648ffacb,6035,0
6158a2901efe0f46,6036,0
29699cc992875710,6037,4
28d31e39c4ae013d,6038,2
6cced5d2a96bf0af,6039,2
3ce2c5e332aa888b,6040,0
1d2c46d971f95c01,6041,3
d1624c5742e96a90,6042,2
d6db7a6c7a65215e,6043,0
0f4ba4d8c66954df,6044,1
03d72aca10c5b8ab,6045,2
e824e860c82bf7c2,6046,0
3cca09410291fb95,6047,2
5dc5d77daf6573ab,6048,3
bd73b5761f5c89fd,6049,4
b8e8e13b95a12343,6050,2
f230dd890b5c7f06,6051,1
79949a19a23fd42c,6052,0
98faa184573de98e,6053,2
b07ce5e05b5d9577,6054,1
07e2e36efe803609,6055,3
fb16e05259b36a71,6056,2
be9fc32e23a00431,6057,3
5f10668fd30e99b7,6058,2
4646201f5f7a64ec,6059,0
d847cab09ac8e5b2,6060,0
6d00833fadc67054,6061,1
832bdfad831ff09a,6062,0
aafc15a12bc5c607,6063,1
cd215bdbf8d67b05,6064,1
44df2da4d4b0a856,6065,3
8aa89872c22dea7a,6066,2
b950ec60ff0d6ca9,6067,1
3edac6ee4281cd2b,6068,2
9e63bcbca43a42d8,6069,2
f889d9f6d067cba4,6070,4
0893f045aaac8616,6071,3
2e638bb7776d204d,6072,0
4ee8647d384de973,6073,3
551138755ffdbe24,6074,2
d9788ac9a1e2e191,6075,0
06028bab2af50362,6076,3
947367fa10343bf8,6077,0
cc742ad4902d3d38,6078,3
52426fb560e0dc38,6079,1
66fea4ee8b8a7621,6080,4
9c2d10730caf86d4,6081,4
b68015ac5991c14f,6082,2
1c5f4a9799ea754c,6083,1
3671da1ae5614521,6084,0
3a52e4019820ea83,6085,1
084556cf1206d7cb,6086,4
ebb1e0885523b440,6087,2
63aee7424763bf2d,6088,3
a75078ecc8442261,6089,1
25f895d6640d3427,6090,4
0a318b5394fcf555,6091,0
d2debe861b258d82,6092,2
29cef50f6451a637,6093,4
5ff0e9f94922bb31,6094,4
a272eec6de4cb041,6095,2
22818ba8fae26449,6096,2
4426e5c2be40295f,6097,2
a21ce468bc3a4bf2,6098,1
53aa9a8ec1df13fa,6099,4
ef45cb37902d1d13,6100,0
1230038ccef4b482,6101,4
13bfe07e18443479,6102,0
de54e4db76870bcf,6103,3
51a59b591cddc246,6104,0
9c49aac6e3f9f8fa,6105,2
8119e11f8624249c,6106,3
6bc6de8303dc91c3,6107,1
dbe7f18a6e76495f,6108,4
81ea5c53db28fba4,6109,3
cacd5cce45970cb5,6110,4
a295161a61db1f36,6111,3
abe54de0dc315ef1,6112,0
3c0c9c0c67374696,6113,3
08b88dd1403a3cbc,6114,0
465f16a49cc46a03,6115,3
430f066c7a86a418,6116,1
7e0af7b8429e3567,6117,3
ba58f9efc78734ce,6118,1
23a9b1665bf8b0bb,6119,0
1f89de43cdd8f5b6,6120,0
34f17c7b70e5f63a,6121,0
bda13fbc333a19ea,6122,3
f37f2703a3e2af73,6123,0
596fd89a5b6a0443,6124,0
88f817c1f8fb3cdd,6125,4
2445a041d025a574,6126,2
4b1d5495e0a4a699,6127,0
1d0a022b64a63505,6128,0
dfd4917a7912c88f,6129,3
fa6e62d48be2323d,6130,4
8b7e5727e677e6bb,6131,1
e82f0b51dc437f36,6132,1
63bddab600354fd5,6133,2
cf4a61edf4f2661d,6134,2
082043eca46be50b,6135,3
533624afb1dd641d,6136,2
ca2512375613b4f4,6137,2
f5c436f5a4e2977f,6138,2
983007bd810cef2d,6139,2
a6b9c6c9005e0304,6140,4
96646d4522f9ac81,6141,1
080d10350e2d747a,6142,1
776a1ac730d187e9,6143,2
69cc7bee1ecc937e,6144,1
199db9e3242fbb71,6145,0
f1d30b26f9081b3e,6146,3
ffb04fd01b142236,6147,1
4fdda04fca26c9e1,6148,0
067e88ff993266e2,6149,4
1e37a47c5d6e6845,6150,0
3789e8da1ac02451,6151,2
1479cf6d7827abde,6152,4
b6870f1a828b51a1,6153,1
ca2f645acdba7222,6154,4
c2039f2bbf6330ec,6155,4
ac4739bbe2c4ffad,6156,1
d91f2f7a41f1565a,6157,0
5130b23ea286a6bc,6158,1
94db457791c91b85,6159,2
d54d4c02ac86f300,6160,0
70464b43ac5f53ed,6161,0
89e777ce4995ec4a,6162,2
bff2ce2c23b453fb,6163,3
0895970cc9c5f599,6164,3
f1fcc9bc1a437f79,6165,0
357f30b014a079e8,6166,3
b6805768e172bfa8,6167,1
2d78c7c649a932fe,6168,4
3304e2c8273f1f44,6169,3
7a21af3935956c25,6170,3
c269aa6df9427cb4,6171,4
d5ce76c280a12778,6172,3
87a39681d39901a2,6173,0
4d7485701ec470a1,6174,3
327bf63f6966e671,6175,2
2893220c4b66357c,6176,0
2c5e09f53214b0d1,6177,4
7e79ab3f6d83462f,6178,3
10071d71d55798dd,6179,4
cc749b202cd795da,6180,1
23c5dd083d15ca25,6181,4
669b85a7f4777ab6,6182,3
845af0fc7e26101b,6183,3
12b2dfbcdf1e0234,6184,1
3b6223f7ac65c048,6185,1
5925d31cb240a625,6186,1
88e631e6145df856,6187,1
70862a821e657d15,6188,3
c86785a0b21ec44d,6189,0
039bcf5131b36d17,6190,2
27474aeb59ed30d3,6191,1
e1e1f1a7c59be371,6192,3
343d0ca5d860c504,6193,2
3594ac7a573845da,6194,1
a54f45ca767b193d,6195,2
468d7cc219e2df2f,6196,3
3b629e51fea7c947,6197,1
4813a279d5ec2b69,6198,1
dfca260a525d73da,6199,2
7a083d51fd70ef69,6200,3
6c5a9de554a1f0e0,6201,1
8b31d7e2a0cab2ce,6202,3
ccd43d6afc412269,6203,4
b9b401d0d6fc7d77,6204,0
27bd91bc0f14a61c,6205,0
a8388c7af1bb03d1,6206,4
59921970ceadb136,6207,4
0c3159342f773a11,6208,0
5cd1a53f7b72d279,6209,4
e97df4c3856d402c,6210,1
dc9d3b0bf19a81c2,6211,0
f5fe44242186f07a,6212,1
cc4a66bd109176d7,6213,2
9f88d1b316b13859,6214,3
05fefc2799d97203,6215,2
d0ff7c31facbf4d5,6216,3
f53616f2e0bdd4c5,6217,0
e4646b0d2b4b7ce0,6218,1
a3c1e8a1fc9b0a95,6219,2
a8b8bb8d73cc03cb,6220,4
aad1c559221a018f,6221,0
425b98f686fe8792,6222,0
eb7ee8b69d735619,6223,1
0dc5c19f29b2ddcc,6224,2
d676f07e63648756,6225,2
99eb54026319a8ed,6226,2
e463e3f3fc0a5794,6227,1
73b723d635a53d52,6228,2
311b869e3629d0c2,6229,2
60ef6d7596f270fe,6230,4
5ce9aa86ad8361d8,6231,2
8d76bedf04cd22fe,6232,3
591087c641eecfde,6233,2
6bf72c5fe4e14298,6234,0
471e77d96706a71c,6235,3
3f3671802157d8ff,6236,4
6c9529365ca388f4,6237,0
608d9e05857cc707,6238,0
85c01822b643664e,6239,3
8e7c8d457cff2009,6240,0
3693d32337fbcd19,6241,3
ea7c36065083e306,6242,0
381c7ebbfa5e5177,6243,4
99585d218b5fc412,6244,4
a037a9388c99e163,6245,1
6446176dfd7d21da,6246,4
680f61f1adf28988,6247,4
bf3f82a891bbe181,6248,3
5bf82833088f61f3,6249,1
2d9961cb4c6e8c97,6250,0
a7a7afdbbad00453,6251,2
6e73b7a973616e67,6252,0
120dc7eee14b83a7,6253,1
24ea1a2ec2c2d7b2,6254,3
adb999c454dec477,6255,3
57e91bb86653587a,6256,4
51431e45e3ff9f56,6257,2
91556223ce96621c,6258,0
2e4d68143bacb80c,6259,4
152127c870fc4d1e,6260,0
2e661702d5cabd07,6261,0
719177ca54d33945,6262,0
458b6579492d8a00,6263,0
9a347bf5fd450978,6264,2
cbe17d9460b4cbc1,6265,2
186428c2ec395178,6266,0
c5c204276dff33f6,6267,1
fa4ddefed03de3d7,6268,3
15dc5ea5e0c316da,6269,4
42e7585371c40edb,6270,3
7c40f22ec6895005,6271,4
f924e336eebce7cd,6272,2
0fe3b87b4358cdd6,6273,0
1febeee7c38bffc4,6274,0
e67e369cfd2764a5,6275,0
c7cb32a4dcc5efe4,6276,0
b443adbf8d4713fc,6277,0
6f67301545435da2,6278,1
7ae51b3b8de1bd3d,6279,3
b0bfeee74231b8c6,6280,1
82310f74e4600d37,6281,0
7877f5ac7e06ae8d,6282,2
21e614968de7483e,6283,1
3ee957a2ceacec97,6284,3
b579afd315e0b196,6285,2
414ed8f3be3f8f3f,6286,2
41b4fcec8e957243,6287,1
7a6bb850118065e6,6288,4
085b64a233bf3124,6289,2
4edff756ff396c24,6290,0
730971d699a3281c,6291,0
64fdc98f18311bf7,6292,0
2fd22d52c9f408a1,6293,3
3a2f47d1837cad5c,6294,1
ca75a4818fc8544a,6295,0
e8aa639de9635678,6296,1
fc9b566872332905,6297,4
31fcaed5cc3479dc,6298,1
b51f6789744a7c42,6299,1
7e985089a69ce0a9,6300,3
65ab3cd700413a4f,6301,1
49a5c99c8a717df0,6302,3
9ee8083a84945406,6303,1
c08987f6bf53d894,6304,3
ca0fb42f6dd6d0f5,6305,2
7d34b65b7470d6a2,6306,4
4cb6d8bd6694645d,6307,3
76263436cb53c379,6308,2
3613115a72e8fc4d,6309,2
22d60c97615a85f9,6310,2
1903d595aee24e04,6311,0
2e4d96cb4c2570cd,6312,4
19e9c435e9b37ec4,6313,0
bce64a321e30e3b9,6314,2
48a88da7c0ec2cb3,6315,2
f359f3527682776d,6316,2
8589ef76b37940b2,6317,4
9d004a9816b3141f,6318,2
b0960b56c9fc16f3,6319,0
a2806f36cd3d97f5,6320,2
54d76429f7ffd28e,6321,0
780ca311a56e01c8,6322,4
fdb5983e750d7ff6,6323,2
b5b2f6a166785b09,6324,4
f3e590b01eb7771a,6325,1
cacd0afa704b9717,6326,3
d619fbb2797e3035,6327,4
00751da4b0b13253,6328,2
f384007141e56eaf,6329,0
4142476d52ef8330,6330,1
aacfaa072b696dc9,6331,3
3dcd76bb33bd4e59,6332,3
61ea7428ae5b4b82,6333,1
4b87fa2721f7d043,6334,0
eb171ab0d86831df,6335,4
2ee5b1421f93ed32,6336,2
313dade35dfa14fc,6337,3
63a7a72f64436210,6338,3
a1b1a01cc7722478,6339,0
a3a083e76be647bb,6340,4
fcf043e2c9029bad,6341,1
f6ecb61b4e56dd2a,6342,0
fca515860595c344,6343,0
e8075e9fca7d09a5,6344,4
3f1440a9758a0696,6345,0
de8556c87372f3f6,6346,4
b9552d281925d35e,6347,2
d4b2266cca878fbd,6348,1
941aecd6b8de0d63,6349,2
db150c7df4546a64,6350,3
1ee7609353f7c800,6351,2
362374c1eb8b7e64,6352,2
2397f4a5eaa48a30,6353,0
38283266e3aa56ef,6354,4
67b1584613908768,6355,4
a88b7bb91791a0dd,6356,1
492754f5e3de025b,6357,0
3e23f534d61dce5a,6358,4
800c6c283092ecfe,6359,4
f92b7701e9325364,6360,2
0bab111391a59957,6361,2
2c60a7c678c11069,6362,2
dbd411c55f7b16da,6363,0
3de6b3ec24d28467,6364,2
2572e665e4962207,6365,3
36385c8f32a70d64,6366,2
04086c08626b64a5,6367,2
b4d628c0cf263406,6368,0
9ac421bb98aa154f,6369,3
180d1b9da647b175,6370,1
9a2caac3eb0cedce,6371,1
9f2669e094d68078,6372,0
2fbb4d841c97c9a8,6373,0
b3eab462eb41ff79,6374,3
0c6d248d27e8eef6,6375,0
8b27774b04165175,6376,1
58283543949dfd95,6377,1
e1c0041ffa4f20b0,6378,2
d3dfda93c957d4f8,6379,0
77302ea63691f44c,6380,0
9ceb970b49578830,6381,4
59004a9cb71c364c,6382,0
3c58ff6009e313d4,6383,3
e3c831358766d285,6384,1
f0f9b136ed989173,6385,4
596d0b2655461ae2,6386,1
8bf9427152602229,6387,2
9925ae3f669cc278,6388,1
4f8227bd67bc6b66,6389,4
eadf5ad84ffc64ba,6390,1
e66db59c864f9e88,6391,1
cbc5efdef48009fa,6392,4
fea678e51a275de6,6393,2
e08df8e3779205ff,6394,3
62b1fc015dd441ce,6395,4
f647491224f4a612,6396,4
445e9b3a87a4c9ab,6397,1
2d73200d3f545785,6398,3
2885e562849d253c,6399,1
eb9629c1ea3cf45a,6400,0
d200e922b236bdf4,6401,0
3e19afbbe5b08b60,6402,4
e20a36c441f44245,6403,4
40392832a9812b2e,6404,3
6399eeea58b0211a,6405,2
bc748f2c461bcf29,6406,1
7bcb47276dd2c3c3,6407,1
10916df59c0098f3,6408,3
29eb757328825e67,6409,4
bdb33e18a69146a2,6410,3
18e33fb13362c7d8,6411,3
f7157275afc36748,6412,1
d585d3d69ebf283c,6413,3
b14e51ec1021ce29,6414,4
37b69c6d1acc2d73,6415,1
598e2003081f8aab,6416,2
54903ad95f2c4191,6417,4
a9a68ec7f5bf299b,6418,3
f707c7044304679e,6419,4
8a739ee2911acfcf,6420,0
dd3cf2fca00b0fb1,6421,0
19d7f7dd39fccb98,6422,2
bace654aff3e18d6,6423,1
2550e9c8fd0fe35f,6424,0
61a9c96affc42296,6425,0
ebd4e66a4c2f007f,6426,1
afb978e2f531f0d7,6427,0
f1d570793eaf4e2b,6428,4
07d7d4a4b8a5d771,6429,2
e1d815da8b524a2a,6430,1
f907b80ff3a7c684,6431,1
0044ec54d97f41f1,6432,4
64fc1020e3867e18,6433,1
c4c41e8265c470f9,6434,1
79cc8bcb44591624,6435,1
02a24ab5473e0b08,6436,1
3e73f76a63f57a1c,6437,0
3ac7c10bc30368ca,6438,2
fb3c593e34a24683,6439,1
91e55fcb487287c6,6440,1
39b75b31fde17a65,6441,4
90e14984afe62e83,6442,4
280d294e20f77a46,6443,3
00c18c76128f6515,6444,0
62ee40999489ba40,6445,1
0cd971e6cf881224,6446,2
3aa44b3cc3da4179,6447,2
340fc3ff9f7f3782,6448,2
3dd82633da6f9d84,6449,0
562007deef49b356,6450,4
eb46167ba19469c2,6451,0
4a2c47e9aa416e67,6452,1
000151b41af252c3,6453,1
7f3a034236dc50f0,6454,1
27594c8552125fa7,6455,4
fdf727401cae2d5d,6456,2
1e8b47f2ce6ac322,6457,2
1f218e3749d60e6a,6458,3
f11b2e097764ef8f,6459,2
1284f3a271820af6,6460,4
2fea85fb1d38992e,6461,0
a8185628d9ad6d88,6462,0
05d50ec8733b2109,6463,4
db3bc1dc79bef685,6464,3
fedc776610b03b05,6465,4
de3ee212977bbbbb,6466,4
a1477a18f9f6a020,6467,3
79b248c6c8913f27,6468,3
777fea54131fe813,6469,2
ee363df551c43b55,6470,0
167afb79b1ca6971,6471,3
39479527def98089,6472,2
bbfd6fae6087f516,6473,0
afd744f38b71fc2c,6474,1
474206ebe7f06505,6475,4
55bc2c180273b3cf,6476,1
6e9ce6135d966043,6477,4
8a52178fd0fb0961,6478,4
a51abf1066266cb2,6479,4
82c0f196fc8b9f9e,6480,0
2360305db2808379,6481,0
d8ad9e267aaeaba1,6482,2
8bf95713c581474e,6483,1
15e3d1cae3e7714d,6484,3
71ef414f080fbd8b,6485,2
0e942f351101029d,6486,2
c4473494ee96e4cd,6487,4
61a44c263e157140,6488,0
e69266b8b9355a44,6489,3
3bf68d31321fba5e,6490,0
ddc536b50c207ea5,6491,4
e608f19de100539a,6492,0
2581b409be8e638b,6493,2
d00aa1acd1bf2c1a,6494,1
fb7091d1a94285ca,6495,0
8b7632097b573931,6496,2
ca1d5393bf02978b,6497,4
d16c3804c59e9396,6498,4
7cad39ef4e66e4b0,6499,3
ad6cf6d603b7757d,6500,3
fb11e90ccd4d90be,6501,3
ead22b20970f2b74,6502,0
53dcd21319072ade,6503,1
81312bc92a4ac188,6504,1
4c8ae1594687f9fb,6505,1
d2844a067c2acd2d,6506,4
c8a939183cf8d7a9,6507,4
8cf0f4148c201185,6508,2
54d133ee723522f6,6509,0
514bcac10a8ba353,6510,1
0d83be6ebfefad7b,6511,3
51859a4289650b09,6512,4
69ee7ecb45388851,6513,4
9cd7ff7bec79add0,6514,1
9b7690727f4ee4ff,6515,3
7ac7bf3c1bfb4a4b,6516,2
5c4e13abf687d0e5,6517,1
972a59ba79c95e11,6518,0
b949875d20eaffe8,6519,0
c481b368f3eba0b2,6520,4
6106c831da8e3bd8,6521,1
89202f94316a73b1,6522,0
59a60dc81b2b1687,6523,3
026de68e58c8c0f3,6524,3
7f69476dd1131b95,6525,3
84a0ff5cbb47ca92,6526,1
0839416f8297292e,6527,4
eabbeaf1f29eb619,6528,0
9656c2ba325db6a7,6529,1
626e8ef60411207a,6530,2
ddfd711b2b367823,6531,2
181954b9d58a6e9e,6532,4
9222f9973bf939de,6533,2
6b0fa037d569dc9f,6534,3
d47a5cb84dc485f1,6535,4
e7f53d8b705f00e2,6536,4
0c5bb8747277dc6f,6537,3
b7e3d943467fbd85,6538,0
b5116cf1b7dc035e,6539,2
89f800632264929e,6540,0
b31528e5a5658209,6541,2
a878ff37272e1a1b,6542,4
ed76df88a8646984,6543,0
4bd88b0a7a3ac160,6544,3
c94b3de620cd4ed2,6545,3
8cda4c85c349d661,6546,1
9290d753650bc424,6547,0
aae1970fa31d8c5a,6548,1
dc5aaf5681110412,6549,4
b9179cd6f13616b0,6550,4
29f74255a29f2dd8,6551,1
5ee4da92ca2d807f,6552,3
59527e14ad8e33dd,6553,4
1c6adf7a5bb47d7c,6554,4
ee5d32c2d97598fc,6555,4
4be11b30d9308171,6556,3
0665877ef5c5d880,6557,1
1730455179d22255,6558,2
089f2156baa46d53,6559,4
ae857888d22ffb1a,6560,1
67ea4e90b6c6defe,6561,0
abed88430ed218a2,6562,1
dbbdb82b2658a9e5,6563,2
8b0dce10033d261a,6564,3
ae470c6352e4fc8e,6565,3
da90cc80c34a383f,6566,3
bb7b25bb563a5d04,6567,0
2447ecad2e4ad3d1,6568,3
c60f58974d542666,6569,4
a2a97f4b2e5959ff,6570,4
48157be8b16c9712,6571,0
4aaf7831f5ed939e,6572,3
7bf709ffa11aaf57,6573,2
2c0ffb11236c3da3,6574,1
5074e963a2fa3ef4,6575,2
b448daebf0a53191,6576,3
8326e4e81c17697c,6577,1
fa18a69dcb61f8fc,6578,1
bf3ce7d1fa8d4c09,6579,1
b2998c06ed7d5e0d,6580,4
1c14adb771f8bd1e,6581,2
a583ed757e5636b3,6582,3
7b8447c317c1ca33,6583,2
7bbca920ada8072b,6584,4
961d0167f77591c2,6585,3
23d2aa7c46daafbb,6586,2
3a0f684c3f1bd23a,6587,0
8d0f14b44a90b80c,6588,0
c2d628d2947f97c1,6589,0
ca41e8f8968eedfc,6590,4
c50b8a34c8c8687f,6591,3
a9ffed4351d5760c,6592,4
ebe967a0c8efe3db,6593,3
0e948bd207f9f12d,6594,0
188e88ae52a11421,6595,1
03b013468bc53a0d,6596,1
d6e1c55c3666dc2d,6597,4
3026576ce725ed4d,6598,0
d55ba39bd279f09f,6599,3
702f24dfec697286,6600,4
d22d570f0db1a46f,6601,3
4935f368cfcaeb6c,6602,1
67bdb04e398dea5a,6603,0
fc14573a478a323f,6604,0
889b5a74cbf31776,6605,4
3b46a012f37f4cbe,6606,2
4a01a4e549dcbbd0,6607,3
cfefe76a104c0690,6608,3
9e5d4eb5ad5884ff,6609,2
43629ef7d9f1243c,6610,1
29b36b9eb46a8cd3,6611,0
ec8874bb25268e10,6612,0
bad11616ef2d9fa1,6613,0
f648da3cdab312d7,6614,1
eeb86307a06af664,6615,0
a67b91144c815493,6616,3
e3bba57137e4709f,6617,2
343431d4c6e72b6f,6618,4
5e2e68909cb6af22,6619,3
b680a5f83440e6dd,6620,1
18558471a221d6ea,6621,4
f26e273d4a3d7bd4,6622,1
94905a7a03179201,6623,4
851982909ec6c99f,6624,2
1f04e20f24c8170d,6625,0
46dab378b5cf5c28,6626,0
37979f07d452ddab,6627,4
cbe13053125738da,6628,3
899fb78c0ea2f31c,6629,3
0893e50762f2f268,6630,4
b2275e64eea5393a,6631,3
3f4c780f3e797699,6632,0
f13809992da3b821,6633,3
ea943617e07d13a7,6634,3
7fce1c02e824fff7,6635,3
5b67237eb5f0bd35,6636,3
62bb3e353b8cf894,6637,4
145f8f2d787b06a0,6638,2
297245b063a1ac1c,6639,4
36f304d438a514f4,6640,3
c04448e3064d84cf,6641,4
821f8a5ab78f1e12,6642,3
71562a3f7a7b4b40,6643,2
6a7771b19a1763ca,6644,1
8bcb2c429ea785f2,6645,3
5c0507c68e45938b,6646,3
da2840ef0de8190e,6647,1
baddb6686169bd01,6648,3
0761f2a3f2cc4ffb,6649,2
e4a6aba5f0683259,6650,3
4ed2192cd25a0c3e,6651,2
705fa308beda6e5e,6652,3
54382fe653bdda8d,6653,3
d8ead2a64ef3a29c,6654,1
019d1d4bc7667306,6655,1
ae953918553efa55,6656,4
0e16da8074cf2c79,6657,2
9400b78202067d47,6658,4
95e4e5dde3f3bd9f,6659,1
8154f82c04bba522,6660,2
411452ddfe28fc58,6661,0
acc869ea2b24d1ca,6662,0
84dcce4404f84a2c,6663,3
daafd617499c5a43,6664,1
a07b6718e3247c88,6665,2
829a6c4534630798,6666,4
3263d5a609c80241,6667,1
3ee783469430a2b1,6668,4
c847fedd7365004d,6669,0
d300509b3c07b614,6670,4
506c45b6a067d109,6671,2
be80c81dfc006fb8,6672,2
162e67ba629cb000,6673,0
b22a55160644281d,6674,0
569b99c55c206722,6675,2
09fa0490d468fbb4,6676,1
ab2648a6909295c0,6677,3
3f5cdb54e4ed527c,6678,3
dc682173472ac018,6679,4
3aa550e52af25b8c,6680,2
f3f9ec6b3f420c70,6681,1
dc4d4afea8b6cb1d,6682,3
af59e24ccbcfa271,6683,2
ad2333c804db38b3,6684,4
026ab475d0c73e86,6685,2
d1fc8a8a4ffed5f1,6686,4
3ae759c2435ceb2d,6687,3
93aa047052c3eba5,6688,1
9e511f3037001341,6689,0
cfd3e116e81f97a3,6690,3
efd9ecbfbcb97bd8,6691,3
506dd3628208dbb2,6692,3
a1d8b6b5ecbf4779,6693,4
797937da4720bea5,6694,0
af4261855876239f,6695,4
3a951763ab2a8267,6696,4
38db89be2a78cee5,6697,0
952fada3195df901,6698,2
c37a3473caecd220,6699,0
84e56e6b68d84044,6700,3
a43aac799c6d6a39,6701,1
b7e39c25bb85122e,6702,0
413c9402984ce6d6,6703,2
e48aaae227addf24,6704,4
76179caf43d85ef0,6705,1
777866b8f84b3192,6706,2
a7c8b813154f1a4e,6707,2
a2cca79ff9315865,6708,3
da0752be83289b0a,6709,4
5293fd86ee13bd4d,6710,3
aa2a0f4244901535,6711,2
0c07cf37a806a1da,6712,4
b93d403615d54916,6713,2
cc8d207bf5e1b9a4,6714,3
5d65322e39ff92bb,6715,3
a21bd486b15c871e,6716,0
3b70e390e2ea5ebe,6717,1
610b6b909914b72e,6718,0
f15b164442302da9,6719,1
037d378e9ce79549,6720,2
13ab0508ef6b6e7b,6721,3
74d571ee8eb82878,6722,0
9d7a318ac2c23697,6723,2
81205fa20cab8a81,6724,3
78a14b5b4734cf3e,6725,4
69f535986ae3a384,6726,0
1d3669645efef0f6,6727,2
8fd8c1f7359c0e00,6728,3
d038613309d63fbc,6729,2
c153bb455a94c15e,6730,0
1efe1ac678036e64,6731,2
037f915e20c43fa1,6732,4
eed1303a1315e4c1,6733,2
be7f2df37b7274d7,6734,3
2b748b36e114c8de,6735,2
c841cfc982dfba39,6736,4
2366b93896cb847f,6737,2
e61814f6e0e7e398,6738,4
f7e6e8e28cc87136,6739,0
7bb2f8faed9372e2,6740,1
4e59610cab09d1c0,6741,4
3509203fc555b816,6742,0
181b32e1da7e85c7,6743,1
e3827883a00114de,6744,2
4adc7b82cfda5185,6745,2
1c1cc67b1d927649,6746,0
abecc5ce16186216,6747,0
94ddec8fab3dc1bf,6748,0
2a35a4cf20c7e61e,6749,3
ff0ac423953c11a8,6750,4
798457b6035a8ea6,6751,1
c98f18668e40049e,6752,2
4b64c42f33bea96c,6753,1
b52dbad14843f297,6754,4
6f9013c7f72c9682,6755,3
c5d2fb7fd97b4fd1,6756,3
4b9c0baef2659dfa,6757,3
4f2d55e6170b175d,6758,4
614d370cf3c53e5e,6759,4
9c111624c7ed142e,6760,1
f555da77490c6cf7,6761,4
e50ba115f5b73928,6762,0
b09a0719c8fa3972,6763,0
cd675be4a5cd4d4a,6764,3
3c02c97eb997cf60,6765,1
f60f5393e4010072,6766,1
acf3b754c3c7fed4,6767,2
37e975fff6985a5d,6768,1
d2925dc821f16963,6769,4
01049773985b0093,6770,1
3f21d6dc557cce46,6771,3
19cbad0434c66b68,6772,3
0a2b8a440f79913a,6773,0
88e9d445d4351e20,6774,0
98fd027877a39546,6775,3
536e84fdbb3d7ba7,6776,3
1f9514f4e94a80a2,6777,4
07ea4088481f1416,6778,0
0d8aa5d4db0a4594,6779,1
3f761ced8a37e5b2,6780,0
5ba0537ed6fd963f,6781,0
81e7c538638d2caa,6782,1
be4ce7011e98a354,6783,0
bc27af6d31f5ac63,6784,0
fda969b9b3cdd5e7,6785,3
dc9c02384d6e52ad,6786,4
e58d85e320f4193b,6787,3
ed10c606c92ca5d6,6788,0
bb2376b940dd878e,6789,1
3adedb48e67798de,6790,0
883758308527887e,6791,0
8b60d996c367cd12,6792,0
d7bbc47990a4cc26,6793,2
23237ddcddb88430,6794,0
e90aff1086dc7178,6795,3
d6c7e3d1873d4598,6796,0
8b703df460ea1b73,6797,0
49f48f351c899629,6798,3
4957b078ad755499,6799,0
4bd6c7ae2bd9ec77,6800,3
dbe9eb1691c9adab,6801,3
1f8153b9c1ce6203,6802,3
0058b139b83df8a7,6803,2
f84d25c103a5d2f9,6804,0
dfd003800651536a,6805,4
438c8733842573ac,6806,2
c32f5b5c934db617,6807,1
8499c7c899524b85,6808,3
bc83c2c25484bb44,6809,2
be47eba1833c6805,6810,3
2dea30cdb5841d86,6811,3
01728e187e6eb1f3,6812,3
07316c83f4fe2597,6813,4
9524c8bfc150289a,6814,0
57dbc9a683b371c4,6815,4
806cd7b0c1faec99,6816,0
abd365ffc096a588,6817,2
3866c6d6b874f112,6818,1
0a7d99b2cc683990,6819,1
9d779306e2631eb9,6820,1
9db2b1542379c1f1,6821,0
5f6604ff57d9acbd,6822,3
559f36955956151d,6823,0
0a04b16966aeb635,6824,2
e4da74fed9fdda4a,6825,0
544e03fc7f10cd66,6826,3
2ec79c8a88b9e729,6827,0
3215adb71a916716,6828,2
675464435c25185e,6829,0
c3bf0af3375ce297,6830,2
0798737af45f7a6d,6831,1
f43f6e1855b0da4b,6832,2
11e216d8f64f30cd,6833,4
5f3b39441f8ab74d,6834,1
2032a23f7b168d87,6835,1
975762e08baaef24,6836,1
762fd555b7ecf853,6837,0
bb0eed27001ee2fc,6838,2
263eee99faaf379d,6839,0
f95bf55a5706da3f,6840,1
b176eea47ed49d75,6841,2
4ba3e6496a212854,6842,2
bb19b2ebd88c614c,6843,4
c2a8c0abdde801b9,6844,0
8a81d5a3a0b5f6a8,6845,1
ef01597318456797,6846,2
4616248d18ac48b2,6847,1
c66065b00d84e93c,6848,1
147056bbc7df023f,6849,1
0f2cdb1b7331b17e,6850,2
bd0d57daa77dcc63,6851,0
ff729197a647f98a,6852,2
27770a64a1314767,6853,2
43698536825cebdf,6854,1
db89f390674481f6,6855,3
608aa5c6f672ed5f,6856,1
35c3af11b6ef2a7d,6857,1
78eb517c89ab7786,6858,2
352cc16234998727,6859,2
f5ee66ccdb38ca9c,6860,0
51e0a2280cf2554c,6861,0
af97bd9240f1f334,6862,1
09a1397a118c5353,6863,1
4afeb318f0224d0a,6864,3
c7ea194e3cf84a81,6865,1
5d4aa0a41bbb0de7,6866,3
5e988df71bedacd2,6867,3
3db31f73c186588c,6868,2
7f0aaf05fe5813f3,6869,1
a247c143a99cc389,6870,3
730548e241f37c91,6871,4
0afc98d487d2a70f,6872,1
60a3d8e121bbe7a6,6873,1
277ba0519ea05346,6874,2
b15200b5f5f482dc,6875,2
e516d110aca5b8d7,6876,0
a0a7fc0cfe0ecdd2,6877,0
c78f5467fe29a187,6878,3
033c02fd3011b5f0,6879,2
d7ef1be79326fbcd,6880,1
e92331a674852679,6881,0
a59e4f0cd59b3c0a,6882,1
73a99781ff326e58,6883,3
53a15ef1f0aea4f4,6884,3
cfed82d35e8dec59,6885,4
a5456ffb1c357a42,6886,1
478a8f5f77f84c25,6887,0
06cfc772fbd0f15b,6888,3
9a76e3cebeb9d916,6889,3
c0ef921e5978585d,6890,3
484d3efb6f4ce6d4,6891,4
305f5bd0f73fd4d4,6892,2
8697d787c8630677,6893,1
ea771fba0872f8f5,6894,0
3f8ed29a3b8a6881,6895,2
adabfce5f5468ace,6896,0
d4a3b08e3d11f598,6897,2
709f61c221d84537,6898,2
3e5b99e43fa36876,6899,0
82f9d02c5c510d42,6900,0
0bab1997284dc714,6901,2
43891d8cb52d7260,6902,3
3896fc33eae5550f,6903,1
b2d858fc7c6b4730,6904,4
22c3ed8e754fa125,6905,1
41821f8358132cf0,6906,1
b2ad98203f7632a5,6907,4
1d6fb98c71bc1d3a,6908,3
4235b71195eac40f,6909,0
32d4bfa536539401,6910,3
3659862c6293432b,6911,1
1dc6bbbc331660a4,6912,3
f86a7174572401ec,6913,1
48f3e2c291343bdb,6914,2
5263acdb6e3eac80,6915,4
e58fc6982463c21a,6916,2
114efe7daffe78a3,6917,0
89418e9a1f61ba75,6918,3
ac04b1a2664e9245,6919,3
dfa59d990313fe11,6920,4
23a2ecb6089fb80e,6921,2
77c75f539d6957a9,6922,4
8f5837a60014d338,6923,2
e3135c40f6a8b1fc,6924,2
0cc73346469863fb,6925,4
9b6154e1e56a599c,6926,1
39c44d5da391738d,6927,0
2851a18df3cabaa3,6928,1
585c53d6454f7bc9,6929,3
d02213dd33caefdf,6930,1
00daf4ea99dbae81,6931,2
944fdfd073b70274,6932,3
b8320bf61574c43c,6933,3
8982e372f6dd20d9,6934,4
a0a64074e2c0f95a,6935,4
45b64780bcd154e0,6936,4
7845ffa873b62cb7,6937,0
3f7764a330189e31,6938,0
7d8e5565c40c4946,6939,2
fece13f3a926a256,6940,0
c92ffc8ee23a12aa,6941,4
771c20b936c2d55b,6942,0
19b86ad8a26d035d,6943,3
e5ef0164b01c0fa6,6944,2
a042683572542599,6945,4
fab4e20ab58d5e18,6946,1
8ba9183237c71a63,6947,3
ad8feb5a2958d487,6948,1
0820b3e891d5b446,6949,3
89bc31c329190676,6950,0
763eb5a8edd7fdde,6951,0
ceebed31a97ed733,6952,1
3271c0cde0d89984,6953,3
81c9f7150c45490b,6954,2
0aa96bc0a81313b1,6955,1
891e3dc30196c5e9,6956,0
9c3536da3ca20fc4,6957,2
f6ef0f9640fad8ea,6958,3
236e827c301e2f4d,6959,3
f4b808aec8def8bd,6960,4
fecf0e176fedcad4,6961,2
b916099f8e32a956,6962,1
2699273317a47a50,6963,3
c3934117e6d33ca8,6964,2
55a4153a0b4937b3,6965,2
6823ed9927f9a901,6966,1
560067a8e66ddfa1,6967,0
a3e0f456c0142213,6968,3
a53e6bde1ccfdc62,6969,4
dc2190e313e295a5,6970,1
f1e64d349222fc38,6971,2
66c319a357448458,6972,3
9a76540919ca9b70,6973,0
28587d0ba19ed525,6974,0
31789fd8bdcb7501,6975,1
4a4f57d54212b359,6976,0
c8c9957f3b968a47,6977,2
1583b918804005c0,6978,2
c13f74b9878943d1,6979,1
2af71d44bfc2664d,6980,2
29b08522eb19aae3,6981,0
c46c9999188e9cfc,6982,0
e6d390f6d4c2fff2,6983,4
58f35dcbfe087bb8,6984,1
6793b64c6f8436f9,6985,2
f2ff35e2d0c4bbf0,6986,0
cb0641844e609511,6987,0
6d06176f227cdf95,6988,1
38b7d37ed8bf644c,6989,3
853a91c0f29a2253,6990,3
5705e174d1fb25d3,6991,1
73d1afc28c395c8f,6992,0
b1345fbf8e182a78,6993,1
48cb6a21e05fd01f,6994,4
d976821a18ff10a0,6995,2
148e06e09d52c174,6996,4
f7734bf28d80b0d9,6997,3
6bf626cf65574f06,6998,1
6a8828d7c00e337c,6999,3
ffa70334536d5d48,7000,0
cba14b11af820110,7001,3
b1553439e96c99fb,7002,4
8cbfa214c4caaee4,7003,2
c76d78f2597d5e99,7004,4
79a4d027a9dfde64,7005,3
010e48857deb245a,7006,4
2432d95399ed368e,7007,0
61775d5ac317e2c7,7008,1
d39e152bd2987ee5,7009,4
1666063dc829aadc,7010,4
5787cb68669644c5,7011,2
bab2ef3bd53edd55,7012,0
2ad7d07f6bb16698,7013,0
99f29ca734779515,7014,1
f2b929f485a475ac,7015,3
8b1ef92410205223,7016,4
ba403805d5a286f6,7017,2
562a0c955dd79b52,7018,4
111d8204b6a14b9e,7019,2
73124b8bb66361c4,7020,0
e744fa1e1f260ac5,7021,1
2100046ece304c6c,7022,2
ea06cc0a59baff75,7023,2
b91919fef7175911,7024,4
2509fa638f55aa96,7025,4
9be3a5f5840dacb1,7026,0
1a1b534f01f5ad80,7027,3
e4502a6fd6eb0946,7028,2
f7a5f0aedabbc2a0,7029,0
8c01a1a6034e7f9c,7030,4
023e1d0b6dbb166c,7031,2
048769fc9b04fe1a,7032,3
f0e1ad73b63b54d9,7033,3
0fac4f4cbb9c865c,7034,1
fd2dfb0130882898,7035,3
5e71bdd5c81f8dfe,7036,4
213b36e9c6aa9593,7037,0
0f7f37986691895f,7038,4
a776867ed969d877,7039,0
6a65f9e78465fe0a,7040,0
18335eed7fe89199,7041,3
70b973b83a16e1c9,7042,3
99bfe1f53f757d19,7043,2
ad2b275d028d2221,7044,1
57d0688565edaf65,7045,0
36f3496391ccb8c1,7046,3
791d9238f18d7ffe,7047,2
e89dc93f6562c83e,7048,3
7a93a18e8104557c,7049,3
f33b56acde920337,7050,4
ca16b5a56716198f,7051,4
95678d1721fc31a9,7052,1
43d1b043eac25ec8,7053,4
83c3c8e0b309159f,7054,1
a4a21e74601e9120,7055,2
d77dd938c809d43f,7056,0
f651b874f0c914d5,7057,0
0c86dc541be443be,7058,3
00a2503f04764b85,7059,2
e9cf131c5aa53633,7060,1
57ec68a8f1aba1b9,7061,4
2d1f9877dcad4622,7062,1
5eac9bfa697caea8,7063,2
78006d5c4a292820,7064,0
584f3336ef6c768c,7065,4
36ee34f985d07ed4,7066,0
e2e59ab2f7b14e14,7067,4
1ba3dc445b20abdc,7068,2
c0e23a840a75d331,7069,0
9cda70708c23034a,7070,3
4be8bf4d4d0e0711,7071,4
4c52168c1913a71b,7072,0
e80fbe2aa59e64cd,7073,0
6886ed4a71ffa02d,7074,4
b3a04854c071f385,7075,0
19d9753c61194db1,7076,1
5a34b48256face5b,7077,3
accd3a2f3c78e5a6,7078,1
07b4517ae6963797,7079,4
12d79f0f46a65a58,7080,2
0f5c2253c14a3e3b,7081,2
0794fa9a6e734970,7082,1
f49ded9bd4015cf6,7083,1
131da11d42f51362,7084,4
d053ad9acb95a1c1,7085,0
0ed30cea76579f3b,7086,2
4a504edf80bcc72a,7087,4
0af8389e478c0d52,7088,0
e672cb39ae794f26,7089,3
e2f60a11833e9984,7090,2
8da52de6489e45b6,7091,1
1a9469b9b3c45e26,7092,0
853c82f4ee5a7acd,7093,0
1c4cb948704cf9a3,7094,2
53e643f6d797e208,7095,3
ef454d32d41194de,7096,0
89eec42ad56b17c1,7097,1
6348136de1c78bf5,7098,0
02b70fa4fd102650,7099,3
14590bad4a2f7c4a,7100,4
c4af171597435e9e,7101,1
52aa64a22382fee6,7102,0
33c599bdf5592bf6,7103,4
45b8431cade0fa00,7104,2
83884f3aae18fe66,7105,1
10895375a00d50cf,7106,3
0c3afab7283d0687,7107,2
06ebf8c49b6ad3ba,7108,0
37d272de1b6ad599,7109,4
2ff52b39937eb17a,7110,4
5af7eaf3e54ac195,7111,3
b1fb6168c22598fa,7112,2
4db158464231d00f,7113,2
d73495b8d0d9b7f7,7114,1
15f14b821f8d3b73,7115,1
898ab5572bf1a91c,7116,3
b5c9c340603d0854,7117,0
cc46e561b368784c,7118,1
c1219b044c84fb22,7119,0
f0b800573bce034e,7120,2
6edaf6534dcdd94e,7121,3
fa10c896471c5c51,7122,1
0d65ee7496e87779,7123,4
4ef4739229aebcde,7124,0
0dcbedd08f10c8d2,7125,0
d53e212e2d8be5c4,7126,3
34b101cadcaa7e4a,7127,4
db440996afc054ca,7128,0
9601bef5fa405f39,7129,2
1128584c8758a807,7130,4
f2c150281abb0a60,7131,3
4257b14a030b6b21,7132,3
77490e66d6233b19,7133,2
1d5ed6b119525f45,7134,1
f49430ec13c40bb0,7135,4
2ed7d028bb71619b,7136,2
e1c94fe06a87c636,7137,1
2c18ea3853ab0498,7138,3
7dc24e1a10ae5b2b,7139,1
6f3a251bd36ae053,7140,0
f6a3b54fd5401a36,7141,2
39aa5e5f23970588,7142,1
ede0492331545c58,7143,1
3536c3a7b4604724,7144,4
666889ba1f3f6277,7145,1
843e341d7e257a4b,7146,1
5dad2fbebb19993a,7147,0
5864e6520f4fd1ac,7148,2
157dafd44fea85a9,7149,2
d29d1275faed8541,7150,3
7a7e908ca4e07a9e,7151,1
5da09e5bbf261aa2,7152,4
c660c69c3eee90cc,7153,2
931181e14c06adba,7154,1
7861aa0188ca2835,7155,2
8bd7bd35fcd4b7f3,7156,2
5f01200472db86a4,7157,1
c7c01f93fd2df425,7158,2
94fa4945b699ba1a,7159,4
fd10e2f60bb7ac59,7160,0
591d22b87c6872b5,7161,4
d8107551cd2598ed,7162,1
aed566d2bf6ed515,7163,1
42e87865d4b12385,7164,4
05b45888fccb4e6f,7165,4
e982c8c9c187833c,7166,0
6861375c2a8a2de1,7167,3
b42201d947201935,7168,2
0a7cace92fce205b,7169,4
9938678e3c163431,7170,0
54e65f46979f5889,7171,4
79175c7bdfae3dba,7172,3
48589580a95ce858,7173,4
9c2073769d868e27,7174,3
e32795d6fc4a1ec9,7175,0
198935efd710a722,7176,1
f0b2a90fcc4a987a,7177,1
09779e98204a52fe,7178,1
2ce65948e182108c,7179,4
e24b73046df95a00,7180,1
de9ddfec0aa4e2d2,7181,4
320e2811c14670e9,7182,3
81458c4596d8fdde,7183,3
a90b8ee2d1a13af1,7184,4
122ef4cd2d1a2371,7185,4
33ab223feb38ffc0,7186,4
4fef9de832956709,7187,0
b3bf3a1745e915d6,7188,2
a85be3dd9ba7d813,7189,1
e53c93299b86088e,7190,4
269f745549ea2d6c,7191,3
aafede9921a66926,7192,0
b63201385694198d,7193,0
9ae69735541b66c1,7194,3
5588ccd41d1a2e3a,7195,2
f927f96b6d8769b9,7196,1
2a353155938b4585,7197,2
663439c18e6af3c0,7198,3
fdd95ee3023a909e,7199,2
aff2dc47bf7afa25,7200,2
154d354b6b6a3b48,7201,1
8f2681353fe65fc8,7202,3
a825d2dab13fc986,7203,3
e60dd47c26a38d5e,7204,3
0fb3b332c8688e46,7205,4
d058b6bcbe793b8e,7206,3
30dd3c096e71d2e6,7207,0
24c774b46566362d,7208,2
ca240dbed7e9fa1d,7209,0
ceca8c9fed4ab83d,7210,0
50fbadf4d5a7020f,7211,1
bd9ad517aad5d38f,7212,2
ba03e96783a0d2eb,7213,4
76d73397c4fee1a8,7214,0
567cb0e1c60e84de,7215,0
a5579ca1a9687bee,7216,4
4e080a9f456861f3,7217,4
0380c3ba46dee04d,7218,1
06f175b3ec1eb2bf,7219,1
b000d0082032e174,7220,2
2a0c85d5a461250d,7221,3
b183b71fbd3dbc25,7222,0
144d350328609220,7223,1
d67c38399b6c805e,7224,2
c4e867a86a521a14,7225,2
e8c3f879d78fda30,7226,3
f072cc820bc57a27,7227,0
a357182423a76922,7228,0
824cc1f5669aeaad,7229,1
55247c323b5fb194,7230,1
d1952e5cdf942db2,7231,2
0a3dd187d85d2d31,7232,3
50f14cd4853f47ee,7233,1
a5a11b356c484d5d,7234,3
1d455b910345dacc,7235,3
0c2fd9cc9e86ba6f,7236,2
2db6c7fbb04ebc1b,7237,2
e8ffae9d3e99cb5d,7238,1
9fe8b6cf8d99b257,7239,1
81839204e25c66a0,7240,1
c0f1b2d63aa9448d,7241,4
7e3c9395d6afe921,7242,2
77ba71e40c064840,7243,2
30febb59881a1a91,7244,1
daa307c5ddcf6ca5,7245,1
f4dc32b4be4709e3,7246,1
e1818d65a2ae6c9f,7247,3
7014dc982c8f7047,7248,3
03d657849e5b3f9d,7249,3
ab1482c0f4fd6d9c,7250,3
4ce94b53f2acf201,7251,2
22e0c3e355e50fcf,7252,0
50e9f35afa7845a0,7253,4
4718f8cbeca10952,7254,2
0cc3495fdf4c742d,7255,2
5e4aa8a8c51a33af,7256,0
3a7ccb52d714698a,7257,2
57c5407d6cedfb89,7258,3
171a0c5d19d7b01d,7259,3
bd730141e0c5b8d8,7260,3
b24fc691e61093ef,7261,0
6a7a6f15754647b1,7262,3
dbe2287ddc720dec,7263,1
0e41159af1bc8f80,7264,3
424868081ad9e9bb,7265,2
6199e8ef92945946,7266,0
42917aff988223df,7267,0
99a9a77984a4a29f,7268,0
2885ccda2763297d,7269,4
12f29a81713f9f02,7270,0
157bab09f9585d35,7271,0
d65e3e86799d64c8,7272,4
1e5b3b08f86b9446,7273,1
601e5069aeeae2f1,7274,3
084c7a98c796495b,7275,4
db5e7adbcfa23687,7276,0
c4ab219833601271,7277,0
e3f886cb3934073c,7278,0
18654fd17ec74374,7279,3
5a525a1a1fc8f259,7280,2
572c0b31e6d26546,7281,4
88e83fb1df44f6da,7282,0
d95ddfb8f33c28a5,7283,2
9905478dc5a41960,7284,0
17a0bf42046ac1e3,7285,0
4e282e5f4f034860,7286,1
c974f763f8228958,7287,1
1293176938dbb800,7288,4
bcafc01070ce2f08,7289,2
b6607db79d0a511b,7290,3
ce108dc061449bea,7291,3
da3b0d6fb318f758,7292,0
9f4f9c45a71c41e2,7293,2
f4368cb4d8777cdd,7294,4
f4e9c031aeb2ec4a,7295,1
b6f40be56c61cc6f,7296,2
e43daa7f4b7c4b85,7297,1
238cff0d7a98559e,7298,3
1e94a27c28518db4,7299,2
25088eb9d1165722,7300,0
c922b258b43ec3ac,7301,3
2215f021cb11b550,7302,1
ec907c5bc902fd20,7303,4
3884f02d37d21ede,7304,4
2b095eb650031e73,7305,4
0c2545f3c340aaf2,7306,0
5d4e12a478a8958f,7307,4
5638d26ec233bffb,7308,3
36dc2fc07280f328,7309,1
4ba16d1ad2c3ead7,7310,2
7e5cd78a14f728a3,7311,1
74c24979bd6dde69,7312,4
f3b2dbf17abb8624,7313,4
99c22eb8fa8e60ab,7314,3
79144cf7cc6a8d56,7315,0
5c23f0eca4c33efb,7316,3
e10159fada88f4a8,7317,4
b6082d567f54425f,7318,4
d54fc860824730c2,7319,4
7cca06d0f8896ac9,7320,0
72dc7e5d705cd531,7321,3
4bc3d1d829d74b5d,7322,1
316181a1b18c61a7,7323,3
e9fa46b0540ca951,7324,2
6af441bef3d323b0,7325,0
3f3a0bd80ce1ef02,7326,1
10422537657e324c,7327,1
6449dc6b1f5cb75c,7328,2
bebddb30a6e0de2d,7329,2
809ba3e7dcbd1d36,7330,0
09bfdf8b26d91cc5,7331,3
da99bf8c80e3f37a,7332,3
8c281ee83ec08735,7333,2
b918bb7cdac882a3,7334,4
e99e3ea05026c226,7335,4
f15223804d170cc0,7336,4
765f473764aad5cc,7337,0
4d9ed34a95d731a3,7338,1
a0c0fcd0c462d209,7339,3
2a8aa55f89d0c2ef,7340,4
4f0c425cc1805e69,7341,0
c474a08aedf72477,7342,2
e0e94cfe83bf335f,7343,4
aff67752cd3861c1,7344,4
ad78f2250a8d5629,7345,4
8f35475fd47bc61a,7346,0
4a75ff51c68d4d31,7347,3
1ac7d5e682951043,7348,4
61b3af877ec01fd5,7349,4
7ab3c1a4aa1b4652,7350,0
40bdeb6ebf2b0cc9,7351,1
0dc5b4c3929bd373,7352,2
71931fe7836f07b0,7353,0
add4e7d13fe7cc06,7354,0
cdf02ab91e88808b,7355,1
cc2f79d9877813ba,7356,2
83429b3f21014918,7357,1
9c642255200e0fc5,7358,4
cb85de09d4f6fa85,7359,0
bf449271f1aca35f,7360,4
876fea3375fd28c2,7361,3
840805139620e2bb,7362,0
eca8a100148b57c1,7363,4
b8204ae72072643a,7364,2
d5bcd7065dbce131,7365,1
12ecde95c82512f0,7366,4
1822203156a15e58,7367,3
2c9b16fac6b837f7,7368,0
190975dccb58019c,7369,1
11874fead2d13ae4,7370,2
1c47c0c546c8ce6e,7371,0
1c402e4001ff53a5,7372,1
228ef0a6b6f4cac8,7373,3
11583faa931acdbe,7374,3
dbf29b232ff19ecf,7375,4
1c3426548f160508,7376,4
8460a9fce6739d27,7377,3
dd8a733ea7bc045f,7378,2
a3bc630e46601384,7379,3
5a84fd706570944f,7380,4
9ca6948989b091b0,7381,0
e6196b6e19c76a49,7382,0
f774fcbaeba57fbf,7383,2
96c6ec18565d053a,7384,3
3814335e263cf0b8,7385,0
4012d7589b2761ec,7386,3
c067e7caaf7aec95,7387,0
9fee78a7d4624563,7388,0
98a4fecf1d61eb5e,7389,4
556db9f6f6fab89a,7390,0
888c93f731d9cfbf,7391,1
f0b574e37f28879a,7392,0
05f2d6075da9b82d,7393,3
1d8e0d2504dfa0c1,7394,1
28e2a737c25f03fd,7395,0
762b4631e876e85d,7396,3
78b10f077db01609,7397,0
d8a54a00f1304d86,7398,3
bc02c0d55261f3c0,7399,3
5695139f4a7e8138,7400,1
ccfd1c4f79b99c82,7401,3
02eb5f2d8185c0f5,7402,1
cc0750b8cedd3bd9,7403,2
76d4bba8b8dc14c2,7404,4
cac45c94eee8eff7,7405,4
4eb1671178215d92,7406,1
47c29f0d8595f741,7407,4
435d97f60122cf79,7408,2
78c5d488b65cdc73,7409,1
f553aea502790eff,7410,1
46c93e20d1dd219d,7411,1
cd9482a9597860f4,7412,3
23277b4cb4139e84,7413,4
40de22b062ce34e2,7414,3
f5300779e37be7fd,7415,0
88c0f3ce79b8f150,7416,4
8cb94c7ca42e9693,7417,0
ed56e5f4fb04aa3a,7418,1
c1e56d5b2d7b1ea8,7419,0
656c4a762139a84f,7420,2
7f9f752089bb11b9,7421,1
916535f05b033a1f,7422,3
ee13784eadd2bb90,7423,1
ec6c912402b51267,7424,3
a9822606371e55df,7425,4
52f264512634403c,7426,3
340d3727fd820b0e,7427,0
ec274a64fe28a6c4,7428,2
ac90fa6333997b89,7429,0
ebb5fa30c26cf7d6,7430,1
201b05a40978e96a,7431,3
2b860a574d39e4f0,7432,2
3525969bb4a49416,7433,2
eafbd511285a39d7,7434,2
6c1afd850a38bc99,7435,3
d758e8c5709b7058,7436,4
bd62afbe6d058d1f,7437,2
14b6c46d9da99744,7438,3
157d8b27f504848f,7439,2
c589ed5a27e3ffdc,7440,0
4f15b4a7ee9ba584,7441,3
b5a61f8fe57b9c0f,7442,1
8acfe02fe185cef6,7443,4
24f778f9f5d34cd0,7444,4
35b29b760b1f124d,7445,3
50ad14e350c90228,7446,4
e29987031d652dcc,7447,2
bf1b232a7de899c9,7448,3
a53cabc7f7403fb0,7449,0
11707cc7643bc46d,7450,0
3e867de2b8d5f9d4,7451,0
1226d82de0e65114,7452,3
7decb6dc80d9e395,7453,1
45195a7b651b28e0,7454,3
fcfacae1988a2af8,7455,4
0e29865933fde550,7456,2
262e30008e896334,7457,1
bc970cd6b2b5bd89,7458,4
72fb7f73b4ed1126,7459,4
d66709434f7c3d87,7460,3
abc58604bd3163ec,7461,4
b92b8dc63543c1b7,7462,0
ee5a28f7e84272d6,7463,0
a581518bcf814f9b,7464,2
ff5cfab109528c6b,7465,2
e92afc8d86b903a7,7466,2
f95fd1ee85fffd99,7467,3
d081a6ca6bd7baa0,7468,3
996f1fc7d21594d2,7469,1
1af3d07431ef07e3,7470,0
6e8f71ba21bd8265,7471,4
cd90944e11cfa829,7472,0
0b0d6708cd42ac98,7473,2
c5e6195286b2c2f5,7474,0
98668fe25b7fb877,7475,0
b159e4a1f20285c5,7476,2
9d9face85e18c33e,7477,0
de2a2b952880ffaf,7478,1
5612ea7c530ab67c,7479,4
7050f4cd1a46c12b,7480,4
3b6d1b84614e522d,7481,1
a4764c316a613bd6,7482,0
292a85409536a19e,7483,3
0ce2d9d14d0453c6,7484,0
61386717c1a7cc43,7485,4
b83183e3aec3113d,7486,2
594abf9d172c3bef,7487,2
a513649e28627a96,7488,4
56b5cd18daa49f7a,7489,4
07de47e4589edaab,7490,2
082b182d60ed561e,7491,3
3c68e9667d4fe556,7492,3
a470bd69ed0ced48,7493,1
cda895bf28bed730,7494,3
43a8e3fd031cff1f,7495,4
fd9cbf33faf7daf0,7496,4
d11679771f536a5c,7497,2
e59fd9f2a7afe746,7498,1
dcda75499884f0ba,7499,1
a4cf4abae4ef5682,7500,3
e48d3d74359573d9,7501,1
3a2002f3760afa74,7502,3
37f30f7575528c1d,7503,4
6891d4d977b264f1,7504,4
eab010588ad0fb50,7505,1
605c5e4c7e371156,7506,3
f68ae48a6a2231a7,7507,3
83930ef9f3de8cc0,7508,1
3a1cfb1dceb7b1aa,7509,1
c48c7870e7ffa305,7510,3
4f2f8b07986fb912,7511,2
2d94753e0e0a5da2,7512,2
594e4af223009a8a,7513,2
237036c6d6e48c83,7514,4
93879d0868dba5ae,7515,0
c9c40419839b07b6,7516,0
b93bc1f93c249545,7517,2
a5b3eff1a9ce3412,7518,2
b29859bae7cff0bf,7519,0
cdf3442162fec124,7520,2
36d777dc1f2924a7,7521,3
b7b9740cc9781cd4,7522,1
8d7f1225a0a978cc,7523,1
2d04572c3b4a4241,7524,1
5bb941ab787cba4c,7525,4
c18456a1540082d4,7526,3
d606b490148171d3,7527,3
4694d99d60fd762c,7528,3
e54fdb6976841c52,7529,2
bb00fa67499ca01f,7530,3
8231d813c09dae93,7531,2
da3b228d171bcecc,7532,1
c3c2e945962198a2,7533,0
ef9ec672ac051f13,7534,4
c0622519a5f0ed57,7535,3
712aaf6d41cfb483,7536,3
6d8c174f5d9aa5c7,7537,1
42036eac0ca632a7,7538,0
251f65cce0bbe28c,7539,4
b4c66ea29f7152ee,7540,0
97f18add952e0aa4,7541,2
78ced1b77cf99286,7542,1
f5a2a0beaf700a6f,7543,0
10ad745e276ff590,7544,0
e7223baec51bfbaf,7545,1
ea4a207c0c61c8f9,7546,2
b0065551427827ba,7547,4
c46e0747f8987315,7548,2
879cbf4a3c12c35c,7549,3
b61b0d7c854209c3,7550,2
704abcf1e62a7cac,7551,0
f8e728f477296e23,7552,1
f32bd3c53d0dcf17,7553,1
72268f43b999144b,7554,4
d7575d86ab114155,7555,2
e788b53374fe6a20,7556,0
0dfede4ac64ae186,7557,4
ba48639aef482a8e,7558,0
19ed0d7bc5db082d,7559,2
f79f0a6cfb209bdd,7560,0
27dcb138515f21a1,7561,1
b94cdf027a761062,7562,4
dfdce86cd033e9c3,7563,4
14dd3194a5d9777b,7564,2
5fda3aaa2d313b22,7565,4
0abf2d6563c55410,7566,0
e495b2d4a6c02241,7567,3
99916cb68b8bc2fb,7568,2
42b9c6b1a224b6bc,7569,4
cad42a9a658fcf43,7570,3
dc6041994f68cb64,7571,3
55ac896f69db9536,7572,0
42915ca2acd0adc7,7573,3
8adbbb84a076bcb7,7574,2
bb1a1d518e1178d4,7575,2
3c705de86189574b,7576,4
3e2dcbcc00c38603,7577,3
5b85aa7c4439fa40,7578,0
c52cd93c15f4dae8,7579,0
d6678a776d7278d2,7580,2
8d0df2ef8a882d54,7581,4
83ed2f8214b8005d,7582,3
c363da55e366d8d1,7583,4
83adfa55ed122ced,7584,0
584bb39a74b64686,7585,4
1f36f30f37a36119,7586,4
d785ca28358cec7c,7587,1
de0f7bb8c733da52,7588,4
cc652931a73a510d,7589,2
2c38fe01eeca1919,7590,2
7f7f799e24ac1419,7591,1
c4f00e29b2608c77,7592,1
9fe0cfcf29135fd1,7593,1
31c07fe1d8685b56,7594,4
73bd68c53064f300,7595,4
b657387441df92c0,7596,4
990dea623481ca62,7597,4
8bf6112602e22a01,7598,1
03ca16a7d2ea5e2d,7599,3
f1c96c9ac3ba3f5d,7600,3
94865d22f04e61c2,7601,1
f2ebf72201db7abb,7602,3
708b2dcd96bd8985,7603,1
4732b12fafb0db5c,7604,2
d1bd72f2ac4ec03e,7605,2
d43585499953657b,7606,4
91bf3a4a736cae3e,7607,4
eb7cf647c32add9b,7608,0
322d06036e1a838d,7609,2
47272806cb81a4c0,7610,4
4b18b0754075efc4,7611,4
8903d1afe43f1595,7612,3
14ad0bee64dcf81e,7613,2
b9e11cd818f1056e,7614,3
99552c9530ebafaf,7615,1
3fc0baf957224553,7616,3
c32f176fc4732793,7617,3
32c9fad28cc68afa,7618,3
bc979fa5c4d74477,7619,3
adab14867e3525d0,7620,1
df6d69497e95a604,7621,3
a4e4f854693ca114,7622,0
6f074bd9c5eeed61,7623,1
c732f17f96eff0aa,7624,1
7ada4fd2db3a0186,7625,3
c60fcef428d761c1,7626,4
678c9f13bf929623,7627,1
9bb407005adff04c,7628,3
607394ccf5e8e88c,7629,1
35d838b04d13b949,7630,3
9d6fc6a39958acf4,7631,3
c5e819d4540ffef6,7632,0
914e092e8bd34d6b,7633,3
94af62013246cc30,7634,0
2bd04d430a48e755,7635,2
6e3ce3e3ad1127e7,7636,0
714acd90c098a2a1,7637,4
0aab85ec82803edc,7638,0
f384281d7585a8c8,7639,0
fc87c46919a487f3,7640,4
cb296ba1dc38f50e,7641,3
aaa3812cf5c90e36,7642,1
865717dc2e6b9b1b,7643,2
0bcc354da767f007,7644,0
4fcfec7db4205485,7645,4
6e92698c401b62fa,7646,0
bcc7fee0fadb2e78,7647,0
d7dda77456a72066,7648,0
3c8ca1e592d2cbfb,7649,4
9ae9cc37b5e17438,7650,3
d176cb4d84b53bea,7651,0
d31e3707e549dba4,7652,3
79099110013a4233,7653,4
b3a35eb7a021a558,7654,1
61483189e50a95aa,7655,2
9069d560396139f5,7656,4
37052b3b22cfe8f0,7657,0
132e5f40865b4545,7658,2
5ddfd5407bedd76c,7659,1
7ac4584bebcf5d90,7660,1
9fe69c7bcc72534e,7661,1
9bcbf274f8ee5c8a,7662,3
0cd7a5c0339e4652,7663,2
877b94bba4712791,7664,2
79b49e5b0d7e8cfa,7665,0
a22c9a2f90182bd1,7666,0
f6a977fc95df3307,7667,3
4f6d5986a0c6543f,7668,2
3f2ce40641a76a54,7669,3
92b164c966892d64,7670,4
016192c759d2cda9,7671,0
db2f93f6e611e729,7672,2
9387428e3d549101,7673,3
ae01ce861c494953,7674,2
9d816dab6b794e44,7675,4
8025f6d86f866046,7676,1
5b305958d7a32a50,7677,1
404204ea3eb06f60,7678,4
97ca431cff331870,7679,3
1787dad5b786c113,7680,0
e428592e2fba4842,7681,2
61808995706e161d,7682,2
02bd2ecdbef63133,7683,1
811ed6c3ad1ebed9,7684,0
af7d60dac1101861,7685,3
f04e203465707c43,7686,2
d80d5641951f9818,7687,2
529600e9c52580ff,7688,4
fc0f321f21d3aabf,7689,0
441719ad663156ab,7690,2
fd99d64bf3bbb167,7691,4
d0d794059e04d5df,7692,1
b613039c0af70888,7693,1
3c6f73f0a13d1e3b,7694,4
669e08ba12da77b0,7695,3
c6f1ae5a0bb8a8c7,7696,1
4ca28ff8271363bd,7697,4
3030157e10417404,7698,2
843a0fff733290b8,7699,0
92790e5ad88063ef,7700,0
f2c5f0d7944f41eb,7701,1
1d8aac7f5cd03a65,7702,0
5891cca91b4fada9,7703,1
5691edc44fe82345,7704,0
50573bfd8a318810,7705,3
d9556239a32666f0,7706,2
3b118138f2e56746,7707,4
748b831d4cc8c44d,7708,1
786cb0e42debdfc1,7709,1
92ca5af37353b25c,7710,3
8ade59d8917dc69f,7711,1
a00bc368313d47dd,7712,1
83b10bdb0878e77d,7713,0
259d3fd2789e69fa,7714,4
4c2ab95522318de9,7715,4
0d5a7fce597601a1,7716,3
1fcf5dac9c3abf29,7717,0
35f96cd2b6ada7e0,7718,2
f4b91be1ad7c8b99,7719,1
2b9344640c8108f3,7720,3
8902773df55ea5cc,7721,1
02ae723d85ca6337,7722,3
95e34ca22dd3ca19,7723,1
3cc63a4203c6e20e,7724,2
a3964e89989c6e90,7725,2
9751efec82769dd7,7726,0
d8fb15b9d25f2bfb,7727,0
4eb22d2e480e03ae,7728,3
fb57242a9ce0a042,7729,4
3401a3c21c7fd3bd,7730,1
b545c122de5f29f6,7731,4
61fd70f0bb75dd48,7732,1
c809b941649962e2,7733,1
5372d1497ff057a7,7734,1
485b46ce55dfc209,7735,2
0cac7b4418426f39,7736,3
2b10c1f32010231a,7737,3
ca04eff2998ab629,7738,0
1802735137262a38,7739,4
02bdb22cf79488ef,7740,1
cf0163df331acd3e,7741,4
1e71e40d4b800faf,7742,0
27f0b082d3779826,7743,2
b5059cfd0bdfdb4f,7744,2
62893e9f32b31cc4,7745,4
26fcb835cf857d09,7746,1
66f435acfd810455,7747,2
8a2ff3b82834eed9,7748,3
8867f113e9f78345,7749,0
03a1a48625d500ab,7750,4
2e9a18edfe8073a1,7751,1
8965538559520ad7,7752,3
6bef87a7c77f49d6,7753,0
f09478097b3fe583,7754,4
09dc13538f4aee8c,7755,0
01e738872cf045cd,7756,2
6f77fab70867226a,7757,2
047414592ef17ebc,7758,0
8e47afe18ecc9c50,7759,4
abf881772b208aaa,7760,1
2e7bf0045fe9a33f,7761,0
1ce5c943bc2e26a5,7762,1
f0da21a8645d8f58,7763,4
3648531944cd6442,7764,3
6d076a00bd83b22b,7765,0
402dc25fccffdb1f,7766,2
5d95afddefb7d076,7767,2
a60088cd5f6a45cc,7768,3
f8f23479977a23f0,7769,1
edbb3dc8cb963777,7770,3
9f3c9a97cfdc94b3,7771,2
23b762078f22844a,7772,0
35467f6b900301b4,7773,2
6a8d4904a245bf89,7774,0
a7620471ade2fdbf,7775,0
d7a0e360b6fd9c1c,7776,4
13a019db54226315,7777,4
cca1274f88edb26e,7778,3
eef37bdfc23e510c,7779,1
04561bfc4a43b292,7780,1
06a0f27be7b5a1f0,7781,2
d1682b7a6f9d8efa,7782,3
0307f0ba9e4d8d2c,7783,1
229d7a302b0f9989,7784,3
fa00d55099eba690,7785,1
ebf311d1db4e7970,7786,0
4cba4c3b23ef0837,7787,2
88621d57552e93ab,7788,3
35fd4a8c17d906ed,7789,0
468976c605f44adc,7790,3
ddac8f798b6eef26,7791,4
efa83fa4b1e990cd,7792,3
0f0a5b32d6627000,7793,0
0ea87cfe2c9cb1b1,7794,4
87a9b8d6f1300be9,7795,1
4b1c364529182b77,7796,3
9d9bebdb1eb05f70,7797,3
92cbc988d3a85210,7798,1
ef9cbea24fb2a9f5,7799,1
af03b0f9d70108ce,7800,4
24c7023d415f343e,7801,1
26aecb9c3b4145e4,7802,3
32906505df7fe062,7803,2
9a78e7fd94c8af6f,7804,2
56bdc1784acf16a8,7805,3
5b840cfe25b28c46,7806,0
746014da33d5fed2,7807,4
42664fe188972642,7808,4
12703e77648a5b6a,7809,1
b60c33a5c6a0af56,7810,3
1a91e286d1ebf1f4,7811,0
e72fde0546712705,7812,1
97e4fc32dd71d180,7813,2
f0ce6bd0aa8ed8de,7814,3
f74a613ae62256f2,7815,0
68dd998d1eb87ee4,7816,0
f1f79c4783d08166,7817,2
829cbf4f2c40a080,7818,2
1af00620f9359ae0,7819,4
c637088057383430,7820,3
407358c2d79bbe6f,7821,2
407fb880ce64bc6b,7822,0
c3c10d7d8bfb9449,7823,4
e17defb3cea50f27,7824,4
503c24a1a49b95b9,7825,0
a3de73947063bdce,7826,1
57ded18d7c3121cb,7827,3
512db021d6376574,7828,3
d612f50d7b5c8905,7829,0
be030bbfb57d5284,7830,2
e49b9f53128915f3,7831,2
7f3f79b9a84a0165,7832,0
6b08bfb421f67503,7833,4
8ea5f3831f7105db,7834,2
5c736a17f4f635dc,7835,4
4aa6543d1b86f69e,7836,2
d60b881470f2ed0c,7837,0
ee972088444701db,7838,2
6d6d82f16b111282,7839,0
1809bf29ee5e1e12,7840,0
9bf843c7bd1d5fa7,7841,3
abe9bb44f0e7ffae,7842,2
59fcfe7525300944,7843,1
572a4f6ecc649fdf,7844,0
ab3fd71b17313229,7845,0
a3ad563299d492ee,7846,2
51adb3489c94018d,7847,3
5c74c2ca39ef0bc5,7848,1
4460e0641aa0461a,7849,3
09a6be22e05ace0e,7850,4
7d3ad0b8367b22d0,7851,0
792ed9bbf8d569fe,7852,4
8e5f4e9c425796e5,7853,1
19d4f7ed2326e4fb,7854,2
9f372e62a8b9e46b,7855,1
c4786a2b5d1d694e,7856,1
0aa138fae4b203c8,7857,3
c767668c1db13b68,7858,1
836d089634dc97e2,7859,1
2784aa4893060d1d,7860,3
04eabcea73d420c8,7861,3
f57a96d16add6a56,7862,4
d64788054baeb048,7863,4
571b3170d9208f73,7864,1
6814002ca93e9c43,7865,2
d960bb191665dbd2,7866,3
f29f9244df2e5a85,7867,0
701c9ba3153b15d2,7868,3
0ddb3b65199e708d,7869,1
4f8cf97784f05abe,7870,0
5a2310d96da39c05,7871,1
9de59bafe1e2fead,7872,1
bde7cc54d52efe33,7873,2
f4fc74884c4e1b15,7874,4
82a25fa4da52d5b2,7875,1
1311b22c9c7156eb,7876,1
7b3719ea036eb53f,7877,4
f21653b68f06fc8d,7878,1
b3e79a0f6acd90fb,7879,2
3dbe09ef64b4cde4,7880,0
dd44dd633b2ef23d,7881,1
c64f72a4a01ea771,7882,2
2a9f5216a41535fe,7883,1
a20d58a0095c7c16,7884,1
29ef35f76d17c374,7885,1
81c53602efca23c6,7886,3
66d9c3b572ea9690,7887,2
44d8dbacf7e2d7b7,7888,3
0434cfd9784a6234,7889,4
0c86929979703262,7890,1
c6849c20dd980ac6,7891,0
64e53daaf5c09660,7892,2
d67f45407631324b,7893,1
1ae812ac1b144812,7894,4
4f8032e63cda4923,7895,0
0c69f1b0cd23669e,7896,4
a9ec055878b9c336,7897,2
ef45f235ad9c0373,7898,1
4b71df5184c6aa04,7899,4
d9a639842db7c0ad,7900,0
6ecd5b1f7a3eb777,7901,3
262f0e62d2137d4a,7902,3
7fa38e5e71ee4014,7903,3
9dec71e7d5b70074,7904,2
53793ef0673df235,7905,2
bbac28d543c3a783,7906,4
7db06ab99d1640a9,7907,3
3e8f85dec5d036a1,7908,4
eaa4e8ed2ca7e53a,7909,4
7885f2ca44b05bc1,7910,3
654259d2b8043b99,7911,3
e9b7223d873f6da8,7912,4
e69dfe1126346424,7913,3
3061fffee1d08a6e,7914,2
ad8cfe8c6806809f,7915,1
d0c049a019a1161d,7916,2
3869d3ff9c436717,7917,0
53c2a0306c208f2b,7918,1
09703490f6130082,7919,0
9574010594207c4b,7920,3
a1804cecacb7cea6,7921,3
5c4127939ca3a648,7922,4
a7345a4be72ee8a5,7923,0
5a9a80a6554cd9b2,7924,1
28217631666c5e15,7925,1
3949a7684f465e5b,7926,2
364c5262218add45,7927,4
2ecc6c9c914d0b71,7928,2
83e22eec7b9b4ec8,7929,4
7147719b63306665,7930,1
d761887e48c32c86,7931,3
238cc0791ad80d26,7932,4
19c46142260927c7,7933,4
cc0faf920ca4ae5a,7934,0
c647994ab95887b1,7935,3
a92015cb40cce262,7936,4
9b6c73701d7ccad1,7937,4
2ee7d05f30989653,7938,1
abb30bd7de047150,7939,3
3e435a4445fe309f,7940,2
481b908873727e86,7941,2
22dd9a99bd09c64d,7942,0
f6e3b7ed52dadb34,7943,0
fceb4606e948a4a1,7944,3
32cc3b9b8fd3e55b,7945,2
0dd7c0078326bf37,7946,2
7503ef6e50fed0d7,7947,1
9be0e5a05deb8e20,7948,2
030934f8c8d91c23,7949,4
6219c69ef005f10e,7950,0
1b4fc1e80d4b0ce8,7951,0
b0ce7e336755ec80,7952,3
8add21ab5b71dfcc,7953,4
aa7c3228dfae9530,7954,2
de46e969d15b1970,7955,0
e22cbe4a0cf17012,7956,2
c5be84c220dd3bca,7957,4
9ca15d8d3f79fd0a,7958,1
3c12f854da0c5f6c,7959,1
7c3088b06fd49ebd,7960,0
1a29f9ef2c67f147,7961,1
faef81a42da1ffea,7962,3
00be19fe32db59c2,7963,4
399c8aa5a1627a97,7964,4
2dc174fce627d42e,7965,2
2c6a12afb88db5b1,7966,3
f43016958a732716,7967,3
4d877d31ae396c3b,7968,1
cadeaad081c76c78,7969,0
7944eb4e59c2c68d,7970,1
6403a4eaa7d5ba7b,7971,4
cbd9ac515f394c6d,7972,4
d3e1febf5bed8e95,7973,0
235d972a38e3da6f,7974,0
9b6dc4fb3161d92d,7975,1
73962c2a9e153cfe,7976,1
002e9ebed42e065d,7977,2
6fe33b7ab10a3761,7978,3
382840747bbd8a68,7979,0
9453e3074bc82359,7980,1
82b7b3e55db5627a,7981,0
df3183867eda218f,7982,1
f1ca9bd73d4b1ca4,7983,1
167d81d56722f084,7984,1
71c0af75d3a34428,7985,3
add4da029168b268,7986,0
07d80090936d7688,7987,1
0bc6827983584ef5,7988,1
a69f793b266e5245,7989,2
7785d38b4d6321c3,7990,2
983127ef8a13e453,7991,3
d2df16275f7aed70,7992,3
3e31db94be326e1e,7993,0
13cdfd014b0bfb68,7994,3
2b0cd2757bf6ebcc,7995,3
7f1dff355b362559,7996,2
4e3d438e1aa3ff17,7997,1
6de0ee5e5e6bd7e0,7998,2
6316c65ecda67f06,7999,1
08011382d42eb592,8000,4
f166f066c0c2bdbf,8001,1
7d871b712acaa528,8002,0
faa0e256eefa14c0,8003,4
793d732ea012ff5d,8004,2
4840c2546e97e70f,8005,0
f81d6d7b4d76c2c3,8006,1
3b2c3c876eaa12c3,8007,1
68a0de4076ebdcb2,8008,2
c365910e292bdfc3,8009,2
542281b48fbaead5,8010,4
c281c8d3975fb1d5,8011,0
cfacea5c09a034b9,8012,1
a4392302b0a675f5,8013,2
e4d9cf622fc32a75,8014,1
995ba5c2eb50b1ce,8015,4
f75de20e5399dcac,8016,2
5f7470fc565f1783,8017,2
0d2ea516a3363ab6,8018,2
ffe0ea92566f7b83,8019,3
a1b36dffc2fce292,8020,1
6aa5a69242fbcbc9,8021,0
765a41ee42dd7104,8022,4
aa94da73e66f4eae,8023,2
ea3c5d4937e8eadc,8024,1
9e8d13f9b79bf49a,8025,0
822d14909e7b848d,8026,1
14c4aedd82f1f2bd,8027,2
7d5ec710c8aeae27,8028,4
e4625392be8ebf41,8029,1
49427a220c682589,8030,0
dff208a2b70aaa18,8031,2
6000efeaf2887128,8032,1
43bb83f39a7370c2,8033,2
9ce14fb70cb8a5d8,8034,2
ec63aca28cb7fe8b,8035,3
1d064b7a25ec24f1,8036,4
13c888cab383dd41,8037,4
10225bfd91630b7a,8038,3
f0da4c582470dd89,8039,2
abe9815abc97193a,8040,1
6ee427383f4975fc,8041,1
2bc03edeb7095498,8042,1
24f4acfb2e52a096,8043,4
0ea999eff1c4a757,8044,3
a52cf0f679ee9acb,8045,0
f22fb223e8de7ae6,8046,4
85d4132424d02c2e,8047,0
1a6a8f8ce7a1969b,8048,4
9c65b44bc6e02a62,8049,0
92201ca9b3f55516,8050,4
6208d884016baa2c,8051,1
5302a0a26b6c3d93,8052,4
e9a74a5780aa57e7,8053,3
cbe2adaf4a0b108e,8054,2
78f51d82eb4379fc,8055,2
bb30b853a1dae011,8056,1
29babd11faa5ed34,8057,4
5fd179aac35d60be,8058,1
d681d9cb11b5e082,8059,1
3e9f83c6ce712d1a,8060,2
4b5988a847b740f8,8061,4
b03fce164d16b09e,8062,3
097b61bbaa9e8dcf,8063,0
2f9f53ff09c0b995,8064,3
b8c3b954744bb602,8065,2
bcddcce2096ce174,8066,1
a1df5602330a4d8b,8067,2
847ccb686a6df696,8068,1
f006c7930fcd5a2b,8069,3
8a46a97982331142,8070,0
93c375ad235b1941,8071,1
0a7f58b7764e6fed,8072,1
6ce21b4f3771db22,8073,2
cd9ff64b613b9daf,8074,0
9d75c25f895c4984,8075,1
6cac99969c81d922,8076,0
a55443d4353b1d42,8077,4
42c1e5f86cd05a2d,8078,2
c5eb0cc9d13b11ca,8079,2
4dbca5a3f84bbbe0,8080,1
ca9d049ec18dcc17,8081,4
b81c9cfba0dfce89,8082,4
3d063d155254e7db,8083,4
4b584e94969bb80d,8084,0
b1743dc3fd80e133,8085,3
a215d4bd5cc4d6ef,8086,1
1ee1da765321b6b0,8087,4
8a80269deef290b5,8088,2
f2748dc3a2828ced,8089,4
2bb3681f62c0a478,8090,4
d5dc9ef57aa13af0,8091,2
17070b256086a047,8092,2
32816c7f7274b290,8093,4
c6573390197b1c9b,8094,1
bd13082c2253cfca,8095,1
0389a45cba316d5d,8096,0
c0e794a3f3b41b04,8097,2
be7d3fc5bf741f69,8098,0
de32803af3a6e08e,8099,2
0401e828795f6b64,8100,4
2a2769cb3dc0905d,8101,1
28686ec9e8b7ce2c,8102,3
f1a1d47e7f2f5c58,8103,0
deae1700d490566f,8104,0
c6777361e6e64b55,8105,0
1ca6233d43e99b82,8106,0
dda8d5ca62797e81,8107,2
473412c013ec7d7e,8108,1
5a1edeafda29a581,8109,2
ae0cb0244b1f1771,8110,1
c5bfcd3e84aaeb95,8111,2
53988b09128421c3,8112,1
b9390b236c08cf76,8113,0
b31f2180926bf0ee,8114,1
f393c93601fac17b,8115,4
def116f12acfccef,8116,1
c8bfd7e212977dfc,8117,4
382e15d5f2660bdd,8118,2
c56d081986aeecf7,8119,0
53c378e25e516259,8120,2
2fcd60d49713ebc5,8121,0
69f6a1bc90cb9281,8122,2
0223b79f0bc9bbde,8123,3
bef3200b1636847d,8124,0
9e3f01c6294f831e,8125,2
abcf948fcc3d5680,8126,0
bd9cff71f338bbac,8127,2
527c93fdf88c0852,8128,0
2aa182f8af78eb3b,8129,3
c5444738cebd027f,8130,1
68d1814da29ee0ef,8131,2
b6ee5aa48c80ce97,8132,3
3d78bfed72da7cb3,8133,2
f2b7d77930dd614f,8134,3
cbb28ec13563a62d,8135,4
803eeca272d0ac35,8136,1
4cb2c2042eeb7993,8137,1
1feb86269288d038,8138,4
6385599755187148,8139,1
cbf782e4630a78b7,8140,2
403a1bcbe51ca822,8141,0
3d10b08b45ac4719,8142,0
7ac9874eab9fa6e7,8143,3
4fd07f35e47ff7cb,8144,1
6e7f6354a4be383a,8145,2
f1727dfb779f493a,8146,0
f6ce43f811b689de,8147,0
fbb74b169f8fa592,8148,1
b46df68c39748f2f,8149,4
6b658294c12fa79e,8150,2
1c0084ffc9bc81be,8151,4
3f18695628d9150d,8152,4
5721d84132cd1cff,8153,4
f9f82dccd600fd08,8154,4
d8ac2b096444d9c8,8155,2
faf79eeb691ac8b2,8156,1
1631c130ae17700b,8157,0
aaf5e13a15487dde,8158,4
a74710b4677727fe,8159,2
e163945a3e284c65,8160,1
c99b8364af0c516b,8161,2
27a999e061b869c7,8162,2
19ce4ec0f4abb3ff,8163,3
5e2cf8dab3bcc3d0,8164,4
5aea8e23fe548663,8165,4
6fd7ec61d3a9683c,8166,2
d4519b5a5f084d9c,8167,4
df9cb11356ca8e85,8168,0
e8603590ec765e8a,8169,4
878183334a584856,8170,2
b8a4d16d69dc81d5,8171,2
a98c76f1f7e79ea1,8172,0
2c7012916907323d,8173,0
ae0f7c582f73fc71,8174,3
9cf9fb9c137deeef,8175,0
8ffad02bc9e8182c,8176,4
e9709621f67f1091,8177,2
738cc2dfe8c6673a,8178,3
f965a4bb8e210075,8179,2
152ea75a1c4aeda9,8180,2
38711834d3ebf50d,8181,4
1145d27937270947,8182,0
05288537507ee82a,8183,1
86c18e65d96dadb7,8184,2
e685576ba28c1f3a,8185,2
4982cd1756b0dcb5,8186,3
75b1057a792105c3,8187,3
2f350d357d28aef5,8188,1
b93bcb31d03e3161,8189,1
23dcb55ac3d9dbde,8190,3
333bf10c7af003ac,8191,2
4157a3c1c38dba56,8192,2
8a17498fde706bae,8193,2
e2c832073f8af45a,8194,2
d3261ec595d0775b,8195,0
e34260f6f046761a,8196,3
ab3751e507675e68,8197,4
801d66544a063f73,8198,0
5c83e6fe3fbc67f7,8199,3
2101c221f4de35bb,8200,1
a4cf2fb7ff157a0b,8201,4
43630f2185570185,8202,2
2e4dbfe4ecf203dd,8203,4
f5b3bce23bae6fa4,8204,0
7f7aa326423f39df,8205,1
3838a2b399a3e336,8206,3
9063b8f244769c8d,8207,4
3bfe494604ec407d,8208,3
da90c6e1875fe409,8209,1
b4f92195f9163086,8210,4
96a5b15d31032131,8211,2
6fbd6ae4b00745ea,8212,4
4e7ac5604375e7c2,8213,3
315104e535a961fd,8214,2
f3bd3fc1a3a2fd03,8215,1
c588878dded60638,8216,2
5b6269429c2115cc,8217,1
5900359467b154f8,8218,1
47c5dfb2e23bbe31,8219,0
8aa36c71b3a09617,8220,0
836d149f47c31962,8221,3
fa70003a3ac54b41,8222,2
68d77b0727a2a3ca,8223,1
806512bd26635174,8224,4
f4e695ef5d6878eb,8225,1
d3aeac5b7f80c015,8226,4
eb36fafec68c7538,8227,3
52e10aa7de5fbf6c,8228,3
bf93f397db1ecf88,8229,4
5469413f71312218,8230,4
886626f14d5117df,8231,0
23381505bf9597cb,8232,0
e4e6a174c68787f3,8233,1
2bcde7e51a11359a,8234,2
ef9fc8c825cae26c,8235,3
b46c3f735dd837ed,8236,2
2ce95653709c1e3a,8237,3
e6903f0aa6baa9ac,8238,4
0702a698fcdbeacb,8239,1
d8e91e55e6ae8931,8240,3
84b606210cbdf5a7,8241,1
ce46e03df85a4308,8242,3
20ca9553de3c0f66,8243,4
fdc284f046f2146e,8244,4
ce56741350cd8108,8245,1
c4c9da611ff5d454,8246,0
325093c0b9dfbaa8,8247,0
ae8ccb732f847cda,8248,0
c66870b865a08922,8249,1
74cefdb004715ccf,8250,3
8be18734de41ea9b,8251,0
ea919be9a3607f0c,8252,4
1636cb1bbcae2c0c,8253,3
2d6ce246b056413c,8254,4
a65907da8c04951c,8255,3
99e71ea302c03d69,8256,2
e15e7286b9a85625,8257,3
fa3da7efdb7e15df,8258,0
f05acd98b43ede68,8259,4
066897203e338f88,8260,2
3be465341ec3e2b6,8261,2
43b1b69052dd0257,8262,3
e5e9d3377a363f5b,8263,4
a61f60dea7673c16,8264,3
c8fd99a2dfacb532,8265,3
6680cac0a12e8df0,8266,4
20f887b88b0b9508,8267,3
68358656becb5d3f,8268,1
63cc364a47574060,8269,4
89810a48ee03c47d,8270,1
075a72eb703e62ac,8271,2
da38f91010361977,8272,0
2c51312a52cf0fdc,8273,0
2489979740f66adf,8274,4
68caa1f85e2b282e,8275,4
489bdefbc46c83bd,8276,0
f7a2eedce5df962b,8277,2
697b10970e7ac8da,8278,3
f4ac289f6b101af1,8279,3
43c118c067d30199,8280,4
096aaa6c5156ed27,8281,1
94f4989e6f9721f1,8282,2
59e24b88c54b6df8,8283,0
63827fb319edcbe3,8284,3
fb47609f1baf5005,8285,4
e474cf9ced0a2fe3,8286,2
f3951ca5c01e79dc,8287,4
39a9683c44de052f,8288,0
370ec7270b0baaf2,8289,0
5f2eaa72835dc71f,8290,4
3181493d431184ab,8291,2
881114af7a3a1f2b,8292,3
b8aead32bb612a71,8293,0
270d7fcb522715e7,8294,1
2d2e02d346e2629d,8295,3
860377304ac28659,8296,1
d8ef69dd2071874b,8297,0
a439d828bb045dd6,8298,1
3478bc111998f495,8299,0
196ed840208bee3e,8300,4
78902748a2a88bfb,8301,2
4febd9c2e4263d9f,8302,2
4c694e0c98728f55,8303,1
1bdf29fae073394c,8304,3
43d6da11a894790c,8305,1
e26856ca41c3ee06,8306,4
474747170b594b5b,8307,1
4ba5c935b366df35,8308,2
4cc5e61e11f2568a,8309,1
8d6f0bbd8d036c58,8310,4
2b969078d313eed2,8311,1
f847cf37be21d69a,8312,2
8c444b891acc5ad6,8313,3
d67c7d07637331fc,8314,4
0669a158f4e65adf,8315,3
21b2914705903d46,8316,0
3cea63116d3937c7,8317,1
91d467f44349b558,8318,1
739d5bde9e762d1b,8319,1
a45e1288701a8d3a,8320,1
470f9530b181372d,8321,3
95d66eada2027f41,8322,1
b08def20bd795c70,8323,4
f4f75e36f6cd913a,8324,1
a981f641b2f11360,8325,3
05f35455ad0fe6f4,8326,0
3dfe3bf4f5b546a8,8327,4
f0f616d7e5214880,8328,0
3945c3ab5620dc75,8329,0
67e0e5be7ec2e00d,8330,0
48b2f6830700940e,8331,2
0e77294eaa4ac4b5,8332,3
fd808dd05a625bf2,8333,4
cb35071725813212,8334,2
bbad2c5afa246160,8335,3
1a397545572ab286,8336,3
b65edda493cf9546,8337,1
65e2cc823423aace,8338,4
38d0199ad7fa776a,8339,2
623b07c2fbc9d0b6,8340,1
5aaae29c9f65fa4f,8341,3
db9bb6d5b22b34cd,8342,3
c6aa1265dbcbd88f,8343,2
97d4195ad1098f58,8344,0
8fed9bfdf3143ae6,8345,3
c3f44b723b394b31,8346,1
3e1cc47f429ada06,8347,4
75cb1f49f30f3b27,8348,3
35570884dc26cb28,8349,1
e1a0812ad9bb36e4,8350,1
aac735399e463143,8351,0
e2493984eb454788,8352,1
7d462d68c9533dae,8353,1
780d83b218ac11fc,8354,3
0749f6f8ca7e8065,8355,4
7bfe4c9e9e569880,8356,4
4121a540dcfab09f,8357,0
a19937f8c68e1425,8358,0
1f870e41ec4e1bc3,8359,0
88deb124bb6cb89d,8360,1
be47d7eef786076c,8361,1
c79bb66d6cf8234c,8362,4
122fbe72ff7961cb,8363,3
afadc25bab775c90,8364,3
cef2a5b8b0015a45,8365,2
45149a9ed741ddbb,8366,0
2dab10ffd2cada36,8367,1
79161e0f1c99f913,8368,3
e68797a60a6d8286,8369,4
ab3ab959ee3c402c,8370,3
23879dbecdfccc13,8371,0
c1b07d54ff42ee5d,8372,3
c9136d56ece414b8,8373,4
fea6831ab8756a5d,8374,1
b7e373a275942007,8375,4
f5950280525c0922,8376,0
2b73dff165cff5cc,8377,1
55550f3a7597fd57,8378,0
6ac69e0d915f235f,8379,3
6d01a30d766f8830,8380,1
5fc11481d801f05a,8381,4
597cbfc70d44e794,8382,3
fca4342946574ceb,8383,1
02384423ee7cb682,8384,1
dcd42bd9312b360c,8385,4
3c1d6e86f2ea028b,8386,2
ca0c9de02cf602e2,8387,4
5bedbb7b1f0beaa7,8388,1
fe702e7f9ade7a0e,8389,4
d9452c991205de13,8390,3
c36a59e948ab18da,8391,2
01c2b643bea6d1fe,8392,4
bfdd88ced34abdf6,8393,3
96e7232f8bcb5427,8394,4
6545be6ac407314e,8395,1
6800d775fbf2c4fc,8396,0
755aed95fac9c805,8397,2
ee4649b02778227c,8398,4
5b89fd613425a38f,8399,3
d9369877cdeef270,8400,1
be3045d8f7ecd6d3,8401,0
96f2b1c806bbdc90,8402,3
a85fee1cd3e0de24,8403,3
f76882edd31569a9,8404,0
714e067b20aa942f,8405,1
0e86b8c3d364728d,8406,4
736f028f791051bb,8407,1
a44ea5994f1bf922,8408,4
94e5680c35a59b48,8409,3
93d806ed5511dfc4,8410,2
cf41fcb47d4e05b7,8411,0
68462b85622f42c3,8412,0
d81a6e10d6844266,8413,0
0fce81bcbff31693,8414,4
4576d3e249a8fc03,8415,1
2cc05eb47b8150d6,8416,3
a1feedc2f3ffe6b2,8417,2
155aa43ee9efb8c0,8418,4
c3ca724df7303b25,8419,3
0b09c493e6979226,8420,4
2b7ac87c031cc84d,8421,1
b3ec4b6298276760,8422,2
b2cf78ed588026e0,8423,0
cb8fbccd3a39d724,8424,3
70ff726eda993227,8425,3
71a61dcdbd0cbdd6,8426,3
98b1eaf331b4e854,8427,1
f27d20b716f85978,8428,1
f69ecc77e8eb65b5,8429,4
8a826d8e1cf5b8f4,8430,0
9f4b657075b6ec35,8431,4
3cc5338d923366f0,8432,3
1b679cbfc9903027,8433,4
d75a99c298accd8e,8434,4
1d3f748488c99968,8435,0
caed70d8d2086d28,8436,0
026dfdd39003cfbc,8437,4
e3e3f8666e081cff,8438,0
89de93945e61c97b,8439,4
652b59406e6758de,8440,3
a69927fd99a02da9,8441,1
e1fecfb5ce4161a3,8442,1
571707c12b2c49b4,8443,3
fac12e1ee2079414,8444,2
ec26761156d543e4,8445,0
f70be84ea3cfdb7e,8446,1
d0babdd82cfb27b2,8447,0
e2594e886245254b,8448,4
ae98a8c616b03714,8449,2
d14551a5223cbe32,8450,2
6211137bad52608a,8451,1
ef04c750999c1ffd,8452,0
a59cd5cbb4757d36,8453,1
a72b31832c497e75,8454,1
26ec9441f2ce1852,8455,0
6d0ffd052934b677,8456,3
c46cdca6f442cb5a,8457,2
770bed24b801a574,8458,0
67d96b6a45268926,8459,1
c3af8bc192f4dbd5,8460,1
1b406006fff65dce,8461,0
32503d17d1f69cf2,8462,4
e2c2905e5c50c618,8463,4
6b8678550cf769fe,8464,0
e312e3dbe5895854,8465,4
bd9ea081d355f3f2,8466,0
0d40acbec2ff2a65,8467,2
19270eec449a3a71,8468,1
c12ac50cc43b8078,8469,2
437776dd9070faae,8470,1
7a35bbf5a23c4ad4,8471,4
fe6d09a96fbe7bc2,8472,1
021167f0e2d64821,8473,1
c8ba96d394246155,8474,2
d82277ca91608f1f,8475,0
995b4e8a8c2014fe,8476,1
65a4c60cd82b3ea6,8477,1
900ce766150c237f,8478,0
6068933e03c3d7e0,8479,0
49fc484942630623,8480,4
54bb58ffb2e75d62,8481,4
a541fa7fdf9c3dba,8482,0
8807cabaa0b3443b,8483,4
4d7105b65b061f57,8484,3
39ce5bd9497b1848,8485,0
bff34f06666dfe01,8486,4
2ce3028529fdd2c3,8487,1
fe9a265cd5d4b429,8488,4
3299d5535a6d7aef,8489,1
b6f87f3d2ed92953,8490,1
a2ae5be4af88696b,8491,1
06647c7aa31cdd2d,8492,2
5612a71c2e485fcd,8493,3
3c2cc7cfc9458db0,8494,3
2a282993492725b9,8495,0
a755f9b4ad62a772,8496,3
f36ace19a06b1f44,8497,0
e4efc9ca9ba36c5f,8498,3
54caa31c8d8e715c,8499,1
434ee650791f137e,8500,1
1e163694130dbdee,8501,3
d04bbb54ca0de03c,8502,4
44066042968be7df,8503,3
d77378fb34059e9b,8504,1
d45a37a1f858fe18,8505,2
d46f99b650fc1e85,8506,4
156eab0fe1294ae8,8507,3
366b0eb5a2aec1af,8508,4
5509e6a7372b8a66,8509,2
6cbbfe7ff44ae896,8510,0
7b3db6de64054e86,8511,2
8ee56886fec1a733,8512,0
75dbb45e22bf0c9b,8513,1
927d3b7aa4491ce1,8514,3
0ecc9be1795c6424,8515,4
398377e2323b2d5d,8516,4
48e924d765c5ade5,8517,4
00d5519a313a799e,8518,4
7b0cfbaeb8b40761,8519,0
962bfd703f05a5a2,8520,2
5bba014ad85dcfd6,8521,2
15eb872f1ca5e0c2,8522,4
3a3d4688a55f6af4,8523,0
f86b9c9f6240d294,8524,0
240508ba410abee4,8525,3
c567fba23796280b,8526,4
f31d0232239065cb,8527,2
cf3fbc85767b3c93,8528,2
17757c2eb95baa75,8529,0
7d7fd01e623ee447,8530,2
2d4d1f26fdb40606,8531,4
226f79641baa2fe4,8532,1
74bbe4c1a801a4b9,8533,3
1dc735da77c7628d,8534,0
4901e3ae2faeedbe,8535,3
a466e8a9b401989b,8536,3
5cc59713c3c1ee52,8537,3
5fdf1489786858a0,8538,1
c7a9c15bf6cd246b,8539,3
da6e5073bfba109a,8540,4
470545439f8a3f49,8541,4
9c1fa5c0ae6c5661,8542,2
43d50ba9dd229822,8543,1
39c02ebecce88107,8544,4
b20ee14c9a9e5ac4,8545,0
63a3048b2ef0f08e,8546,4
a8b83d4b17467c7d,8547,0
2fad30d9d5a117d2,8548,0
749565df6ee3e49a,8549,3
8295242dc0272976,8550,4
0abb3a1363c44f10,8551,2
ca86e87d81b9e9d5,8552,0
8c19687964db7f57,8553,1
3e231369c62eba6e,8554,4
5d0efb9964235ab1,8555,3
afcf4e7ebe28dc7f,8556,0
43090229697d16da,8557,2
c0cd6522083b130b,8558,2
7477cad6e4812cc2,8559,1
13afbfa253655c9a,8560,4
f452dfee121b70b2,8561,3
b57b2b41e2a94ea9,8562,0
444d7d131c03b8d0,8563,2
8205f662a1d8b581,8564,4
68158360aad458d2,8565,1
c71066738326ca18,8566,4
dc4a0c29269b716b,8567,2
df483ab84ca5d395,8568,4
66fdf0b250a3ea86,8569,2
edf876d1d82433a6,8570,1
e434953060796f8e,8571,4
0622b6f244da2c59,8572,2
dc63ea3c41a1e78a,8573,0
3121f8419aa167b7,8574,2
9fde2f0dc5d0cea4,8575,0
94858433650c40ee,8576,3
340d296bfea25995,8577,3
3e629fb1786de8bc,8578,1
4ea1e461d45f533a,8579,2
a3cf486375fad539,8580,2
db051b67297e074e,8581,2
d7cdca042ccf3e3b,8582,2
8483d5f5962a6e6d,8583,3
a9cebfb5a44372d1,8584,3
806016466a10bfb8,8585,3
cda3d070250fc2ba,8586,3
e940a8c2a9c92211,8587,1
13cde5cfaff7bc6e,8588,3
1383b7c967579f1e,8589,1
2e05edc15c0a0694,8590,4
61ed5a4a07497900,8591,2
fe0b45960df2c2d2,8592,3
48ae811d0165c0dc,8593,3
6be9ae535b0bff9b,8594,1
832ce21d5194cbd2,8595,2
0df655898b4a7b1a,8596,1
11e6f88c7098ebd7,8597,4
7f1988692e1fdfeb,8598,2
514f0202e7dc2e03,8599,3
80d700d9e8effba5,8600,4
bc765d0c465598a8,8601,3
2b2ffe16f30b6163,8602,2
ed9278bed7b1d775,8603,3
d4365e1b82e9f91e,8604,2
9f34548eedeed92a,8605,1
b9319290b9cf9e86,8606,3
45cf5bad3104700b,8607,2
88702626d03c65da,8608,2
3f7ee001847f633f,8609,0
554ad4a52ff205e8,8610,3
9e02bcf144a75ae9,8611,0
8cd210b3c43d532b,8612,3
d1e4202d6c988521,8613,1
01babda4a5d69261,8614,3
ad46fb71cce53db1,8615,0
90fb27cc58e3d75b,8616,0
785b5582b7f5f220,8617,3
899161b99d5adecc,8618,0
585811891a082e4c,8619,1
25c41b0ed21e93f3,8620,3
5ebb5dcc63dcaba1,8621,0
95d2bf3ff4666333,8622,4
0864dccac7e112e6,8623,3
e73170b94be6a717,8624,3
835602d50611541f,8625,1
e45fd42bd9a45e2a,8626,0
85daa8b82f1559c8,8627,4
51e9155c0a8875a2,8628,0
d0f316e5abb2aa07,8629,1
66523f8a416e2379,8630,2
9f35ee88bec5eb12,8631,4
6f269ee445dcdb87,8632,4
1e244ab2669a266c,8633,2
55015409fb674cc1,8634,4
037923464a63589b,8635,3
20d65abff27ee1c2,8636,0
fa79375c7d262a54,8637,0
4fd20c8f0a22b676,8638,4
fe7a4ff88adab6ef,8639,1
12d27e5489a68e19,8640,0
8954b945329e7c1d,8641,0
b40d8aef127a8b7d,8642,1
1935a335fc007643,8643,3
7a121cff0016989c,8644,0
aca227c5a214bd83,8645,1
e68787a8191f1c37,8646,2
02703f63188b43ae,8647,0
24cdf34a6f72bc43,8648,1
208e400d25a71e51,8649,2
7056e40a545b2bac,8650,1
380127d5847a0fed,8651,3
6ffbef6a59d414b1,8652,4
077d477de9448245,8653,2
0979e006a06b60dd,8654,1
2349642b9a130fcd,8655,2
dfa9caa77d0ec6df,8656,2
a773aeba15374398,8657,4
139c4a1e68f4610d,8658,1
749ed25b1ad19bf9,8659,4
cca964eee06c058d,8660,4
13ff222bff37cf05,8661,0
dcb205d829b64911,8662,0
6fea066b32a59203,8663,1
9489c09abd469e27,8664,3
fd46f661ba5dc16a,8665,4
ac617e8933e133b0,8666,4
6fb8721fb9661f45,8667,1
5e81a762b341fae2,8668,2
6fa4296519a6270c,8669,1
c8f71c644abb0bcd,8670,3
f52598464992e92a,8671,0
5195b2bdc35c0783,8672,4
43469e9a3adae900,8673,2
8a74cb31cb03af03,8674,3
3b775aad9a20fc86,8675,3
b1ac1db27fef26c6,8676,4
a24304cca47537a9,8677,2
3108c7e74bb75f9c,8678,0
4b91bba026b38c11,8679,1
a3cd056747f4cce1,8680,2
aecf31d7b66b965a,8681,0
45cc95b89adaa76a,8682,1
439bcbf71367237e,8683,1
2416174cf01b228a,8684,4
4fbcf2c094b408f9,8685,0
116fda576ceddd65,8686,3
df713b2409ef08fc,8687,2
d2e2109336b1f3f3,8688,2
a7e7f7b2b74a01af,8689,0
068b0a2f9e5fc03e,8690,2
a2b487ce35cfdd63,8691,2
1c4f35faedf53ba5,8692,1
4604164ca0911129,8693,3
5a0d74f91293eede,8694,4
0c1c49d217df3130,8695,1
c02a0b39addeb1c1,8696,0
b182785882581406,8697,3
e6f021c1d6b09202,8698,3
bd0fa212ba933984,8699,0
c51a47d18a1b1d00,8700,1
074aa57a6784f243,8701,1
57e8ce695ca3f477,8702,0
82a2f0841db9aa0f,8703,0
34f452974ec68940,8704,4
1374e74320ef89d6,8705,2
77db754928e0ba2e,8706,3
805ab416b01649a7,8707,4
88018a9ed23ee7ae,8708,1
f53345f021821753,8709,2
f5b7e8d7567bd1d1,8710,2
3ac434fd9cdc0917,8711,2
97b438de612d0d7f,8712,0
62bd4ce57f269337,8713,3
732e26431626632b,8714,3
838688c53eda063b,8715,4
22b61417f34613e0,8716,0
c4fe853724a9e245,8717,1
14425e5114167709,8718,3
1d7536e192d6c320,8719,4
d14cfa9a8c628daf,8720,3
eb32902485449294,8721,4
e1a45fed55b9dcf9,8722,4
2d6352a8a477517d,8723,3
b2b8d11f85d86453,8724,0
b6bdd9b851490c9b,8725,2
31f3839c26dbbfdd,8726,2
5500eed5bfff87c6,8727,0
6e7ff87a17a92938,8728,3
a8fad0c4321f6acc,8729,2
c4bfd2b05a68075e,8730,1
5c642dc4fea3972a,8731,4
37b8a72f74bd1faf,8732,3
1004af340ad7e37d,8733,4
f8cfa2c34996e552,8734,2
ef9802ab67c3dbaf,8735,4
269c0f468798647b,8736,4
31310c510896e7fb,8737,0
