fold,strategy,family,score,n,n_positive
0,bks,CWE-190,0.015453011668156448,15651,252
0,bks,CWE-20,0.00817333770425088,2943,27
0,bks,CWE-20,0.045420749634201264,12708,585
0,bks,CWE-285,0.008322617516788113,18,0
0,bks,CWE-285,0.016929856192608016,81,0
0,bks,CWE-285,0.03341526839336722,15525,522
0,bks,CWE-285,0.050789568577824046,27,0
0,bks,CWE-287,0.06671619011049197,15390,1026
0,bks,CWE-287,0.3781447769849474,243,81
0,bks,CWE-287,0.523717673953422,18,18
0,bks,CWE-311,0.024340626171253252,14814,387
0,bks,CWE-311,0.09086247014879677,99,9
0,bks,CWE-311,0.36171553919467486,495,171
0,bks,CWE-311,0.42711984064950453,243,126
0,bks,CWE-327,0.010917241026322723,15012,126
0,bks,CWE-327,0.04000571510215745,9,0
0,bks,CWE-327,0.2376473950060093,63,18
0,bks,CWE-327,0.6037989465374543,360,279
0,bks,CWE-327,0.6733342858503596,9,9
0,bks,CWE-327,0.7386674286802877,18,18
0,bks,CWE-327,0.9361040445481079,180,180
0,bks,CWE-330,0.003238459994358319,15210,81
0,bks,CWE-330,0.004396232428808511,72,0
0,bks,CWE-330,0.01905034052483688,9,9
0,bks,CWE-330,0.9892063945643028,360,360
0,bks,CWE-345,0.010096680478163547,9,0
0,bks,CWE-345,0.05748540402790407,15570,891
0,bks,CWE-345,0.5024232033147592,72,63
0,bks,CWE-400,0.02873484672456628,15642,450
0,bks,CWE-400,0.17628708863170928,9,0
0,bks,CWE-610,0.019770582910939367,15336,351
0,bks,CWE-610,0.29445022758353234,36,0
0,bks,CWE-610,0.6401905548926552,279,126
0,bks,CWE-668,0.02772093562678709,1125,45
0,bks,CWE-668,0.1324725026409571,14526,1935
0,bks,CWE-706,0.005667476306138972,27,0
0,bks,CWE-706,0.021239570944371764,15093,225
0,bks,CWE-706,0.4355855425682573,441,261
0,bks,CWE-706,0.529895248193351,90,54
0,bks,CWE-74,0.08331582897007583,11664,1062
0,bks,CWE-74,0.08437665597797878,1386,90
0,bks,CWE-74,0.3865891474385447,792,225
0,bks,CWE-74,0.6425342718132666,1809,1197
0,bks,CWE-913,0.009373587276816642,15516,135
0,bks,CWE-913,0.2561437348192599,9,0
0,bks,CWE-913,0.3128839834262037,126,54
0,bks,CWE-923,0.03786796072908375,15651,594
0,decision_tree,CWE-190,0.49112691717485474,15651,252
0,decision_tree,CWE-20,0.1684352324341078,2943,27
0,decision_tree,CWE-20,0.5406186179222121,12708,585
0,decision_tree,CWE-285,0.0,18,0
0,decision_tree,CWE-285,0.32613515858478775,81,0
0,decision_tree,CWE-285,0.500967994635655,15525,522
0,decision_tree,CWE-285,0.617335766423358,27,0
0,decision_tree,CWE-287,0.48271411597177377,15390,1026
0,decision_tree,CWE-287,0.8969370860927159,243,81
0,decision_tree,CWE-287,0.9751012449377532,18,18
0,decision_tree,CWE-311,0.35064788289461263,14814,387
0,decision_tree,CWE-311,0.6883990862505406,99,9
0,decision_tree,CWE-311,0.9254451575544065,495,171
0,decision_tree,CWE-311,0.9429312959290795,243,126
0,decision_tree,CWE-327,0.20926936390238704,15021,126
0,decision_tree,CWE-327,0.9460504961427586,81,36
0,decision_tree,CWE-327,0.9740661393985297,360,279
0,decision_tree,CWE-327,0.9974022118310695,189,189
0,decision_tree,CWE-330,0.0,72,0
0,decision_tree,CWE-330,0.0992569234587426,15210,81
0,decision_tree,CWE-330,0.9998347683700396,369,369
0,decision_tree,CWE-345,0.0,9,0
0,decision_tree,CWE-345,0.4860685095491958,15570,891
0,decision_tree,CWE-345,0.9439949002739374,72,63
0,decision_tree,CWE-400,0.4988696717465402,15642,450
0,decision_tree,CWE-400,0.9181412940699714,9,0
0,decision_tree,CWE-610,0.3900124092552264,15336,351
0,decision_tree,CWE-610,0.9548269068392908,36,0
0,decision_tree,CWE-610,0.9833995758032276,279,126
0,decision_tree,CWE-668,0.16387960554900044,1125,45
0,decision_tree,CWE-668,0.5159214701096206,14526,1935
0,decision_tree,CWE-706,0.0,27,0
0,decision_tree,CWE-706,0.38132062243701353,15093,225
0,decision_tree,CWE-706,0.957083874012032,441,261
0,decision_tree,CWE-706,0.9759512673941915,90,54
0,decision_tree,CWE-74,0.31807669272542644,11664,1062
0,decision_tree,CWE-74,0.3204624955229563,1386,90
0,decision_tree,CWE-74,0.7646875716893169,792,225
0,decision_tree,CWE-74,0.902718034188738,1809,1197
0,decision_tree,CWE-913,0.4357082558223726,15525,135
0,decision_tree,CWE-913,0.9745404308108708,126,54
0,decision_tree,CWE-923,0.5000000000000149,15651,594
0,dst_dempster_fire_specificity_silence_sensitivity,CWE-190,0.48214285714285715,15651,252
0,dst_dempster_fire_specificity_silence_sensitivity,CWE-20,0.48161764705882354,12708,585
0,dst_dempster_fire_specificity_silence_sensitivity,CWE-20,0.9092463207967891,2943,27
0,dst_dempster_fire_specificity_silence_sensitivity,CWE-285,0.4957173644753081,15525,522
0,dst_dempster_fire_specificity_silence_sensitivity,CWE-285,0.9950808330859523,81,0
0,dst_dempster_fire_specificity_silence_sensitivity,CWE-285,0.9982111641702809,27,0
0,dst_dempster_fire_specificity_silence_sensitivity,CWE-285,0.9999826993988216,18,0
0,dst_dempster_fire_specificity_silence_sensitivity,CWE-287,0.4611861099014532,15390,1026
0,dst_dempster_fire_specificity_silence_sensitivity,CWE-287,0.9959982815682281,243,81
0,dst_dempster_fire_specificity_silence_sensitivity,CWE-287,0.9999118182740383,18,18
0,dst_dempster_fire_specificity_silence_sensitivity,CWE-311,0.21255537750966158,14814,387
0,dst_dempster_fire_specificity_silence_sensitivity,CWE-311,0.9746767728247001,495,171
0,dst_dempster_fire_specificity_silence_sensitivity,CWE-311,0.9747626688059902,99,9
0,dst_dempster_fire_specificity_silence_sensitivity,CWE-311,0.999684400562158,243,126
0,dst_dempster_fire_specificity_silence_sensitivity,CWE-327,0.09899262026239064,15012,126
0,dst_dempster_fire_specificity_silence_sensitivity,CWE-327,0.9873210691001192,360,279
0,dst_dempster_fire_specificity_silence_sensitivity,CWE-327,0.9873746750881056,63,18
0,dst_dempster_fire_specificity_silence_sensitivity,CWE-327,0.9975002983097211,9,0
0,dst_dempster_fire_specificity_silence_sensitivity,CWE-327,0.9999708939540787,180,180
0,dst_dempster_fire_specificity_silence_sensitivity,CWE-327,0.999993013848564,18,18
0,dst_dempster_fire_specificity_silence_sensitivity,CWE-327,0.9999999848745089,9,9
0,dst_dempster_fire_specificity_silence_sensitivity,CWE-330,0.00605,15210,81
0,dst_dempster_fire_specificity_silence_sensitivity,CWE-330,0.9862804878048776,72,0
0,dst_dempster_fire_specificity_silence_sensitivity,CWE-330,0.9987379470605516,9,9
0,dst_dempster_fire_specificity_silence_sensitivity,CWE-330,0.9999998810203719,360,360
0,dst_dempster_fire_specificity_silence_sensitivity,CWE-345,0.4705188679245283,15570,891
0,dst_dempster_fire_specificity_silence_sensitivity,CWE-345,0.9982509505703422,72,63
0,dst_dempster_fire_specificity_silence_sensitivity,CWE-345,0.9991443299951404,9,0
0,dst_dempster_fire_specificity_silence_sensitivity,CWE-400,0.4975247524752475,15642,450
0,dst_dempster_fire_specificity_silence_sensitivity,CWE-400,0.9997793144034133,9,0
0,dst_dempster_fire_specificity_silence_sensitivity,CWE-610,0.31188313389815703,15336,351
0,dst_dempster_fire_specificity_silence_sensitivity,CWE-610,0.9970108794307359,279,126
0,dst_dempster_fire_specificity_silence_sensitivity,CWE-610,0.9995355333038638,36,0
0,dst_dempster_fire_specificity_silence_sensitivity,CWE-668,0.4925883694412771,14526,1935
0,dst_dempster_fire_specificity_silence_sensitivity,CWE-668,0.9621855602744201,1125,45
0,dst_dempster_fire_specificity_silence_sensitivity,CWE-706,0.28981004166372437,15093,225
0,dst_dempster_fire_specificity_silence_sensitivity,CWE-706,0.9908365356192729,441,261
0,dst_dempster_fire_specificity_silence_sensitivity,CWE-706,0.9971061812051494,27,0
0,dst_dempster_fire_specificity_silence_sensitivity,CWE-706,0.9999788016574784,90,54
0,dst_dempster_fire_specificity_silence_sensitivity,CWE-74,0.11153093101443223,11664,1062
0,dst_dempster_fire_specificity_silence_sensitivity,CWE-74,0.7754985551710606,1386,90
0,dst_dempster_fire_specificity_silence_sensitivity,CWE-74,0.8813194800853648,792,225
0,dst_dempster_fire_specificity_silence_sensitivity,CWE-74,0.9933728169617093,1809,1197
0,dst_dempster_fire_specificity_silence_sensitivity,CWE-913,0.3792590589507842,15516,135
0,dst_dempster_fire_specificity_silence_sensitivity,CWE-913,0.9968909906797788,126,54
0,dst_dempster_fire_specificity_silence_sensitivity,CWE-913,0.9998838427449931,9,0
0,dst_dempster_fire_specificity_silence_sensitivity,CWE-923,0.5,15651,594
0,dst_pcr6_fire_specificity_silence_sensitivity,CWE-190,0.48214285714285715,15651,252
0,dst_pcr6_fire_specificity_silence_sensitivity,CWE-20,0.48161764705882354,12708,585
0,dst_pcr6_fire_specificity_silence_sensitivity,CWE-20,0.9092463207967891,2943,27
0,dst_pcr6_fire_specificity_silence_sensitivity,CWE-285,0.49571736447530806,15525,522
0,dst_pcr6_fire_specificity_silence_sensitivity,CWE-285,0.9950833989990695,81,0
0,dst_pcr6_fire_specificity_silence_sensitivity,CWE-285,0.9982004734033378,27,0
0,dst_pcr6_fire_specificity_silence_sensitivity,CWE-285,0.9999826993988216,18,0
0,dst_pcr6_fire_specificity_silence_sensitivity,CWE-287,0.4611861099014532,15390,1026
0,dst_pcr6_fire_specificity_silence_sensitivity,CWE-287,0.9955545627546049,18,18
0,dst_pcr6_fire_specificity_silence_sensitivity,CWE-287,0.9959383493246816,243,81
0,dst_pcr6_fire_specificity_silence_sensitivity,CWE-311,0.21255537750966164,14814,387
0,dst_pcr6_fire_specificity_silence_sensitivity,CWE-311,0.8390566058485024,99,9
0,dst_pcr6_fire_specificity_silence_sensitivity,CWE-311,0.9453399348809837,495,171
0,dst_pcr6_fire_specificity_silence_sensitivity,CWE-311,0.999684400562158,243,126
0,dst_pcr6_fire_specificity_silence_sensitivity,CWE-327,0.0989926202623907,15012,126
0,dst_pcr6_fire_specificity_silence_sensitivity,CWE-327,0.6746858688604638,9,0
0,dst_pcr6_fire_specificity_silence_sensitivity,CWE-327,0.7243990701957079,63,18
0,dst_pcr6_fire_specificity_silence_sensitivity,CWE-327,0.8303891410661384,18,18
0,dst_pcr6_fire_specificity_silence_sensitivity,CWE-327,0.8965884400494768,360,279
0,dst_pcr6_fire_specificity_silence_sensitivity,CWE-327,0.9976967592490222,180,180
0,dst_pcr6_fire_specificity_silence_sensitivity,CWE-327,0.9999999848745089,9,9
0,dst_pcr6_fire_specificity_silence_sensitivity,CWE-330,0.00605,15210,81
0,dst_pcr6_fire_specificity_silence_sensitivity,CWE-330,0.579690139574659,72,0
0,dst_pcr6_fire_specificity_silence_sensitivity,CWE-330,0.5807895090781406,9,9
0,dst_pcr6_fire_specificity_silence_sensitivity,CWE-330,0.9999998810203719,360,360
0,dst_pcr6_fire_specificity_silence_sensitivity,CWE-345,0.4705188679245283,15570,891
0,dst_pcr6_fire_specificity_silence_sensitivity,CWE-345,0.995912007069992,9,0
0,dst_pcr6_fire_specificity_silence_sensitivity,CWE-345,0.9982509505703422,72,63
0,dst_pcr6_fire_specificity_silence_sensitivity,CWE-400,0.4975247524752475,15642,450
0,dst_pcr6_fire_specificity_silence_sensitivity,CWE-400,0.9997793144034133,9,0
0,dst_pcr6_fire_specificity_silence_sensitivity,CWE-610,0.31188313389815703,15336,351
0,dst_pcr6_fire_specificity_silence_sensitivity,CWE-610,0.9066399778406071,36,0
0,dst_pcr6_fire_specificity_silence_sensitivity,CWE-610,0.9960722193715339,279,126
0,dst_pcr6_fire_specificity_silence_sensitivity,CWE-668,0.4925883694412771,14526,1935
0,dst_pcr6_fire_specificity_silence_sensitivity,CWE-668,0.9621855602744201,1125,45
0,dst_pcr6_fire_specificity_silence_sensitivity,CWE-706,0.2898100416637243,15093,225
0,dst_pcr6_fire_specificity_silence_sensitivity,CWE-706,0.8865005450461697,27,0
0,dst_pcr6_fire_specificity_silence_sensitivity,CWE-706,0.989522007924174,441,261
0,dst_pcr6_fire_specificity_silence_sensitivity,CWE-706,0.9999788016574784,90,54
0,dst_pcr6_fire_specificity_silence_sensitivity,CWE-74,0.11153093101443223,11664,1062
0,dst_pcr6_fire_specificity_silence_sensitivity,CWE-74,0.6879126426694313,1386,90
0,dst_pcr6_fire_specificity_silence_sensitivity,CWE-74,0.7847230231910411,792,225
0,dst_pcr6_fire_specificity_silence_sensitivity,CWE-74,0.9933728169617093,1809,1197
0,dst_pcr6_fire_specificity_silence_sensitivity,CWE-913,0.3792590589507842,15516,135
0,dst_pcr6_fire_specificity_silence_sensitivity,CWE-913,0.9560331556452332,9,0
0,dst_pcr6_fire_specificity_silence_sensitivity,CWE-913,0.9967932776002766,126,54
0,dst_pcr6_fire_specificity_silence_sensitivity,CWE-923,0.5,15651,594
0,dst_yager_fire_specificity_silence_sensitivity,CWE-190,0.48214285714285715,15651,252
0,dst_yager_fire_specificity_silence_sensitivity,CWE-20,0.48161764705882354,12708,585
0,dst_yager_fire_specificity_silence_sensitivity,CWE-20,0.9092463207967891,2943,27
0,dst_yager_fire_specificity_silence_sensitivity,CWE-285,0.4957173644753081,15525,522
0,dst_yager_fire_specificity_silence_sensitivity,CWE-285,0.9929767494376706,81,0
0,dst_yager_fire_specificity_silence_sensitivity,CWE-285,0.9960805035021104,27,0
0,dst_yager_fire_specificity_silence_sensitivity,CWE-285,0.9999826993988216,18,0
0,dst_yager_fire_specificity_silence_sensitivity,CWE-287,0.4611861099014532,15390,1026
0,dst_yager_fire_specificity_silence_sensitivity,CWE-287,0.9657865425708371,18,18
0,dst_yager_fire_specificity_silence_sensitivity,CWE-287,0.9910574462130941,243,81
0,dst_yager_fire_specificity_silence_sensitivity,CWE-311,0.21255537750966158,14814,387
0,dst_yager_fire_specificity_silence_sensitivity,CWE-311,0.7576479893189372,99,9
0,dst_yager_fire_specificity_silence_sensitivity,CWE-311,0.881167370513881,495,171
0,dst_yager_fire_specificity_silence_sensitivity,CWE-311,0.999684400562158,243,126
0,dst_yager_fire_specificity_silence_sensitivity,CWE-327,0.09899262026239064,15012,126
0,dst_yager_fire_specificity_silence_sensitivity,CWE-327,0.6059013162490774,9,0
0,dst_yager_fire_specificity_silence_sensitivity,CWE-327,0.650830864195656,63,18
0,dst_yager_fire_specificity_silence_sensitivity,CWE-327,0.6642843409319972,18,18
0,dst_yager_fire_specificity_silence_sensitivity,CWE-327,0.7957751159140543,360,279
0,dst_yager_fire_specificity_silence_sensitivity,CWE-327,0.9660460215276613,180,180
0,dst_yager_fire_specificity_silence_sensitivity,CWE-327,0.9999999848745089,9,9
0,dst_yager_fire_specificity_silence_sensitivity,CWE-330,0.00605,15210,81
0,dst_yager_fire_specificity_silence_sensitivity,CWE-330,0.5541910575084571,72,0
0,dst_yager_fire_specificity_silence_sensitivity,CWE-330,0.5549264597734961,9,9
0,dst_yager_fire_specificity_silence_sensitivity,CWE-330,0.9999998810203719,360,360
0,dst_yager_fire_specificity_silence_sensitivity,CWE-345,0.4705188679245283,15570,891
0,dst_yager_fire_specificity_silence_sensitivity,CWE-345,0.969758411650764,9,0
0,dst_yager_fire_specificity_silence_sensitivity,CWE-345,0.9982509505703422,72,63
0,dst_yager_fire_specificity_silence_sensitivity,CWE-400,0.4975247524752475,15642,450
0,dst_yager_fire_specificity_silence_sensitivity,CWE-400,0.9997793144034133,9,0
0,dst_yager_fire_specificity_silence_sensitivity,CWE-610,0.31188313389815703,15336,351
0,dst_yager_fire_specificity_silence_sensitivity,CWE-610,0.8222088306393295,36,0
0,dst_yager_fire_specificity_silence_sensitivity,CWE-610,0.9808445650452139,279,126
0,dst_yager_fire_specificity_silence_sensitivity,CWE-668,0.4925883694412771,14526,1935
0,dst_yager_fire_specificity_silence_sensitivity,CWE-668,0.9621855602744201,1125,45
0,dst_yager_fire_specificity_silence_sensitivity,CWE-706,0.28981004166372437,15093,225
0,dst_yager_fire_specificity_silence_sensitivity,CWE-706,0.8012637979315377,27,0
0,dst_yager_fire_specificity_silence_sensitivity,CWE-706,0.9705608911217202,441,261
0,dst_yager_fire_specificity_silence_sensitivity,CWE-706,0.9999788016574784,90,54
0,dst_yager_fire_specificity_silence_sensitivity,CWE-74,0.11153093101443223,11664,1062
0,dst_yager_fire_specificity_silence_sensitivity,CWE-74,0.6398003554170885,1386,90
0,dst_yager_fire_specificity_silence_sensitivity,CWE-74,0.7170925009029054,792,225
0,dst_yager_fire_specificity_silence_sensitivity,CWE-74,0.9933728169617093,1809,1197
0,dst_yager_fire_specificity_silence_sensitivity,CWE-913,0.3792590589507842,15516,135
0,dst_yager_fire_specificity_silence_sensitivity,CWE-913,0.883648602733643,9,0
0,dst_yager_fire_specificity_silence_sensitivity,CWE-913,0.9911482915571942,126,54
0,dst_yager_fire_specificity_silence_sensitivity,CWE-923,0.5,15651,594
0,gradient_boosting,CWE-190,0.4913457949431484,15651,252
0,gradient_boosting,CWE-20,0.17671541056903275,2943,27
0,gradient_boosting,CWE-20,0.5400716166587556,12708,585
0,gradient_boosting,CWE-285,0.003251039643295359,18,0
0,gradient_boosting,CWE-285,0.3119198636697666,81,0
0,gradient_boosting,CWE-285,0.5032424777212777,15525,522
0,gradient_boosting,CWE-285,0.519185486192782,27,0
0,gradient_boosting,CWE-287,0.4826297899419736,15390,1026
0,gradient_boosting,CWE-287,0.8915070595118247,243,81
0,gradient_boosting,CWE-287,0.9758529302601527,18,18
0,gradient_boosting,CWE-311,0.34875279029839856,14814,387
0,gradient_boosting,CWE-311,0.6841669931305713,99,9
0,gradient_boosting,CWE-311,0.9250851257832823,495,171
0,gradient_boosting,CWE-311,0.9375549329936134,243,126
0,gradient_boosting,CWE-327,0.2089271337824443,15012,126
0,gradient_boosting,CWE-327,0.6424406725418879,9,0
0,gradient_boosting,CWE-327,0.8971887304256841,63,18
0,gradient_boosting,CWE-327,0.9725849183827272,360,279
0,gradient_boosting,CWE-327,0.9826284129578825,18,18
0,gradient_boosting,CWE-327,0.9921617978446099,9,9
0,gradient_boosting,CWE-327,0.9924763645188392,180,180
0,gradient_boosting,CWE-330,0.003251039643295359,72,0
0,gradient_boosting,CWE-330,0.10199250098531694,15210,81
0,gradient_boosting,CWE-330,0.8977455033166916,9,9
0,gradient_boosting,CWE-330,0.9966647656088445,360,360
0,gradient_boosting,CWE-345,0.003251039643295359,9,0
0,gradient_boosting,CWE-345,0.48573844095853536,15570,891
0,gradient_boosting,CWE-345,0.943371390732062,72,63
0,gradient_boosting,CWE-400,0.49713920822346813,15642,450
0,gradient_boosting,CWE-400,0.8673503076922022,9,0
0,gradient_boosting,CWE-610,0.39066070127268016,15336,351
0,gradient_boosting,CWE-610,0.9035298875512664,36,0
0,gradient_boosting,CWE-610,0.9800607509173939,279,126
0,gradient_boosting,CWE-668,0.17269094450405775,1125,45
0,gradient_boosting,CWE-668,0.5135981618333761,14526,1935
0,gradient_boosting,CWE-706,0.0032510396432953647,27,0
0,gradient_boosting,CWE-706,0.383041473167754,15093,225
0,gradient_boosting,CWE-706,0.9544460900590858,441,261
0,gradient_boosting,CWE-706,0.973092559232761,90,54
0,gradient_boosting,CWE-74,0.3200016351162847,11664,1062
0,gradient_boosting,CWE-74,0.32003389466644666,1386,90
0,gradient_boosting,CWE-74,0.7620871062760911,792,225
0,gradient_boosting,CWE-74,0.9019924833949147,1809,1197
0,gradient_boosting,CWE-913,0.43433979296770736,15525,135
0,gradient_boosting,CWE-913,0.9594269400170375,126,54
0,gradient_boosting,CWE-923,0.5020309325438584,15651,594
0,logistic_interactions,CWE-190,0.49156438637870176,15651,252
0,logistic_interactions,CWE-20,0.17081790336145433,2943,27
0,logistic_interactions,CWE-20,0.5403380719044508,12708,585
0,logistic_interactions,CWE-285,0.30062584032609746,18,0
0,logistic_interactions,CWE-285,0.3242198927241522,81,0
0,logistic_interactions,CWE-285,0.5009792783167099,15525,522
0,logistic_interactions,CWE-285,0.5799532557312117,27,0
0,logistic_interactions,CWE-287,0.48330934313418494,15390,1026
0,logistic_interactions,CWE-287,0.8793843818846585,18,18
0,logistic_interactions,CWE-287,0.8825657951751225,243,81
0,logistic_interactions,CWE-311,0.35172452367363816,14814,387
0,logistic_interactions,CWE-311,0.6606196232570354,99,9
0,logistic_interactions,CWE-311,0.9220032019481665,495,171
0,logistic_interactions,CWE-311,0.9439319739061616,243,126
0,logistic_interactions,CWE-327,0.21122875488759085,15012,126
0,logistic_interactions,CWE-327,0.40806681092063013,9,0
0,logistic_interactions,CWE-327,0.8730712081639068,63,18
0,logistic_interactions,CWE-327,0.9701975604961318,360,279
0,logistic_interactions,CWE-327,0.9785329336158927,18,18
0,logistic_interactions,CWE-327,0.997693766239701,180,180
0,logistic_interactions,CWE-327,0.9993473224839505,9,9
0,logistic_interactions,CWE-330,0.09969611458505183,15210,81
0,logistic_interactions,CWE-330,0.36890296981128556,72,0
0,logistic_interactions,CWE-330,0.7871396023482325,9,9
0,logistic_interactions,CWE-330,0.9987958282056736,360,360
0,logistic_interactions,CWE-345,0.2293387564783063,9,0
0,logistic_interactions,CWE-345,0.4862944485434332,15570,891
0,logistic_interactions,CWE-345,0.9327360740572251,72,63
0,logistic_interactions,CWE-400,0.49906052634787557,15642,450
0,logistic_interactions,CWE-400,0.8133090345754126,9,0
0,logistic_interactions,CWE-610,0.3911002964584164,15336,351
0,logistic_interactions,CWE-610,0.8846006508350676,36,0
0,logistic_interactions,CWE-610,0.9797885847860602,279,126
0,logistic_interactions,CWE-668,0.16923924087702924,1125,45
0,logistic_interactions,CWE-668,0.51567403820572,14526,1935
0,logistic_interactions,CWE-706,0.2698014914305794,27,0
0,logistic_interactions,CWE-706,0.3816811960695555,15093,225
0,logistic_interactions,CWE-706,0.9547819402465647,441,261
0,logistic_interactions,CWE-706,0.9690055282029217,90,54
0,logistic_interactions,CWE-74,0.31821752274134746,11664,1062
0,logistic_interactions,CWE-74,0.32236658912821275,1386,90
0,logistic_interactions,CWE-74,0.7631131564801393,792,225
0,logistic_interactions,CWE-74,0.9021624590213845,1809,1197
0,logistic_interactions,CWE-913,0.4330411220661829,15516,135
0,logistic_interactions,CWE-913,0.9183494903864466,9,0
0,logistic_interactions,CWE-913,0.9698048012719925,126,54
0,logistic_interactions,CWE-923,0.5,15651,594
0,logistic_regression,CWE-190,0.49156438637870176,15651,252
0,logistic_regression,CWE-20,0.17081790336145433,2943,27
0,logistic_regression,CWE-20,0.5403380719044508,12708,585
0,logistic_regression,CWE-285,0.3177643675726134,81,0
0,logistic_regression,CWE-285,0.3600191945439554,18,0
0,logistic_regression,CWE-285,0.5011144831940579,15525,522
0,logistic_regression,CWE-285,0.5481607426179269,27,0
0,logistic_regression,CWE-287,0.48330312733029557,15390,1026
0,logistic_regression,CWE-287,0.881320864711792,18,18
0,logistic_regression,CWE-287,0.8827776893191803,243,81
0,logistic_regression,CWE-311,0.35343123002743393,14814,387
0,logistic_regression,CWE-311,0.5473334771682296,99,9
0,logistic_regression,CWE-311,0.9124633388696912,495,171
0,logistic_regression,CWE-311,0.9584326153004236,243,126
0,logistic_regression,CWE-327,0.21138118151725618,15012,126
0,logistic_regression,CWE-327,0.589446072332191,9,0
0,logistic_regression,CWE-327,0.8708488407543853,63,18
0,logistic_regression,CWE-327,0.9694165555497409,360,279
0,logistic_regression,CWE-327,0.9730586190778094,18,18
0,logistic_regression,CWE-327,0.9987474750845493,180,180
0,logistic_regression,CWE-327,0.9997659253794869,9,9
0,logistic_regression,CWE-330,0.0996659437087067,15210,81
0,logistic_regression,CWE-330,0.6152345957631871,72,0
0,logistic_regression,CWE-330,0.972857891610662,9,9
0,logistic_regression,CWE-330,0.998072233094913,360,360
0,logistic_regression,CWE-345,0.2293387564783063,9,0
0,logistic_regression,CWE-345,0.4862944485434332,15570,891
0,logistic_regression,CWE-345,0.9327360740572251,72,63
0,logistic_regression,CWE-400,0.49906052634787557,15642,450
0,logistic_regression,CWE-400,0.8133090345754126,9,0
0,logistic_regression,CWE-610,0.39113167328555676,15336,351
0,logistic_regression,CWE-610,0.8852765514702259,36,0
0,logistic_regression,CWE-610,0.9798178037166675,279,126
0,logistic_regression,CWE-668,0.16923924087702924,1125,45
0,logistic_regression,CWE-668,0.51567403820572,14526,1935
0,logistic_regression,CWE-706,0.381509967765316,15093,225
0,logistic_regression,CWE-706,0.4120933186534833,27,0
0,logistic_regression,CWE-706,0.956339922977533,441,261
0,logistic_regression,CWE-706,0.9613764919449744,90,54
0,logistic_regression,CWE-74,0.3084779441858444,11664,1062
0,logistic_regression,CWE-74,0.40394678591031963,1386,90
0,logistic_regression,CWE-74,0.824320585860017,792,225
0,logistic_regression,CWE-74,0.8769756143481011,1809,1197
0,logistic_regression,CWE-913,0.4330411220661829,15516,135
0,logistic_regression,CWE-913,0.9183494903864466,9,0
0,logistic_regression,CWE-913,0.9698048012719925,126,54
0,logistic_regression,CWE-923,0.5,15651,594
0,naive_bayes,CWE-190,0.015454815913823942,15651,252
0,naive_bayes,CWE-20,0.008123476848090979,2943,27
0,naive_bayes,CWE-20,0.045423023578363385,12708,585
0,naive_bayes,CWE-285,0.014914385034353191,81,0
0,naive_bayes,CWE-285,0.01800243722029152,18,0
0,naive_bayes,CWE-285,0.033443798859721326,15525,522
0,naive_bayes,CWE-285,0.04021179158416165,27,0
0,naive_bayes,CWE-287,0.06654332817116766,15390,1026
0,naive_bayes,CWE-287,0.3978202998096433,243,81
0,naive_bayes,CWE-287,0.4193705825997364,18,18
0,naive_bayes,CWE-311,0.020288448650677634,14814,387
0,naive_bayes,CWE-311,0.21785520114919574,99,9
0,naive_bayes,CWE-311,0.3407687981640924,495,171
0,naive_bayes,CWE-311,0.8742562221508702,243,126
0,naive_bayes,CWE-327,0.008319752615691012,15012,126
0,naive_bayes,CWE-327,0.37892940050799845,9,0
0,naive_bayes,CWE-327,0.49748441267304006,63,18
0,naive_bayes,CWE-327,0.6062174890700336,360,279
0,naive_bayes,CWE-327,0.9863006240000753,18,18
0,naive_bayes,CWE-327,0.9945253967590595,180,180
0,naive_bayes,CWE-327,0.9999243122982108,9,9
0,naive_bayes,CWE-330,0.0003567410496324092,15210,81
0,naive_bayes,CWE-330,0.640518172004318,72,0
0,naive_bayes,CWE-330,0.7425667475728156,9,9
0,naive_bayes,CWE-330,0.9999305691436651,360,360
0,naive_bayes,CWE-345,0.038498578549581275,9,0
0,naive_bayes,CWE-345,0.057430039709880455,15570,891
0,naive_bayes,CWE-345,0.5209634980340215,72,63
0,naive_bayes,CWE-400,0.028750416773765542,15642,450
0,naive_bayes,CWE-400,0.12825445684237535,9,0
0,naive_bayes,CWE-610,0.019419704715497095,15336,351
0,naive_bayes,CWE-610,0.40085349427227623,36,0
0,naive_bayes,CWE-610,0.6594603893683516,279,126
0,naive_bayes,CWE-668,0.027310924369747837,1125,45
0,naive_bayes,CWE-668,0.13245439215085084,14526,1935
0,naive_bayes,CWE-706,0.02038190974281389,15093,225
0,naive_bayes,CWE-706,0.26579158572348105,27,0
0,naive_bayes,CWE-706,0.441935371713477,441,261
0,naive_bayes,CWE-706,0.9323350229381755,90,54
0,naive_bayes,CWE-74,0.05295572940469224,11664,1062
0,naive_bayes,CWE-74,0.22975239081941726,1386,90
0,naive_bayes,CWE-74,0.42925974281677676,792,225
0,naive_bayes,CWE-74,0.8004816961156302,1809,1197
0,naive_bayes,CWE-913,0.00941393483255465,15516,135
0,naive_bayes,CWE-913,0.10047099585024362,9,0
0,naive_bayes,CWE-913,0.32024787939389515,126,54
0,naive_bayes,CWE-923,0.037862551793113305,15651,594
0,or_1_of_3,CWE-190,0.0,1739,28
0,or_1_of_3,CWE-20,0.0,1412,65
0,or_1_of_3,CWE-20,1.0,327,3
0,or_1_of_3,CWE-285,0.0,1725,58
0,or_1_of_3,CWE-285,1.0,14,0
0,or_1_of_3,CWE-287,0.0,1710,114
0,or_1_of_3,CWE-287,1.0,29,11
0,or_1_of_3,CWE-311,0.0,1646,43
0,or_1_of_3,CWE-311,1.0,93,34
0,or_1_of_3,CWE-327,0.0,1668,14
0,or_1_of_3,CWE-327,1.0,71,56
0,or_1_of_3,CWE-330,0.0,1690,9
0,or_1_of_3,CWE-330,1.0,49,41
0,or_1_of_3,CWE-345,0.0,1730,99
0,or_1_of_3,CWE-345,1.0,9,7
0,or_1_of_3,CWE-400,0.0,1738,50
0,or_1_of_3,CWE-400,1.0,1,0
0,or_1_of_3,CWE-610,0.0,1704,39
0,or_1_of_3,CWE-610,1.0,35,14
0,or_1_of_3,CWE-668,0.0,1614,215
0,or_1_of_3,CWE-668,1.0,125,5
0,or_1_of_3,CWE-706,0.0,1677,25
0,or_1_of_3,CWE-706,1.0,62,35
0,or_1_of_3,CWE-74,0.0,1296,118
0,or_1_of_3,CWE-74,1.0,443,168
0,or_1_of_3,CWE-913,0.0,1724,15
0,or_1_of_3,CWE-913,1.0,15,6
0,or_1_of_3,CWE-923,0.0,1739,66
0,random_forest,CWE-190,0.4917071648722701,15651,252
0,random_forest,CWE-20,0.1686097340275076,2943,27
0,random_forest,CWE-20,0.5407774362566127,12708,585
0,random_forest,CWE-285,0.22770877536526477,18,0
0,random_forest,CWE-285,0.3270941234928265,81,0
0,random_forest,CWE-285,0.5004549444362824,15525,522
0,random_forest,CWE-285,0.6080942706022309,27,0
0,random_forest,CWE-287,0.4824509477808588,15390,1026
0,random_forest,CWE-287,0.8937022460004982,243,81
0,random_forest,CWE-287,0.9826127608035349,18,18
0,random_forest,CWE-311,0.349896405594124,14814,387
0,random_forest,CWE-311,0.6936499381733731,99,9
0,random_forest,CWE-311,0.9255773856351817,495,171
0,random_forest,CWE-311,0.9421109254723226,243,126
0,random_forest,CWE-327,0.20919805025990335,15012,126
0,random_forest,CWE-327,0.4060479738395455,9,0
0,random_forest,CWE-327,0.891123017595133,63,18
0,random_forest,CWE-327,0.9746357265477178,360,279
0,random_forest,CWE-327,0.9884120589068308,9,9
0,random_forest,CWE-327,0.9932874411059811,18,18
0,random_forest,CWE-327,0.9982379714545884,180,180
0,random_forest,CWE-330,0.051731246706515986,72,0
0,random_forest,CWE-330,0.09963602287844457,15210,81
0,random_forest,CWE-330,0.7209716727529709,9,9
0,random_forest,CWE-330,0.9998589148307744,360,360
0,random_forest,CWE-345,0.07849039445857788,9,0
0,random_forest,CWE-345,0.4861507936617453,15570,891
0,random_forest,CWE-345,0.9238296607407298,72,63
0,random_forest,CWE-400,0.4995798275510201,15642,450
0,random_forest,CWE-400,0.6267693585484642,9,0
0,random_forest,CWE-610,0.3896981323840816,15336,351
0,random_forest,CWE-610,0.8690894973828598,36,0
0,random_forest,CWE-610,0.9832631402806122,279,126
0,random_forest,CWE-668,0.20119419658534418,1125,45
0,random_forest,CWE-668,0.5142657474245627,14526,1935
0,random_forest,CWE-706,0.1361486721699899,27,0
0,random_forest,CWE-706,0.3816167163120345,15093,225
0,random_forest,CWE-706,0.9569961688710934,441,261
0,random_forest,CWE-706,0.9770291419223682,90,54
0,random_forest,CWE-74,0.31787871588777905,11664,1062
0,random_forest,CWE-74,0.32206775172337176,1386,90
0,random_forest,CWE-74,0.7672222720757896,792,225
0,random_forest,CWE-74,0.9025362549612795,1809,1197
0,random_forest,CWE-913,0.4595063964946568,15525,135
0,random_forest,CWE-913,0.787278436517189,126,54
0,random_forest,CWE-923,0.5008229747106728,15651,594
0,tool:codeql,CWE-190,0.0,1739,28
0,tool:codeql,CWE-20,0.0,1412,65
0,tool:codeql,CWE-20,1.0,327,3
0,tool:codeql,CWE-285,0.0,1734,58
0,tool:codeql,CWE-285,1.0,5,0
0,tool:codeql,CWE-287,0.0,1712,116
0,tool:codeql,CWE-287,1.0,27,9
0,tool:codeql,CWE-311,0.0,1701,62
0,tool:codeql,CWE-311,1.0,38,15
0,tool:codeql,CWE-327,0.0,1678,18
0,tool:codeql,CWE-327,1.0,61,52
0,tool:codeql,CWE-330,0.0,1698,9
0,tool:codeql,CWE-330,1.0,41,41
0,tool:codeql,CWE-345,0.0,1731,99
0,tool:codeql,CWE-345,1.0,8,7
0,tool:codeql,CWE-400,0.0,1738,50
0,tool:codeql,CWE-400,1.0,1,0
0,tool:codeql,CWE-610,0.0,1735,53
0,tool:codeql,CWE-610,1.0,4,0
0,tool:codeql,CWE-668,0.0,1614,215
0,tool:codeql,CWE-668,1.0,125,5
0,tool:codeql,CWE-706,0.0,1726,54
0,tool:codeql,CWE-706,1.0,13,6
0,tool:codeql,CWE-74,0.0,1384,143
0,tool:codeql,CWE-74,1.0,355,143
0,tool:codeql,CWE-913,0.0,1738,21
0,tool:codeql,CWE-913,1.0,1,0
0,tool:codeql,CWE-923,0.0,1739,66
0,tool:joern,CWE-190,0.0,1739,28
0,tool:joern,CWE-20,0.0,1739,68
0,tool:joern,CWE-285,0.0,1739,58
0,tool:joern,CWE-287,0.0,1739,125
0,tool:joern,CWE-311,0.0,1739,77
0,tool:joern,CWE-327,0.0,1735,67
0,tool:joern,CWE-327,1.0,4,3
0,tool:joern,CWE-330,0.0,1739,50
0,tool:joern,CWE-345,0.0,1739,106
0,tool:joern,CWE-400,0.0,1739,50
0,tool:joern,CWE-610,0.0,1739,53
0,tool:joern,CWE-668,0.0,1739,220
0,tool:joern,CWE-706,0.0,1739,60
0,tool:joern,CWE-74,0.0,1739,286
0,tool:joern,CWE-913,0.0,1739,21
0,tool:joern,CWE-923,0.0,1739,66
0,tool:semgrep,CWE-190,0.0,1739,28
0,tool:semgrep,CWE-20,0.0,1739,68
0,tool:semgrep,CWE-285,0.0,1728,58
0,tool:semgrep,CWE-285,1.0,11,0
0,tool:semgrep,CWE-287,0.0,1737,123
0,tool:semgrep,CWE-287,1.0,2,2
0,tool:semgrep,CWE-311,0.0,1657,44
0,tool:semgrep,CWE-311,1.0,82,33
0,tool:semgrep,CWE-327,0.0,1709,45
0,tool:semgrep,CWE-327,1.0,30,25
0,tool:semgrep,CWE-330,0.0,1691,10
0,tool:semgrep,CWE-330,1.0,48,40
0,tool:semgrep,CWE-345,0.0,1738,106
0,tool:semgrep,CWE-345,1.0,1,0
0,tool:semgrep,CWE-400,0.0,1739,50
0,tool:semgrep,CWE-610,0.0,1708,39
0,tool:semgrep,CWE-610,1.0,31,14
0,tool:semgrep,CWE-668,0.0,1739,220
0,tool:semgrep,CWE-706,0.0,1680,25
0,tool:semgrep,CWE-706,1.0,59,35
0,tool:semgrep,CWE-74,0.0,1450,128
0,tool:semgrep,CWE-74,1.0,289,158
0,tool:semgrep,CWE-913,0.0,1725,15
0,tool:semgrep,CWE-913,1.0,14,6
0,tool:semgrep,CWE-923,0.0,1739,66
0,traditional_2_of_3,CWE-190,0.0,1739,28
0,traditional_2_of_3,CWE-20,0.0,1412,65
0,traditional_2_of_3,CWE-20,0.3333333333333333,327,3
0,traditional_2_of_3,CWE-285,0.0,1725,58
0,traditional_2_of_3,CWE-285,0.3333333333333333,12,0
0,traditional_2_of_3,CWE-285,0.6666666666666666,2,0
0,traditional_2_of_3,CWE-287,0.0,1710,114
0,traditional_2_of_3,CWE-287,0.3333333333333333,29,11
0,traditional_2_of_3,CWE-311,0.0,1646,43
0,traditional_2_of_3,CWE-311,0.3333333333333333,66,20
0,traditional_2_of_3,CWE-311,0.6666666666666666,27,14
0,traditional_2_of_3,CWE-327,0.0,1668,14
0,traditional_2_of_3,CWE-327,0.3333333333333333,48,33
0,traditional_2_of_3,CWE-327,0.6666666666666666,22,22
0,traditional_2_of_3,CWE-327,1.0,1,1
0,traditional_2_of_3,CWE-330,0.0,1690,9
0,traditional_2_of_3,CWE-330,0.3333333333333333,9,1
0,traditional_2_of_3,CWE-330,0.6666666666666666,40,40
0,traditional_2_of_3,CWE-345,0.0,1730,99
0,traditional_2_of_3,CWE-345,0.3333333333333333,9,7
0,traditional_2_of_3,CWE-400,0.0,1738,50
0,traditional_2_of_3,CWE-400,0.3333333333333333,1,0
0,traditional_2_of_3,CWE-610,0.0,1704,39
0,traditional_2_of_3,CWE-610,0.3333333333333333,35,14
0,traditional_2_of_3,CWE-668,0.0,1614,215
0,traditional_2_of_3,CWE-668,0.3333333333333333,125,5
0,traditional_2_of_3,CWE-706,0.0,1677,25
0,traditional_2_of_3,CWE-706,0.3333333333333333,52,29
0,traditional_2_of_3,CWE-706,0.6666666666666666,10,6
0,traditional_2_of_3,CWE-74,0.0,1296,118
0,traditional_2_of_3,CWE-74,0.3333333333333333,242,35
0,traditional_2_of_3,CWE-74,0.6666666666666666,201,133
0,traditional_2_of_3,CWE-913,0.0,1724,15
0,traditional_2_of_3,CWE-913,0.3333333333333333,15,6
0,traditional_2_of_3,CWE-923,0.0,1739,66
0,weighted_fire_specificity_silence_sensitivity,CWE-190,0.0,15651,252
0,weighted_fire_specificity_silence_sensitivity,CWE-20,0.0,12708,585
0,weighted_fire_specificity_silence_sensitivity,CWE-20,1.0,2943,27
0,weighted_fire_specificity_silence_sensitivity,CWE-285,0.0,15525,522
0,weighted_fire_specificity_silence_sensitivity,CWE-285,0.9956845801873374,81,0
0,weighted_fire_specificity_silence_sensitivity,CWE-285,0.9957113482567765,27,0
0,weighted_fire_specificity_silence_sensitivity,CWE-285,1.0,18,0
0,weighted_fire_specificity_silence_sensitivity,CWE-287,0.0,15390,1026
0,weighted_fire_specificity_silence_sensitivity,CWE-287,0.9360810217597628,18,18
0,weighted_fire_specificity_silence_sensitivity,CWE-287,0.98998183137855,243,81
0,weighted_fire_specificity_silence_sensitivity,CWE-311,0.0,14814,387
0,weighted_fire_specificity_silence_sensitivity,CWE-311,0.6780154715410878,99,9
0,weighted_fire_specificity_silence_sensitivity,CWE-311,0.8257557529499605,495,171
0,weighted_fire_specificity_silence_sensitivity,CWE-311,1.0,243,126
0,weighted_fire_specificity_silence_sensitivity,CWE-327,0.0,15012,126
0,weighted_fire_specificity_silence_sensitivity,CWE-327,0.4936783077457502,9,0
0,weighted_fire_specificity_silence_sensitivity,CWE-327,0.5738181379162629,63,18
0,weighted_fire_specificity_silence_sensitivity,CWE-327,0.7012024381916017,360,279
0,weighted_fire_specificity_silence_sensitivity,CWE-327,0.7481720538148633,18,18
0,weighted_fire_specificity_silence_sensitivity,CWE-327,0.9669349201132067,180,180
0,weighted_fire_specificity_silence_sensitivity,CWE-327,1.0,9,9
0,weighted_fire_specificity_silence_sensitivity,CWE-330,0.0,15210,81
0,weighted_fire_specificity_silence_sensitivity,CWE-330,0.5286970825859425,72,0
0,weighted_fire_specificity_silence_sensitivity,CWE-330,0.5290638806890127,9,9
0,weighted_fire_specificity_silence_sensitivity,CWE-330,1.0,360,360
0,weighted_fire_specificity_silence_sensitivity,CWE-345,0.0,15570,891
0,weighted_fire_specificity_silence_sensitivity,CWE-345,0.9442406294575695,9,0
0,weighted_fire_specificity_silence_sensitivity,CWE-345,1.0,72,63
0,weighted_fire_specificity_silence_sensitivity,CWE-400,0.0,15642,450
0,weighted_fire_specificity_silence_sensitivity,CWE-400,1.0,9,0
0,weighted_fire_specificity_silence_sensitivity,CWE-610,0.0,15336,351
0,weighted_fire_specificity_silence_sensitivity,CWE-610,0.7378454993573996,36,0
0,weighted_fire_specificity_silence_sensitivity,CWE-610,0.9681530797872804,279,126
0,weighted_fire_specificity_silence_sensitivity,CWE-668,0.0,14526,1935
0,weighted_fire_specificity_silence_sensitivity,CWE-668,1.0,1125,45
0,weighted_fire_specificity_silence_sensitivity,CWE-706,0.0,15093,225
0,weighted_fire_specificity_silence_sensitivity,CWE-706,0.7163562000637328,27,0
0,weighted_fire_specificity_silence_sensitivity,CWE-706,0.9590142071149541,441,261
0,weighted_fire_specificity_silence_sensitivity,CWE-706,1.0,90,54
0,weighted_fire_specificity_silence_sensitivity,CWE-74,0.0,11664,1062
0,weighted_fire_specificity_silence_sensitivity,CWE-74,0.5976790086237491,1386,90
0,weighted_fire_specificity_silence_sensitivity,CWE-74,0.6570316626731695,792,225
0,weighted_fire_specificity_silence_sensitivity,CWE-74,1.0,1809,1197
0,weighted_fire_specificity_silence_sensitivity,CWE-913,0.0,15516,135
0,weighted_fire_specificity_silence_sensitivity,CWE-913,0.8112986084193631,9,0
0,weighted_fire_specificity_silence_sensitivity,CWE-913,0.9884362992812206,126,54
0,weighted_fire_specificity_silence_sensitivity,CWE-923,0.0,15651,594
0,xgboost,CWE-190,0.49181440472602844,15651,252
0,xgboost,CWE-20,0.16688576340675354,2943,27
0,xgboost,CWE-20,0.5407224297523499,12708,585
0,xgboost,CWE-285,0.3638138175010681,81,0
0,xgboost,CWE-285,0.3768305480480194,18,0
0,xgboost,CWE-285,0.4998985826969147,15525,522
0,xgboost,CWE-285,0.5383498668670654,27,0
0,xgboost,CWE-287,0.48599183559417725,15390,1026
0,xgboost,CWE-287,0.8867256045341492,243,81
0,xgboost,CWE-287,0.894775390625,18,18
0,xgboost,CWE-311,0.3620958626270294,14814,387
0,xgboost,CWE-311,0.7321629524230957,99,9
0,xgboost,CWE-311,0.8700783252716064,495,171
0,xgboost,CWE-311,0.9437153935432434,243,126
0,xgboost,CWE-327,0.21859847009181976,15012,126
0,xgboost,CWE-327,0.8098026514053345,63,18
0,xgboost,CWE-327,0.8580450415611267,9,0
0,xgboost,CWE-327,0.968309760093689,360,279
0,xgboost,CWE-327,0.9876893758773804,18,18
0,xgboost,CWE-327,0.9899365901947021,9,9
0,xgboost,CWE-327,0.9912120699882507,180,180
0,xgboost,CWE-330,0.10245801508426666,15210,81
0,xgboost,CWE-330,0.3341371417045593,72,0
0,xgboost,CWE-330,0.9838706254959106,9,9
0,xgboost,CWE-330,0.9962844848632812,360,360
0,xgboost,CWE-345,0.485477477312088,15579,891
0,xgboost,CWE-345,0.9382871389389038,72,63
0,xgboost,CWE-400,0.49843570590019226,15642,450
0,xgboost,CWE-400,0.9086152911186218,9,0
0,xgboost,CWE-610,0.40062767267227173,15336,351
0,xgboost,CWE-610,0.9300972819328308,279,126
0,xgboost,CWE-610,0.9512007236480713,36,0
0,xgboost,CWE-668,0.16673044860363007,1125,45
0,xgboost,CWE-668,0.518162727355957,14526,1935
0,xgboost,CWE-706,0.3933284878730774,15093,225
0,xgboost,CWE-706,0.6858093738555908,27,0
0,xgboost,CWE-706,0.906599760055542,441,261
0,xgboost,CWE-706,0.9613078832626343,90,54
0,xgboost,CWE-74,0.3221558630466461,11664,1062
0,xgboost,CWE-74,0.39806067943573,1386,90
0,xgboost,CWE-74,0.7278257012367249,792,225
0,xgboost,CWE-74,0.8811824321746826,1809,1197
0,xgboost,CWE-913,0.4389500319957733,15516,135
0,xgboost,CWE-913,0.9238102436065674,126,54
0,xgboost,CWE-913,0.9628186821937561,9,0
0,xgboost,CWE-923,0.5002327561378479,15651,594
1,bks,CWE-190,0.01573009423094641,15615,234
1,bks,CWE-190,0.29028702078144775,45,18
1,bks,CWE-20,0.009570314180777936,2682,9
1,bks,CWE-20,0.04530971019096546,12978,603
1,bks,CWE-285,0.001128651769755039,117,9
1,bks,CWE-285,0.0095129220593639,27,0
1,bks,CWE-285,0.033540481349098934,15489,513
1,bks,CWE-285,0.050790021638835586,27,0
1,bks,CWE-287,0.06595309757701281,15489,1080
1,bks,CWE-287,0.3886271653652196,171,45
1,bks,CWE-311,0.024159153401676976,14742,396
1,bks,CWE-311,0.09600047452911074,126,9
1,bks,CWE-311,0.3560168416319785,486,180
1,bks,CWE-311,0.4580467065894796,306,117
1,bks,CWE-327,0.010451904975939648,14913,153
1,bks,CWE-327,0.2522228573243149,45,9
1,bks,CWE-327,0.6611906122837817,459,252
1,bks,CWE-327,0.6755580959639262,36,27
1,bks,CWE-327,0.738668190911689,18,18
1,bks,CWE-327,0.9615792482062545,189,171
1,bks,CWE-330,0.003175510463306977,27,0
1,bks,CWE-330,0.0036800057553737003,15228,54
1,bks,CWE-330,0.3523863961131752,9,0
1,bks,CWE-330,0.988961131751929,396,396
1,bks,CWE-345,0.010098123273316184,9,0
1,bks,CWE-345,0.05745230710800055,15534,891
1,bks,CWE-345,0.5582483884284398,117,63
1,bks,CWE-400,0.028595975555214585,15651,459
1,bks,CWE-400,0.17624083071353722,9,0
1,bks,CWE-610,0.01993322782658255,15390,342
1,bks,CWE-610,0.11787494839795497,18,9
1,bks,CWE-610,0.6145690748735227,252,135
1,bks,CWE-668,0.03336887688063413,1044,18
1,bks,CWE-668,0.1322153274548463,14616,1962
1,bks,CWE-706,0.006183584920366858,36,0
1,bks,CWE-706,0.01980032778527899,15201,315
1,bks,CWE-706,0.4576282383624324,387,198
1,bks,CWE-706,0.5227207773649615,36,27
1,bks,CWE-74,0.08352469027939033,11565,1044
1,bks,CWE-74,0.08532174907116319,1449,90
1,bks,CWE-74,0.3739660809011634,1044,369
1,bks,CWE-74,0.6415403488754495,1602,1071
1,bks,CWE-913,0.006073163761074593,9,9
1,bks,CWE-913,0.009085237516944544,15516,153
1,bks,CWE-913,0.3495919469054651,135,36
1,bks,CWE-923,0.03787337275675809,15660,594
1,decision_tree,CWE-190,0.4956044272407585,15615,234
1,decision_tree,CWE-190,0.9761837255457896,45,18
1,decision_tree,CWE-20,0.19209459073513385,2682,9
1,decision_tree,CWE-20,0.5399447198571442,12978,603
1,decision_tree,CWE-285,0.0,144,9
1,decision_tree,CWE-285,0.5018987331651898,15489,513
1,decision_tree,CWE-285,0.617300848617575,27,0
1,decision_tree,CWE-287,0.47959884617354215,15489,1080
1,decision_tree,CWE-287,0.9001785779365148,171,45
1,decision_tree,CWE-311,0.3496398450909823,14742,396
1,decision_tree,CWE-311,0.7024654542399931,126,9
1,decision_tree,CWE-311,0.923934059720604,486,180
1,decision_tree,CWE-311,0.9496119368513245,306,117
1,decision_tree,CWE-327,0.20202080952665957,14913,153
1,decision_tree,CWE-327,0.9467305524239011,63,27
1,decision_tree,CWE-327,0.9797660748024576,459,252
1,decision_tree,CWE-327,0.9989459458442032,225,198
1,decision_tree,CWE-330,0.0,27,0
1,decision_tree,CWE-330,0.11134405608150667,15228,54
1,decision_tree,CWE-330,1.0,405,396
1,decision_tree,CWE-345,0.0,9,0
1,decision_tree,CWE-345,0.48587782229609894,15534,891
1,decision_tree,CWE-345,0.9556232628996055,117,63
1,decision_tree,CWE-400,0.49886348373617034,15651,459
1,decision_tree,CWE-400,0.9185135135135135,9,0
1,decision_tree,CWE-610,0.39312107373743904,15390,342
1,decision_tree,CWE-610,0.8414982016619124,18,9
1,decision_tree,CWE-610,0.9815125564170812,252,135
1,decision_tree,CWE-668,0.19231456517342407,1044,18
1,decision_tree,CWE-668,0.5153210843665192,14616,1962
1,decision_tree,CWE-706,0.0,36,0
1,decision_tree,CWE-706,0.3645275395678978,15201,315
1,decision_tree,CWE-706,0.960605133138036,387,198
1,decision_tree,CWE-706,0.9736317305561709,36,27
1,decision_tree,CWE-74,0.318633002540226,11565,1044
1,decision_tree,CWE-74,0.3230889964622865,1449,90
1,decision_tree,CWE-74,0.754897748754078,1044,369
1,decision_tree,CWE-74,0.902306637332582,1602,1071
1,decision_tree,CWE-913,0.4270593807271333,15525,162
1,decision_tree,CWE-913,0.9786680909389266,135,36
1,decision_tree,CWE-923,0.500000000000024,15660,594
1,dst_dempster_fire_specificity_silence_sensitivity,CWE-190,0.49107142857142855,15615,234
1,dst_dempster_fire_specificity_silence_sensitivity,CWE-190,0.9997821667150741,45,18
1,dst_dempster_fire_specificity_silence_sensitivity,CWE-20,0.47794117647058826,12978,603
1,dst_dempster_fire_specificity_silence_sensitivity,CWE-20,0.9072256913470116,2682,9
1,dst_dempster_fire_specificity_silence_sensitivity,CWE-285,0.4978540772532189,15489,513
1,dst_dempster_fire_specificity_silence_sensitivity,CWE-285,0.9953782695843756,117,9
1,dst_dempster_fire_specificity_silence_sensitivity,CWE-285,0.99830007390983,27,0
1,dst_dempster_fire_specificity_silence_sensitivity,CWE-285,0.9999844204852046,27,0
1,dst_dempster_fire_specificity_silence_sensitivity,CWE-287,0.45535555878130995,15489,1080
1,dst_dempster_fire_specificity_silence_sensitivity,CWE-287,0.9956491226970897,171,45
1,dst_dempster_fire_specificity_silence_sensitivity,CWE-311,0.21091246415921738,14742,396
1,dst_dempster_fire_specificity_silence_sensitivity,CWE-311,0.9751463764242851,486,180
1,dst_dempster_fire_specificity_silence_sensitivity,CWE-311,0.9768637255113257,126,9
1,dst_dempster_fire_specificity_silence_sensitivity,CWE-311,0.9997198147291655,306,117
1,dst_dempster_fire_specificity_silence_sensitivity,CWE-327,0.09758268039358597,14913,153
1,dst_dempster_fire_specificity_silence_sensitivity,CWE-327,0.987980335017764,45,9
1,dst_dempster_fire_specificity_silence_sensitivity,CWE-327,0.990321594040247,459,252
1,dst_dempster_fire_specificity_silence_sensitivity,CWE-327,0.9999793194287198,189,171
1,dst_dempster_fire_specificity_silence_sensitivity,CWE-327,0.9999932887875581,18,18
1,dst_dempster_fire_specificity_silence_sensitivity,CWE-327,0.9999999890960751,36,27
1,dst_dempster_fire_specificity_silence_sensitivity,CWE-330,0.008124999999999993,15228,54
1,dst_dempster_fire_specificity_silence_sensitivity,CWE-330,0.982633863965268,27,0
1,dst_dempster_fire_specificity_silence_sensitivity,CWE-330,1.0,405,396
1,dst_dempster_fire_specificity_silence_sensitivity,CWE-345,0.4705188679245283,15534,891
1,dst_dempster_fire_specificity_silence_sensitivity,CWE-345,0.9986309704898083,117,63
1,dst_dempster_fire_specificity_silence_sensitivity,CWE-345,0.9991441998478239,9,0
1,dst_dempster_fire_specificity_silence_sensitivity,CWE-400,0.4975124378109453,15651,459
1,dst_dempster_fire_specificity_silence_sensitivity,CWE-400,0.9997793144034133,9,0
1,dst_dempster_fire_specificity_silence_sensitivity,CWE-610,0.3148184883951597,15390,342
1,dst_dempster_fire_specificity_silence_sensitivity,CWE-610,0.9967261008565955,252,135
1,dst_dempster_fire_specificity_silence_sensitivity,CWE-610,0.9990776916672004,18,9
1,dst_dempster_fire_specificity_silence_sensitivity,CWE-668,0.4908779931584949,14616,1962
1,dst_dempster_fire_specificity_silence_sensitivity,CWE-668,0.9616892664597287,1044,18
1,dst_dempster_fire_specificity_silence_sensitivity,CWE-706,0.2661358661111503,15201,315
1,dst_dempster_fire_specificity_silence_sensitivity,CWE-706,0.990438145481009,387,198
1,dst_dempster_fire_specificity_silence_sensitivity,CWE-706,0.9964210809238877,36,0
1,dst_dempster_fire_specificity_silence_sensitivity,CWE-706,0.999975884948006,36,27
1,dst_dempster_fire_specificity_silence_sensitivity,CWE-74,0.10937866056882312,11565,1044
1,dst_dempster_fire_specificity_silence_sensitivity,CWE-74,0.7759352635648594,1449,90
1,dst_dempster_fire_specificity_silence_sensitivity,CWE-74,0.8785508232106019,1044,369
1,dst_dempster_fire_specificity_silence_sensitivity,CWE-74,0.9933920232912063,1602,1071
1,dst_dempster_fire_specificity_silence_sensitivity,CWE-913,0.37058823529411766,15516,153
1,dst_dempster_fire_specificity_silence_sensitivity,CWE-913,0.9971792275423116,135,36
1,dst_dempster_fire_specificity_silence_sensitivity,CWE-913,0.9997543409334585,9,9
1,dst_dempster_fire_specificity_silence_sensitivity,CWE-923,0.5,15660,594
1,dst_pcr6_fire_specificity_silence_sensitivity,CWE-190,0.49107142857142855,15615,234
1,dst_pcr6_fire_specificity_silence_sensitivity,CWE-190,0.9997821667150741,45,18
1,dst_pcr6_fire_specificity_silence_sensitivity,CWE-20,0.47794117647058826,12978,603
1,dst_pcr6_fire_specificity_silence_sensitivity,CWE-20,0.9072256913470116,2682,9
1,dst_pcr6_fire_specificity_silence_sensitivity,CWE-285,0.4978540772532189,15489,513
1,dst_pcr6_fire_specificity_silence_sensitivity,CWE-285,0.9953795830510573,117,9
1,dst_pcr6_fire_specificity_silence_sensitivity,CWE-285,0.99830007390983,27,0
1,dst_pcr6_fire_specificity_silence_sensitivity,CWE-285,0.9999844204852046,27,0
1,dst_pcr6_fire_specificity_silence_sensitivity,CWE-287,0.45535555878130995,15489,1080
1,dst_pcr6_fire_specificity_silence_sensitivity,CWE-287,0.9955149464091063,171,45
1,dst_pcr6_fire_specificity_silence_sensitivity,CWE-311,0.21091246415921738,14742,396
1,dst_pcr6_fire_specificity_silence_sensitivity,CWE-311,0.8393660720317266,126,9
1,dst_pcr6_fire_specificity_silence_sensitivity,CWE-311,0.9445996545440414,486,180
1,dst_pcr6_fire_specificity_silence_sensitivity,CWE-311,0.9997198147291655,306,117
1,dst_pcr6_fire_specificity_silence_sensitivity,CWE-327,0.09758268039358603,14913,153
1,dst_pcr6_fire_specificity_silence_sensitivity,CWE-327,0.7205282463522609,45,9
1,dst_pcr6_fire_specificity_silence_sensitivity,CWE-327,0.8272758662245896,18,18
1,dst_pcr6_fire_specificity_silence_sensitivity,CWE-327,0.8990164703176683,459,252
1,dst_pcr6_fire_specificity_silence_sensitivity,CWE-327,0.9981590873946803,189,171
1,dst_pcr6_fire_specificity_silence_sensitivity,CWE-327,0.9999999890960751,36,27
1,dst_pcr6_fire_specificity_silence_sensitivity,CWE-330,0.008124999999999993,15228,54
1,dst_pcr6_fire_specificity_silence_sensitivity,CWE-330,0.5899091969522455,27,0
1,dst_pcr6_fire_specificity_silence_sensitivity,CWE-330,0.5952406417112299,9,0
1,dst_pcr6_fire_specificity_silence_sensitivity,CWE-330,1.0,396,396
1,dst_pcr6_fire_specificity_silence_sensitivity,CWE-345,0.4705188679245283,15534,891
1,dst_pcr6_fire_specificity_silence_sensitivity,CWE-345,0.9959118846155223,9,0
1,dst_pcr6_fire_specificity_silence_sensitivity,CWE-345,0.9986309704898083,117,63
1,dst_pcr6_fire_specificity_silence_sensitivity,CWE-400,0.4975124378109453,15651,459
1,dst_pcr6_fire_specificity_silence_sensitivity,CWE-400,0.9997793144034133,9,0
1,dst_pcr6_fire_specificity_silence_sensitivity,CWE-610,0.3148184883951597,15390,342
1,dst_pcr6_fire_specificity_silence_sensitivity,CWE-610,0.9077272818044346,18,9
1,dst_pcr6_fire_specificity_silence_sensitivity,CWE-610,0.9960461303646456,252,135
1,dst_pcr6_fire_specificity_silence_sensitivity,CWE-668,0.4908779931584949,14616,1962
1,dst_pcr6_fire_specificity_silence_sensitivity,CWE-668,0.9616892664597287,1044,18
1,dst_pcr6_fire_specificity_silence_sensitivity,CWE-706,0.26613586611115037,15201,315
1,dst_pcr6_fire_specificity_silence_sensitivity,CWE-706,0.8652131563755581,36,0
1,dst_pcr6_fire_specificity_silence_sensitivity,CWE-706,0.9881250051769055,387,198
1,dst_pcr6_fire_specificity_silence_sensitivity,CWE-706,0.999975884948006,36,27
1,dst_pcr6_fire_specificity_silence_sensitivity,CWE-74,0.10937866056882306,11565,1044
1,dst_pcr6_fire_specificity_silence_sensitivity,CWE-74,0.6887482255621825,1449,90
1,dst_pcr6_fire_specificity_silence_sensitivity,CWE-74,0.7781240873202648,1044,369
1,dst_pcr6_fire_specificity_silence_sensitivity,CWE-74,0.9933920232912063,1602,1071
1,dst_pcr6_fire_specificity_silence_sensitivity,CWE-913,0.37058823529411766,15516,153
1,dst_pcr6_fire_specificity_silence_sensitivity,CWE-913,0.9466050183560696,9,9
1,dst_pcr6_fire_specificity_silence_sensitivity,CWE-913,0.9971792275423116,135,36
1,dst_pcr6_fire_specificity_silence_sensitivity,CWE-923,0.5,15660,594
1,dst_yager_fire_specificity_silence_sensitivity,CWE-190,0.49107142857142855,15615,234
1,dst_yager_fire_specificity_silence_sensitivity,CWE-190,0.9997821667150741,45,18
1,dst_yager_fire_specificity_silence_sensitivity,CWE-20,0.47794117647058826,12978,603
1,dst_yager_fire_specificity_silence_sensitivity,CWE-20,0.9072256913470116,2682,9
1,dst_yager_fire_specificity_silence_sensitivity,CWE-285,0.4978540772532189,15489,513
1,dst_yager_fire_specificity_silence_sensitivity,CWE-285,0.9932716677927607,117,9
1,dst_yager_fire_specificity_silence_sensitivity,CWE-285,0.99830007390983,27,0
1,dst_yager_fire_specificity_silence_sensitivity,CWE-285,0.9999844204852046,27,0
1,dst_yager_fire_specificity_silence_sensitivity,CWE-287,0.45535555878130995,15489,1080
1,dst_yager_fire_specificity_silence_sensitivity,CWE-287,0.9887411183194317,171,45
1,dst_yager_fire_specificity_silence_sensitivity,CWE-311,0.21091246415921738,14742,396
1,dst_yager_fire_specificity_silence_sensitivity,CWE-311,0.757713586861569,126,9
1,dst_yager_fire_specificity_silence_sensitivity,CWE-311,0.8796614446838662,486,180
1,dst_yager_fire_specificity_silence_sensitivity,CWE-311,0.9997198147291655,306,117
1,dst_yager_fire_specificity_silence_sensitivity,CWE-327,0.09758268039358597,14913,153
1,dst_yager_fire_specificity_silence_sensitivity,CWE-327,0.6487982521826832,45,9
1,dst_yager_fire_specificity_silence_sensitivity,CWE-327,0.6607130005815258,18,18
1,dst_yager_fire_specificity_silence_sensitivity,CWE-327,0.7993482271965052,459,252
1,dst_yager_fire_specificity_silence_sensitivity,CWE-327,0.9696245440010275,189,171
1,dst_yager_fire_specificity_silence_sensitivity,CWE-327,0.9999999890960751,36,27
1,dst_yager_fire_specificity_silence_sensitivity,CWE-330,0.008124999999999993,15228,54
1,dst_yager_fire_specificity_silence_sensitivity,CWE-330,0.5613231832892027,27,0
1,dst_yager_fire_specificity_silence_sensitivity,CWE-330,0.565,9,0
1,dst_yager_fire_specificity_silence_sensitivity,CWE-330,1.0,396,396
1,dst_yager_fire_specificity_silence_sensitivity,CWE-345,0.4705188679245283,15534,891
1,dst_yager_fire_specificity_silence_sensitivity,CWE-345,0.9697582959744218,9,0
1,dst_yager_fire_specificity_silence_sensitivity,CWE-345,0.9986309704898083,117,63
1,dst_yager_fire_specificity_silence_sensitivity,CWE-400,0.4975124378109453,15651,459
1,dst_yager_fire_specificity_silence_sensitivity,CWE-400,0.9997793144034133,9,0
1,dst_yager_fire_specificity_silence_sensitivity,CWE-610,0.3148184883951597,15390,342
1,dst_yager_fire_specificity_silence_sensitivity,CWE-610,0.8235015101663778,18,9
1,dst_yager_fire_specificity_silence_sensitivity,CWE-610,0.982820430319574,252,135
1,dst_yager_fire_specificity_silence_sensitivity,CWE-668,0.4908779931584949,14616,1962
1,dst_yager_fire_specificity_silence_sensitivity,CWE-668,0.9616892664597287,1044,18
1,dst_yager_fire_specificity_silence_sensitivity,CWE-706,0.2661358661111503,15201,315
1,dst_yager_fire_specificity_silence_sensitivity,CWE-706,0.7801072795982298,36,0
1,dst_yager_fire_specificity_silence_sensitivity,CWE-706,0.9641091939734474,387,198
1,dst_yager_fire_specificity_silence_sensitivity,CWE-706,0.999975884948006,36,27
1,dst_yager_fire_specificity_silence_sensitivity,CWE-74,0.10937866056882312,11565,1044
1,dst_yager_fire_specificity_silence_sensitivity,CWE-74,0.6404937005047407,1449,90
1,dst_yager_fire_specificity_silence_sensitivity,CWE-74,0.7112058097481654,1044,369
1,dst_yager_fire_specificity_silence_sensitivity,CWE-74,0.9933920232912063,1602,1071
1,dst_yager_fire_specificity_silence_sensitivity,CWE-913,0.37058823529411766,15516,153
1,dst_yager_fire_specificity_silence_sensitivity,CWE-913,0.8704435802962875,9,9
1,dst_yager_fire_specificity_silence_sensitivity,CWE-913,0.9971792275423116,135,36
1,dst_yager_fire_specificity_silence_sensitivity,CWE-923,0.5,15660,594
1,gradient_boosting,CWE-190,0.49646750304030346,15615,234
1,gradient_boosting,CWE-190,0.9701734538598152,45,18
1,gradient_boosting,CWE-20,0.19242312582142687,2682,9
1,gradient_boosting,CWE-20,0.5371089378239899,12978,603
1,gradient_boosting,CWE-285,0.0032510396432953617,117,9
1,gradient_boosting,CWE-285,0.003938040384008089,27,0
1,gradient_boosting,CWE-285,0.44323676729696715,27,0
1,gradient_boosting,CWE-285,0.5007112848511954,15489,513
1,gradient_boosting,CWE-287,0.4798402219121753,15489,1080
1,gradient_boosting,CWE-287,0.8975406830931145,171,45
1,gradient_boosting,CWE-311,0.3466973643984731,14742,396
1,gradient_boosting,CWE-311,0.6942756862685564,126,9
1,gradient_boosting,CWE-311,0.9212364690768958,486,180
1,gradient_boosting,CWE-311,0.9465489087455877,306,117
1,gradient_boosting,CWE-327,0.20768609378560968,14913,153
1,gradient_boosting,CWE-327,0.9003592331678436,45,9
1,gradient_boosting,CWE-327,0.975058011805757,459,252
1,gradient_boosting,CWE-327,0.9853334707253761,18,18
1,gradient_boosting,CWE-327,0.9931001556091805,189,171
1,gradient_boosting,CWE-327,0.9941483268538904,36,27
1,gradient_boosting,CWE-330,0.003251039643295356,27,0
1,gradient_boosting,CWE-330,0.11599757091709777,15228,54
1,gradient_boosting,CWE-330,0.9717137262313632,9,0
1,gradient_boosting,CWE-330,0.9967649057928316,396,396
1,gradient_boosting,CWE-345,0.0032510396432953704,9,0
1,gradient_boosting,CWE-345,0.4860448529681975,15534,891
1,gradient_boosting,CWE-345,0.9528774057735343,117,63
1,gradient_boosting,CWE-400,0.5004080841954541,15651,459
1,gradient_boosting,CWE-400,0.9223630288740298,9,0
1,gradient_boosting,CWE-610,0.39024010295774064,15390,342
1,gradient_boosting,CWE-610,0.7731716373754982,18,9
1,gradient_boosting,CWE-610,0.9785839875738628,252,135
1,gradient_boosting,CWE-668,0.19739476312716092,1044,18
1,gradient_boosting,CWE-668,0.5152540193789844,14616,1962
1,gradient_boosting,CWE-706,0.0032510396432953704,36,0
1,gradient_boosting,CWE-706,0.3646414962368137,15201,315
1,gradient_boosting,CWE-706,0.9575895287584565,387,198
1,gradient_boosting,CWE-706,0.9716671639234769,36,27
1,gradient_boosting,CWE-74,0.3192864448303408,11565,1044
1,gradient_boosting,CWE-74,0.3298782100598929,1449,90
1,gradient_boosting,CWE-74,0.7520142948841921,1044,369
1,gradient_boosting,CWE-74,0.8992493673994125,1602,1071
1,gradient_boosting,CWE-913,0.42294386256599076,15525,162
1,gradient_boosting,CWE-913,0.9618354178340394,135,36
1,gradient_boosting,CWE-923,0.5011025101860285,15660,594
1,logistic_interactions,CWE-190,0.49598082251724357,15615,234
1,logistic_interactions,CWE-190,0.9303479079228972,45,18
1,logistic_interactions,CWE-20,0.19409377469742603,2682,9
1,logistic_interactions,CWE-20,0.5396888103661521,12978,603
1,logistic_interactions,CWE-285,0.0780064889212124,117,9
1,logistic_interactions,CWE-285,0.08825529314296723,27,0
1,logistic_interactions,CWE-285,0.5016613865526696,15489,513
1,logistic_interactions,CWE-285,0.5848955573864332,27,0
1,logistic_interactions,CWE-287,0.48026863600093306,15489,1080
1,logistic_interactions,CWE-287,0.8870184844114003,171,45
1,logistic_interactions,CWE-311,0.35067068430954057,14742,396
1,logistic_interactions,CWE-311,0.6756897270720676,126,9
1,logistic_interactions,CWE-311,0.920255025110427,486,180
1,logistic_interactions,CWE-311,0.9507581330104572,306,117
1,logistic_interactions,CWE-327,0.20397037913079608,14913,153
1,logistic_interactions,CWE-327,0.8817920807026924,45,9
1,logistic_interactions,CWE-327,0.9760974575715737,459,252
1,logistic_interactions,CWE-327,0.9805775493279901,18,18
1,logistic_interactions,CWE-327,0.9990067921175985,189,171
1,logistic_interactions,CWE-327,0.9997842128053763,36,27
1,logistic_interactions,CWE-330,0.11191222191408443,15228,54
1,logistic_interactions,CWE-330,0.26556070800473225,27,0
1,logistic_interactions,CWE-330,0.9296643414986132,9,0
1,logistic_interactions,CWE-330,0.9989232290113337,396,396
1,logistic_interactions,CWE-345,0.23057945242565595,9,0
1,logistic_interactions,CWE-345,0.4861309696359713,15534,891
1,logistic_interactions,CWE-345,0.9437594372173788,117,63
1,logistic_interactions,CWE-400,0.4990544026994239,15651,459
1,logistic_interactions,CWE-400,0.81369214859419,9,0
1,logistic_interactions,CWE-610,0.39416935639274153,15390,342
1,logistic_interactions,CWE-610,0.7636788458348023,18,9
1,logistic_interactions,CWE-610,0.9782016185511716,252,135
1,logistic_interactions,CWE-668,0.19809717826906867,1044,18
1,logistic_interactions,CWE-668,0.515102516805657,14616,1962
1,logistic_interactions,CWE-706,0.26562006432566226,36,0
1,logistic_interactions,CWE-706,0.3651820619281311,15201,315
1,logistic_interactions,CWE-706,0.9581638184297308,387,198
1,logistic_interactions,CWE-706,0.9690937252006415,36,27
1,logistic_interactions,CWE-74,0.3187992095987288,11565,1044
1,logistic_interactions,CWE-74,0.32499572922166575,1449,90
1,logistic_interactions,CWE-74,0.7533661035091308,1044,369
1,logistic_interactions,CWE-74,0.9016278659215745,1602,1071
1,logistic_interactions,CWE-913,0.42118657231657397,9,9
1,logistic_interactions,CWE-913,0.4276991281836089,15516,153
1,logistic_interactions,CWE-913,0.9739737959742568,135,36
1,logistic_interactions,CWE-923,0.5,15660,594
1,logistic_regression,CWE-190,0.49598082251724357,15615,234
1,logistic_regression,CWE-190,0.9303479079228972,45,18
1,logistic_regression,CWE-20,0.19409377469742603,2682,9
1,logistic_regression,CWE-20,0.5396888103661521,12978,603
1,logistic_regression,CWE-285,0.07717211630354387,117,9
1,logistic_regression,CWE-285,0.1044166387883018,27,0
1,logistic_regression,CWE-285,0.5016621427712367,15489,513
1,logistic_regression,CWE-285,0.5839395404653538,27,0
1,logistic_regression,CWE-287,0.4802659310979343,15489,1080
1,logistic_regression,CWE-287,0.887125097752387,171,45
1,logistic_regression,CWE-311,0.35216118007431507,14742,396
1,logistic_regression,CWE-311,0.5754892676524187,126,9
1,logistic_regression,CWE-311,0.9122367967811132,486,180
1,logistic_regression,CWE-311,0.9628557111378775,306,117
1,logistic_regression,CWE-327,0.2041182462128749,14913,153
1,logistic_regression,CWE-327,0.8866887195906218,45,9
1,logistic_regression,CWE-327,0.975423045782934,18,18
1,logistic_regression,CWE-327,0.9757885561012618,459,252
1,logistic_regression,CWE-327,0.9991874554413898,189,171
1,logistic_regression,CWE-327,0.9998396888719316,36,27
1,logistic_regression,CWE-330,0.11177521767741733,15228,54
1,logistic_regression,CWE-330,0.4776847642892844,27,0
1,logistic_regression,CWE-330,0.985844593941504,9,0
1,logistic_regression,CWE-330,0.9980281648109343,396,396
1,logistic_regression,CWE-345,0.23057945242565595,9,0
1,logistic_regression,CWE-345,0.4861309696359713,15534,891
1,logistic_regression,CWE-345,0.9437594372173788,117,63
1,logistic_regression,CWE-400,0.4990544026994239,15651,459
1,logistic_regression,CWE-400,0.81369214859419,9,0
1,logistic_regression,CWE-610,0.39407192094253723,15390,342
1,logistic_regression,CWE-610,0.7737661662002414,18,9
1,logistic_regression,CWE-610,0.9781786980993201,252,135
1,logistic_regression,CWE-668,0.19809717826906867,1044,18
1,logistic_regression,CWE-668,0.515102516805657,14616,1962
1,logistic_regression,CWE-706,0.364768935164973,15201,315
1,logistic_regression,CWE-706,0.39245791345080877,36,0
1,logistic_regression,CWE-706,0.9595815400676572,387,198
1,logistic_regression,CWE-706,0.9639086482202498,36,27
1,logistic_regression,CWE-74,0.30886515018142924,11565,1044
1,logistic_regression,CWE-74,0.4089479258952682,1449,90
1,logistic_regression,CWE-74,0.8213193331402449,1044,369
1,logistic_regression,CWE-74,0.8767952232412618,1602,1071
1,logistic_regression,CWE-913,0.42118657231657397,9,9
1,logistic_regression,CWE-913,0.4276991281836089,15516,153
1,logistic_regression,CWE-913,0.9739737959742568,135,36
1,logistic_regression,CWE-923,0.5,15660,594
1,naive_bayes,CWE-190,0.015738761737181563,15615,234
1,naive_bayes,CWE-190,0.22507314877335172,45,18
1,naive_bayes,CWE-20,0.009523809523809518,2682,9
1,naive_bayes,CWE-20,0.04531195538515162,12978,603
1,naive_bayes,CWE-285,0.003740655867954284,117,9
1,naive_bayes,CWE-285,0.004721639626875278,27,0
1,naive_bayes,CWE-285,0.03353135288946615,15489,513
1,naive_bayes,CWE-285,0.041995595089917265,27,0
1,naive_bayes,CWE-287,0.06580503060258783,15489,1080
1,naive_bayes,CWE-287,0.4054270467079858,171,45
1,naive_bayes,CWE-311,0.020019825163096323,14742,396
1,naive_bayes,CWE-311,0.2361127139291297,126,9
1,naive_bayes,CWE-311,0.34534632797844883,486,180
1,naive_bayes,CWE-311,0.8886613486830727,306,117
1,naive_bayes,CWE-327,0.00818026545640569,14913,153
1,naive_bayes,CWE-327,0.5099311648049961,45,9
1,naive_bayes,CWE-327,0.6704831910133987,459,252
1,naive_bayes,CWE-327,0.9853353755851711,18,18
1,naive_bayes,CWE-327,0.9961195568286292,189,171
1,naive_bayes,CWE-327,0.9999396767126025,36,27
1,naive_bayes,CWE-330,0.0004794593704654209,15228,54
1,naive_bayes,CWE-330,0.5764032437589441,27,0
1,naive_bayes,CWE-330,0.7703508059054585,9,0
1,naive_bayes,CWE-330,0.9998949207308264,396,396
1,naive_bayes,CWE-345,0.03847036651028071,9,0
1,naive_bayes,CWE-345,0.05739702373622532,15534,891
1,naive_bayes,CWE-345,0.5815223368190533,117,63
1,naive_bayes,CWE-400,0.028611472370687945,15651,459
1,naive_bayes,CWE-400,0.12825445684237474,9,0
1,naive_bayes,CWE-610,0.01952044538792854,15390,342
1,naive_bayes,CWE-610,0.3656825478004059,18,9
1,naive_bayes,CWE-610,0.6346564356370074,252,135
1,naive_bayes,CWE-668,0.03298969072164939,1044,18
1,naive_bayes,CWE-668,0.13219714417319212,14616,1962
1,naive_bayes,CWE-706,0.018761929268093346,15201,315
1,naive_bayes,CWE-706,0.28158525156618525,36,0
1,naive_bayes,CWE-706,0.45945051224445027,387,198
1,naive_bayes,CWE-706,0.9457214308833793,36,27
1,naive_bayes,CWE-74,0.05198952103454937,11565,1044
1,naive_bayes,CWE-74,0.23452357073939356,1449,90
1,naive_bayes,CWE-74,0.4242134501050104,1044,369
1,naive_bayes,CWE-74,0.8045346296300077,1602,1071
1,naive_bayes,CWE-913,0.009081735620585266,15525,162
1,naive_bayes,CWE-913,0.360655737704918,135,36
1,naive_bayes,CWE-923,0.0378679622749357,15660,594
1,or_1_of_3,CWE-190,0.0,1735,26
1,or_1_of_3,CWE-190,1.0,5,2
1,or_1_of_3,CWE-20,0.0,1442,67
1,or_1_of_3,CWE-20,1.0,298,1
1,or_1_of_3,CWE-285,0.0,1721,57
1,or_1_of_3,CWE-285,1.0,19,1
1,or_1_of_3,CWE-287,0.0,1721,120
1,or_1_of_3,CWE-287,1.0,19,5
1,or_1_of_3,CWE-311,0.0,1638,44
1,or_1_of_3,CWE-311,1.0,102,34
1,or_1_of_3,CWE-327,0.0,1657,17
1,or_1_of_3,CWE-327,1.0,83,53
1,or_1_of_3,CWE-330,0.0,1692,6
1,or_1_of_3,CWE-330,1.0,48,44
1,or_1_of_3,CWE-345,0.0,1726,99
1,or_1_of_3,CWE-345,1.0,14,7
1,or_1_of_3,CWE-400,0.0,1739,51
1,or_1_of_3,CWE-400,1.0,1,0
1,or_1_of_3,CWE-610,0.0,1710,38
1,or_1_of_3,CWE-610,1.0,30,16
1,or_1_of_3,CWE-668,0.0,1624,218
1,or_1_of_3,CWE-668,1.0,116,2
1,or_1_of_3,CWE-706,0.0,1689,35
1,or_1_of_3,CWE-706,1.0,51,25
1,or_1_of_3,CWE-74,0.0,1285,116
1,or_1_of_3,CWE-74,1.0,455,170
1,or_1_of_3,CWE-913,0.0,1724,17
1,or_1_of_3,CWE-913,1.0,16,5
1,or_1_of_3,CWE-923,0.0,1740,66
1,random_forest,CWE-190,0.4970965886758868,15615,234
1,random_forest,CWE-190,0.8667761593481808,45,18
1,random_forest,CWE-20,0.193958028478642,2682,9
1,random_forest,CWE-20,0.5390153613341921,12978,603
1,random_forest,CWE-285,0.0,117,9
1,random_forest,CWE-285,0.1371112305664356,27,0
1,random_forest,CWE-285,0.5019881041564125,15489,513
1,random_forest,CWE-285,0.5978877774728479,27,0
1,random_forest,CWE-287,0.47901440201513984,15489,1080
1,random_forest,CWE-287,0.900324384459855,171,45
1,random_forest,CWE-311,0.3502305056726587,14742,396
1,random_forest,CWE-311,0.6941986458895124,126,9
1,random_forest,CWE-311,0.9235270908801035,486,180
1,random_forest,CWE-311,0.9484283474493829,306,117
1,random_forest,CWE-327,0.2080745976500009,14913,153
1,random_forest,CWE-327,0.9006888033823764,45,9
1,random_forest,CWE-327,0.9614351061705741,459,252
1,random_forest,CWE-327,0.9912090613212355,36,27
1,random_forest,CWE-327,0.9913722471061998,18,18
1,random_forest,CWE-327,0.9994841562748493,189,171
1,random_forest,CWE-330,0.011053886151269988,27,0
1,random_forest,CWE-330,0.11265494373393956,15228,54
1,random_forest,CWE-330,0.7436662333327065,9,0
1,random_forest,CWE-330,0.999993510707333,396,396
1,random_forest,CWE-345,0.06366856165881786,9,0
1,random_forest,CWE-345,0.4865164288070315,15534,891
1,random_forest,CWE-345,0.9373734622629395,117,63
1,random_forest,CWE-400,0.5000450761420933,15651,459
1,random_forest,CWE-400,0.6480063880677522,9,0
1,random_forest,CWE-610,0.39299622356152464,15390,342
1,random_forest,CWE-610,0.7587853345824618,18,9
1,random_forest,CWE-610,0.9817711082369597,252,135
1,random_forest,CWE-668,0.23879314514869904,1044,18
1,random_forest,CWE-668,0.5122428012025797,14616,1962
1,random_forest,CWE-706,0.15111825817791555,36,0
1,random_forest,CWE-706,0.36420522533213817,15201,315
1,random_forest,CWE-706,0.9598797223630382,387,198
1,random_forest,CWE-706,0.9721395289798077,36,27
1,random_forest,CWE-74,0.31809990921163955,11565,1044
1,random_forest,CWE-74,0.3208286666690278,1449,90
1,random_forest,CWE-74,0.7567903843076533,1044,369
1,random_forest,CWE-74,0.9024862659018942,1602,1071
1,random_forest,CWE-913,0.4447080037061445,15525,162
1,random_forest,CWE-913,0.8594446728769438,135,36
1,random_forest,CWE-923,0.5001114604172621,15660,594
1,tool:codeql,CWE-190,0.0,1735,26
1,tool:codeql,CWE-190,1.0,5,2
1,tool:codeql,CWE-20,0.0,1442,67
1,tool:codeql,CWE-20,1.0,298,1
1,tool:codeql,CWE-285,0.0,1734,58
1,tool:codeql,CWE-285,1.0,6,0
1,tool:codeql,CWE-287,0.0,1721,120
1,tool:codeql,CWE-287,1.0,19,5
1,tool:codeql,CWE-311,0.0,1692,64
1,tool:codeql,CWE-311,1.0,48,14
1,tool:codeql,CWE-327,0.0,1664,20
1,tool:codeql,CWE-327,1.0,76,50
1,tool:codeql,CWE-330,0.0,1695,6
1,tool:codeql,CWE-330,1.0,45,44
1,tool:codeql,CWE-345,0.0,1727,99
1,tool:codeql,CWE-345,1.0,13,7
1,tool:codeql,CWE-400,0.0,1739,51
1,tool:codeql,CWE-400,1.0,1,0
1,tool:codeql,CWE-610,0.0,1738,53
1,tool:codeql,CWE-610,1.0,2,1
1,tool:codeql,CWE-668,0.0,1624,218
1,tool:codeql,CWE-668,1.0,116,2
1,tool:codeql,CWE-706,0.0,1732,57
1,tool:codeql,CWE-706,1.0,8,3
1,tool:codeql,CWE-74,0.0,1401,157
1,tool:codeql,CWE-74,1.0,339,129
1,tool:codeql,CWE-913,0.0,1739,21
1,tool:codeql,CWE-913,1.0,1,1
1,tool:codeql,CWE-923,0.0,1740,66
1,tool:joern,CWE-190,0.0,1740,28
1,tool:joern,CWE-20,0.0,1740,68
1,tool:joern,CWE-285,0.0,1740,58
1,tool:joern,CWE-287,0.0,1740,125
1,tool:joern,CWE-311,0.0,1740,78
1,tool:joern,CWE-327,0.0,1734,65
1,tool:joern,CWE-327,1.0,6,5
1,tool:joern,CWE-330,0.0,1740,50
1,tool:joern,CWE-345,0.0,1740,106
1,tool:joern,CWE-400,0.0,1740,51
1,tool:joern,CWE-610,0.0,1740,54
1,tool:joern,CWE-668,0.0,1740,220
1,tool:joern,CWE-706,0.0,1740,60
1,tool:joern,CWE-74,0.0,1740,286
1,tool:joern,CWE-913,0.0,1740,22
1,tool:joern,CWE-923,0.0,1740,66
1,tool:semgrep,CWE-190,0.0,1740,28
1,tool:semgrep,CWE-20,0.0,1740,68
1,tool:semgrep,CWE-285,0.0,1724,57
1,tool:semgrep,CWE-285,1.0,16,1
1,tool:semgrep,CWE-287,0.0,1740,125
1,tool:semgrep,CWE-311,0.0,1652,45
1,tool:semgrep,CWE-311,1.0,88,33
1,tool:semgrep,CWE-327,0.0,1708,45
1,tool:semgrep,CWE-327,1.0,32,25
1,tool:semgrep,CWE-330,0.0,1693,6
1,tool:semgrep,CWE-330,1.0,47,44
1,tool:semgrep,CWE-345,0.0,1739,106
1,tool:semgrep,CWE-345,1.0,1,0
1,tool:semgrep,CWE-400,0.0,1740,51
1,tool:semgrep,CWE-610,0.0,1712,39
1,tool:semgrep,CWE-610,1.0,28,15
1,tool:semgrep,CWE-668,0.0,1740,220
1,tool:semgrep,CWE-706,0.0,1693,35
1,tool:semgrep,CWE-706,1.0,47,25
1,tool:semgrep,CWE-74,0.0,1446,126
1,tool:semgrep,CWE-74,1.0,294,160
1,tool:semgrep,CWE-913,0.0,1725,18
1,tool:semgrep,CWE-913,1.0,15,4
1,tool:semgrep,CWE-923,0.0,1740,66
1,traditional_2_of_3,CWE-190,0.0,1735,26
1,traditional_2_of_3,CWE-190,0.3333333333333333,5,2
1,traditional_2_of_3,CWE-20,0.0,1442,67
1,traditional_2_of_3,CWE-20,0.3333333333333333,298,1
1,traditional_2_of_3,CWE-285,0.0,1721,57
1,traditional_2_of_3,CWE-285,0.3333333333333333,16,1
1,traditional_2_of_3,CWE-285,0.6666666666666666,3,0
1,traditional_2_of_3,CWE-287,0.0,1721,120
1,traditional_2_of_3,CWE-287,0.3333333333333333,19,5
1,traditional_2_of_3,CWE-311,0.0,1638,44
1,traditional_2_of_3,CWE-311,0.3333333333333333,68,21
1,traditional_2_of_3,CWE-311,0.6666666666666666,34,13
1,traditional_2_of_3,CWE-327,0.0,1657,17
1,traditional_2_of_3,CWE-327,0.3333333333333333,56,29
1,traditional_2_of_3,CWE-327,0.6666666666666666,23,21
1,traditional_2_of_3,CWE-327,1.0,4,3
1,traditional_2_of_3,CWE-330,0.0,1692,6
1,traditional_2_of_3,CWE-330,0.3333333333333333,4,0
1,traditional_2_of_3,CWE-330,0.6666666666666666,44,44
1,traditional_2_of_3,CWE-345,0.0,1726,99
1,traditional_2_of_3,CWE-345,0.3333333333333333,14,7
1,traditional_2_of_3,CWE-400,0.0,1739,51
1,traditional_2_of_3,CWE-400,0.3333333333333333,1,0
1,traditional_2_of_3,CWE-610,0.0,1710,38
1,traditional_2_of_3,CWE-610,0.3333333333333333,30,16
1,traditional_2_of_3,CWE-668,0.0,1624,218
1,traditional_2_of_3,CWE-668,0.3333333333333333,116,2
1,traditional_2_of_3,CWE-706,0.0,1689,35
1,traditional_2_of_3,CWE-706,0.3333333333333333,47,22
1,traditional_2_of_3,CWE-706,0.6666666666666666,4,3
1,traditional_2_of_3,CWE-74,0.0,1285,116
1,traditional_2_of_3,CWE-74,0.3333333333333333,277,51
1,traditional_2_of_3,CWE-74,0.6666666666666666,178,119
1,traditional_2_of_3,CWE-913,0.0,1724,17
1,traditional_2_of_3,CWE-913,0.3333333333333333,16,5
1,traditional_2_of_3,CWE-923,0.0,1740,66
1,weighted_fire_specificity_silence_sensitivity,CWE-190,0.0,15615,234
1,weighted_fire_specificity_silence_sensitivity,CWE-190,1.0,45,18
1,weighted_fire_specificity_silence_sensitivity,CWE-20,0.0,12978,603
1,weighted_fire_specificity_silence_sensitivity,CWE-20,1.0,2682,9
1,weighted_fire_specificity_silence_sensitivity,CWE-285,0.0,15489,513
1,weighted_fire_specificity_silence_sensitivity,CWE-285,0.995687138044734,117,9
1,weighted_fire_specificity_silence_sensitivity,CWE-285,1.0,54,0
1,weighted_fire_specificity_silence_sensitivity,CWE-287,0.0,15489,1080
1,weighted_fire_specificity_silence_sensitivity,CWE-287,0.9860219777519039,171,45
1,weighted_fire_specificity_silence_sensitivity,CWE-311,0.0,14742,396
1,weighted_fire_specificity_silence_sensitivity,CWE-311,0.6776732084925963,126,9
1,weighted_fire_specificity_silence_sensitivity,CWE-311,0.823141615584158,486,180
1,weighted_fire_specificity_silence_sensitivity,CWE-311,1.0,306,117
1,weighted_fire_specificity_silence_sensitivity,CWE-327,0.0,14913,153
1,weighted_fire_specificity_silence_sensitivity,CWE-327,0.5738910988231819,45,9
1,weighted_fire_specificity_silence_sensitivity,CWE-327,0.7053027415246289,459,252
1,weighted_fire_specificity_silence_sensitivity,CWE-327,0.746201230399701,18,18
1,weighted_fire_specificity_silence_sensitivity,CWE-327,0.9703530911898275,189,171
1,weighted_fire_specificity_silence_sensitivity,CWE-327,1.0,36,27
1,weighted_fire_specificity_silence_sensitivity,CWE-330,0.0,15228,54
1,weighted_fire_specificity_silence_sensitivity,CWE-330,0.5327468038726655,27,0
1,weighted_fire_specificity_silence_sensitivity,CWE-330,0.53475935828877,9,0
1,weighted_fire_specificity_silence_sensitivity,CWE-330,1.0,396,396
1,weighted_fire_specificity_silence_sensitivity,CWE-345,0.0,15534,891
1,weighted_fire_specificity_silence_sensitivity,CWE-345,0.944240617258233,9,0
1,weighted_fire_specificity_silence_sensitivity,CWE-345,1.0,117,63
1,weighted_fire_specificity_silence_sensitivity,CWE-400,0.0,15651,459
1,weighted_fire_specificity_silence_sensitivity,CWE-400,1.0,9,0
1,weighted_fire_specificity_silence_sensitivity,CWE-610,0.0,15390,342
1,weighted_fire_specificity_silence_sensitivity,CWE-610,0.7394129051486018,18,9
1,weighted_fire_specificity_silence_sensitivity,CWE-610,0.9724367945434196,252,135
1,weighted_fire_specificity_silence_sensitivity,CWE-668,0.0,14616,1962
1,weighted_fire_specificity_silence_sensitivity,CWE-668,1.0,1044,18
1,weighted_fire_specificity_silence_sensitivity,CWE-706,0.0,15201,315
1,weighted_fire_specificity_silence_sensitivity,CWE-706,0.6953104752626119,36,0
1,weighted_fire_specificity_silence_sensitivity,CWE-706,0.947350510918119,387,198
1,weighted_fire_specificity_silence_sensitivity,CWE-706,1.0,36,27
1,weighted_fire_specificity_silence_sensitivity,CWE-74,0.0,11565,1044
1,weighted_fire_specificity_silence_sensitivity,CWE-74,0.5983090034483145,1449,90
1,weighted_fire_specificity_silence_sensitivity,CWE-74,0.6513757030378442,1044,369
1,weighted_fire_specificity_silence_sensitivity,CWE-74,1.0,1602,1071
1,weighted_fire_specificity_silence_sensitivity,CWE-913,0.0,15516,153
1,weighted_fire_specificity_silence_sensitivity,CWE-913,0.7943452586201067,9,9
1,weighted_fire_specificity_silence_sensitivity,CWE-913,1.0,135,36
1,weighted_fire_specificity_silence_sensitivity,CWE-923,0.0,15660,594
1,xgboost,CWE-190,0.49198511242866516,15615,234
1,xgboost,CWE-190,0.9603928327560425,45,18
1,xgboost,CWE-20,0.18762069940567017,2682,9
1,xgboost,CWE-20,0.540410041809082,12978,603
1,xgboost,CWE-285,0.049975842237472534,27,0
1,xgboost,CWE-285,0.07351971417665482,117,9
1,xgboost,CWE-285,0.5068720579147339,15489,513
1,xgboost,CWE-285,0.5316569209098816,27,0
1,xgboost,CWE-287,0.48077961802482605,15489,1080
1,xgboost,CWE-287,0.8898041248321533,171,45
1,xgboost,CWE-311,0.3580353260040283,14742,396
1,xgboost,CWE-311,0.7413405179977417,126,9
1,xgboost,CWE-311,0.8663451671600342,486,180
1,xgboost,CWE-311,0.946751594543457,306,117
1,xgboost,CWE-327,0.20721742510795593,14913,153
1,xgboost,CWE-327,0.8132911920547485,45,9
1,xgboost,CWE-327,0.9735264778137207,459,252
1,xgboost,CWE-327,0.9864826202392578,18,18
1,xgboost,CWE-327,0.9919907450675964,36,27
1,xgboost,CWE-327,0.9929343461990356,189,171
1,xgboost,CWE-330,0.11542659997940063,15228,54
1,xgboost,CWE-330,0.3205574154853821,27,0
1,xgboost,CWE-330,0.9853768944740295,9,0
1,xgboost,CWE-330,0.9963598847389221,396,396
1,xgboost,CWE-345,0.4840209186077118,15543,891
1,xgboost,CWE-345,0.9482802152633667,117,63
1,xgboost,CWE-400,0.49897071719169617,15651,459
1,xgboost,CWE-400,0.9100146889686584,9,0
1,xgboost,CWE-610,0.4019295871257782,15390,342
1,xgboost,CWE-610,0.8779095411300659,18,9
1,xgboost,CWE-610,0.9292439222335815,252,135
1,xgboost,CWE-668,0.19683688879013062,1044,18
1,xgboost,CWE-668,0.5161221027374268,14616,1962
1,xgboost,CWE-706,0.37550950050354004,15201,315
1,xgboost,CWE-706,0.7114245891571045,36,0
1,xgboost,CWE-706,0.9102159142494202,387,198
1,xgboost,CWE-706,0.9654710292816162,36,27
1,xgboost,CWE-74,0.3226102590560913,11565,1044
1,xgboost,CWE-74,0.4035158157348633,1449,90
1,xgboost,CWE-74,0.7222964763641357,1044,369
1,xgboost,CWE-74,0.8811901807785034,1602,1071
1,xgboost,CWE-913,0.4276333153247833,15525,162
1,xgboost,CWE-913,0.9260684847831726,135,36
1,xgboost,CWE-923,0.5020225644111633,15660,594
2,bks,CWE-190,0.015497359961105522,15831,252
2,bks,CWE-20,0.008075278950404326,2808,27
2,bks,CWE-20,0.04569798572451693,13023,585
2,bks,CWE-285,0.018392616272462706,126,0
2,bks,CWE-285,0.03348308531282464,15651,522
2,bks,CWE-285,0.05926509687793539,54,0
2,bks,CWE-287,0.06643554722131391,15669,1062
2,bks,CWE-287,0.3810001432870039,9,9
2,bks,CWE-287,0.38690625447771887,144,36
2,bks,CWE-287,0.5918572042658587,9,9
2,bks,CWE-311,0.025868981196713443,14832,297
2,bks,CWE-311,0.05719539571094235,117,27
2,bks,CWE-311,0.3612545711669169,567,198
2,bks,CWE-311,0.4147543075655538,315,171
2,bks,CWE-327,0.011241239814667838,15147,108
2,bks,CWE-327,0.23765413888724995,63,18
2,bks,CWE-327,0.6140922768304914,387,279
2,bks,CWE-327,0.70802407221665,27,18
2,bks,CWE-327,0.7386827148110999,18,18
2,bks,CWE-327,0.9352663252916644,189,189
2,bks,CWE-330,0.002865740077374982,9,0
2,bks,CWE-330,0.00369195738935428,15426,54
2,bks,CWE-330,0.9889620159178836,396,396
2,bks,CWE-345,0.01012561494005827,9,0
2,bks,CWE-345,0.05763487471180948,15732,891
2,bks,CWE-345,0.523364737068348,90,63
2,bks,CWE-400,0.009647991593829107,9,9
2,bks,CWE-400,0.028960568718584344,15822,441
2,bks,CWE-610,0.020294998079050764,15606,324
2,bks,CWE-610,0.10613268376558246,9,9
2,bks,CWE-610,0.5921777236471318,198,126
2,bks,CWE-610,0.6122653675311649,18,18
2,bks,CWE-668,0.03157683639501765,1080,27
2,bks,CWE-668,0.1258059893967617,9,0
2,bks,CWE-668,0.13280794030442977,14742,1944
2,bks,CWE-706,0.00489222770351872,9,0
2,bks,CWE-706,0.020113598106112237,15255,297
2,bks,CWE-706,0.49234487266229554,495,189
2,bks,CWE-706,0.5270710089452029,72,45
2,bks,CWE-74,0.07621138086447057,1485,144
2,bks,CWE-74,0.0848741841782645,11565,981
2,bks,CWE-74,0.3587762947895853,963,396
2,bks,CWE-74,0.6657803261091386,1818,1044
2,bks,CWE-913,0.008966945032623635,15696,162
2,bks,CWE-913,0.34959299667710614,135,36
2,bks,CWE-923,0.03797105602521851,15831,594
2,decision_tree,CWE-190,0.49112755187184726,15831,252
2,decision_tree,CWE-20,0.1663186712360651,2808,27
2,decision_tree,CWE-20,0.5414627592866367,13023,585
2,decision_tree,CWE-285,0.34486989417718955,126,0
2,decision_tree,CWE-285,0.5007522566091958,15651,522
2,decision_tree,CWE-285,0.6587247339127036,54,0
2,decision_tree,CWE-287,0.48027729114365975,15669,1062
2,decision_tree,CWE-287,0.8964515459638911,153,45
2,decision_tree,CWE-287,0.9811120784284039,9,9
2,decision_tree,CWE-311,0.36431376543126676,14832,297
2,decision_tree,CWE-311,0.569258342579158,117,27
2,decision_tree,CWE-311,0.9251272110491867,567,198
2,decision_tree,CWE-311,0.9400186668864847,315,171
2,decision_tree,CWE-327,0.21368284731837214,15147,108
2,decision_tree,CWE-327,0.9458981428497107,81,36
2,decision_tree,CWE-327,0.9750933997509352,387,279
2,decision_tree,CWE-327,0.9978611341336259,216,207
2,decision_tree,CWE-330,0.0,9,0
2,decision_tree,CWE-330,0.11138861959612156,15426,54
2,decision_tree,CWE-330,0.9998314405511894,396,396
2,decision_tree,CWE-345,0.0,9,0
2,decision_tree,CWE-345,0.48599576224335056,15732,891
2,decision_tree,CWE-345,0.9484659594047883,90,63
2,decision_tree,CWE-400,0.0,9,9
2,decision_tree,CWE-400,0.5001476014760545,15822,441
2,decision_tree,CWE-610,0.39568245424237836,15606,324
2,decision_tree,CWE-610,0.8187099116543629,9,9
2,decision_tree,CWE-610,0.9794890828002363,198,126
2,decision_tree,CWE-610,1.0,18,18
2,decision_tree,CWE-668,0.1827876236110919,1080,27
2,decision_tree,CWE-668,0.515550893383407,14751,1944
2,decision_tree,CWE-706,0.0,9,0
2,decision_tree,CWE-706,0.36658370969245124,15255,297
2,decision_tree,CWE-706,0.965395052521614,495,189
2,decision_tree,CWE-706,0.9748593067900911,72,45
2,decision_tree,CWE-74,0.29576319883393615,1485,144
2,decision_tree,CWE-74,0.32150874313303207,11565,981
2,decision_tree,CWE-74,0.7416998739478721,963,396
2,decision_tree,CWE-74,0.9110533897867704,1818,1044
2,decision_tree,CWE-913,0.4232241148670516,15696,162
2,decision_tree,CWE-913,0.9786105572869299,135,36
2,decision_tree,CWE-923,0.49999999999998224,15831,594
2,dst_dempster_fire_specificity_silence_sensitivity,CWE-190,0.48214285714285715,15831,252
2,dst_dempster_fire_specificity_silence_sensitivity,CWE-20,0.48161764705882354,13023,585
2,dst_dempster_fire_specificity_silence_sensitivity,CWE-20,0.9078574623527658,2808,27
2,dst_dempster_fire_specificity_silence_sensitivity,CWE-285,0.4957173644753081,15651,522
2,dst_dempster_fire_specificity_silence_sensitivity,CWE-285,0.9952905020972632,126,0
2,dst_dempster_fire_specificity_silence_sensitivity,CWE-285,0.9982806155536884,54,0
2,dst_dempster_fire_specificity_silence_sensitivity,CWE-287,0.4572953522275011,15669,1062
2,dst_dempster_fire_specificity_silence_sensitivity,CWE-287,0.9955132199768539,144,36
2,dst_dempster_fire_specificity_silence_sensitivity,CWE-287,0.9999101200474807,9,9
2,dst_dempster_fire_specificity_silence_sensitivity,CWE-287,0.9999993212734339,9,9
2,dst_dempster_fire_specificity_silence_sensitivity,CWE-311,0.2292026685937516,14832,297
2,dst_dempster_fire_specificity_silence_sensitivity,CWE-311,0.9765931760444968,567,198
2,dst_dempster_fire_specificity_silence_sensitivity,CWE-311,0.9768090955846296,117,27
2,dst_dempster_fire_specificity_silence_sensitivity,CWE-311,0.9997010939807458,315,171
2,dst_dempster_fire_specificity_silence_sensitivity,CWE-327,0.10265406341107874,15147,108
2,dst_dempster_fire_specificity_silence_sensitivity,CWE-327,0.9880994836062579,63,18
2,dst_dempster_fire_specificity_silence_sensitivity,CWE-327,0.9882164232580574,387,279
2,dst_dempster_fire_specificity_silence_sensitivity,CWE-327,0.9999733876687837,189,189
2,dst_dempster_fire_specificity_silence_sensitivity,CWE-327,0.9999933719304032,18,18
2,dst_dempster_fire_specificity_silence_sensitivity,CWE-327,0.9999999860292617,27,18
2,dst_dempster_fire_specificity_silence_sensitivity,CWE-330,0.008124999999999993,15426,54
2,dst_dempster_fire_specificity_silence_sensitivity,CWE-330,0.9804489500362057,9,0
2,dst_dempster_fire_specificity_silence_sensitivity,CWE-330,0.9999998041555622,396,396
2,dst_dempster_fire_specificity_silence_sensitivity,CWE-345,0.4705188679245283,15732,891
2,dst_dempster_fire_specificity_silence_sensitivity,CWE-345,0.9983981693363844,90,63
2,dst_dempster_fire_specificity_silence_sensitivity,CWE-345,0.9991417195047588,9,0
2,dst_dempster_fire_specificity_silence_sensitivity,CWE-400,0.5,15822,441
2,dst_dempster_fire_specificity_silence_sensitivity,CWE-400,0.9997048841670355,9,9
2,dst_dempster_fire_specificity_silence_sensitivity,CWE-610,0.3209887326404053,15606,324
2,dst_dempster_fire_specificity_silence_sensitivity,CWE-610,0.9963943813439674,198,126
2,dst_dempster_fire_specificity_silence_sensitivity,CWE-610,0.9989362802310636,9,9
2,dst_dempster_fire_specificity_silence_sensitivity,CWE-610,0.9999964055677646,18,18
2,dst_dempster_fire_specificity_silence_sensitivity,CWE-668,0.49145785876993164,14751,1944
2,dst_dempster_fire_specificity_silence_sensitivity,CWE-668,0.9618095394197672,1080,27
2,dst_dempster_fire_specificity_silence_sensitivity,CWE-706,0.2714238196110012,15255,297
2,dst_dempster_fire_specificity_silence_sensitivity,CWE-706,0.9917903852894109,495,189
2,dst_dempster_fire_specificity_silence_sensitivity,CWE-706,0.9962773484271253,9,0
2,dst_dempster_fire_specificity_silence_sensitivity,CWE-706,0.999977766820171,72,45
2,dst_dempster_fire_specificity_silence_sensitivity,CWE-74,0.11015869169828335,11565,981
2,dst_dempster_fire_specificity_silence_sensitivity,CWE-74,0.7811088717009147,1485,144
2,dst_dempster_fire_specificity_silence_sensitivity,CWE-74,0.8821566954881594,963,396
2,dst_dempster_fire_specificity_silence_sensitivity,CWE-74,0.993723967451204,1818,1044
2,dst_dempster_fire_specificity_silence_sensitivity,CWE-913,0.36622837370242217,15696,162
2,dst_dempster_fire_specificity_silence_sensitivity,CWE-913,0.9971043021057266,135,36
2,dst_dempster_fire_specificity_silence_sensitivity,CWE-923,0.0,15831,594
2,dst_pcr6_fire_specificity_silence_sensitivity,CWE-190,0.48214285714285715,15831,252
2,dst_pcr6_fire_specificity_silence_sensitivity,CWE-20,0.48161764705882354,13023,585
2,dst_pcr6_fire_specificity_silence_sensitivity,CWE-20,0.9078574623527658,2808,27
2,dst_pcr6_fire_specificity_silence_sensitivity,CWE-285,0.49571736447530806,15651,522
2,dst_pcr6_fire_specificity_silence_sensitivity,CWE-285,0.9952921852921452,126,0
2,dst_pcr6_fire_specificity_silence_sensitivity,CWE-285,0.9982696287748627,54,0
2,dst_pcr6_fire_specificity_silence_sensitivity,CWE-287,0.4572953522275011,15669,1062
2,dst_pcr6_fire_specificity_silence_sensitivity,CWE-287,0.9945282187343804,9,9
2,dst_pcr6_fire_specificity_silence_sensitivity,CWE-287,0.9954583858223902,144,36
2,dst_pcr6_fire_specificity_silence_sensitivity,CWE-287,0.9999993212734339,9,9
2,dst_pcr6_fire_specificity_silence_sensitivity,CWE-311,0.22920266859375166,14832,297
2,dst_pcr6_fire_specificity_silence_sensitivity,CWE-311,0.8530795224170254,117,27
2,dst_pcr6_fire_specificity_silence_sensitivity,CWE-311,0.9530348248190376,567,198
2,dst_pcr6_fire_specificity_silence_sensitivity,CWE-311,0.9997010939807458,315,171
2,dst_pcr6_fire_specificity_silence_sensitivity,CWE-327,0.10265406341107869,15147,108
2,dst_pcr6_fire_specificity_silence_sensitivity,CWE-327,0.7293022529327344,63,18
2,dst_pcr6_fire_specificity_silence_sensitivity,CWE-327,0.8335520988560848,18,18
2,dst_pcr6_fire_specificity_silence_sensitivity,CWE-327,0.9005676155081024,387,279
2,dst_pcr6_fire_specificity_silence_sensitivity,CWE-327,0.9979306044646947,189,189
2,dst_pcr6_fire_specificity_silence_sensitivity,CWE-327,0.9999999860292617,27,18
2,dst_pcr6_fire_specificity_silence_sensitivity,CWE-330,0.008124999999999993,15426,54
2,dst_pcr6_fire_specificity_silence_sensitivity,CWE-330,0.5896840533375667,9,0
2,dst_pcr6_fire_specificity_silence_sensitivity,CWE-330,0.9999998041555622,396,396
2,dst_pcr6_fire_specificity_silence_sensitivity,CWE-345,0.4705188679245283,15732,891
2,dst_pcr6_fire_specificity_silence_sensitivity,CWE-345,0.995909550881792,9,0
2,dst_pcr6_fire_specificity_silence_sensitivity,CWE-345,0.9983981693363844,90,63
2,dst_pcr6_fire_specificity_silence_sensitivity,CWE-400,0.5,15822,441
2,dst_pcr6_fire_specificity_silence_sensitivity,CWE-400,0.9997048841670355,9,9
2,dst_pcr6_fire_specificity_silence_sensitivity,CWE-610,0.3209887326404053,15606,324
2,dst_pcr6_fire_specificity_silence_sensitivity,CWE-610,0.9104774205972931,9,9
2,dst_pcr6_fire_specificity_silence_sensitivity,CWE-610,0.9961183869473182,198,126
2,dst_pcr6_fire_specificity_silence_sensitivity,CWE-610,0.9999964055677646,18,18
2,dst_pcr6_fire_specificity_silence_sensitivity,CWE-668,0.49145785876993164,14751,1944
2,dst_pcr6_fire_specificity_silence_sensitivity,CWE-668,0.9618095394197672,1080,27
2,dst_pcr6_fire_specificity_silence_sensitivity,CWE-706,0.27142381961100115,15255,297
2,dst_pcr6_fire_specificity_silence_sensitivity,CWE-706,0.8682003920171603,9,0
2,dst_pcr6_fire_specificity_silence_sensitivity,CWE-706,0.9901388215966518,495,189
2,dst_pcr6_fire_specificity_silence_sensitivity,CWE-706,0.999977766820171,72,45
2,dst_pcr6_fire_specificity_silence_sensitivity,CWE-74,0.11015869169828335,11565,981
2,dst_pcr6_fire_specificity_silence_sensitivity,CWE-74,0.6916904473496959,1485,144
2,dst_pcr6_fire_specificity_silence_sensitivity,CWE-74,0.7814009823694306,963,396
2,dst_pcr6_fire_specificity_silence_sensitivity,CWE-74,0.993723967451204,1818,1044
2,dst_pcr6_fire_specificity_silence_sensitivity,CWE-913,0.3662283737024221,15696,162
2,dst_pcr6_fire_specificity_silence_sensitivity,CWE-913,0.9970013865630342,135,36
2,dst_pcr6_fire_specificity_silence_sensitivity,CWE-923,0.0,15831,594
2,dst_yager_fire_specificity_silence_sensitivity,CWE-190,0.48214285714285715,15831,252
2,dst_yager_fire_specificity_silence_sensitivity,CWE-20,0.48161764705882354,13023,585
2,dst_yager_fire_specificity_silence_sensitivity,CWE-20,0.9078574623527658,2808,27
2,dst_yager_fire_specificity_silence_sensitivity,CWE-285,0.4957173644753081,15651,522
2,dst_yager_fire_specificity_silence_sensitivity,CWE-285,0.9931846435147073,126,0
2,dst_yager_fire_specificity_silence_sensitivity,CWE-285,0.9961493633486829,54,0
2,dst_yager_fire_specificity_silence_sensitivity,CWE-287,0.4572953522275011,15669,1062
2,dst_yager_fire_specificity_silence_sensitivity,CWE-287,0.9618466872015636,9,9
2,dst_yager_fire_specificity_silence_sensitivity,CWE-287,0.9905918318117717,144,36
2,dst_yager_fire_specificity_silence_sensitivity,CWE-287,0.9999993212734339,9,9
2,dst_yager_fire_specificity_silence_sensitivity,CWE-311,0.2292026685937516,14832,297
2,dst_yager_fire_specificity_silence_sensitivity,CWE-311,0.7707898477945494,117,27
2,dst_yager_fire_specificity_silence_sensitivity,CWE-311,0.893043284183151,567,198
2,dst_yager_fire_specificity_silence_sensitivity,CWE-311,0.9997010939807458,315,171
2,dst_yager_fire_specificity_silence_sensitivity,CWE-327,0.10265406341107874,15147,108
2,dst_yager_fire_specificity_silence_sensitivity,CWE-327,0.6548271863604376,63,18
2,dst_yager_fire_specificity_silence_sensitivity,CWE-327,0.667855805857489,18,18
2,dst_yager_fire_specificity_silence_sensitivity,CWE-327,0.8005534008274156,387,279
2,dst_yager_fire_specificity_silence_sensitivity,CWE-327,0.9678337453632017,189,189
2,dst_yager_fire_specificity_silence_sensitivity,CWE-327,0.9999999860292617,27,18
2,dst_yager_fire_specificity_silence_sensitivity,CWE-330,0.008124999999999993,15426,54
2,dst_yager_fire_specificity_silence_sensitivity,CWE-330,0.5611723705561292,9,0
2,dst_yager_fire_specificity_silence_sensitivity,CWE-330,0.9999998041555622,396,396
2,dst_yager_fire_specificity_silence_sensitivity,CWE-345,0.4705188679245283,15732,891
2,dst_yager_fire_specificity_silence_sensitivity,CWE-345,0.9697560914180446,9,0
2,dst_yager_fire_specificity_silence_sensitivity,CWE-345,0.9983981693363844,90,63
2,dst_yager_fire_specificity_silence_sensitivity,CWE-400,0.5,15822,441
2,dst_yager_fire_specificity_silence_sensitivity,CWE-400,0.9997048841670355,9,9
2,dst_yager_fire_specificity_silence_sensitivity,CWE-610,0.3209887326404053,15606,324
2,dst_yager_fire_specificity_silence_sensitivity,CWE-610,0.8265854349282661,9,9
2,dst_yager_fire_specificity_silence_sensitivity,CWE-610,0.9871804435971293,198,126
2,dst_yager_fire_specificity_silence_sensitivity,CWE-610,0.9999964055677646,18,18
2,dst_yager_fire_specificity_silence_sensitivity,CWE-668,0.49145785876993164,14751,1944
2,dst_yager_fire_specificity_silence_sensitivity,CWE-668,0.9618095394197672,1080,27
2,dst_yager_fire_specificity_silence_sensitivity,CWE-706,0.2714238196110012,15255,297
2,dst_yager_fire_specificity_silence_sensitivity,CWE-706,0.7830351489266603,9,0
2,dst_yager_fire_specificity_silence_sensitivity,CWE-706,0.9694948660963709,495,189
2,dst_yager_fire_specificity_silence_sensitivity,CWE-706,0.999977766820171,72,45
2,dst_yager_fire_specificity_silence_sensitivity,CWE-74,0.11015869169828335,11565,981
2,dst_yager_fire_specificity_silence_sensitivity,CWE-74,0.6426382125981158,1485,144
2,dst_yager_fire_specificity_silence_sensitivity,CWE-74,0.7138609696522006,963,396
2,dst_yager_fire_specificity_silence_sensitivity,CWE-74,0.993723967451204,1818,1044
2,dst_yager_fire_specificity_silence_sensitivity,CWE-913,0.36622837370242217,15696,162
2,dst_yager_fire_specificity_silence_sensitivity,CWE-913,0.9912891004965955,135,36
2,dst_yager_fire_specificity_silence_sensitivity,CWE-923,0.0,15831,594
2,gradient_boosting,CWE-190,0.4867214966834858,15831,252
2,gradient_boosting,CWE-20,0.1801775328935868,2808,27
2,gradient_boosting,CWE-20,0.5403716875299889,13023,585
2,gradient_boosting,CWE-285,0.288053999185823,126,0
2,gradient_boosting,CWE-285,0.49937457611223673,15651,522
2,gradient_boosting,CWE-285,0.6467914343263386,54,0
2,gradient_boosting,CWE-287,0.4819723926385019,15669,1062
2,gradient_boosting,CWE-287,0.8937932933483813,144,36
2,gradient_boosting,CWE-287,0.9587179469139872,9,9
2,gradient_boosting,CWE-287,0.9811208092203757,9,9
2,gradient_boosting,CWE-311,0.3651802859191714,14832,297
2,gradient_boosting,CWE-311,0.5544077168124758,117,27
2,gradient_boosting,CWE-311,0.9206656624267768,567,198
2,gradient_boosting,CWE-311,0.9375274966514917,315,171
2,gradient_boosting,CWE-327,0.21338502826152936,15147,108
2,gradient_boosting,CWE-327,0.89245031465006,63,18
2,gradient_boosting,CWE-327,0.9726221062493932,387,279
2,gradient_boosting,CWE-327,0.980034970516828,18,18
2,gradient_boosting,CWE-327,0.9923638406514038,189,189
2,gradient_boosting,CWE-327,0.9934363776805332,27,18
2,gradient_boosting,CWE-330,0.0032510396432953704,9,0
2,gradient_boosting,CWE-330,0.11575880864191335,15426,54
2,gradient_boosting,CWE-330,0.9966441174785236,396,396
2,gradient_boosting,CWE-345,0.0032510396432953704,9,0
2,gradient_boosting,CWE-345,0.4847753379819683,15732,891
2,gradient_boosting,CWE-345,0.942821798002173,90,63
2,gradient_boosting,CWE-400,0.010774518370648406,9,9
2,gradient_boosting,CWE-400,0.49799107500532275,15822,441
2,gradient_boosting,CWE-610,0.3974811373273442,15606,324
2,gradient_boosting,CWE-610,0.6535391980784316,9,9
2,gradient_boosting,CWE-610,0.9770396155892468,198,126
2,gradient_boosting,CWE-610,0.9936458994358967,18,18
2,gradient_boosting,CWE-668,0.17869779994988627,1080,27
2,gradient_boosting,CWE-668,0.5162992785241933,14751,1944
2,gradient_boosting,CWE-706,0.0032510396432953734,9,0
2,gradient_boosting,CWE-706,0.3688535081820188,15255,297
2,gradient_boosting,CWE-706,0.9629165952638735,495,189
2,gradient_boosting,CWE-706,0.9722531860638032,72,45
2,gradient_boosting,CWE-74,0.2917616970721188,1485,144
2,gradient_boosting,CWE-74,0.32313341826397696,11565,981
2,gradient_boosting,CWE-74,0.7403662035199237,963,396
2,gradient_boosting,CWE-74,0.9089891884568839,1818,1044
2,gradient_boosting,CWE-913,0.4298606399778533,15696,162
2,gradient_boosting,CWE-913,0.9703927461141083,135,36
2,gradient_boosting,CWE-923,0.4977025965779595,15831,594
2,logistic_interactions,CWE-190,0.49156593827450906,15831,252
2,logistic_interactions,CWE-20,0.1687126310135302,2808,27
2,logistic_interactions,CWE-20,0.5411778495716736,13023,585
2,logistic_interactions,CWE-285,0.33476995746830723,126,0
2,logistic_interactions,CWE-285,0.5008134939100997,15651,522
2,logistic_interactions,CWE-285,0.6057401170346084,54,0
2,logistic_interactions,CWE-287,0.48092148192211465,15669,1062
2,logistic_interactions,CWE-287,0.8856829025584865,144,36
2,logistic_interactions,CWE-287,0.8968548514943341,9,9
2,logistic_interactions,CWE-287,0.9881482790094391,9,9
2,logistic_interactions,CWE-311,0.3651399623996014,14832,297
2,logistic_interactions,CWE-311,0.5495543880658064,117,27
2,logistic_interactions,CWE-311,0.9216018829715243,567,198
2,logistic_interactions,CWE-311,0.9406766076667162,315,171
2,logistic_interactions,CWE-327,0.2157705986449968,15147,108
2,logistic_interactions,CWE-327,0.8708908142586511,63,18
2,logistic_interactions,CWE-327,0.9710302948815548,387,279
2,logistic_interactions,CWE-327,0.9824811031605148,18,18
2,logistic_interactions,CWE-327,0.9980616248041901,189,189
2,logistic_interactions,CWE-327,0.9996845029152354,27,18
2,logistic_interactions,CWE-330,0.11192526930418258,15426,54
2,logistic_interactions,CWE-330,0.2620843638746572,9,0
2,logistic_interactions,CWE-330,0.9988524890346051,396,396
2,logistic_interactions,CWE-345,0.22971740844236363,9,0
2,logistic_interactions,CWE-345,0.4862322900081058,15732,891
2,logistic_interactions,CWE-345,0.9369572649181428,90,63
2,logistic_interactions,CWE-400,0.26894142136984717,9,9
2,logistic_interactions,CWE-400,0.49999999999981193,15822,441
2,logistic_interactions,CWE-610,0.3966224824010652,15606,324
2,logistic_interactions,CWE-610,0.7516279346874263,9,9
2,logistic_interactions,CWE-610,0.9761496124409594,198,126
2,logistic_interactions,CWE-610,0.9958944562255357,18,18
2,logistic_interactions,CWE-668,0.18932470952636754,1080,27
2,logistic_interactions,CWE-668,0.5153228701350179,14751,1944
2,logistic_interactions,CWE-706,0.23575815494853491,9,0
2,logistic_interactions,CWE-706,0.36702611678761976,15255,297
2,logistic_interactions,CWE-706,0.9632635742371708,495,189
2,logistic_interactions,CWE-706,0.9697593471277912,72,45
2,logistic_interactions,CWE-74,0.29874609803926283,1485,144
2,logistic_interactions,CWE-74,0.3216172893616327,11565,981
2,logistic_interactions,CWE-74,0.7409973246333862,963,396
2,logistic_interactions,CWE-74,0.910242200614459,1818,1044
2,logistic_interactions,CWE-913,0.4243091078849068,15696,162
2,logistic_interactions,CWE-913,0.9741278417366107,135,36
2,logistic_interactions,CWE-923,0.5,15831,594
2,logistic_regression,CWE-190,0.49156593827450906,15831,252
2,logistic_regression,CWE-20,0.1687126310135302,2808,27
2,logistic_regression,CWE-20,0.5411778495716736,13023,585
2,logistic_regression,CWE-285,0.32448958794540333,126,0
2,logistic_regression,CWE-285,0.5009844207232276,15651,522
2,logistic_regression,CWE-285,0.561766642299756,54,0
2,logistic_regression,CWE-287,0.4809200517337074,15669,1062
2,logistic_regression,CWE-287,0.8857221296991713,144,36
2,logistic_regression,CWE-287,0.8971937381751276,9,9
2,logistic_regression,CWE-287,0.9864877305428273,9,9
2,logistic_regression,CWE-311,0.3658085025706731,14832,297
2,logistic_regression,CWE-311,0.48207148525965776,117,27
2,logistic_regression,CWE-311,0.9177520766208506,567,198
2,logistic_regression,CWE-311,0.9473840526208455,315,171
2,logistic_regression,CWE-327,0.2157623860751248,15147,108
2,logistic_regression,CWE-327,0.8736443877258466,63,18
2,logistic_regression,CWE-327,0.970712579599184,387,279
2,logistic_regression,CWE-327,0.9747332167752613,18,18
2,logistic_regression,CWE-327,0.9988008947639316,189,189
2,logistic_regression,CWE-327,0.9997848757930026,27,18
2,logistic_regression,CWE-330,0.11164786625488174,15426,54
2,logistic_regression,CWE-330,0.47159518818928503,9,0
2,logistic_regression,CWE-330,0.9980396470377357,396,396
2,logistic_regression,CWE-345,0.22971740844236363,9,0
2,logistic_regression,CWE-345,0.4862322900081058,15732,891
2,logistic_regression,CWE-345,0.9369572649181428,90,63
2,logistic_regression,CWE-400,0.26894142136984717,9,9
2,logistic_regression,CWE-400,0.49999999999981193,15822,441
2,logistic_regression,CWE-610,0.39662201627690763,15606,324
2,logistic_regression,CWE-610,0.7538706750656351,9,9
2,logistic_regression,CWE-610,0.976197103831294,198,126
2,logistic_regression,CWE-610,0.9947942963255242,18,18
2,logistic_regression,CWE-668,0.18932470952636754,1080,27
2,logistic_regression,CWE-668,0.5153228701350179,14751,1944
2,logistic_regression,CWE-706,0.3515453080592435,9,0
2,logistic_regression,CWE-706,0.3667498527036012,15255,297
2,logistic_regression,CWE-706,0.9621144695611741,72,45
2,logistic_regression,CWE-706,0.964450492723455,495,189
2,logistic_regression,CWE-74,0.3092061667925064,11565,981
2,logistic_regression,CWE-74,0.40682674360984306,1485,144
2,logistic_regression,CWE-74,0.8258256260019554,963,396
2,logistic_regression,CWE-74,0.8790070601408592,1818,1044
2,logistic_regression,CWE-913,0.4243091078849068,15696,162
2,logistic_regression,CWE-913,0.9741278417366107,135,36
2,logistic_regression,CWE-923,0.5,15831,594
2,naive_bayes,CWE-190,0.015499130111322501,15831,252
2,naive_bayes,CWE-20,0.008025682182985551,2808,27
2,naive_bayes,CWE-20,0.04570033141461713,13023,585
2,naive_bayes,CWE-285,0.015611381037038491,126,0
2,naive_bayes,CWE-285,0.03352154226551647,15651,522
2,naive_bayes,CWE-285,0.041870053692061,54,0
2,naive_bayes,CWE-287,0.0664023812394145,15669,1062
2,naive_bayes,CWE-287,0.3978251687233717,144,36
2,naive_bayes,CWE-287,0.418324462616403,9,9
2,naive_bayes,CWE-287,0.8697921196833958,9,9
2,naive_bayes,CWE-311,0.02187387904456581,14832,297
2,naive_bayes,CWE-311,0.20990646064153484,117,27
2,naive_bayes,CWE-311,0.3422391249934818,567,198
2,naive_bayes,CWE-311,0.8607489341524707,315,171
2,naive_bayes,CWE-327,0.008644292155486207,15147,108
2,naive_bayes,CWE-327,0.5067692051654747,63,18
2,naive_bayes,CWE-327,0.6203400284207317,387,279
2,naive_bayes,CWE-327,0.9860174028387206,18,18
2,naive_bayes,CWE-327,0.9948328032882143,189,189
2,naive_bayes,CWE-327,0.9999243279793706,27,18
2,naive_bayes,CWE-330,0.0004809478787164879,15426,54
2,naive_bayes,CWE-330,0.5474176985804893,9,0
2,naive_bayes,CWE-330,0.9998817873748918,396,396
2,naive_bayes,CWE-345,0.03848764436757055,9,0
2,naive_bayes,CWE-345,0.057579391814043895,15732,891
2,naive_bayes,CWE-345,0.5436088175194844,90,63
2,naive_bayes,CWE-400,0.028943974781487327,15831,450
2,naive_bayes,CWE-610,0.02006053084513582,15606,324
2,naive_bayes,CWE-610,0.273491903386408,9,9
2,naive_bayes,CWE-610,0.6073255986779994,198,126
2,naive_bayes,CWE-610,0.9660341385708345,18,18
2,naive_bayes,CWE-668,0.031185031185031256,1080,27
2,naive_bayes,CWE-668,0.1328100954139735,14751,1944
2,naive_bayes,CWE-706,0.01922356071644501,15255,297
2,naive_bayes,CWE-706,0.24112033585971013,9,0
2,naive_bayes,CWE-706,0.49386588747499793,495,189
2,naive_bayes,CWE-706,0.9405384766972115,72,45
2,naive_bayes,CWE-74,0.052211931755591114,11565,981
2,naive_bayes,CWE-74,0.2387081571744857,1485,144
2,naive_bayes,CWE-74,0.43155733663939977,963,396
2,naive_bayes,CWE-74,0.8120742324447474,1818,1044
2,naive_bayes,CWE-913,0.009009433474412173,15696,162
2,naive_bayes,CWE-913,0.3581613993877533,135,36
2,naive_bayes,CWE-923,0.0,15831,594
2,or_1_of_3,CWE-190,0.0,1759,28
2,or_1_of_3,CWE-20,0.0,1447,65
2,or_1_of_3,CWE-20,1.0,312,3
2,or_1_of_3,CWE-285,0.0,1739,58
2,or_1_of_3,CWE-285,1.0,20,0
2,or_1_of_3,CWE-287,0.0,1741,118
2,or_1_of_3,CWE-287,1.0,18,6
2,or_1_of_3,CWE-311,0.0,1648,33
2,or_1_of_3,CWE-311,1.0,111,44
2,or_1_of_3,CWE-327,0.0,1683,12
2,or_1_of_3,CWE-327,1.0,76,58
2,or_1_of_3,CWE-330,0.0,1714,6
2,or_1_of_3,CWE-330,1.0,45,44
2,or_1_of_3,CWE-345,0.0,1748,99
2,or_1_of_3,CWE-345,1.0,11,7
2,or_1_of_3,CWE-400,0.0,1758,49
2,or_1_of_3,CWE-400,1.0,1,1
2,or_1_of_3,CWE-610,0.0,1734,36
2,or_1_of_3,CWE-610,1.0,25,17
2,or_1_of_3,CWE-668,0.0,1638,216
2,or_1_of_3,CWE-668,1.0,121,3
2,or_1_of_3,CWE-706,0.0,1695,33
2,or_1_of_3,CWE-706,1.0,64,26
2,or_1_of_3,CWE-74,0.0,1285,109
2,or_1_of_3,CWE-74,1.0,474,176
2,or_1_of_3,CWE-913,0.0,1744,18
2,or_1_of_3,CWE-913,1.0,15,4
2,or_1_of_3,CWE-923,0.0,1758,66
2,or_1_of_3,CWE-923,1.0,1,0
2,random_forest,CWE-190,0.49138206216388,15831,252
2,random_forest,CWE-20,0.16655678957782677,2808,27
2,random_forest,CWE-20,0.5424380492121798,13023,585
2,random_forest,CWE-285,0.3462745340121501,126,0
2,random_forest,CWE-285,0.5009188750455028,15651,522
2,random_forest,CWE-285,0.6491862106472276,54,0
2,random_forest,CWE-287,0.4802195818400085,15669,1062
2,random_forest,CWE-287,0.896320654007884,144,36
2,random_forest,CWE-287,0.9230898544481037,9,9
2,random_forest,CWE-287,0.9847074138222941,9,9
2,random_forest,CWE-311,0.3644575443583434,14832,297
2,random_forest,CWE-311,0.5629345959419764,117,27
2,random_forest,CWE-311,0.924205589543908,567,198
2,random_forest,CWE-311,0.9392478461371815,315,171
2,random_forest,CWE-327,0.21563825488302618,15147,108
2,random_forest,CWE-327,0.888112123959411,63,18
2,random_forest,CWE-327,0.9696352941143768,387,279
2,random_forest,CWE-327,0.9919100429661608,18,18
2,random_forest,CWE-327,0.9938955873004828,27,18
2,random_forest,CWE-327,0.9982713610245861,189,189
2,random_forest,CWE-330,0.0010550458715596332,9,0
2,random_forest,CWE-330,0.11238687324996793,15426,54
2,random_forest,CWE-330,0.9998820548983868,396,396
2,random_forest,CWE-345,0.09291238488603268,9,0
2,random_forest,CWE-345,0.4868067371720084,15732,891
2,random_forest,CWE-345,0.9225991313488048,90,63
2,random_forest,CWE-400,0.41020346754549364,9,9
2,random_forest,CWE-400,0.5004134828358958,15822,441
2,random_forest,CWE-610,0.395518902316115,15606,324
2,random_forest,CWE-610,0.7609114252016381,9,9
2,random_forest,CWE-610,0.9793992350314978,198,126
2,random_forest,CWE-610,0.9984291692357573,18,18
2,random_forest,CWE-668,0.17971338459255545,1080,27
2,random_forest,CWE-668,0.5162304099526339,14751,1944
2,random_forest,CWE-706,0.09269668694613778,9,0
2,random_forest,CWE-706,0.367231271839717,15255,297
2,random_forest,CWE-706,0.9653976228649478,495,189
2,random_forest,CWE-706,0.9742913281889582,72,45
2,random_forest,CWE-74,0.2960350474609351,1485,144
2,random_forest,CWE-74,0.32187163832433974,11565,981
2,random_forest,CWE-74,0.73727198243459,963,396
2,random_forest,CWE-74,0.9109203110716457,1818,1044
2,random_forest,CWE-913,0.45189473497586474,15696,162
2,random_forest,CWE-913,0.8104766148365162,135,36
2,random_forest,CWE-923,0.50134259922625,15831,594
2,tool:codeql,CWE-190,0.0,1759,28
2,tool:codeql,CWE-20,0.0,1447,65
2,tool:codeql,CWE-20,1.0,312,3
2,tool:codeql,CWE-285,0.0,1753,58
2,tool:codeql,CWE-285,1.0,6,0
2,tool:codeql,CWE-287,0.0,1742,119
2,tool:codeql,CWE-287,1.0,17,5
2,tool:codeql,CWE-311,0.0,1711,55
2,tool:codeql,CWE-311,1.0,48,22
2,tool:codeql,CWE-327,0.0,1692,16
2,tool:codeql,CWE-327,1.0,67,54
2,tool:codeql,CWE-330,0.0,1715,6
2,tool:codeql,CWE-330,1.0,44,44
2,tool:codeql,CWE-345,0.0,1749,99
2,tool:codeql,CWE-345,1.0,10,7
2,tool:codeql,CWE-400,0.0,1758,49
2,tool:codeql,CWE-400,1.0,1,1
2,tool:codeql,CWE-610,0.0,1756,50
2,tool:codeql,CWE-610,1.0,3,3
2,tool:codeql,CWE-668,0.0,1639,216
2,tool:codeql,CWE-668,1.0,120,3
2,tool:codeql,CWE-706,0.0,1750,54
2,tool:codeql,CWE-706,1.0,9,5
2,tool:codeql,CWE-74,0.0,1392,153
2,tool:codeql,CWE-74,1.0,367,132
2,tool:codeql,CWE-913,0.0,1759,22
2,tool:codeql,CWE-923,0.0,1758,66
2,tool:codeql,CWE-923,1.0,1,0
2,tool:joern,CWE-190,0.0,1759,28
2,tool:joern,CWE-20,0.0,1759,68
2,tool:joern,CWE-285,0.0,1759,58
2,tool:joern,CWE-287,0.0,1759,124
2,tool:joern,CWE-311,0.0,1759,77
2,tool:joern,CWE-327,0.0,1754,66
2,tool:joern,CWE-327,1.0,5,4
2,tool:joern,CWE-330,0.0,1759,50
2,tool:joern,CWE-345,0.0,1759,106
2,tool:joern,CWE-400,0.0,1759,50
2,tool:joern,CWE-610,0.0,1759,53
2,tool:joern,CWE-668,0.0,1759,219
2,tool:joern,CWE-706,0.0,1759,59
2,tool:joern,CWE-74,0.0,1759,285
2,tool:joern,CWE-913,0.0,1759,22
2,tool:joern,CWE-923,0.0,1759,66
2,tool:semgrep,CWE-190,0.0,1759,28
2,tool:semgrep,CWE-20,0.0,1759,68
2,tool:semgrep,CWE-285,0.0,1745,58
2,tool:semgrep,CWE-285,1.0,14,0
2,tool:semgrep,CWE-287,0.0,1757,122
2,tool:semgrep,CWE-287,1.0,2,2
2,tool:semgrep,CWE-311,0.0,1661,36
2,tool:semgrep,CWE-311,1.0,98,41
2,tool:semgrep,CWE-327,0.0,1726,43
2,tool:semgrep,CWE-327,1.0,33,27
2,tool:semgrep,CWE-330,0.0,1714,6
2,tool:semgrep,CWE-330,1.0,45,44
2,tool:semgrep,CWE-345,0.0,1758,106
2,tool:semgrep,CWE-345,1.0,1,0
2,tool:semgrep,CWE-400,0.0,1759,50
2,tool:semgrep,CWE-610,0.0,1735,37
2,tool:semgrep,CWE-610,1.0,24,16
2,tool:semgrep,CWE-668,0.0,1758,219
2,tool:semgrep,CWE-668,1.0,1,0
2,tool:semgrep,CWE-706,0.0,1696,33
2,tool:semgrep,CWE-706,1.0,63,26
2,tool:semgrep,CWE-74,0.0,1450,125
2,tool:semgrep,CWE-74,1.0,309,160
2,tool:semgrep,CWE-913,0.0,1744,18
2,tool:semgrep,CWE-913,1.0,15,4
2,tool:semgrep,CWE-923,0.0,1759,66
2,traditional_2_of_3,CWE-190,0.0,1759,28
2,traditional_2_of_3,CWE-20,0.0,1447,65
2,traditional_2_of_3,CWE-20,0.3333333333333333,312,3
2,traditional_2_of_3,CWE-285,0.0,1739,58
2,traditional_2_of_3,CWE-285,0.3333333333333333,20,0
2,traditional_2_of_3,CWE-287,0.0,1741,118
2,traditional_2_of_3,CWE-287,0.3333333333333333,17,5
2,traditional_2_of_3,CWE-287,0.6666666666666666,1,1
2,traditional_2_of_3,CWE-311,0.0,1648,33
2,traditional_2_of_3,CWE-311,0.3333333333333333,76,25
2,traditional_2_of_3,CWE-311,0.6666666666666666,35,19
2,traditional_2_of_3,CWE-327,0.0,1683,12
2,traditional_2_of_3,CWE-327,0.3333333333333333,50,33
2,traditional_2_of_3,CWE-327,0.6666666666666666,23,23
2,traditional_2_of_3,CWE-327,1.0,3,2
2,traditional_2_of_3,CWE-330,0.0,1714,6
2,traditional_2_of_3,CWE-330,0.3333333333333333,1,0
2,traditional_2_of_3,CWE-330,0.6666666666666666,44,44
2,traditional_2_of_3,CWE-345,0.0,1748,99
2,traditional_2_of_3,CWE-345,0.3333333333333333,11,7
2,traditional_2_of_3,CWE-400,0.0,1758,49
2,traditional_2_of_3,CWE-400,0.3333333333333333,1,1
2,traditional_2_of_3,CWE-610,0.0,1734,36
2,traditional_2_of_3,CWE-610,0.3333333333333333,23,15
2,traditional_2_of_3,CWE-610,0.6666666666666666,2,2
2,traditional_2_of_3,CWE-668,0.0,1638,216
2,traditional_2_of_3,CWE-668,0.3333333333333333,121,3
2,traditional_2_of_3,CWE-706,0.0,1695,33
2,traditional_2_of_3,CWE-706,0.3333333333333333,56,21
2,traditional_2_of_3,CWE-706,0.6666666666666666,8,5
2,traditional_2_of_3,CWE-74,0.0,1285,109
2,traditional_2_of_3,CWE-74,0.3333333333333333,272,60
2,traditional_2_of_3,CWE-74,0.6666666666666666,202,116
2,traditional_2_of_3,CWE-913,0.0,1744,18
2,traditional_2_of_3,CWE-913,0.3333333333333333,15,4
2,traditional_2_of_3,CWE-923,0.0,1758,66
2,traditional_2_of_3,CWE-923,0.3333333333333333,1,0
2,weighted_fire_specificity_silence_sensitivity,CWE-190,0.0,15831,252
2,weighted_fire_specificity_silence_sensitivity,CWE-20,0.0,13023,585
2,weighted_fire_specificity_silence_sensitivity,CWE-20,1.0,2808,27
2,weighted_fire_specificity_silence_sensitivity,CWE-285,0.0,15651,522
2,weighted_fire_specificity_silence_sensitivity,CWE-285,0.9956863835895862,126,0
2,weighted_fire_specificity_silence_sensitivity,CWE-285,0.9957119383678542,54,0
2,weighted_fire_specificity_silence_sensitivity,CWE-287,0.0,15669,1062
2,weighted_fire_specificity_silence_sensitivity,CWE-287,0.9292263500783644,9,9
2,weighted_fire_specificity_silence_sensitivity,CWE-287,0.9899922068944428,144,36
2,weighted_fire_specificity_silence_sensitivity,CWE-287,1.0,9,9
2,weighted_fire_specificity_silence_sensitivity,CWE-311,0.0,14832,297
2,weighted_fire_specificity_silence_sensitivity,CWE-311,0.6904504834066554,117,27
2,weighted_fire_specificity_silence_sensitivity,CWE-311,0.842209406266,567,198
2,weighted_fire_specificity_silence_sensitivity,CWE-311,1.0,315,171
2,weighted_fire_specificity_silence_sensitivity,CWE-327,0.0,15147,108
2,weighted_fire_specificity_silence_sensitivity,CWE-327,0.5774175952622146,63,18
2,weighted_fire_specificity_silence_sensitivity,CWE-327,0.7066881654518077,387,279
2,weighted_fire_specificity_silence_sensitivity,CWE-327,0.7501943690513949,18,18
2,weighted_fire_specificity_silence_sensitivity,CWE-327,0.9686312929530582,189,189
2,weighted_fire_specificity_silence_sensitivity,CWE-327,1.0,27,18
2,weighted_fire_specificity_silence_sensitivity,CWE-330,0.0,15426,54
2,weighted_fire_specificity_silence_sensitivity,CWE-330,0.5326715316965561,9,0
2,weighted_fire_specificity_silence_sensitivity,CWE-330,1.0,396,396
2,weighted_fire_specificity_silence_sensitivity,CWE-345,0.0,15732,891
2,weighted_fire_specificity_silence_sensitivity,CWE-345,0.9442403847626113,9,0
2,weighted_fire_specificity_silence_sensitivity,CWE-345,1.0,90,63
2,weighted_fire_specificity_silence_sensitivity,CWE-400,0.0,15822,441
2,weighted_fire_specificity_silence_sensitivity,CWE-400,1.0,9,9
2,weighted_fire_specificity_silence_sensitivity,CWE-610,0.0,15606,324
2,weighted_fire_specificity_silence_sensitivity,CWE-610,0.7428578473019105,9,9
2,weighted_fire_specificity_silence_sensitivity,CWE-610,0.9815253783678977,198,126
2,weighted_fire_specificity_silence_sensitivity,CWE-610,1.0,18,18
2,weighted_fire_specificity_silence_sensitivity,CWE-668,0.0,14751,1944
2,weighted_fire_specificity_silence_sensitivity,CWE-668,1.0,1080,27
2,weighted_fire_specificity_silence_sensitivity,CWE-706,0.0,15255,297
2,weighted_fire_specificity_silence_sensitivity,CWE-706,0.698204582011042,9,0
2,weighted_fire_specificity_silence_sensitivity,CWE-706,0.9553605027753678,495,189
2,weighted_fire_specificity_silence_sensitivity,CWE-706,1.0,72,45
2,weighted_fire_specificity_silence_sensitivity,CWE-74,0.0,11565,981
2,weighted_fire_specificity_silence_sensitivity,CWE-74,0.5995807953451588,1485,144
2,weighted_fire_specificity_silence_sensitivity,CWE-74,0.6533661532105887,963,396
2,weighted_fire_specificity_silence_sensitivity,CWE-74,1.0,1818,1044
2,weighted_fire_specificity_silence_sensitivity,CWE-913,0.0,15696,162
2,weighted_fire_specificity_silence_sensitivity,CWE-913,0.9883067121914483,135,36
2,weighted_fire_specificity_silence_sensitivity,CWE-923,0.0,15831,594
2,xgboost,CWE-190,0.4856654405593872,15831,252
2,xgboost,CWE-20,0.16546493768692017,2808,27
2,xgboost,CWE-20,0.5409499406814575,13023,585
2,xgboost,CWE-285,0.30510589480400085,126,0
2,xgboost,CWE-285,0.47625797986984253,54,0
2,xgboost,CWE-285,0.5004098415374756,15651,522
2,xgboost,CWE-287,0.4814121723175049,15669,1062
2,xgboost,CWE-287,0.8885917067527771,144,36
2,xgboost,CWE-287,0.9112402200698853,9,9
2,xgboost,CWE-287,0.970873236656189,9,9
2,xgboost,CWE-311,0.371917188167572,14832,297
2,xgboost,CWE-311,0.6291819214820862,117,27
2,xgboost,CWE-311,0.8708149790763855,567,198
2,xgboost,CWE-311,0.9364628195762634,315,171
2,xgboost,CWE-327,0.216103658080101,15147,108
2,xgboost,CWE-327,0.8140640258789062,63,18
2,xgboost,CWE-327,0.9687109589576721,387,279
2,xgboost,CWE-327,0.9865236878395081,18,18
2,xgboost,CWE-327,0.9909304976463318,27,18
2,xgboost,CWE-327,0.991600513458252,189,189
2,xgboost,CWE-330,0.11708340048789978,15426,54
2,xgboost,CWE-330,0.2732589840888977,9,0
2,xgboost,CWE-330,0.9962390661239624,396,396
2,xgboost,CWE-345,0.4864618182182312,15741,891
2,xgboost,CWE-345,0.9432369470596313,90,63
2,xgboost,CWE-400,0.49730461835861206,15831,450
2,xgboost,CWE-610,0.40935829281806946,15606,324
2,xgboost,CWE-610,0.8556190133094788,9,9
2,xgboost,CWE-610,0.9288934469223022,198,126
2,xgboost,CWE-610,0.9823805093765259,18,18
2,xgboost,CWE-668,0.18922902643680573,1080,27
2,xgboost,CWE-668,0.5162163972854614,14751,1944
2,xgboost,CWE-706,0.3786725699901581,15255,297
2,xgboost,CWE-706,0.658251166343689,9,0
2,xgboost,CWE-706,0.9157509803771973,495,189
2,xgboost,CWE-706,0.9596168994903564,72,45
2,xgboost,CWE-74,0.3259916603565216,11565,981
2,xgboost,CWE-74,0.38212844729423523,1485,144
2,xgboost,CWE-74,0.7130653858184814,963,396
2,xgboost,CWE-74,0.8883339166641235,1818,1044
2,xgboost,CWE-913,0.4327046871185303,15696,162
2,xgboost,CWE-913,0.9262404441833496,135,36
2,xgboost,CWE-923,0.49996644258499146,15831,594
3,bks,CWE-190,0.01562959964070235,15786,243
3,bks,CWE-190,0.33689856594884526,27,9
3,bks,CWE-20,0.006610413910471514,3042,45
3,bks,CWE-20,0.04582299597407534,12771,567
3,bks,CWE-285,0.003498216964844427,45,9
3,bks,CWE-285,0.008308265291505515,18,0
3,bks,CWE-285,0.019749372635778598,162,0
3,bks,CWE-285,0.0334491120617157,15588,522
3,bks,CWE-287,0.06654214567458078,15633,1053
3,bks,CWE-287,0.3563728276289098,171,72
3,bks,CWE-287,0.7346675670698017,9,0
3,bks,CWE-311,0.024823215524983337,14877,360
3,bks,CWE-311,0.09600992451208536,126,9
3,bks,CWE-311,0.35902331645206975,504,180
3,bks,CWE-311,0.43479477518713583,306,144
3,bks,CWE-327,0.009591411126156118,15129,207
3,bks,CWE-327,0.27515811314693994,72,9
3,bks,CWE-327,0.6538648734877786,387,216
3,bks,CWE-327,0.6733514778207516,9,9
3,bks,CWE-327,0.8400181444874182,45,27
3,bks,CWE-327,0.9497463812031927,171,162
3,bks,CWE-330,0.0030157042800382995,18,0
3,bks,CWE-330,0.003837034071759789,15390,45
3,bks,CWE-330,0.9888988478932612,405,405
3,bks,CWE-345,0.013496952044438078,36,0
3,bks,CWE-345,0.05755176244677721,15642,891
3,bks,CWE-345,0.5842202922883707,135,63
3,bks,CWE-400,0.02866565193770273,15804,459
3,bks,CWE-400,0.17626414553788858,9,0
3,bks,CWE-610,0.020571827734593345,15561,306
3,bks,CWE-610,0.5781122653112635,234,162
3,bks,CWE-610,0.612204555221315,18,18
3,bks,CWE-668,0.02778100606708175,1134,45
3,bks,CWE-668,0.13297242045397234,14679,1926
3,bks,CWE-706,0.004870362412261854,9,0
3,bks,CWE-706,0.01926650645441737,15381,351
3,bks,CWE-706,0.47483767894781465,414,180
3,bks,CWE-706,0.5381494669204167,9,9
3,bks,CWE-74,0.07299061796673326,1485,162
3,bks,CWE-74,0.08832120003038652,11655,828
3,bks,CWE-74,0.36502824537666206,855,333
3,bks,CWE-74,0.6367946953324656,1818,1242
3,bks,CWE-913,0.009539754125699743,15660,126
3,bks,CWE-913,0.3118793164584904,153,63
3,bks,CWE-923,0.037822348018238805,15813,603
3,decision_tree,CWE-190,0.49335826742342853,15786,243
3,decision_tree,CWE-190,0.9787223937307054,27,9
3,decision_tree,CWE-20,0.14001293904042292,3042,45
3,decision_tree,CWE-20,0.5422476395743085,12771,567
3,decision_tree,CWE-285,0.0,63,9
3,decision_tree,CWE-285,0.3632204940530646,162,0
3,decision_tree,CWE-285,0.5016763638013586,15588,522
3,decision_tree,CWE-287,0.48132265519229267,15633,1053
3,decision_tree,CWE-287,0.887078803232352,171,72
3,decision_tree,CWE-287,1.0,9,0
3,decision_tree,CWE-311,0.3546296468397082,14877,360
3,decision_tree,CWE-311,0.7012233572960027,126,9
3,decision_tree,CWE-311,0.9244461831874442,504,180
3,decision_tree,CWE-311,0.9445384014500559,306,144
3,decision_tree,CWE-327,0.18798743196990217,15129,207
3,decision_tree,CWE-327,0.9538504184178788,117,36
3,decision_tree,CWE-327,0.979012494680075,387,216
3,decision_tree,CWE-327,0.9979658628192418,180,171
3,decision_tree,CWE-330,0.0,18,0
3,decision_tree,CWE-330,0.1153151338277108,15390,45
3,decision_tree,CWE-330,0.999830521975368,405,405
3,decision_tree,CWE-345,0.0,36,0
3,decision_tree,CWE-345,0.4856893670084043,15642,891
3,decision_tree,CWE-345,0.9602598574181795,135,63
3,decision_tree,CWE-400,0.4988637605277224,15804,459
3,decision_tree,CWE-400,0.9183258837870785,9,0
3,decision_tree,CWE-610,0.4002264749178796,15561,306
3,decision_tree,CWE-610,0.978399756616976,234,162
3,decision_tree,CWE-610,1.0,18,18
3,decision_tree,CWE-668,0.16359399969070473,1134,45
3,decision_tree,CWE-668,0.5159450944219233,14679,1926
3,decision_tree,CWE-706,0.0,9,0
3,decision_tree,CWE-706,0.35751283080304835,15381,351
3,decision_tree,CWE-706,0.9630830378246064,414,180
3,decision_tree,CWE-706,0.9747694264815013,9,9
3,decision_tree,CWE-74,0.28614351226173906,1485,162
3,decision_tree,CWE-74,0.33117170901567017,11655,828
3,decision_tree,CWE-74,0.7469142793358372,855,333
3,decision_tree,CWE-74,0.9001297418408623,1818,1242
3,decision_tree,CWE-913,0.4357121792981499,15660,126
3,decision_tree,CWE-913,0.9744133288705403,153,63
3,decision_tree,CWE-923,0.49999999999997546,15813,603
3,dst_dempster_fire_specificity_silence_sensitivity,CWE-190,0.48660714285714285,15786,243
3,dst_dempster_fire_specificity_silence_sensitivity,CWE-190,0.999708836803028,27,9
3,dst_dempster_fire_specificity_silence_sensitivity,CWE-20,0.4852941176470588,12771,567
3,dst_dempster_fire_specificity_silence_sensitivity,CWE-20,0.9096735728126397,3042,45
3,dst_dempster_fire_specificity_silence_sensitivity,CWE-285,0.4978448275862069,15588,522
3,dst_dempster_fire_specificity_silence_sensitivity,CWE-285,0.995777152170692,162,0
3,dst_dempster_fire_specificity_silence_sensitivity,CWE-285,0.9982813163468335,45,9
3,dst_dempster_fire_specificity_silence_sensitivity,CWE-285,0.999985608905012,18,0
3,dst_dempster_fire_specificity_silence_sensitivity,CWE-287,0.4583252689472751,15633,1053
3,dst_dempster_fire_specificity_silence_sensitivity,CWE-287,0.9953998025480288,171,72
3,dst_dempster_fire_specificity_silence_sensitivity,CWE-287,1.0,9,0
3,dst_dempster_fire_specificity_silence_sensitivity,CWE-311,0.21817953310082633,14877,360
3,dst_dempster_fire_specificity_silence_sensitivity,CWE-311,0.9754906221731189,504,180
3,dst_dempster_fire_specificity_silence_sensitivity,CWE-311,0.9768549656978723,126,9
3,dst_dempster_fire_specificity_silence_sensitivity,CWE-311,0.9997095736180839,306,144
3,dst_dempster_fire_specificity_silence_sensitivity,CWE-327,0.0886601220845481,15129,207
3,dst_dempster_fire_specificity_silence_sensitivity,CWE-327,0.9880721053555894,72,9
3,dst_dempster_fire_specificity_silence_sensitivity,CWE-327,0.9890531745889503,387,216
3,dst_dempster_fire_specificity_silence_sensitivity,CWE-327,0.999979254755857,171,162
3,dst_dempster_fire_specificity_silence_sensitivity,CWE-327,0.9999950085828456,45,27
3,dst_dempster_fire_specificity_silence_sensitivity,CWE-327,0.9999999918344338,9,9
3,dst_dempster_fire_specificity_silence_sensitivity,CWE-330,0.008774999999999977,15390,45
3,dst_dempster_fire_specificity_silence_sensitivity,CWE-330,0.9822663780792573,18,0
3,dst_dempster_fire_specificity_silence_sensitivity,CWE-330,0.9999998151449,405,405
3,dst_dempster_fire_specificity_silence_sensitivity,CWE-345,0.4705188679245283,15642,891
3,dst_dempster_fire_specificity_silence_sensitivity,CWE-345,0.9987799298459661,135,63
3,dst_dempster_fire_specificity_silence_sensitivity,CWE-345,0.9993993696725829,36,0
3,dst_dempster_fire_specificity_silence_sensitivity,CWE-400,0.4975124378109453,15804,459
3,dst_dempster_fire_specificity_silence_sensitivity,CWE-400,0.9997787610619469,9,0
3,dst_dempster_fire_specificity_silence_sensitivity,CWE-610,0.32780092133395045,15561,306
3,dst_dempster_fire_specificity_silence_sensitivity,CWE-610,0.996361451413693,234,162
3,dst_dempster_fire_specificity_silence_sensitivity,CWE-610,0.9999964087536117,18,18
3,dst_dempster_fire_specificity_silence_sensitivity,CWE-668,0.49259681093394075,14679,1926
3,dst_dempster_fire_specificity_silence_sensitivity,CWE-668,0.9621497624119286,1134,45
3,dst_dempster_fire_specificity_silence_sensitivity,CWE-706,0.25589647623755385,15381,351
3,dst_dempster_fire_specificity_silence_sensitivity,CWE-706,0.9905883540846131,414,180
3,dst_dempster_fire_specificity_silence_sensitivity,CWE-706,0.99547364613218,9,0
3,dst_dempster_fire_specificity_silence_sensitivity,CWE-706,0.9999716724155021,9,9
3,dst_dempster_fire_specificity_silence_sensitivity,CWE-74,0.11817072086025993,11655,828
3,dst_dempster_fire_specificity_silence_sensitivity,CWE-74,0.7825013860510585,1485,162
3,dst_dempster_fire_specificity_silence_sensitivity,CWE-74,0.8822982397531491,855,333
3,dst_dempster_fire_specificity_silence_sensitivity,CWE-74,0.9932098159082376,1818,1242
3,dst_dempster_fire_specificity_silence_sensitivity,CWE-913,0.3850054083288264,15660,126
3,dst_dempster_fire_specificity_silence_sensitivity,CWE-913,0.9970312993183932,153,63
3,dst_dempster_fire_specificity_silence_sensitivity,CWE-923,0.5,15813,603
3,dst_pcr6_fire_specificity_silence_sensitivity,CWE-190,0.48660714285714285,15786,243
3,dst_pcr6_fire_specificity_silence_sensitivity,CWE-190,0.999708836803028,27,9
3,dst_pcr6_fire_specificity_silence_sensitivity,CWE-20,0.4852941176470588,12771,567
3,dst_pcr6_fire_specificity_silence_sensitivity,CWE-20,0.9096735728126397,3042,45
3,dst_pcr6_fire_specificity_silence_sensitivity,CWE-285,0.4978448275862069,15588,522
3,dst_pcr6_fire_specificity_silence_sensitivity,CWE-285,0.995777152170692,162,0
3,dst_pcr6_fire_specificity_silence_sensitivity,CWE-285,0.9982702001572806,45,9
3,dst_pcr6_fire_specificity_silence_sensitivity,CWE-285,0.999985608905012,18,0
3,dst_pcr6_fire_specificity_silence_sensitivity,CWE-287,0.45832526894727504,15633,1053
3,dst_pcr6_fire_specificity_silence_sensitivity,CWE-287,0.9952690710824267,171,72
3,dst_pcr6_fire_specificity_silence_sensitivity,CWE-287,0.9953849167778054,9,0
3,dst_pcr6_fire_specificity_silence_sensitivity,CWE-311,0.21817953310082633,14877,360
3,dst_pcr6_fire_specificity_silence_sensitivity,CWE-311,0.8450489216229138,126,9
3,dst_pcr6_fire_specificity_silence_sensitivity,CWE-311,0.9478054268666168,504,180
3,dst_pcr6_fire_specificity_silence_sensitivity,CWE-311,0.9997095736180839,306,144
3,dst_pcr6_fire_specificity_silence_sensitivity,CWE-327,0.08866012208454815,15129,207
3,dst_pcr6_fire_specificity_silence_sensitivity,CWE-327,0.7044382102168265,72,9
3,dst_pcr6_fire_specificity_silence_sensitivity,CWE-327,0.8161453315863968,45,27
3,dst_pcr6_fire_specificity_silence_sensitivity,CWE-327,0.8947822883939103,387,216
3,dst_pcr6_fire_specificity_silence_sensitivity,CWE-327,0.9979407794657664,171,162
3,dst_pcr6_fire_specificity_silence_sensitivity,CWE-327,0.9999999918344338,9,9
3,dst_pcr6_fire_specificity_silence_sensitivity,CWE-330,0.008774999999999977,15390,45
3,dst_pcr6_fire_specificity_silence_sensitivity,CWE-330,0.5933693212715277,18,0
3,dst_pcr6_fire_specificity_silence_sensitivity,CWE-330,0.9999998151449,405,405
3,dst_pcr6_fire_specificity_silence_sensitivity,CWE-345,0.4705188679245283,15642,891
3,dst_pcr6_fire_specificity_silence_sensitivity,CWE-345,0.9961519648841467,36,0
3,dst_pcr6_fire_specificity_silence_sensitivity,CWE-345,0.9987799298459661,135,63
3,dst_pcr6_fire_specificity_silence_sensitivity,CWE-400,0.4975124378109453,15804,459
3,dst_pcr6_fire_specificity_silence_sensitivity,CWE-400,0.9997787610619469,9,0
3,dst_pcr6_fire_specificity_silence_sensitivity,CWE-610,0.32780092133395045,15561,306
3,dst_pcr6_fire_specificity_silence_sensitivity,CWE-610,0.995907957966572,234,162
3,dst_pcr6_fire_specificity_silence_sensitivity,CWE-610,0.9999964087536117,18,18
3,dst_pcr6_fire_specificity_silence_sensitivity,CWE-668,0.49259681093394075,14679,1926
3,dst_pcr6_fire_specificity_silence_sensitivity,CWE-668,0.9621497624119286,1134,45
3,dst_pcr6_fire_specificity_silence_sensitivity,CWE-706,0.25589647623755385,15381,351
3,dst_pcr6_fire_specificity_silence_sensitivity,CWE-706,0.8560289915819034,9,0
3,dst_pcr6_fire_specificity_silence_sensitivity,CWE-706,0.9874387382285101,414,180
3,dst_pcr6_fire_specificity_silence_sensitivity,CWE-706,0.9999716724155021,9,9
3,dst_pcr6_fire_specificity_silence_sensitivity,CWE-74,0.11817072086025993,11655,828
3,dst_pcr6_fire_specificity_silence_sensitivity,CWE-74,0.69699209519184,1485,162
3,dst_pcr6_fire_specificity_silence_sensitivity,CWE-74,0.7900664458655726,855,333
3,dst_pcr6_fire_specificity_silence_sensitivity,CWE-74,0.9932098159082376,1818,1242
3,dst_pcr6_fire_specificity_silence_sensitivity,CWE-913,0.3850054083288264,15660,126
3,dst_pcr6_fire_specificity_silence_sensitivity,CWE-913,0.9969319736945063,153,63
3,dst_pcr6_fire_specificity_silence_sensitivity,CWE-923,0.5,15813,603
3,dst_yager_fire_specificity_silence_sensitivity,CWE-190,0.48660714285714285,15786,243
3,dst_yager_fire_specificity_silence_sensitivity,CWE-190,0.999708836803028,27,9
3,dst_yager_fire_specificity_silence_sensitivity,CWE-20,0.4852941176470588,12771,567
3,dst_yager_fire_specificity_silence_sensitivity,CWE-20,0.9096735728126397,3042,45
3,dst_yager_fire_specificity_silence_sensitivity,CWE-285,0.4978448275862069,15588,522
3,dst_yager_fire_specificity_silence_sensitivity,CWE-285,0.995777152170692,162,0
3,dst_yager_fire_specificity_silence_sensitivity,CWE-285,0.9961408714445562,45,9
3,dst_yager_fire_specificity_silence_sensitivity,CWE-285,0.999985608905012,18,0
3,dst_yager_fire_specificity_silence_sensitivity,CWE-287,0.4583252689472751,15633,1053
3,dst_yager_fire_specificity_silence_sensitivity,CWE-287,0.964859437751004,9,0
3,dst_yager_fire_specificity_silence_sensitivity,CWE-287,0.9884986498516045,171,72
3,dst_yager_fire_specificity_silence_sensitivity,CWE-311,0.21817953310082633,14877,360
3,dst_yager_fire_specificity_silence_sensitivity,CWE-311,0.7630766745826639,126,9
3,dst_yager_fire_specificity_silence_sensitivity,CWE-311,0.8847327477823567,504,180
3,dst_yager_fire_specificity_silence_sensitivity,CWE-311,0.9997095736180839,306,144
3,dst_yager_fire_specificity_silence_sensitivity,CWE-327,0.0886601220845481,15129,207
3,dst_yager_fire_specificity_silence_sensitivity,CWE-327,0.6367462155359085,72,9
3,dst_yager_fire_specificity_silence_sensitivity,CWE-327,0.6482134171831915,45,27
3,dst_yager_fire_specificity_silence_sensitivity,CWE-327,0.7943935968283746,387,216
3,dst_yager_fire_specificity_silence_sensitivity,CWE-327,0.9678389037041665,171,162
3,dst_yager_fire_specificity_silence_sensitivity,CWE-327,0.9999999918344338,9,9
3,dst_yager_fire_specificity_silence_sensitivity,CWE-330,0.008774999999999977,15390,45
3,dst_yager_fire_specificity_silence_sensitivity,CWE-330,0.5637464975667306,18,0
3,dst_yager_fire_specificity_silence_sensitivity,CWE-330,0.9999998151449,405,405
3,dst_yager_fire_specificity_silence_sensitivity,CWE-345,0.4705188679245283,15642,891
3,dst_yager_fire_specificity_silence_sensitivity,CWE-345,0.9699850872321385,36,0
3,dst_yager_fire_specificity_silence_sensitivity,CWE-345,0.9987799298459661,135,63
3,dst_yager_fire_specificity_silence_sensitivity,CWE-400,0.4975124378109453,15804,459
3,dst_yager_fire_specificity_silence_sensitivity,CWE-400,0.9997787610619469,9,0
3,dst_yager_fire_specificity_silence_sensitivity,CWE-610,0.32780092133395045,15561,306
3,dst_yager_fire_specificity_silence_sensitivity,CWE-610,0.9847906885758998,234,162
3,dst_yager_fire_specificity_silence_sensitivity,CWE-610,0.9999964087536117,18,18
3,dst_yager_fire_specificity_silence_sensitivity,CWE-668,0.49259681093394075,14679,1926
3,dst_yager_fire_specificity_silence_sensitivity,CWE-668,0.9621497624119286,1134,45
3,dst_yager_fire_specificity_silence_sensitivity,CWE-706,0.25589647623755385,15381,351
3,dst_yager_fire_specificity_silence_sensitivity,CWE-706,0.7714037713557914,9,0
3,dst_yager_fire_specificity_silence_sensitivity,CWE-706,0.960182486163678,414,180
3,dst_yager_fire_specificity_silence_sensitivity,CWE-706,0.9999716724155021,9,9
3,dst_yager_fire_specificity_silence_sensitivity,CWE-74,0.11817072086025993,11655,828
3,dst_yager_fire_specificity_silence_sensitivity,CWE-74,0.6471746685506509,1485,162
3,dst_yager_fire_specificity_silence_sensitivity,CWE-74,0.7220720387010586,855,333
3,dst_yager_fire_specificity_silence_sensitivity,CWE-74,0.9932098159082376,1818,1242
3,dst_yager_fire_specificity_silence_sensitivity,CWE-913,0.3850054083288264,15660,126
3,dst_yager_fire_specificity_silence_sensitivity,CWE-913,0.9912853938647823,153,63
3,dst_yager_fire_specificity_silence_sensitivity,CWE-923,0.5,15813,603
3,gradient_boosting,CWE-190,0.4901031188052064,15786,243
3,gradient_boosting,CWE-190,0.971430270030492,27,9
3,gradient_boosting,CWE-20,0.1417656085505501,3042,45
3,gradient_boosting,CWE-20,0.5404624500904932,12771,567
3,gradient_boosting,CWE-285,0.0032510396432953704,63,9
3,gradient_boosting,CWE-285,0.32181110996072154,162,0
3,gradient_boosting,CWE-285,0.5028878479540322,15588,522
3,gradient_boosting,CWE-287,0.48123712415126013,15633,1053
3,gradient_boosting,CWE-287,0.8773624711809609,171,72
3,gradient_boosting,CWE-287,0.9948605468068199,9,0
3,gradient_boosting,CWE-311,0.35832168595427843,14877,360
3,gradient_boosting,CWE-311,0.6887851385017277,126,9
3,gradient_boosting,CWE-311,0.9224892273818768,504,180
3,gradient_boosting,CWE-311,0.9415469998433298,306,144
3,gradient_boosting,CWE-327,0.1921826210021138,15129,207
3,gradient_boosting,CWE-327,0.9184562548367727,72,9
3,gradient_boosting,CWE-327,0.9756421045434495,387,216
3,gradient_boosting,CWE-327,0.9851527431771031,45,27
3,gradient_boosting,CWE-327,0.992137057927546,9,9
3,gradient_boosting,CWE-327,0.9923224495946793,171,162
3,gradient_boosting,CWE-330,0.003251039643295359,18,0
3,gradient_boosting,CWE-330,0.11708740743326769,15390,45
3,gradient_boosting,CWE-330,0.9966876261830127,405,405
3,gradient_boosting,CWE-345,0.0032510396432953704,36,0
3,gradient_boosting,CWE-345,0.4846342715829236,15642,891
3,gradient_boosting,CWE-345,0.9584146335745847,135,63
3,gradient_boosting,CWE-400,0.4983323246525204,15804,459
3,gradient_boosting,CWE-400,0.8001889032283673,9,0
3,gradient_boosting,CWE-610,0.4010218741107114,15561,306
3,gradient_boosting,CWE-610,0.9753196817803564,234,162
3,gradient_boosting,CWE-610,0.9944308871474142,18,18
3,gradient_boosting,CWE-668,0.1734395149385914,1134,45
3,gradient_boosting,CWE-668,0.5152801294144029,14679,1926
3,gradient_boosting,CWE-706,0.0032510396432953704,9,0
3,gradient_boosting,CWE-706,0.35850835398010006,15381,351
3,gradient_boosting,CWE-706,0.9611541661137909,414,180
3,gradient_boosting,CWE-706,0.9714811247179536,9,9
3,gradient_boosting,CWE-74,0.28746544810054264,1485,162
3,gradient_boosting,CWE-74,0.33223837776554227,11655,828
3,gradient_boosting,CWE-74,0.744965777926502,855,333
3,gradient_boosting,CWE-74,0.8979035633015665,1818,1242
3,gradient_boosting,CWE-913,0.43469573090299213,15660,126
3,gradient_boosting,CWE-913,0.9627482679471112,153,63
3,gradient_boosting,CWE-923,0.5008196446522016,15813,603
3,logistic_interactions,CWE-190,0.49378108498182793,15786,243
3,logistic_interactions,CWE-190,0.9471704553605614,27,9
3,logistic_interactions,CWE-20,0.14303250217671848,3042,45
3,logistic_interactions,CWE-20,0.5419302768895824,12771,567
3,logistic_interactions,CWE-285,0.08574792715881555,18,0
3,logistic_interactions,CWE-285,0.175712272372175,45,9
3,logistic_interactions,CWE-285,0.37237300692395026,162,0
3,logistic_interactions,CWE-285,0.501406676336504,15588,522
3,logistic_interactions,CWE-287,0.4819888175125118,15633,1053
3,logistic_interactions,CWE-287,0.8727561704499531,171,72
3,logistic_interactions,CWE-287,0.924599398539241,9,0
3,logistic_interactions,CWE-311,0.3557021721237152,14877,360
3,logistic_interactions,CWE-311,0.6739817921319988,126,9
3,logistic_interactions,CWE-311,0.9206500261095701,504,180
3,logistic_interactions,CWE-311,0.9457800058952337,306,144
3,logistic_interactions,CWE-327,0.19014308234362423,15129,207
3,logistic_interactions,CWE-327,0.8878934445570372,72,9
3,logistic_interactions,CWE-327,0.9748548756519066,387,216
3,logistic_interactions,CWE-327,0.9839075810572202,45,27
3,logistic_interactions,CWE-327,0.9984361981151056,171,162
3,logistic_interactions,CWE-327,0.9995936929035653,9,9
3,logistic_interactions,CWE-330,0.11596307510295517,15390,45
3,logistic_interactions,CWE-330,0.2702154075355509,18,0
3,logistic_interactions,CWE-330,0.9988783415983997,405,405
3,logistic_interactions,CWE-345,0.2612398151512388,36,0
3,logistic_interactions,CWE-345,0.4859803249688288,15642,891
3,logistic_interactions,CWE-345,0.946889137175328,135,63
3,logistic_interactions,CWE-400,0.4990551288440772,15804,459
3,logistic_interactions,CWE-400,0.8134988720632617,9,0
3,logistic_interactions,CWE-610,0.40130446502668293,15561,306
3,logistic_interactions,CWE-610,0.9748780126840391,234,162
3,logistic_interactions,CWE-610,0.9974890059043838,18,18
3,logistic_interactions,CWE-668,0.16897204309867567,1134,45
3,logistic_interactions,CWE-668,0.5156967175904862,14679,1926
3,logistic_interactions,CWE-706,0.2364941674363137,9,0
3,logistic_interactions,CWE-706,0.3579364837087726,15381,351
3,logistic_interactions,CWE-706,0.9610362753571603,414,180
3,logistic_interactions,CWE-706,0.970835875311378,9,9
3,logistic_interactions,CWE-74,0.28920161892903706,1485,162
3,logistic_interactions,CWE-74,0.3312720339676678,11655,828
3,logistic_interactions,CWE-74,0.7461729568913279,855,333
3,logistic_interactions,CWE-74,0.8993318881972204,1818,1242
3,logistic_interactions,CWE-913,0.43673355689505355,15660,126
3,logistic_interactions,CWE-913,0.9695158641564768,153,63
3,logistic_interactions,CWE-923,0.5,15813,603
3,logistic_regression,CWE-190,0.49378108498182793,15786,243
3,logistic_regression,CWE-190,0.9471704553605614,27,9
3,logistic_regression,CWE-20,0.14303250217671848,3042,45
3,logistic_regression,CWE-20,0.5419302768895824,12771,567
3,logistic_regression,CWE-285,0.10766010094163847,18,0
3,logistic_regression,CWE-285,0.1708143214975504,45,9
3,logistic_regression,CWE-285,0.37066953001243896,162,0
3,logistic_regression,CWE-285,0.5014138670264693,15588,522
3,logistic_regression,CWE-287,0.48198607550571854,15633,1053
3,logistic_regression,CWE-287,0.872874734845682,171,72
3,logistic_regression,CWE-287,0.9253146332078355,9,0
3,logistic_regression,CWE-311,0.3572979822968732,14877,360
3,logistic_regression,CWE-311,0.5628628557469392,126,9
3,logistic_regression,CWE-311,0.9118076785156352,504,180
3,logistic_regression,CWE-311,0.9599137205096578,306,144
3,logistic_regression,CWE-327,0.1903048912733924,15129,207
3,logistic_regression,CWE-327,0.8981805930960679,72,9
3,logistic_regression,CWE-327,0.9733037647418421,45,27
3,logistic_regression,CWE-327,0.9745036362576368,387,216
3,logistic_regression,CWE-327,0.9993033935753624,171,162
3,logistic_regression,CWE-327,0.9998313634957438,9,9
3,logistic_regression,CWE-330,0.11551120318278865,15390,45
3,logistic_regression,CWE-330,0.4884575945795302,18,0
3,logistic_regression,CWE-330,0.9980320861890827,405,405
3,logistic_regression,CWE-345,0.2612398151512388,36,0
3,logistic_regression,CWE-345,0.4859803249688288,15642,891
3,logistic_regression,CWE-345,0.946889137175328,135,63
3,logistic_regression,CWE-400,0.4990551288440772,15804,459
3,logistic_regression,CWE-400,0.8134988720632617,9,0
3,logistic_regression,CWE-610,0.401304537611109,15561,306
3,logistic_regression,CWE-610,0.9749025991364141,234,162
3,logistic_regression,CWE-610,0.9968814763217305,18,18
3,logistic_regression,CWE-668,0.16897204309867567,1134,45
3,logistic_regression,CWE-668,0.5156967175904862,14679,1926
3,logistic_regression,CWE-706,0.357723509690539,15381,351
3,logistic_regression,CWE-706,0.3705898064644262,9,0
3,logistic_regression,CWE-706,0.962138940483642,414,180
3,logistic_regression,CWE-706,0.9641120825636126,9,9
3,logistic_regression,CWE-74,0.31933787171727773,11655,828
3,logistic_regression,CWE-74,0.3951000897831044,1485,162
3,logistic_regression,CWE-74,0.8253544705377669,855,333
3,logistic_regression,CWE-74,0.8680638342269458,1818,1242
3,logistic_regression,CWE-913,0.43673355689505355,15660,126
3,logistic_regression,CWE-913,0.9695158641564768,153,63
3,logistic_regression,CWE-923,0.5,15813,603
3,naive_bayes,CWE-190,0.015635913311627628,15786,243
3,naive_bayes,CWE-190,0.3039821663795725,27,9
3,naive_bayes,CWE-20,0.0065573770491803305,3042,45
3,naive_bayes,CWE-20,0.045825377538621766,12771,567
3,naive_bayes,CWE-285,0.005121612689518238,18,0
3,naive_bayes,CWE-285,0.010027456565224793,45,9
3,naive_bayes,CWE-285,0.017282317063647433,162,0
3,naive_bayes,CWE-285,0.033444960734616974,15588,522
3,naive_bayes,CWE-287,0.06639818492019947,15633,1053
3,naive_bayes,CWE-287,0.37326144008846546,171,72
3,naive_bayes,CWE-287,0.5032100797279769,9,0
3,naive_bayes,CWE-311,0.020831296798550898,14877,360
3,naive_bayes,CWE-311,0.22670817879259464,126,9
3,naive_bayes,CWE-311,0.342623712400905,504,180
3,naive_bayes,CWE-311,0.8777861677472291,306,144
3,naive_bayes,CWE-327,0.0074601901728682165,15129,207
3,naive_bayes,CWE-327,0.521256290475805,72,9
3,naive_bayes,CWE-327,0.6527406940427491,387,216
3,naive_bayes,CWE-327,0.9867948918562839,45,27
3,naive_bayes,CWE-327,0.9963408948024176,171,162
3,naive_bayes,CWE-327,0.9999464934439012,9,9
3,naive_bayes,CWE-330,0.0005191734758264845,15390,45
3,naive_bayes,CWE-330,0.5697565424467359,18,0
3,naive_bayes,CWE-330,0.9998870634504109,405,405
3,naive_bayes,CWE-345,0.05405098579861684,36,0
3,naive_bayes,CWE-345,0.05749646026130571,15642,891
3,naive_bayes,CWE-345,0.6097721905529311,135,63
3,naive_bayes,CWE-400,0.02868115447382988,15804,459
3,naive_bayes,CWE-400,0.12853470437017944,9,0
3,naive_bayes,CWE-610,0.020374886483066845,15561,306
3,naive_bayes,CWE-610,0.5928182873855617,234,162
3,naive_bayes,CWE-610,0.971266693646297,18,18
3,naive_bayes,CWE-668,0.027368421052631643,1134,45
3,naive_bayes,CWE-668,0.1329541961266523,14679,1926
3,naive_bayes,CWE-706,0.018098559675066923,15381,351
3,naive_bayes,CWE-706,0.26591835483301046,9,0
3,naive_bayes,CWE-706,0.4755071764045691,414,180
3,naive_bayes,CWE-706,0.946857814697868,9,9
3,naive_bayes,CWE-74,0.05629762132148035,11655,828
3,naive_bayes,CWE-74,0.23191200968440148,1485,162
3,naive_bayes,CWE-74,0.42439207680037316,855,333
3,naive_bayes,CWE-74,0.7886560322404855,1818,1242
3,naive_bayes,CWE-913,0.009577296154230428,15660,126
3,naive_bayes,CWE-913,0.31970322039132465,153,63
3,naive_bayes,CWE-923,0.03781693167168028,15813,603
3,or_1_of_3,CWE-190,0.0,1754,27
3,or_1_of_3,CWE-190,1.0,3,1
3,or_1_of_3,CWE-20,0.0,1419,63
3,or_1_of_3,CWE-20,1.0,338,5
3,or_1_of_3,CWE-285,0.0,1732,58
3,or_1_of_3,CWE-285,1.0,25,1
3,or_1_of_3,CWE-287,0.0,1737,117
3,or_1_of_3,CWE-287,1.0,20,8
3,or_1_of_3,CWE-311,0.0,1653,40
3,or_1_of_3,CWE-311,1.0,104,37
3,or_1_of_3,CWE-327,0.0,1681,23
3,or_1_of_3,CWE-327,1.0,76,47
3,or_1_of_3,CWE-330,0.0,1710,5
3,or_1_of_3,CWE-330,1.0,47,45
3,or_1_of_3,CWE-345,0.0,1738,99
3,or_1_of_3,CWE-345,1.0,19,7
3,or_1_of_3,CWE-400,0.0,1756,51
3,or_1_of_3,CWE-400,1.0,1,0
3,or_1_of_3,CWE-610,0.0,1729,34
3,or_1_of_3,CWE-610,1.0,28,20
3,or_1_of_3,CWE-668,0.0,1631,214
3,or_1_of_3,CWE-668,1.0,126,5
3,or_1_of_3,CWE-706,0.0,1709,39
3,or_1_of_3,CWE-706,1.0,48,21
3,or_1_of_3,CWE-74,0.0,1295,92
3,or_1_of_3,CWE-74,1.0,462,193
3,or_1_of_3,CWE-913,0.0,1740,14
3,or_1_of_3,CWE-913,1.0,17,7
3,or_1_of_3,CWE-923,0.0,1757,67
3,random_forest,CWE-190,0.49402506914235345,15786,243
3,random_forest,CWE-190,0.9790742051848565,27,9
3,random_forest,CWE-20,0.14178354684594743,3042,45
3,random_forest,CWE-20,0.5419707581760376,12771,567
3,random_forest,CWE-285,0.0,45,9
3,random_forest,CWE-285,0.05546842932018437,18,0
3,random_forest,CWE-285,0.36247298951665174,162,0
3,random_forest,CWE-285,0.5012193431015056,15588,522
3,random_forest,CWE-287,0.48195784209320536,15633,1053
3,random_forest,CWE-287,0.8846475988845558,171,72
3,random_forest,CWE-287,1.0,9,0
3,random_forest,CWE-311,0.35348088845604764,14877,360
3,random_forest,CWE-311,0.7100769285135428,126,9
3,random_forest,CWE-311,0.9232125143423897,504,180
3,random_forest,CWE-311,0.9462199137419317,306,144
3,random_forest,CWE-327,0.19166693428485154,15129,207
3,random_forest,CWE-327,0.9097648876151538,72,9
3,random_forest,CWE-327,0.9676651628652709,387,216
3,random_forest,CWE-327,0.991029501343197,9,9
3,random_forest,CWE-327,0.9988537677465483,45,27
3,random_forest,CWE-327,0.9989420354211269,171,162
3,random_forest,CWE-330,0.0011502167814333077,18,0
3,random_forest,CWE-330,0.1165559910449535,15390,45
3,random_forest,CWE-330,0.9998382697415985,405,405
3,random_forest,CWE-345,0.1960331011899477,36,0
3,random_forest,CWE-345,0.4873338968894479,15642,891
3,random_forest,CWE-345,0.9042087063534315,135,63
3,random_forest,CWE-400,0.4993861556336011,15804,459
3,random_forest,CWE-400,0.6317969469955349,9,0
3,random_forest,CWE-610,0.39963342369506966,15561,306
3,random_forest,CWE-610,0.9775882911029808,234,162
3,random_forest,CWE-610,1.0,18,18
3,random_forest,CWE-668,0.20548259442363295,1134,45
3,random_forest,CWE-668,0.5132679880605433,14679,1926
3,random_forest,CWE-706,0.04303967717922454,9,0
3,random_forest,CWE-706,0.3579886503671706,15381,351
3,random_forest,CWE-706,0.9631359571896655,414,180
3,random_forest,CWE-706,0.9747091178137842,9,9
3,random_forest,CWE-74,0.28498434399655265,1485,162
3,random_forest,CWE-74,0.3309670683647618,11655,828
3,random_forest,CWE-74,0.7480442054530114,855,333
3,random_forest,CWE-74,0.9004157587256709,1818,1242
3,random_forest,CWE-913,0.4558092707459164,15660,126
3,random_forest,CWE-913,0.8312696025640891,153,63
3,random_forest,CWE-923,0.5006388769517262,15813,603
3,tool:codeql,CWE-190,0.0,1754,27
3,tool:codeql,CWE-190,1.0,3,1
3,tool:codeql,CWE-20,0.0,1419,63
3,tool:codeql,CWE-20,1.0,338,5
3,tool:codeql,CWE-285,0.0,1750,58
3,tool:codeql,CWE-285,1.0,7,1
3,tool:codeql,CWE-287,0.0,1738,117
3,tool:codeql,CWE-287,1.0,19,8
3,tool:codeql,CWE-311,0.0,1709,60
3,tool:codeql,CWE-311,1.0,48,17
3,tool:codeql,CWE-327,0.0,1694,27
3,tool:codeql,CWE-327,1.0,63,43
3,tool:codeql,CWE-330,0.0,1712,5
3,tool:codeql,CWE-330,1.0,45,45
3,tool:codeql,CWE-345,0.0,1742,99
3,tool:codeql,CWE-345,1.0,15,7
3,tool:codeql,CWE-400,0.0,1756,51
3,tool:codeql,CWE-400,1.0,1,0
3,tool:codeql,CWE-610,0.0,1755,52
3,tool:codeql,CWE-610,1.0,2,2
3,tool:codeql,CWE-668,0.0,1631,214
3,tool:codeql,CWE-668,1.0,126,5
3,tool:codeql,CWE-706,0.0,1755,59
3,tool:codeql,CWE-706,1.0,2,1
3,tool:codeql,CWE-74,0.0,1390,129
3,tool:codeql,CWE-74,1.0,367,156
3,tool:codeql,CWE-913,0.0,1757,21
3,tool:codeql,CWE-923,0.0,1757,67
3,tool:joern,CWE-190,0.0,1757,28
3,tool:joern,CWE-20,0.0,1757,68
3,tool:joern,CWE-285,0.0,1757,59
3,tool:joern,CWE-287,0.0,1757,125
3,tool:joern,CWE-311,0.0,1757,77
3,tool:joern,CWE-327,0.0,1751,66
3,tool:joern,CWE-327,1.0,6,4
3,tool:joern,CWE-330,0.0,1757,50
3,tool:joern,CWE-345,0.0,1757,106
3,tool:joern,CWE-400,0.0,1757,51
3,tool:joern,CWE-610,0.0,1757,54
3,tool:joern,CWE-668,0.0,1757,219
3,tool:joern,CWE-706,0.0,1757,60
3,tool:joern,CWE-74,0.0,1757,285
3,tool:joern,CWE-913,0.0,1757,21
3,tool:joern,CWE-923,0.0,1757,67
3,tool:semgrep,CWE-190,0.0,1757,28
3,tool:semgrep,CWE-20,0.0,1757,68
3,tool:semgrep,CWE-285,0.0,1737,59
3,tool:semgrep,CWE-285,1.0,20,0
3,tool:semgrep,CWE-287,0.0,1756,125
3,tool:semgrep,CWE-287,1.0,1,0
3,tool:semgrep,CWE-311,0.0,1667,41
3,tool:semgrep,CWE-311,1.0,90,36
3,tool:semgrep,CWE-327,0.0,1724,47
3,tool:semgrep,CWE-327,1.0,33,23
3,tool:semgrep,CWE-330,0.0,1710,5
3,tool:semgrep,CWE-330,1.0,47,45
3,tool:semgrep,CWE-345,0.0,1753,106
3,tool:semgrep,CWE-345,1.0,4,0
3,tool:semgrep,CWE-400,0.0,1757,51
3,tool:semgrep,CWE-610,0.0,1729,34
3,tool:semgrep,CWE-610,1.0,28,20
3,tool:semgrep,CWE-668,0.0,1757,219
3,tool:semgrep,CWE-706,0.0,1710,39
3,tool:semgrep,CWE-706,1.0,47,21
3,tool:semgrep,CWE-74,0.0,1460,110
3,tool:semgrep,CWE-74,1.0,297,175
3,tool:semgrep,CWE-913,0.0,1740,14
3,tool:semgrep,CWE-913,1.0,17,7
3,tool:semgrep,CWE-923,0.0,1757,67
3,traditional_2_of_3,CWE-190,0.0,1754,27
3,traditional_2_of_3,CWE-190,0.3333333333333333,3,1
3,traditional_2_of_3,CWE-20,0.0,1419,63
3,traditional_2_of_3,CWE-20,0.3333333333333333,338,5
3,traditional_2_of_3,CWE-285,0.0,1732,58
3,traditional_2_of_3,CWE-285,0.3333333333333333,23,1
3,traditional_2_of_3,CWE-285,0.6666666666666666,2,0
3,traditional_2_of_3,CWE-287,0.0,1737,117
3,traditional_2_of_3,CWE-287,0.3333333333333333,20,8
3,traditional_2_of_3,CWE-311,0.0,1653,40
3,traditional_2_of_3,CWE-311,0.3333333333333333,70,21
3,traditional_2_of_3,CWE-311,0.6666666666666666,34,16
3,traditional_2_of_3,CWE-327,0.0,1681,23
3,traditional_2_of_3,CWE-327,0.3333333333333333,51,25
3,traditional_2_of_3,CWE-327,0.6666666666666666,24,21
3,traditional_2_of_3,CWE-327,1.0,1,1
3,traditional_2_of_3,CWE-330,0.0,1710,5
3,traditional_2_of_3,CWE-330,0.3333333333333333,2,0
3,traditional_2_of_3,CWE-330,0.6666666666666666,45,45
3,traditional_2_of_3,CWE-345,0.0,1738,99
3,traditional_2_of_3,CWE-345,0.3333333333333333,19,7
3,traditional_2_of_3,CWE-400,0.0,1756,51
3,traditional_2_of_3,CWE-400,0.3333333333333333,1,0
3,traditional_2_of_3,CWE-610,0.0,1729,34
3,traditional_2_of_3,CWE-610,0.3333333333333333,26,18
3,traditional_2_of_3,CWE-610,0.6666666666666666,2,2
3,traditional_2_of_3,CWE-668,0.0,1631,214
3,traditional_2_of_3,CWE-668,0.3333333333333333,126,5
3,traditional_2_of_3,CWE-706,0.0,1709,39
3,traditional_2_of_3,CWE-706,0.3333333333333333,47,20
3,traditional_2_of_3,CWE-706,0.6666666666666666,1,1
3,traditional_2_of_3,CWE-74,0.0,1295,92
3,traditional_2_of_3,CWE-74,0.3333333333333333,260,55
3,traditional_2_of_3,CWE-74,0.6666666666666666,202,138
3,traditional_2_of_3,CWE-913,0.0,1740,14
3,traditional_2_of_3,CWE-913,0.3333333333333333,17,7
3,traditional_2_of_3,CWE-923,0.0,1757,67
3,weighted_fire_specificity_silence_sensitivity,CWE-190,0.0,15786,243
3,weighted_fire_specificity_silence_sensitivity,CWE-190,1.0,27,9
3,weighted_fire_specificity_silence_sensitivity,CWE-20,0.0,12771,567
3,weighted_fire_specificity_silence_sensitivity,CWE-20,1.0,3042,45
3,weighted_fire_specificity_silence_sensitivity,CWE-285,0.0,15588,522
3,weighted_fire_specificity_silence_sensitivity,CWE-285,0.9956935414607502,45,9
3,weighted_fire_specificity_silence_sensitivity,CWE-285,1.0,180,0
3,weighted_fire_specificity_silence_sensitivity,CWE-287,0.0,15633,1053
3,weighted_fire_specificity_silence_sensitivity,CWE-287,0.9343339587242027,9,0
3,weighted_fire_specificity_silence_sensitivity,CWE-287,0.9860152337527747,171,72
3,weighted_fire_specificity_silence_sensitivity,CWE-311,0.0,14877,360
3,weighted_fire_specificity_silence_sensitivity,CWE-311,0.6828477196942803,126,9
3,weighted_fire_specificity_silence_sensitivity,CWE-311,0.8304447974483732,504,180
3,weighted_fire_specificity_silence_sensitivity,CWE-311,1.0,306,144
3,weighted_fire_specificity_silence_sensitivity,CWE-327,0.0,15129,207
3,weighted_fire_specificity_silence_sensitivity,CWE-327,0.5647011902837555,72,9
3,weighted_fire_specificity_silence_sensitivity,CWE-327,0.6997736119566621,387,216
3,weighted_fire_specificity_silence_sensitivity,CWE-327,0.7393449786229225,45,27
3,weighted_fire_specificity_silence_sensitivity,CWE-327,0.9686564674198038,171,162
3,weighted_fire_specificity_silence_sensitivity,CWE-327,1.0,9,9
3,weighted_fire_specificity_silence_sensitivity,CWE-330,0.0,15390,45
3,weighted_fire_specificity_silence_sensitivity,CWE-330,0.5341347987557913,18,0
3,weighted_fire_specificity_silence_sensitivity,CWE-330,1.0,405,405
3,weighted_fire_specificity_silence_sensitivity,CWE-345,0.0,15642,891
3,weighted_fire_specificity_silence_sensitivity,CWE-345,0.944264524629181,36,0
3,weighted_fire_specificity_silence_sensitivity,CWE-345,1.0,135,63
3,weighted_fire_specificity_silence_sensitivity,CWE-400,0.0,15804,459
3,weighted_fire_specificity_silence_sensitivity,CWE-400,1.0,9,0
3,weighted_fire_specificity_silence_sensitivity,CWE-610,0.0,15561,306
3,weighted_fire_specificity_silence_sensitivity,CWE-610,0.9769075339170596,234,162
3,weighted_fire_specificity_silence_sensitivity,CWE-610,1.0,18,18
3,weighted_fire_specificity_silence_sensitivity,CWE-668,0.0,14679,1926
3,weighted_fire_specificity_silence_sensitivity,CWE-668,1.0,1134,45
3,weighted_fire_specificity_silence_sensitivity,CWE-706,0.0,15381,351
3,weighted_fire_specificity_silence_sensitivity,CWE-706,0.6871271917388009,9,0
3,weighted_fire_specificity_silence_sensitivity,CWE-706,0.9397703717509973,414,180
3,weighted_fire_specificity_silence_sensitivity,CWE-706,1.0,9,9
3,weighted_fire_specificity_silence_sensitivity,CWE-74,0.0,11655,828
3,weighted_fire_specificity_silence_sensitivity,CWE-74,0.6039964046685053,1485,162
3,weighted_fire_specificity_silence_sensitivity,CWE-74,0.6622340291498376,855,333
3,weighted_fire_specificity_silence_sensitivity,CWE-74,1.0,1818,1242
3,weighted_fire_specificity_silence_sensitivity,CWE-913,0.0,15660,126
3,weighted_fire_specificity_silence_sensitivity,CWE-913,0.988439451733244,153,63
3,weighted_fire_specificity_silence_sensitivity,CWE-923,0.0,15813,603
3,xgboost,CWE-190,0.4970569312572479,15786,243
3,xgboost,CWE-190,0.9662960171699524,27,9
3,xgboost,CWE-20,0.15442515909671783,3042,45
3,xgboost,CWE-20,0.541894257068634,12771,567
3,xgboost,CWE-285,0.10828489065170288,18,0
3,xgboost,CWE-285,0.16472205519676208,45,9
3,xgboost,CWE-285,0.3735679090023041,162,0
3,xgboost,CWE-285,0.5006342530250549,15588,522
3,xgboost,CWE-287,0.48291853070259094,15633,1053
3,xgboost,CWE-287,0.8746837973594666,171,72
3,xgboost,CWE-287,0.9289554357528687,9,0
3,xgboost,CWE-311,0.3606813848018646,14877,360
3,xgboost,CWE-311,0.7266181707382202,126,9
3,xgboost,CWE-311,0.8709737658500671,504,180
3,xgboost,CWE-311,0.9446578621864319,306,144
3,xgboost,CWE-327,0.19448307156562805,15129,207
3,xgboost,CWE-327,0.8186630606651306,72,9
3,xgboost,CWE-327,0.9722733497619629,387,216
3,xgboost,CWE-327,0.9905396699905396,45,27
3,xgboost,CWE-327,0.9925008416175842,180,171
3,xgboost,CWE-330,0.11788758635520935,15390,45
3,xgboost,CWE-330,0.2889391779899597,18,0
3,xgboost,CWE-330,0.9962472319602966,405,405
3,xgboost,CWE-345,0.48427391052246094,15678,891
3,xgboost,CWE-345,0.9529293179512024,135,63
3,xgboost,CWE-400,0.4984015226364136,15804,459
3,xgboost,CWE-400,0.9033472537994385,9,0
3,xgboost,CWE-610,0.41199439764022827,15561,306
3,xgboost,CWE-610,0.9271348118782043,234,162
3,xgboost,CWE-610,0.9864634275436401,18,18
3,xgboost,CWE-668,0.17538614571094513,1134,45
3,xgboost,CWE-668,0.5172641277313232,14679,1926
3,xgboost,CWE-706,0.37014690041542053,15381,351
3,xgboost,CWE-706,0.6876702308654785,9,0
3,xgboost,CWE-706,0.9112858772277832,414,180
3,xgboost,CWE-706,0.9630458354949951,9,9
3,xgboost,CWE-74,0.3378649950027466,11655,828
3,xgboost,CWE-74,0.3673114776611328,1485,162
3,xgboost,CWE-74,0.718411922454834,855,333
3,xgboost,CWE-74,0.8773232698440552,1818,1242
3,xgboost,CWE-913,0.44368329644203186,15660,126
3,xgboost,CWE-913,0.9225624799728394,153,63
3,xgboost,CWE-923,0.49884194135665894,15813,603
4,bks,CWE-190,0.015600518367932616,15669,243
4,bks,CWE-190,0.3032022873481058,18,9
4,bks,CWE-20,0.0094579246950641,2547,9
4,bks,CWE-20,0.045452249184829936,13140,603
4,bks,CWE-285,0.0074021126201254854,9,0
4,bks,CWE-285,0.019046768099663023,144,0
4,bks,CWE-285,0.0333959559204482,15489,522
4,bks,CWE-285,0.05613784282005944,45,0
4,bks,CWE-287,0.06788347176068567,15399,954
4,bks,CWE-287,0.3149719679288993,261,135
4,bks,CWE-287,0.3808911126995473,9,9
4,bks,CWE-287,0.5237788896831069,18,18
4,bks,CWE-311,0.024303681314799777,14724,387
4,bks,CWE-311,0.11274720038122468,117,0
4,bks,CWE-311,0.35255803835037447,567,216
4,bks,CWE-311,0.47036627894383437,279,90
4,bks,CWE-327,0.009875961318741988,15039,189
4,bks,CWE-327,0.20965714426560844,108,36
4,bks,CWE-327,0.637318755216216,360,225
4,bks,CWE-327,0.643641562154786,18,18
4,bks,CWE-327,0.6984659372078957,36,36
4,bks,CWE-327,0.9407235805265379,126,126
4,bks,CWE-330,0.0035739814152966403,45,0
4,bks,CWE-330,0.0038274359140194987,15237,45
4,bks,CWE-330,0.9888981925865414,405,405
4,bks,CWE-345,0.013469938845206895,36,0
4,bks,CWE-345,0.05704510792765076,15561,918
4,bks,CWE-345,0.5858589468668096,90,36
4,bks,CWE-400,0.028751287793460777,15678,450
4,bks,CWE-400,0.17629258994519895,9,0
4,bks,CWE-610,0.021378279773488863,15363,252
4,bks,CWE-610,0.22902072909220872,18,0
4,bks,CWE-610,0.5601943721268796,297,216
4,bks,CWE-610,0.6768644269716465,9,9
4,bks,CWE-668,0.031188213608610297,1026,27
4,bks,CWE-668,0.13262421822931486,14661,1944
4,bks,CWE-706,0.006212229514588343,36,0
4,bks,CWE-706,0.01950211673429718,15192,333
4,bks,CWE-706,0.4721453052546691,423,189
4,bks,CWE-706,0.6027333809864188,36,9
4,bks,CWE-74,0.08396679898315533,1251,81
4,bks,CWE-74,0.08431658317685484,11790,1026
4,bks,CWE-74,0.3610944091718174,1062,423
4,bks,CWE-74,0.6450019349580911,1584,1035
4,bks,CWE-913,0.009233427890414947,15543,144
4,bks,CWE-913,0.2561472480343102,9,0
4,bks,CWE-913,0.33372363479582917,135,45
4,bks,CWE-923,0.037889618125500894,15687,594
4,decision_tree,CWE-190,0.49339430994562083,15669,243
4,decision_tree,CWE-190,0.9735961148569006,18,9
4,decision_tree,CWE-20,0.1901784956578348,2547,9
4,decision_tree,CWE-20,0.5406513872135525,13140,603
4,decision_tree,CWE-285,0.0,9,0
4,decision_tree,CWE-285,0.35382763853278265,144,0
4,decision_tree,CWE-285,0.5006705429089766,15489,522
4,decision_tree,CWE-285,0.6446139180171592,45,0
4,decision_tree,CWE-287,0.4866668455751424,15399,954
4,decision_tree,CWE-287,0.8646943111956907,270,144
4,decision_tree,CWE-287,0.9750337719517687,18,18
4,decision_tree,CWE-311,0.35015719693562397,14724,387
4,decision_tree,CWE-311,0.7383765875207066,117,0
4,decision_tree,CWE-311,0.9226169485288526,567,216
4,decision_tree,CWE-311,0.9517568833458854,279,90
4,decision_tree,CWE-327,0.1928665613535736,15039,189
4,decision_tree,CWE-327,0.9399057528110859,144,72
4,decision_tree,CWE-327,0.9774755793909209,360,225
4,decision_tree,CWE-327,0.9975531961375452,144,144
4,decision_tree,CWE-330,0.0,45,0
4,decision_tree,CWE-330,0.1152694317759284,15237,45
4,decision_tree,CWE-330,0.9998308710984076,405,405
4,decision_tree,CWE-345,0.0,36,0
4,decision_tree,CWE-345,0.48387874189701785,15561,918
4,decision_tree,CWE-345,0.9601711721114703,90,36
4,decision_tree,CWE-400,0.4988697367493468,15678,450
4,decision_tree,CWE-400,0.9180970401405598,9,0
4,decision_tree,CWE-610,0.4090258335258276,15363,252
4,decision_tree,CWE-610,0.9268726079825041,18,0
4,decision_tree,CWE-610,0.9767547847031188,297,216
4,decision_tree,CWE-610,1.0,9,9
4,decision_tree,CWE-668,0.18127273194236693,1026,27
4,decision_tree,CWE-668,0.5157621954883325,14661,1944
4,decision_tree,CWE-706,0.0,36,0
4,decision_tree,CWE-706,0.35984398819501295,15192,333
4,decision_tree,CWE-706,0.9626152447532966,423,189
4,decision_tree,CWE-706,0.9814821988920311,36,9
4,decision_tree,CWE-74,0.318937540868472,1251,81
4,decision_tree,CWE-74,0.3205347955917482,11790,1026
4,decision_tree,CWE-74,0.7441740783570568,1062,423
4,decision_tree,CWE-74,0.9034964514428471,1584,1035
4,decision_tree,CWE-913,0.4318876650647488,15552,144
4,decision_tree,CWE-913,0.9768395397531805,135,45
4,decision_tree,CWE-923,0.5000000000000002,15687,594
4,dst_dempster_fire_specificity_silence_sensitivity,CWE-190,0.48660714285714285,15669,243
4,dst_dempster_fire_specificity_silence_sensitivity,CWE-190,0.9996367862850501,18,9
4,dst_dempster_fire_specificity_silence_sensitivity,CWE-20,0.47794117647058826,13140,603
4,dst_dempster_fire_specificity_silence_sensitivity,CWE-20,0.9060687193217314,2547,9
4,dst_dempster_fire_specificity_silence_sensitivity,CWE-285,0.4957173644753081,15489,522
4,dst_dempster_fire_specificity_silence_sensitivity,CWE-285,0.9955253677229858,144,0
4,dst_dempster_fire_specificity_silence_sensitivity,CWE-285,0.9982846838393761,45,0
4,dst_dempster_fire_specificity_silence_sensitivity,CWE-285,0.9999849096692803,9,0
4,dst_dempster_fire_specificity_silence_sensitivity,CWE-287,0.46915474235043236,15399,954
4,dst_dempster_fire_specificity_silence_sensitivity,CWE-287,0.995698501744544,261,135
4,dst_dempster_fire_specificity_silence_sensitivity,CWE-287,0.9999142243714326,18,18
4,dst_dempster_fire_specificity_silence_sensitivity,CWE-287,0.9999993483105936,9,9
4,dst_dempster_fire_specificity_silence_sensitivity,CWE-311,0.20949717744891655,14724,387
4,dst_dempster_fire_specificity_silence_sensitivity,CWE-311,0.9750745104695974,567,216
4,dst_dempster_fire_specificity_silence_sensitivity,CWE-311,0.9771226218235484,117,0
4,dst_dempster_fire_specificity_silence_sensitivity,CWE-311,0.9997258548474455,279,90
4,dst_dempster_fire_specificity_silence_sensitivity,CWE-327,0.0876712827988338,15039,189
4,dst_dempster_fire_specificity_silence_sensitivity,CWE-327,0.9869424623215117,108,36
4,dst_dempster_fire_specificity_silence_sensitivity,CWE-327,0.9884322575728064,360,225
4,dst_dempster_fire_specificity_silence_sensitivity,CWE-327,0.9999763281834146,126,126
4,dst_dempster_fire_specificity_silence_sensitivity,CWE-327,0.9999908197779115,36,36
4,dst_dempster_fire_specificity_silence_sensitivity,CWE-327,0.9999999842794078,18,18
4,dst_dempster_fire_specificity_silence_sensitivity,CWE-330,0.008774999999999977,15237,45
4,dst_dempster_fire_specificity_silence_sensitivity,CWE-330,0.985382957578194,45,0
4,dst_dempster_fire_specificity_silence_sensitivity,CWE-330,0.9999998483930475,405,405
4,dst_dempster_fire_specificity_silence_sensitivity,CWE-345,0.4669811320754717,15561,918
4,dst_dempster_fire_specificity_silence_sensitivity,CWE-345,0.9986303454573124,90,36
4,dst_dempster_fire_specificity_silence_sensitivity,CWE-345,0.9993920790435582,36,0
4,dst_dempster_fire_specificity_silence_sensitivity,CWE-400,0.4975247524752475,15678,450
4,dst_dempster_fire_specificity_silence_sensitivity,CWE-400,0.9997791844545856,9,0
4,dst_dempster_fire_specificity_silence_sensitivity,CWE-610,0.3383701633330422,15363,252
4,dst_dempster_fire_specificity_silence_sensitivity,CWE-610,0.9964131892560132,297,216
4,dst_dempster_fire_specificity_silence_sensitivity,CWE-610,0.9993098801417639,18,0
4,dst_dempster_fire_specificity_silence_sensitivity,CWE-610,0.999997499019235,9,9
4,dst_dempster_fire_specificity_silence_sensitivity,CWE-668,0.49145785876993164,14661,1944
4,dst_dempster_fire_specificity_silence_sensitivity,CWE-668,0.961418996239987,1026,27
4,dst_dempster_fire_specificity_silence_sensitivity,CWE-706,0.2588189982668371,15192,333
4,dst_dempster_fire_specificity_silence_sensitivity,CWE-706,0.9908625796133148,423,189
4,dst_dempster_fire_specificity_silence_sensitivity,CWE-706,0.996708858776358,36,0
4,dst_dempster_fire_specificity_silence_sensitivity,CWE-706,0.9999797013973677,36,9
4,dst_dempster_fire_specificity_silence_sensitivity,CWE-74,0.1091112774160305,11790,1026
4,dst_dempster_fire_specificity_silence_sensitivity,CWE-74,0.7728060809799934,1251,81
4,dst_dempster_fire_specificity_silence_sensitivity,CWE-74,0.8769397125024888,1062,423
4,dst_dempster_fire_specificity_silence_sensitivity,CWE-74,0.9932095669607298,1584,1035
4,dst_dempster_fire_specificity_silence_sensitivity,CWE-913,0.373512709572742,15543,144
4,dst_dempster_fire_specificity_silence_sensitivity,CWE-913,0.9970373145129021,135,45
4,dst_dempster_fire_specificity_silence_sensitivity,CWE-913,0.9998808744483485,9,0
4,dst_dempster_fire_specificity_silence_sensitivity,CWE-923,0.5,15687,594
4,dst_pcr6_fire_specificity_silence_sensitivity,CWE-190,0.48660714285714285,15669,243
4,dst_pcr6_fire_specificity_silence_sensitivity,CWE-190,0.9996367862850501,18,9
4,dst_pcr6_fire_specificity_silence_sensitivity,CWE-20,0.47794117647058826,13140,603
4,dst_pcr6_fire_specificity_silence_sensitivity,CWE-20,0.9060687193217314,2547,9
4,dst_pcr6_fire_specificity_silence_sensitivity,CWE-285,0.49571736447530806,15489,522
4,dst_pcr6_fire_specificity_silence_sensitivity,CWE-285,0.995526061231878,144,0
4,dst_pcr6_fire_specificity_silence_sensitivity,CWE-285,0.9982736797183803,45,0
4,dst_pcr6_fire_specificity_silence_sensitivity,CWE-285,0.9999849096692803,9,0
4,dst_pcr6_fire_specificity_silence_sensitivity,CWE-287,0.4691547423504323,15399,954
4,dst_pcr6_fire_specificity_silence_sensitivity,CWE-287,0.9956689492974978,261,135
4,dst_pcr6_fire_specificity_silence_sensitivity,CWE-287,0.9971414688195728,18,18
4,dst_pcr6_fire_specificity_silence_sensitivity,CWE-287,0.9999993483105936,9,9
4,dst_pcr6_fire_specificity_silence_sensitivity,CWE-311,0.20949717744891655,14724,387
4,dst_pcr6_fire_specificity_silence_sensitivity,CWE-311,0.8419169824503244,117,0
4,dst_pcr6_fire_specificity_silence_sensitivity,CWE-311,0.9409264324947081,567,216
4,dst_pcr6_fire_specificity_silence_sensitivity,CWE-311,0.9997258548474455,279,90
4,dst_pcr6_fire_specificity_silence_sensitivity,CWE-327,0.08767128279883385,15039,189
4,dst_pcr6_fire_specificity_silence_sensitivity,CWE-327,0.69998823286799,108,36
4,dst_pcr6_fire_specificity_silence_sensitivity,CWE-327,0.8127853445058855,36,36
4,dst_pcr6_fire_specificity_silence_sensitivity,CWE-327,0.8966210727171922,360,225
4,dst_pcr6_fire_specificity_silence_sensitivity,CWE-327,0.9983579103982472,126,126
4,dst_pcr6_fire_specificity_silence_sensitivity,CWE-327,0.9999999842794078,18,18
4,dst_pcr6_fire_specificity_silence_sensitivity,CWE-330,0.008774999999999977,15237,45
4,dst_pcr6_fire_specificity_silence_sensitivity,CWE-330,0.5937026365519223,45,0
4,dst_pcr6_fire_specificity_silence_sensitivity,CWE-330,0.9999998483930475,405,405
4,dst_pcr6_fire_specificity_silence_sensitivity,CWE-345,0.4669811320754717,15561,918
4,dst_pcr6_fire_specificity_silence_sensitivity,CWE-345,0.9953416190353149,36,0
4,dst_pcr6_fire_specificity_silence_sensitivity,CWE-345,0.9986303454573124,90,36
4,dst_pcr6_fire_specificity_silence_sensitivity,CWE-400,0.4975247524752475,15678,450
4,dst_pcr6_fire_specificity_silence_sensitivity,CWE-400,0.9997791844545856,9,0
4,dst_pcr6_fire_specificity_silence_sensitivity,CWE-610,0.3383701633330422,15363,252
4,dst_pcr6_fire_specificity_silence_sensitivity,CWE-610,0.9287680970384642,18,0
4,dst_pcr6_fire_specificity_silence_sensitivity,CWE-610,0.995748558348897,297,216
4,dst_pcr6_fire_specificity_silence_sensitivity,CWE-610,0.999997499019235,9,9
4,dst_pcr6_fire_specificity_silence_sensitivity,CWE-668,0.49145785876993164,14661,1944
4,dst_pcr6_fire_specificity_silence_sensitivity,CWE-668,0.961418996239987,1026,27
4,dst_pcr6_fire_specificity_silence_sensitivity,CWE-706,0.2588189982668371,15192,333
4,dst_pcr6_fire_specificity_silence_sensitivity,CWE-706,0.8598363246268725,36,0
4,dst_pcr6_fire_specificity_silence_sensitivity,CWE-706,0.9877240031500315,423,189
4,dst_pcr6_fire_specificity_silence_sensitivity,CWE-706,0.9999797013973677,36,9
4,dst_pcr6_fire_specificity_silence_sensitivity,CWE-74,0.10911127741603044,11790,1026
4,dst_pcr6_fire_specificity_silence_sensitivity,CWE-74,0.6878267233716351,1251,81
4,dst_pcr6_fire_specificity_silence_sensitivity,CWE-74,0.775594933553391,1062,423
4,dst_pcr6_fire_specificity_silence_sensitivity,CWE-74,0.9932095669607298,1584,1035
4,dst_pcr6_fire_specificity_silence_sensitivity,CWE-913,0.373512709572742,15543,144
4,dst_pcr6_fire_specificity_silence_sensitivity,CWE-913,0.9519869562969163,9,0
4,dst_pcr6_fire_specificity_silence_sensitivity,CWE-913,0.9969379197373648,135,45
4,dst_pcr6_fire_specificity_silence_sensitivity,CWE-923,0.5,15687,594
4,dst_yager_fire_specificity_silence_sensitivity,CWE-190,0.48660714285714285,15669,243
4,dst_yager_fire_specificity_silence_sensitivity,CWE-190,0.9996367862850501,18,9
4,dst_yager_fire_specificity_silence_sensitivity,CWE-20,0.47794117647058826,13140,603
4,dst_yager_fire_specificity_silence_sensitivity,CWE-20,0.9060687193217314,2547,9
4,dst_yager_fire_specificity_silence_sensitivity,CWE-285,0.4957173644753081,15489,522
4,dst_yager_fire_specificity_silence_sensitivity,CWE-285,0.9934175200216305,144,0
4,dst_yager_fire_specificity_silence_sensitivity,CWE-285,0.99615339698111,45,0
4,dst_yager_fire_specificity_silence_sensitivity,CWE-285,0.9999849096692803,9,0
4,dst_yager_fire_specificity_silence_sensitivity,CWE-287,0.46915474235043236,15399,954
4,dst_yager_fire_specificity_silence_sensitivity,CWE-287,0.9728689213402174,18,18
4,dst_yager_fire_specificity_silence_sensitivity,CWE-287,0.9917586095836994,261,135
4,dst_yager_fire_specificity_silence_sensitivity,CWE-287,0.9999993483105936,9,9
4,dst_yager_fire_specificity_silence_sensitivity,CWE-311,0.20949717744891655,14724,387
4,dst_yager_fire_specificity_silence_sensitivity,CWE-311,0.7600831375419052,117,0
4,dst_yager_fire_specificity_silence_sensitivity,CWE-311,0.8738892648213386,567,216
4,dst_yager_fire_specificity_silence_sensitivity,CWE-311,0.9997258548474455,279,90
4,dst_yager_fire_specificity_silence_sensitivity,CWE-327,0.0876712827988338,15039,189
4,dst_yager_fire_specificity_silence_sensitivity,CWE-327,0.634292666433662,108,36
4,dst_yager_fire_specificity_silence_sensitivity,CWE-327,0.6446413047343785,36,36
4,dst_yager_fire_specificity_silence_sensitivity,CWE-327,0.7979979333505554,360,225
4,dst_yager_fire_specificity_silence_sensitivity,CWE-327,0.9714074586732626,126,126
4,dst_yager_fire_specificity_silence_sensitivity,CWE-327,0.9999999842794078,18,18
4,dst_yager_fire_specificity_silence_sensitivity,CWE-330,0.008774999999999977,15237,45
4,dst_yager_fire_specificity_silence_sensitivity,CWE-330,0.5639698307579102,45,0
4,dst_yager_fire_specificity_silence_sensitivity,CWE-330,0.9999998483930475,405,405
4,dst_yager_fire_specificity_silence_sensitivity,CWE-345,0.4669811320754717,15561,918
4,dst_yager_fire_specificity_silence_sensitivity,CWE-345,0.9664484886422043,36,0
4,dst_yager_fire_specificity_silence_sensitivity,CWE-345,0.9986303454573124,90,36
4,dst_yager_fire_specificity_silence_sensitivity,CWE-400,0.4975247524752475,15678,450
4,dst_yager_fire_specificity_silence_sensitivity,CWE-400,0.9997791844545856,9,0
4,dst_yager_fire_specificity_silence_sensitivity,CWE-610,0.3383701633330422,15363,252
4,dst_yager_fire_specificity_silence_sensitivity,CWE-610,0.8477621639352396,18,0
4,dst_yager_fire_specificity_silence_sensitivity,CWE-610,0.9825894782976624,297,216
4,dst_yager_fire_specificity_silence_sensitivity,CWE-610,0.999997499019235,9,9
4,dst_yager_fire_specificity_silence_sensitivity,CWE-668,0.49145785876993164,14661,1944
4,dst_yager_fire_specificity_silence_sensitivity,CWE-668,0.961418996239987,1026,27
4,dst_yager_fire_specificity_silence_sensitivity,CWE-706,0.2588189982668371,15192,333
4,dst_yager_fire_specificity_silence_sensitivity,CWE-706,0.7748924867032806,36,0
4,dst_yager_fire_specificity_silence_sensitivity,CWE-706,0.9605523433687334,423,189
4,dst_yager_fire_specificity_silence_sensitivity,CWE-706,0.9999797013973677,36,9
4,dst_yager_fire_specificity_silence_sensitivity,CWE-74,0.1091112774160305,11790,1026
4,dst_yager_fire_specificity_silence_sensitivity,CWE-74,0.6399480650125386,1251,81
4,dst_yager_fire_specificity_silence_sensitivity,CWE-74,0.7090276275462192,1062,423
4,dst_yager_fire_specificity_silence_sensitivity,CWE-74,0.9932095669607298,1584,1035
4,dst_yager_fire_specificity_silence_sensitivity,CWE-913,0.373512709572742,15543,144
4,dst_yager_fire_specificity_silence_sensitivity,CWE-913,0.8778346073709049,9,0
4,dst_yager_fire_specificity_silence_sensitivity,CWE-913,0.9912912715803788,135,45
4,dst_yager_fire_specificity_silence_sensitivity,CWE-923,0.5,15687,594
4,gradient_boosting,CWE-190,0.4908391445144658,15669,243
4,gradient_boosting,CWE-190,0.9718525681601766,18,9
4,gradient_boosting,CWE-20,0.19067788708308767,2547,9
4,gradient_boosting,CWE-20,0.5446009049795089,13140,603
4,gradient_boosting,CWE-285,0.0032510396432953647,9,0
4,gradient_boosting,CWE-285,0.19653002906092804,144,0
4,gradient_boosting,CWE-285,0.3862072968812134,45,0
4,gradient_boosting,CWE-285,0.5002069561270797,15489,522
4,gradient_boosting,CWE-287,0.4862167606476273,15399,954
4,gradient_boosting,CWE-287,0.8590487710294629,261,135
4,gradient_boosting,CWE-287,0.9293424861172604,9,9
4,gradient_boosting,CWE-287,0.9692947912409856,18,18
4,gradient_boosting,CWE-311,0.35076185123204057,14724,387
4,gradient_boosting,CWE-311,0.7221116590958466,117,0
4,gradient_boosting,CWE-311,0.9194291542411349,567,216
4,gradient_boosting,CWE-311,0.9494484589341287,279,90
4,gradient_boosting,CWE-327,0.19520179736426738,15039,189
4,gradient_boosting,CWE-327,0.8849174184037714,108,36
4,gradient_boosting,CWE-327,0.9745694150864986,360,225
4,gradient_boosting,CWE-327,0.9793169124906688,36,36
4,gradient_boosting,CWE-327,0.9897482905348612,18,18
4,gradient_boosting,CWE-327,0.9921860223602369,126,126
4,gradient_boosting,CWE-330,0.0032510396432953704,45,0
4,gradient_boosting,CWE-330,0.11753691471397654,15237,45
4,gradient_boosting,CWE-330,0.9966779970459584,405,405
4,gradient_boosting,CWE-345,0.003251039643295376,36,0
4,gradient_boosting,CWE-345,0.4832943452709052,15561,918
4,gradient_boosting,CWE-345,0.9562811231905528,90,36
4,gradient_boosting,CWE-400,0.4991672613552085,15678,450
4,gradient_boosting,CWE-400,0.7570238820518311,9,0
4,gradient_boosting,CWE-610,0.40737782513888926,15363,252
4,gradient_boosting,CWE-610,0.8972713155105492,18,0
4,gradient_boosting,CWE-610,0.9738171265290295,297,216
4,gradient_boosting,CWE-610,0.992602754816603,9,9
4,gradient_boosting,CWE-668,0.18640409970438138,1026,27
4,gradient_boosting,CWE-668,0.5155502216705727,14661,1944
4,gradient_boosting,CWE-706,0.0032510396432953704,36,0
4,gradient_boosting,CWE-706,0.3592137942369038,15192,333
4,gradient_boosting,CWE-706,0.9604236475370052,423,189
4,gradient_boosting,CWE-706,0.9755583777703991,36,9
4,gradient_boosting,CWE-74,0.322605373694125,1251,81
4,gradient_boosting,CWE-74,0.3243007303508356,11790,1026
4,gradient_boosting,CWE-74,0.7396300238988723,1062,423
4,gradient_boosting,CWE-74,0.9003965015096463,1584,1035
4,gradient_boosting,CWE-913,0.43499591054352954,15552,144
4,gradient_boosting,CWE-913,0.9592312529510957,135,45
4,gradient_boosting,CWE-923,0.5019360218875096,15687,594
4,logistic_interactions,CWE-190,0.49379309625404433,15669,243
4,logistic_interactions,CWE-190,0.9382328910526982,18,9
4,logistic_interactions,CWE-20,0.19218068048093406,2547,9
4,logistic_interactions,CWE-20,0.5403925308951784,13140,603
4,logistic_interactions,CWE-285,0.30805309333766595,9,0
4,logistic_interactions,CWE-285,0.345057269185695,144,0
4,logistic_interactions,CWE-285,0.5007127867372351,15489,522
4,logistic_interactions,CWE-285,0.597996233759091,45,0
4,logistic_interactions,CWE-287,0.4872138997812228,15399,954
4,logistic_interactions,CWE-287,0.852735197293582,261,135
4,logistic_interactions,CWE-287,0.8747843502594769,18,18
4,logistic_interactions,CWE-287,0.9809987066076354,9,9
4,logistic_interactions,CWE-311,0.3512439458296167,14724,387
4,logistic_interactions,CWE-311,0.711267966912117,117,0
4,logistic_interactions,CWE-311,0.9188887136391585,567,216
4,logistic_interactions,CWE-311,0.9528011495747185,279,90
4,logistic_interactions,CWE-327,0.19483827067434042,15039,189
4,logistic_interactions,CWE-327,0.8543903203323188,108,36
4,logistic_interactions,CWE-327,0.971978219006757,36,36
4,logistic_interactions,CWE-327,0.9737788570451786,360,225
4,logistic_interactions,CWE-327,0.9978695655624339,126,126
4,logistic_interactions,CWE-327,0.9993043261526449,18,18
4,logistic_interactions,CWE-330,0.11577112654420645,15237,45
4,logistic_interactions,CWE-330,0.29899060040592323,45,0
4,logistic_interactions,CWE-330,0.9988903528943085,405,405
4,logistic_interactions,CWE-345,0.2611147766041835,36,0
4,logistic_interactions,CWE-345,0.48417598442129467,15561,918
4,logistic_interactions,CWE-345,0.9481978465016377,90,36
4,logistic_interactions,CWE-400,0.49906069646618334,15678,450
4,logistic_interactions,CWE-400,0.8132634573464002,9,0
4,logistic_interactions,CWE-610,0.4101230817944625,15363,252
4,logistic_interactions,CWE-610,0.8549466466487525,18,0
4,logistic_interactions,CWE-610,0.9729518065295849,297,216
4,logistic_interactions,CWE-610,0.9975658777837891,9,9
4,logistic_interactions,CWE-668,0.18787902534701284,1026,27
4,logistic_interactions,CWE-668,0.5155333836039765,14661,1944
4,logistic_interactions,CWE-706,0.2783424942741119,36,0
4,logistic_interactions,CWE-706,0.36035630388953716,15192,333
4,logistic_interactions,CWE-706,0.9604821261323305,423,189
4,logistic_interactions,CWE-706,0.977203892891202,36,9
4,logistic_interactions,CWE-74,0.3207040860531832,11790,1026
4,logistic_interactions,CWE-74,0.32108218345431955,1251,81
4,logistic_interactions,CWE-74,0.7430483132760182,1062,423
4,logistic_interactions,CWE-74,0.9028037612159294,1584,1035
4,logistic_interactions,CWE-913,0.42919501793883724,15543,144
4,logistic_interactions,CWE-913,0.9178391582584227,9,0
4,logistic_interactions,CWE-913,0.9721911739482307,135,45
4,logistic_interactions,CWE-923,0.5,15687,594
4,logistic_regression,CWE-190,0.49379309625404433,15669,243
4,logistic_regression,CWE-190,0.9382328910526982,18,9
4,logistic_regression,CWE-20,0.19218068048093406,2547,9
4,logistic_regression,CWE-20,0.5403925308951784,13140,603
4,logistic_regression,CWE-285,0.3357852177792238,144,0
4,logistic_regression,CWE-285,0.3924402438513732,9,0
4,logistic_regression,CWE-285,0.50086460809028,15489,522
4,logistic_regression,CWE-285,0.561813671888178,45,0
4,logistic_regression,CWE-287,0.48720971948178743,15399,954
4,logistic_regression,CWE-287,0.852867346220045,261,135
4,logistic_regression,CWE-287,0.8757254769546109,18,18
4,logistic_regression,CWE-287,0.9772683124656955,9,9
4,logistic_regression,CWE-311,0.3529690562771513,14724,387
4,logistic_regression,CWE-311,0.6103678189447099,117,0
4,logistic_regression,CWE-311,0.9089421613356106,567,216
4,logistic_regression,CWE-311,0.9662896552616466,279,90
4,logistic_regression,CWE-327,0.19495729813516652,15039,189
4,logistic_regression,CWE-327,0.8623729348905481,108,36
4,logistic_regression,CWE-327,0.9619146691836075,36,36
4,logistic_regression,CWE-327,0.9729762907505913,360,225
4,logistic_regression,CWE-327,0.998927725248156,126,126
4,logistic_regression,CWE-327,0.9997337627455644,18,18
4,logistic_regression,CWE-330,0.11562266150361025,15237,45
4,logistic_regression,CWE-330,0.5399087559489819,45,0
4,logistic_regression,CWE-330,0.9979726807075778,405,405
4,logistic_regression,CWE-345,0.2611147766041835,36,0
4,logistic_regression,CWE-345,0.48417598442129467,15561,918
4,logistic_regression,CWE-345,0.9481978465016377,90,36
4,logistic_regression,CWE-400,0.49906069646618334,15678,450
4,logistic_regression,CWE-400,0.8132634573464002,9,0
4,logistic_regression,CWE-610,0.4100750107592543,15363,252
4,logistic_regression,CWE-610,0.8565128336762101,18,0
4,logistic_regression,CWE-610,0.97297182712234,297,216
4,logistic_regression,CWE-610,0.9967755215186233,9,9
4,logistic_regression,CWE-668,0.18787902534701284,1026,27
4,logistic_regression,CWE-668,0.5155333836039765,14661,1944
4,logistic_regression,CWE-706,0.36017944127296675,15192,333
4,logistic_regression,CWE-706,0.4332614506730202,36,0
4,logistic_regression,CWE-706,0.9618454344715771,423,189
4,logistic_regression,CWE-706,0.9716188118138781,36,9
4,logistic_regression,CWE-74,0.3097213223698388,11790,1026
4,logistic_regression,CWE-74,0.41042985510291746,1251,81
4,logistic_regression,CWE-74,0.819455329054033,1062,423
4,logistic_regression,CWE-74,0.8756531746092974,1584,1035
4,logistic_regression,CWE-913,0.42919501793883724,15543,144
4,logistic_regression,CWE-913,0.9178391582584227,9,0
4,logistic_regression,CWE-913,0.9721911739482307,135,45
4,logistic_regression,CWE-923,0.5,15687,594
4,naive_bayes,CWE-190,0.015604606193425257,15669,243
4,naive_bayes,CWE-190,0.3035515531721138,18,9
4,naive_bayes,CWE-20,0.00941176470588234,2547,9
4,naive_bayes,CWE-20,0.045454545454545435,13140,603
4,naive_bayes,CWE-285,0.01637903460517699,144,0
4,naive_bayes,CWE-285,0.020596889449348232,9,0
4,naive_bayes,CWE-285,0.03342942489724389,15489,522
4,naive_bayes,CWE-285,0.04185120145492542,45,0
4,naive_bayes,CWE-287,0.0678301702582476,15399,954
4,naive_bayes,CWE-287,0.32771365109419964,261,135
4,naive_bayes,CWE-287,0.3700466811536286,18,18
4,naive_bayes,CWE-287,0.7973716268596113,9,9
4,naive_bayes,CWE-311,0.019948622513548092,14724,387
4,naive_bayes,CWE-311,0.24873710782014477,117,0
4,naive_bayes,CWE-311,0.34544093473587484,567,216
4,naive_bayes,CWE-311,0.8956636978759676,279,90
4,naive_bayes,CWE-327,0.007369811738521932,15039,189
4,naive_bayes,CWE-327,0.4962409289620038,108,36
4,naive_bayes,CWE-327,0.6406767997516057,360,225
4,naive_bayes,CWE-327,0.9835097431248997,36,36
4,naive_bayes,CWE-327,0.9957906646631671,126,126
4,naive_bayes,CWE-327,0.9999301874324964,18,18
4,naive_bayes,CWE-330,0.0005178725794436455,15237,45
4,naive_bayes,CWE-330,0.616569799320101,45,0
4,naive_bayes,CWE-330,0.9999069915760943,405,405
4,naive_bayes,CWE-345,0.05368163251564023,36,0
4,naive_bayes,CWE-345,0.056990128968024335,15561,918
4,naive_bayes,CWE-345,0.6087112185068863,90,36
4,naive_bayes,CWE-400,0.028766859204257148,15678,450
4,naive_bayes,CWE-400,0.12832028743744395,9,0
4,naive_bayes,CWE-610,0.021070942481596126,15363,252
4,naive_bayes,CWE-610,0.38282183369089073,18,0
4,naive_bayes,CWE-610,0.578911950404031,297,216
4,naive_bayes,CWE-610,0.9753803983553586,9,9
4,naive_bayes,CWE-668,0.030800821355236204,1026,27
4,naive_bayes,CWE-668,0.1326060233558697,14661,1944
4,naive_bayes,CWE-706,0.018317392481037285,15192,333
4,naive_bayes,CWE-706,0.33124502072510004,36,0
4,naive_bayes,CWE-706,0.47980671596089364,423,189
4,naive_bayes,CWE-706,0.960760472458205,36,9
4,naive_bayes,CWE-74,0.05216112596277406,11790,1026
4,naive_bayes,CWE-74,0.23319031551486422,1251,81
4,naive_bayes,CWE-74,0.42162600626838964,1062,423
4,naive_bayes,CWE-74,0.801128309640435,1584,1035
4,naive_bayes,CWE-913,0.009275296864647812,15543,144
4,naive_bayes,CWE-913,0.09912556005941449,9,0
4,naive_bayes,CWE-913,0.3418518603635695,135,45
4,naive_bayes,CWE-923,0.03788420300214439,15687,594
4,or_1_of_3,CWE-190,0.0,1741,27
4,or_1_of_3,CWE-190,1.0,2,1
4,or_1_of_3,CWE-20,0.0,1460,67
4,or_1_of_3,CWE-20,1.0,283,1
4,or_1_of_3,CWE-285,0.0,1721,58
4,or_1_of_3,CWE-285,1.0,22,0
4,or_1_of_3,CWE-287,0.0,1711,106
4,or_1_of_3,CWE-287,1.0,32,18
4,or_1_of_3,CWE-311,0.0,1636,43
4,or_1_of_3,CWE-311,1.0,107,34
4,or_1_of_3,CWE-327,0.0,1671,21
4,or_1_of_3,CWE-327,1.0,72,49
4,or_1_of_3,CWE-330,0.0,1693,5
4,or_1_of_3,CWE-330,1.0,50,45
4,or_1_of_3,CWE-345,0.0,1729,102
4,or_1_of_3,CWE-345,1.0,14,4
4,or_1_of_3,CWE-400,0.0,1742,50
4,or_1_of_3,CWE-400,1.0,1,0
4,or_1_of_3,CWE-610,0.0,1707,28
4,or_1_of_3,CWE-610,1.0,36,25
4,or_1_of_3,CWE-668,0.0,1629,216
4,or_1_of_3,CWE-668,1.0,114,3
4,or_1_of_3,CWE-706,0.0,1688,37
4,or_1_of_3,CWE-706,1.0,55,22
4,or_1_of_3,CWE-74,0.0,1310,114
4,or_1_of_3,CWE-74,1.0,433,171
4,or_1_of_3,CWE-913,0.0,1727,16
4,or_1_of_3,CWE-913,1.0,16,5
4,or_1_of_3,CWE-923,0.0,1743,66
4,random_forest,CWE-190,0.4942761988335394,15669,243
4,random_forest,CWE-190,0.9714140673560172,18,9
4,random_forest,CWE-20,0.19170769646266161,2547,9
4,random_forest,CWE-20,0.54077125576065,13140,603
4,random_forest,CWE-285,0.19679352572418793,9,0
4,random_forest,CWE-285,0.35617403898612027,144,0
4,random_forest,CWE-285,0.5005080850525406,15489,522
4,random_forest,CWE-285,0.6383591492990641,45,0
4,random_forest,CWE-287,0.48624403144148526,15399,954
4,random_forest,CWE-287,0.8626723957666025,261,135
4,random_forest,CWE-287,0.8985342733117818,9,9
4,random_forest,CWE-287,0.9787389489638136,18,18
4,random_forest,CWE-311,0.35011859744913776,14724,387
4,random_forest,CWE-311,0.733275276735131,117,0
4,random_forest,CWE-311,0.921432799286019,567,216
4,random_forest,CWE-311,0.952586914805924,279,90
4,random_forest,CWE-327,0.19637048083136588,15039,189
4,random_forest,CWE-327,0.8725146382295569,108,36
4,random_forest,CWE-327,0.965886626877279,360,225
4,random_forest,CWE-327,0.9868789604025574,18,18
4,random_forest,CWE-327,0.9898726114732429,36,36
4,random_forest,CWE-327,0.9983110792783286,126,126
4,random_forest,CWE-330,0.013392035298030321,45,0
4,random_forest,CWE-330,0.11663828698012343,15237,45
4,random_forest,CWE-330,0.999875017074014,405,405
4,random_forest,CWE-345,0.21964422220762703,36,0
4,random_forest,CWE-345,0.48566065033694855,15561,918
4,random_forest,CWE-345,0.9056982759608736,90,36
4,random_forest,CWE-400,0.4997159979276391,15678,450
4,random_forest,CWE-400,0.6177715707608746,9,0
4,random_forest,CWE-610,0.4082611427396721,15363,252
4,random_forest,CWE-610,0.895702680422957,18,0
4,random_forest,CWE-610,0.9770762582520548,297,216
4,random_forest,CWE-610,1.0,9,9
4,random_forest,CWE-668,0.2126451407329683,1026,27
4,random_forest,CWE-668,0.5144253165442292,14661,1944
4,random_forest,CWE-706,0.12782811698889865,36,0
4,random_forest,CWE-706,0.35928980210135025,15192,333
4,random_forest,CWE-706,0.961765187715672,423,189
4,random_forest,CWE-706,0.9810085328096142,36,9
4,random_forest,CWE-74,0.31680219110709,1251,81
4,random_forest,CWE-74,0.31939748158057446,11790,1026
4,random_forest,CWE-74,0.7424345765914677,1062,423
4,random_forest,CWE-74,0.9026312797849674,1584,1035
4,random_forest,CWE-913,0.45761211203340196,15552,144
4,random_forest,CWE-913,0.7909990304258737,135,45
4,random_forest,CWE-923,0.5003674052894925,15687,594
4,tool:codeql,CWE-190,0.0,1741,27
4,tool:codeql,CWE-190,1.0,2,1
4,tool:codeql,CWE-20,0.0,1460,67
4,tool:codeql,CWE-20,1.0,283,1
4,tool:codeql,CWE-285,0.0,1737,58
4,tool:codeql,CWE-285,1.0,6,0
4,tool:codeql,CWE-287,0.0,1713,108
4,tool:codeql,CWE-287,1.0,30,16
4,tool:codeql,CWE-311,0.0,1699,67
4,tool:codeql,CWE-311,1.0,44,10
4,tool:codeql,CWE-327,0.0,1687,29
4,tool:codeql,CWE-327,1.0,56,41
4,tool:codeql,CWE-330,0.0,1698,5
4,tool:codeql,CWE-330,1.0,45,45
4,tool:codeql,CWE-345,0.0,1733,102
4,tool:codeql,CWE-345,1.0,10,4
4,tool:codeql,CWE-400,0.0,1742,50
4,tool:codeql,CWE-400,1.0,1,0
4,tool:codeql,CWE-610,0.0,1740,52
4,tool:codeql,CWE-610,1.0,3,1
4,tool:codeql,CWE-668,0.0,1629,216
4,tool:codeql,CWE-668,1.0,114,3
4,tool:codeql,CWE-706,0.0,1735,58
4,tool:codeql,CWE-706,1.0,8,1
4,tool:codeql,CWE-74,0.0,1428,161
4,tool:codeql,CWE-74,1.0,315,124
4,tool:codeql,CWE-913,0.0,1742,21
4,tool:codeql,CWE-913,1.0,1,0
4,tool:codeql,CWE-923,0.0,1743,66
4,tool:joern,CWE-190,0.0,1743,28
4,tool:joern,CWE-20,0.0,1743,68
4,tool:joern,CWE-285,0.0,1743,58
4,tool:joern,CWE-287,0.0,1743,124
4,tool:joern,CWE-311,0.0,1743,77
4,tool:joern,CWE-327,0.0,1737,64
4,tool:joern,CWE-327,1.0,6,6
4,tool:joern,CWE-330,0.0,1743,50
4,tool:joern,CWE-345,0.0,1743,106
4,tool:joern,CWE-400,0.0,1743,50
4,tool:joern,CWE-610,0.0,1743,53
4,tool:joern,CWE-668,0.0,1743,219
4,tool:joern,CWE-706,0.0,1743,59
4,tool:joern,CWE-74,0.0,1743,285
4,tool:joern,CWE-913,0.0,1743,21
4,tool:joern,CWE-923,0.0,1743,66
4,tool:semgrep,CWE-190,0.0,1743,28
4,tool:semgrep,CWE-20,0.0,1743,68
4,tool:semgrep,CWE-285,0.0,1726,58
4,tool:semgrep,CWE-285,1.0,17,0
4,tool:semgrep,CWE-287,0.0,1740,121
4,tool:semgrep,CWE-287,1.0,3,3
4,tool:semgrep,CWE-311,0.0,1649,43
4,tool:semgrep,CWE-311,1.0,94,34
4,tool:semgrep,CWE-327,0.0,1711,46
4,tool:semgrep,CWE-327,1.0,32,24
4,tool:semgrep,CWE-330,0.0,1693,5
4,tool:semgrep,CWE-330,1.0,50,45
4,tool:semgrep,CWE-345,0.0,1739,106
4,tool:semgrep,CWE-345,1.0,4,0
4,tool:semgrep,CWE-400,0.0,1743,50
4,tool:semgrep,CWE-610,0.0,1709,28
4,tool:semgrep,CWE-610,1.0,34,25
4,tool:semgrep,CWE-668,0.0,1743,219
4,tool:semgrep,CWE-706,0.0,1692,37
4,tool:semgrep,CWE-706,1.0,51,22
4,tool:semgrep,CWE-74,0.0,1449,123
4,tool:semgrep,CWE-74,1.0,294,162
4,tool:semgrep,CWE-913,0.0,1728,16
4,tool:semgrep,CWE-913,1.0,15,5
4,tool:semgrep,CWE-923,0.0,1743,66
4,traditional_2_of_3,CWE-190,0.0,1741,27
4,traditional_2_of_3,CWE-190,0.3333333333333333,2,1
4,traditional_2_of_3,CWE-20,0.0,1460,67
4,traditional_2_of_3,CWE-20,0.3333333333333333,283,1
4,traditional_2_of_3,CWE-285,0.0,1721,58
4,traditional_2_of_3,CWE-285,0.3333333333333333,21,0
4,traditional_2_of_3,CWE-285,0.6666666666666666,1,0
4,traditional_2_of_3,CWE-287,0.0,1711,106
4,traditional_2_of_3,CWE-287,0.3333333333333333,31,17
4,traditional_2_of_3,CWE-287,0.6666666666666666,1,1
4,traditional_2_of_3,CWE-311,0.0,1636,43
4,traditional_2_of_3,CWE-311,0.3333333333333333,76,24
4,traditional_2_of_3,CWE-311,0.6666666666666666,31,10
4,traditional_2_of_3,CWE-327,0.0,1671,21
4,traditional_2_of_3,CWE-327,0.3333333333333333,52,29
4,traditional_2_of_3,CWE-327,0.6666666666666666,18,18
4,traditional_2_of_3,CWE-327,1.0,2,2
4,traditional_2_of_3,CWE-330,0.0,1693,5
4,traditional_2_of_3,CWE-330,0.3333333333333333,5,0
4,traditional_2_of_3,CWE-330,0.6666666666666666,45,45
4,traditional_2_of_3,CWE-345,0.0,1729,102
4,traditional_2_of_3,CWE-345,0.3333333333333333,14,4
4,traditional_2_of_3,CWE-400,0.0,1742,50
4,traditional_2_of_3,CWE-400,0.3333333333333333,1,0
4,traditional_2_of_3,CWE-610,0.0,1707,28
4,traditional_2_of_3,CWE-610,0.3333333333333333,35,24
4,traditional_2_of_3,CWE-610,0.6666666666666666,1,1
4,traditional_2_of_3,CWE-668,0.0,1629,216
4,traditional_2_of_3,CWE-668,0.3333333333333333,114,3
4,traditional_2_of_3,CWE-706,0.0,1688,37
4,traditional_2_of_3,CWE-706,0.3333333333333333,51,21
4,traditional_2_of_3,CWE-706,0.6666666666666666,4,1
4,traditional_2_of_3,CWE-74,0.0,1310,114
4,traditional_2_of_3,CWE-74,0.3333333333333333,257,56
4,traditional_2_of_3,CWE-74,0.6666666666666666,176,115
4,traditional_2_of_3,CWE-913,0.0,1727,16
4,traditional_2_of_3,CWE-913,0.3333333333333333,16,5
4,traditional_2_of_3,CWE-923,0.0,1743,66
4,weighted_fire_specificity_silence_sensitivity,CWE-190,0.0,15669,243
4,weighted_fire_specificity_silence_sensitivity,CWE-190,1.0,18,9
4,weighted_fire_specificity_silence_sensitivity,CWE-20,0.0,13140,603
4,weighted_fire_specificity_silence_sensitivity,CWE-20,1.0,2547,9
4,weighted_fire_specificity_silence_sensitivity,CWE-285,0.0,15489,522
4,weighted_fire_specificity_silence_sensitivity,CWE-285,0.9956884019159258,144,0
4,weighted_fire_specificity_silence_sensitivity,CWE-285,0.995711972930006,45,0
4,weighted_fire_specificity_silence_sensitivity,CWE-285,1.0,9,0
4,weighted_fire_specificity_silence_sensitivity,CWE-287,0.0,15399,954
4,weighted_fire_specificity_silence_sensitivity,CWE-287,0.9486617041286478,18,18
4,weighted_fire_specificity_silence_sensitivity,CWE-287,0.9919803533471624,261,135
4,weighted_fire_specificity_silence_sensitivity,CWE-287,1.0,9,9
4,weighted_fire_specificity_silence_sensitivity,CWE-311,0.0,14724,387
4,weighted_fire_specificity_silence_sensitivity,CWE-311,0.6798971222486864,117,0
4,weighted_fire_specificity_silence_sensitivity,CWE-311,0.8147459830893082,567,216
4,weighted_fire_specificity_silence_sensitivity,CWE-311,1.0,279,90
4,weighted_fire_specificity_silence_sensitivity,CWE-327,0.0,15039,189
4,weighted_fire_specificity_silence_sensitivity,CWE-327,0.5646296762598063,108,36
4,weighted_fire_specificity_silence_sensitivity,CWE-327,0.7049581455247906,360,225
4,weighted_fire_specificity_silence_sensitivity,CWE-327,0.7373367181365105,36,36
4,weighted_fire_specificity_silence_sensitivity,CWE-327,0.9720278263767392,126,126
4,weighted_fire_specificity_silence_sensitivity,CWE-327,1.0,18,18
4,weighted_fire_specificity_silence_sensitivity,CWE-330,0.0,15237,45
4,weighted_fire_specificity_silence_sensitivity,CWE-330,0.5342461976025494,45,0
4,weighted_fire_specificity_silence_sensitivity,CWE-330,1.0,405,405
4,weighted_fire_specificity_silence_sensitivity,CWE-345,0.0,15561,918
4,weighted_fire_specificity_silence_sensitivity,CWE-345,0.9379911321535601,36,0
4,weighted_fire_specificity_silence_sensitivity,CWE-345,1.0,90,36
4,weighted_fire_specificity_silence_sensitivity,CWE-400,0.0,15678,450
4,weighted_fire_specificity_silence_sensitivity,CWE-400,1.0,9,0
4,weighted_fire_specificity_silence_sensitivity,CWE-610,0.0,15363,252
4,weighted_fire_specificity_silence_sensitivity,CWE-610,0.766893251584358,18,0
4,weighted_fire_specificity_silence_sensitivity,CWE-610,0.9725461141071111,297,216
4,weighted_fire_specificity_silence_sensitivity,CWE-610,1.0,9,9
4,weighted_fire_specificity_silence_sensitivity,CWE-668,0.0,14661,1944
4,weighted_fire_specificity_silence_sensitivity,CWE-668,1.0,1026,27
4,weighted_fire_specificity_silence_sensitivity,CWE-706,0.0,15192,333
4,weighted_fire_specificity_silence_sensitivity,CWE-706,0.6902129964564158,36,0
4,weighted_fire_specificity_silence_sensitivity,CWE-706,0.9400345449305993,423,189
4,weighted_fire_specificity_silence_sensitivity,CWE-706,1.0,36,9
4,weighted_fire_specificity_silence_sensitivity,CWE-74,0.0,11790,1026
4,weighted_fire_specificity_silence_sensitivity,CWE-74,0.5983123905201527,1251,81
4,weighted_fire_specificity_silence_sensitivity,CWE-74,0.6494345162526174,1062,423
4,weighted_fire_specificity_silence_sensitivity,CWE-74,1.0,1584,1035
4,weighted_fire_specificity_silence_sensitivity,CWE-913,0.0,15543,144
4,weighted_fire_specificity_silence_sensitivity,CWE-913,0.8037154835715937,9,0
4,weighted_fire_specificity_silence_sensitivity,CWE-913,0.9884395868436507,135,45
4,weighted_fire_specificity_silence_sensitivity,CWE-923,0.0,15687,594
4,xgboost,CWE-190,0.49437159299850464,15669,243
4,xgboost,CWE-190,0.9620940685272217,18,9
4,xgboost,CWE-20,0.18898528814315796,2547,9
4,xgboost,CWE-20,0.5435823798179626,13140,603
4,xgboost,CWE-285,0.21385379135608673,9,0
4,xgboost,CWE-285,0.23088186979293823,144,0
4,xgboost,CWE-285,0.5012348890304565,15489,522
4,xgboost,CWE-285,0.5066919922828674,45,0
4,xgboost,CWE-287,0.4866618514060974,15399,954
4,xgboost,CWE-287,0.8592230081558228,261,135
4,xgboost,CWE-287,0.8938029408454895,18,18
4,xgboost,CWE-287,0.9624767899513245,9,9
4,xgboost,CWE-311,0.35843372344970703,14724,387
4,xgboost,CWE-311,0.7625423073768616,117,0
4,xgboost,CWE-311,0.8669319748878479,567,216
4,xgboost,CWE-311,0.9502641558647156,279,90
4,xgboost,CWE-327,0.1978635936975479,15039,189
4,xgboost,CWE-327,0.7907771468162537,108,36
4,xgboost,CWE-327,0.9716134071350098,360,225
4,xgboost,CWE-327,0.9845408201217651,36,36
4,xgboost,CWE-327,0.9904552102088928,18,18
4,xgboost,CWE-327,0.9920003414154053,126,126
4,xgboost,CWE-330,0.11473743617534637,15237,45
4,xgboost,CWE-330,0.3324265778064728,45,0
4,xgboost,CWE-330,0.9962453246116638,405,405
4,xgboost,CWE-345,0.48357537388801575,15597,918
4,xgboost,CWE-345,0.9522241353988647,90,36
4,xgboost,CWE-400,0.49545711278915405,15678,450
4,xgboost,CWE-400,0.9070459604263306,9,0
4,xgboost,CWE-610,0.41829580068588257,15363,252
4,xgboost,CWE-610,0.924058735370636,297,216
4,xgboost,CWE-610,0.926556408405304,18,0
4,xgboost,CWE-610,0.989409327507019,9,9
4,xgboost,CWE-668,0.18398091197013855,1026,27
4,xgboost,CWE-668,0.5162782073020935,14661,1944
4,xgboost,CWE-706,0.37259790301322937,15192,333
4,xgboost,CWE-706,0.7491830587387085,36,0
4,xgboost,CWE-706,0.9098253846168518,423,189
4,xgboost,CWE-706,0.9728833436965942,36,9
4,xgboost,CWE-74,0.3261564373970032,11790,1026
4,xgboost,CWE-74,0.39910462498664856,1251,81
4,xgboost,CWE-74,0.7120485901832581,1062,423
4,xgboost,CWE-74,0.8828611969947815,1584,1035
4,xgboost,CWE-913,0.4359365701675415,15543,144
4,xgboost,CWE-913,0.9252843260765076,135,45
4,xgboost,CWE-913,0.9576507806777954,9,0
4,xgboost,CWE-923,0.5008556842803955,15687,594
