language,base_strategy,tau,recall,precision
c_cpp,bks,0.1,0.4560257869570206,0.12715930569479525
c_cpp,bks,0.12,0.4560257869570206,0.12985585409250175
c_cpp,bks,0.14,0.4559838265676282,0.12985378493311645
c_cpp,bks,0.16,0.344453111562593,0.13892557161433713
c_cpp,bks,0.18,0.17829051741941668,0.14740771537897263
c_cpp,bks,0.2,0.1764440597336323,0.1408535714805545
c_cpp,bks,0.22,0.1752272084412523,0.14092462086029742
c_cpp,bks,0.24,0.02211458080429478,0.2154401692555039
c_cpp,bks,0.26,0.02135929379523133,0.21621630742664766
c_cpp,bks,0.28,0.020268054885616102,0.23174125155423866
c_cpp,bks,0.3,0.017120965951093425,0.29786813922646155
c_cpp,bks,0.32,0.016113856875583837,0.33389657943271794
c_cpp,bks,0.34,0.01565229259226729,0.3507210359158513
c_cpp,bks,0.36,0.009349460170022002,0.35746100482137483
c_cpp,bks,0.38,0.005622841927430244,0.3583666686253915
c_cpp,bks,0.4,0.005622841927430244,0.3583666686253915
c_cpp,bks,0.42,0.005622841927430244,0.3583666686253915
c_cpp,bks,0.44,0.005622841927430244,0.3647308192382536
c_cpp,bks,0.46,0.005455000369860589,0.3618304439600389
c_cpp,bks,0.48,0.005077356865328866,0.3602087983229321
c_cpp,bks,0.5,0.005077356865328866,0.3602087983229321
c_cpp,bks,0.52,0.004322069856265423,0.3763584921645019
c_cpp,bks,0.54,0.004322069856265423,0.3763584921645019
c_cpp,bks,0.56,0.004196188688088181,0.3750834183222473
c_cpp,bks,0.58,0.004196188688088181,0.3750834183222473
c_cpp,bks,0.6,0.003902465962341287,0.3836357300300394
c_cpp,bks,0.62,0.003902465962341287,0.3836357300300394
c_cpp,bks,0.64,0.0038605055729488734,0.382289818752104
c_cpp,bks,0.66,0.0032310997320626695,0.39215983479029715
c_cpp,bks,0.68,0.003147178953277843,0.3937020247962649
c_cpp,bks,0.7,0.0020981692184675045,0.41339157085711087
c_cpp,bks,0.72,0.0007134763685178564,0.503147029204431
c_cpp,bks,0.74,0.0007134763685178564,0.503147029204431
c_cpp,bks,0.76,0.0007134763685178564,0.503147029204431
c_cpp,bks,0.78,0.0005456348109482022,0.325486740516952
c_cpp,bks,0.8,0.0001678121161414947,0.035397784491440085
c_cpp,bks,0.82,8.383160726500578e-05,0.023598522994293387
c_cpp,bks,0.84,0.0,0.0
c_cpp,bks,0.86,0.0,0.0
c_cpp,bks,0.88,0.0,0.0
c_cpp,bks,0.9,0.0,0.0
c_cpp,decision_tree,0.1,0.999372600907054,0.09197425883641837
c_cpp,decision_tree,0.12,0.999372600907054,0.09197425883641837
c_cpp,decision_tree,0.14,0.999372600907054,0.09197425883641837
c_cpp,decision_tree,0.16,0.999372600907054,0.09197425883641837
c_cpp,decision_tree,0.18,0.999372600907054,0.09197425883641837
c_cpp,decision_tree,0.2,0.999372600907054,0.09197425883641837
c_cpp,decision_tree,0.22,0.999372600907054,0.09197425883641837
c_cpp,decision_tree,0.24,0.999372600907054,0.09197425883641837
c_cpp,decision_tree,0.26,0.999372600907054,0.09197678691747689
c_cpp,decision_tree,0.28,0.999372600907054,0.09197678691747689
c_cpp,decision_tree,0.3,0.999372600907054,0.09197678691747689
c_cpp,decision_tree,0.32,0.9990369177919147,0.09197838950703428
c_cpp,decision_tree,0.34,0.9989110366237375,0.09197971084422067
c_cpp,decision_tree,0.36,0.9988271158449528,0.09198167660563031
c_cpp,decision_tree,0.38,0.9987851554555603,0.09198442836609326
c_cpp,decision_tree,0.4,0.9987851554555603,0.09198442836609326
c_cpp,decision_tree,0.42,0.9987851554555603,0.09198442836609326
c_cpp,decision_tree,0.44,0.9692039985339589,0.105514036145084
c_cpp,decision_tree,0.46,0.925146111351405,0.10764675344461558
c_cpp,decision_tree,0.48,0.6472424524054501,0.1319112783260995
c_cpp,decision_tree,0.5,0.35215151219742363,0.14013606488980232
c_cpp,decision_tree,0.52,0.20015310318645557,0.13797253783521726
c_cpp,decision_tree,0.54,0.1954539260584632,0.13700911175959282
c_cpp,decision_tree,0.56,0.1954539260584632,0.13700911175959282
c_cpp,decision_tree,0.58,0.035920525588506856,0.24228489396935296
c_cpp,decision_tree,0.6,0.035920525588506856,0.24228489396935296
c_cpp,decision_tree,0.62,0.03541738376453166,0.24275454586017314
c_cpp,decision_tree,0.64,0.03533341939053708,0.2420810816104249
c_cpp,decision_tree,0.66,0.03524967254082745,0.241577645990944
c_cpp,decision_tree,0.68,0.03373816180281617,0.2508826716410045
c_cpp,decision_tree,0.7,0.032395484616800446,0.26199056523389724
c_cpp,decision_tree,0.72,0.030255604367020333,0.33947359304784036
c_cpp,decision_tree,0.74,0.015988642966817415,0.376466783134196
c_cpp,decision_tree,0.76,0.015988642966817415,0.376466783134196
c_cpp,decision_tree,0.78,0.015988642966817415,0.376466783134196
c_cpp,decision_tree,0.8,0.015988642966817415,0.376466783134196
c_cpp,decision_tree,0.82,0.015988642966817415,0.376466783134196
c_cpp,decision_tree,0.84,0.015988642966817415,0.376466783134196
c_cpp,decision_tree,0.86,0.015904482414378918,0.37601361092875796
c_cpp,decision_tree,0.88,0.015443465981843754,0.36922329022227407
c_cpp,decision_tree,0.9,0.014812061286036833,0.36250579995413984
c_cpp,dst_dempster_fire_specificity_silence_sensitivity,0.1,0.9973229271567641,0.09196334562994232
c_cpp,dst_dempster_fire_specificity_silence_sensitivity,0.12,0.9973229271567641,0.09196334562994232
c_cpp,dst_dempster_fire_specificity_silence_sensitivity,0.14,0.9973229271567641,0.09196334562994232
c_cpp,dst_dempster_fire_specificity_silence_sensitivity,0.16,0.9973229271567641,0.09196334562994232
c_cpp,dst_dempster_fire_specificity_silence_sensitivity,0.18,0.9973229271567641,0.09196334562994232
c_cpp,dst_dempster_fire_specificity_silence_sensitivity,0.2,0.9973229271567641,0.09196334562994232
c_cpp,dst_dempster_fire_specificity_silence_sensitivity,0.22,0.9973229271567641,0.09196334562994232
c_cpp,dst_dempster_fire_specificity_silence_sensitivity,0.24,0.9973229271567641,0.09196334562994232
c_cpp,dst_dempster_fire_specificity_silence_sensitivity,0.26,0.9973229271567641,0.09196334562994232
c_cpp,dst_dempster_fire_specificity_silence_sensitivity,0.28,0.9973229271567641,0.09196334562994232
c_cpp,dst_dempster_fire_specificity_silence_sensitivity,0.3,0.9973229271567641,0.09196334562994232
c_cpp,dst_dempster_fire_specificity_silence_sensitivity,0.32,0.7206780798925815,0.11628777700053615
c_cpp,dst_dempster_fire_specificity_silence_sensitivity,0.34,0.7206780798925815,0.11628777700053615
c_cpp,dst_dempster_fire_specificity_silence_sensitivity,0.36,0.7206780798925815,0.11628777700053615
c_cpp,dst_dempster_fire_specificity_silence_sensitivity,0.38,0.69109692297098,0.1284954551930414
c_cpp,dst_dempster_fire_specificity_silence_sensitivity,0.4,0.647039035788426,0.13064001842301648
c_cpp,dst_dempster_fire_specificity_silence_sensitivity,0.42,0.647039035788426,0.13064001842301648
c_cpp,dst_dempster_fire_specificity_silence_sensitivity,0.44,0.647039035788426,0.13064001842301648
c_cpp,dst_dempster_fire_specificity_silence_sensitivity,0.46,0.647039035788426,0.13064001842301648
c_cpp,dst_dempster_fire_specificity_silence_sensitivity,0.48,0.5129084322017751,0.1339018343538243
c_cpp,dst_dempster_fire_specificity_silence_sensitivity,0.5,0.26216157494423337,0.13867301511770747
c_cpp,dst_dempster_fire_specificity_silence_sensitivity,0.52,0.20321424322026577,0.13942624257550032
c_cpp,dst_dempster_fire_specificity_silence_sensitivity,0.54,0.20321424322026577,0.13942624257550032
c_cpp,dst_dempster_fire_specificity_silence_sensitivity,0.56,0.20321424322026577,0.13942624257550032
c_cpp,dst_dempster_fire_specificity_silence_sensitivity,0.58,0.20321424322026577,0.13942624257550032
c_cpp,dst_dempster_fire_specificity_silence_sensitivity,0.6,0.20321424322026577,0.13942624257550032
c_cpp,dst_dempster_fire_specificity_silence_sensitivity,0.62,0.20321424322026577,0.13942624257550032
c_cpp,dst_dempster_fire_specificity_silence_sensitivity,0.64,0.20321424322026577,0.13942624257550032
c_cpp,dst_dempster_fire_specificity_silence_sensitivity,0.66,0.20321424322026577,0.13942624257550032
c_cpp,dst_dempster_fire_specificity_silence_sensitivity,0.68,0.20321424322026577,0.13942624257550032
c_cpp,dst_dempster_fire_specificity_silence_sensitivity,0.7,0.20321424322026577,0.13942624257550032
c_cpp,dst_dempster_fire_specificity_silence_sensitivity,0.72,0.20321424322026577,0.13942624257550032
c_cpp,dst_dempster_fire_specificity_silence_sensitivity,0.74,0.20321424322026577,0.13942624257550032
c_cpp,dst_dempster_fire_specificity_silence_sensitivity,0.76,0.20321424322026577,0.13942624257550032
c_cpp,dst_dempster_fire_specificity_silence_sensitivity,0.78,0.20321424322026577,0.13942624257550032
c_cpp,dst_dempster_fire_specificity_silence_sensitivity,0.8,0.20321424322026577,0.13942624257550032
c_cpp,dst_dempster_fire_specificity_silence_sensitivity,0.82,0.20321424322026577,0.13942624257550032
c_cpp,dst_dempster_fire_specificity_silence_sensitivity,0.84,0.20321424322026577,0.13942624257550032
c_cpp,dst_dempster_fire_specificity_silence_sensitivity,0.86,0.05165331673486796,0.1789364096793401
c_cpp,dst_dempster_fire_specificity_silence_sensitivity,0.88,0.05165331673486796,0.1789364096793401
c_cpp,dst_dempster_fire_specificity_silence_sensitivity,0.9,0.05165331673486796,0.1789364096793401
c_cpp,dst_pcr6_fire_specificity_silence_sensitivity,0.1,0.9973229271567641,0.09196334562994232
c_cpp,dst_pcr6_fire_specificity_silence_sensitivity,0.12,0.9973229271567641,0.09196334562994232
c_cpp,dst_pcr6_fire_specificity_silence_sensitivity,0.14,0.9973229271567641,0.09196334562994232
c_cpp,dst_pcr6_fire_specificity_silence_sensitivity,0.16,0.9973229271567641,0.09196334562994232
c_cpp,dst_pcr6_fire_specificity_silence_sensitivity,0.18,0.9973229271567641,0.09196334562994232
c_cpp,dst_pcr6_fire_specificity_silence_sensitivity,0.2,0.9973229271567641,0.09196334562994232
c_cpp,dst_pcr6_fire_specificity_silence_sensitivity,0.22,0.9973229271567641,0.09196334562994232
c_cpp,dst_pcr6_fire_specificity_silence_sensitivity,0.24,0.9973229271567641,0.09196334562994232
c_cpp,dst_pcr6_fire_specificity_silence_sensitivity,0.26,0.9973229271567641,0.09196334562994232
c_cpp,dst_pcr6_fire_specificity_silence_sensitivity,0.28,0.9973229271567641,0.09196334562994232
c_cpp,dst_pcr6_fire_specificity_silence_sensitivity,0.3,0.9973229271567641,0.09196334562994232
c_cpp,dst_pcr6_fire_specificity_silence_sensitivity,0.32,0.7206780798925815,0.11628777700053615
c_cpp,dst_pcr6_fire_specificity_silence_sensitivity,0.34,0.7206780798925815,0.11628777700053615
c_cpp,dst_pcr6_fire_specificity_silence_sensitivity,0.36,0.7206780798925815,0.11628777700053615
c_cpp,dst_pcr6_fire_specificity_silence_sensitivity,0.38,0.69109692297098,0.1284954551930414
c_cpp,dst_pcr6_fire_specificity_silence_sensitivity,0.4,0.647039035788426,0.13064001842301648
c_cpp,dst_pcr6_fire_specificity_silence_sensitivity,0.42,0.647039035788426,0.13064001842301648
c_cpp,dst_pcr6_fire_specificity_silence_sensitivity,0.44,0.647039035788426,0.13064001842301648
c_cpp,dst_pcr6_fire_specificity_silence_sensitivity,0.46,0.647039035788426,0.13064001842301648
c_cpp,dst_pcr6_fire_specificity_silence_sensitivity,0.48,0.5129084322017751,0.1339018343538243
c_cpp,dst_pcr6_fire_specificity_silence_sensitivity,0.5,0.26216157494423337,0.13867301511770747
c_cpp,dst_pcr6_fire_specificity_silence_sensitivity,0.52,0.20321424322026577,0.13942624257550032
c_cpp,dst_pcr6_fire_specificity_silence_sensitivity,0.54,0.20321424322026577,0.13942624257550032
c_cpp,dst_pcr6_fire_specificity_silence_sensitivity,0.56,0.20321424322026577,0.13942624257550032
c_cpp,dst_pcr6_fire_specificity_silence_sensitivity,0.58,0.20321424322026577,0.13942624257550032
c_cpp,dst_pcr6_fire_specificity_silence_sensitivity,0.6,0.20321424322026577,0.13942624257550032
c_cpp,dst_pcr6_fire_specificity_silence_sensitivity,0.62,0.20321424322026577,0.13942624257550032
c_cpp,dst_pcr6_fire_specificity_silence_sensitivity,0.64,0.20321424322026577,0.13942624257550032
c_cpp,dst_pcr6_fire_specificity_silence_sensitivity,0.66,0.20321424322026577,0.13942624257550032
c_cpp,dst_pcr6_fire_specificity_silence_sensitivity,0.68,0.20321424322026577,0.13942624257550032
c_cpp,dst_pcr6_fire_specificity_silence_sensitivity,0.7,0.20321424322026577,0.13942624257550032
c_cpp,dst_pcr6_fire_specificity_silence_sensitivity,0.72,0.20321424322026577,0.13942624257550032
c_cpp,dst_pcr6_fire_specificity_silence_sensitivity,0.74,0.20321424322026577,0.13942624257550032
c_cpp,dst_pcr6_fire_specificity_silence_sensitivity,0.76,0.20321424322026577,0.13942624257550032
c_cpp,dst_pcr6_fire_specificity_silence_sensitivity,0.78,0.20321424322026577,0.13942624257550032
c_cpp,dst_pcr6_fire_specificity_silence_sensitivity,0.8,0.20321424322026577,0.13942624257550032
c_cpp,dst_pcr6_fire_specificity_silence_sensitivity,0.82,0.20321424322026577,0.13942624257550032
c_cpp,dst_pcr6_fire_specificity_silence_sensitivity,0.84,0.20321424322026577,0.13942624257550032
c_cpp,dst_pcr6_fire_specificity_silence_sensitivity,0.86,0.08152911398226642,0.16781412771293813
c_cpp,dst_pcr6_fire_specificity_silence_sensitivity,0.88,0.05165331673486796,0.1789364096793401
c_cpp,dst_pcr6_fire_specificity_silence_sensitivity,0.9,0.04884197064557626,0.17216712930761302
c_cpp,dst_yager_fire_specificity_silence_sensitivity,0.1,0.9973229271567641,0.09196334562994232
c_cpp,dst_yager_fire_specificity_silence_sensitivity,0.12,0.9973229271567641,0.09196334562994232
c_cpp,dst_yager_fire_specificity_silence_sensitivity,0.14,0.9973229271567641,0.09196334562994232
c_cpp,dst_yager_fire_specificity_silence_sensitivity,0.16,0.9973229271567641,0.09196334562994232
c_cpp,dst_yager_fire_specificity_silence_sensitivity,0.18,0.9973229271567641,0.09196334562994232
c_cpp,dst_yager_fire_specificity_silence_sensitivity,0.2,0.9973229271567641,0.09196334562994232
c_cpp,dst_yager_fire_specificity_silence_sensitivity,0.22,0.9973229271567641,0.09196334562994232
c_cpp,dst_yager_fire_specificity_silence_sensitivity,0.24,0.9973229271567641,0.09196334562994232
c_cpp,dst_yager_fire_specificity_silence_sensitivity,0.26,0.9973229271567641,0.09196334562994232
c_cpp,dst_yager_fire_specificity_silence_sensitivity,0.28,0.9973229271567641,0.09196334562994232
c_cpp,dst_yager_fire_specificity_silence_sensitivity,0.3,0.9973229271567641,0.09196334562994232
c_cpp,dst_yager_fire_specificity_silence_sensitivity,0.32,0.7206780798925815,0.11628777700053615
c_cpp,dst_yager_fire_specificity_silence_sensitivity,0.34,0.7206780798925815,0.11628777700053615
c_cpp,dst_yager_fire_specificity_silence_sensitivity,0.36,0.7206780798925815,0.11628777700053615
c_cpp,dst_yager_fire_specificity_silence_sensitivity,0.38,0.69109692297098,0.1284954551930414
c_cpp,dst_yager_fire_specificity_silence_sensitivity,0.4,0.647039035788426,0.13064001842301648
c_cpp,dst_yager_fire_specificity_silence_sensitivity,0.42,0.647039035788426,0.13064001842301648
c_cpp,dst_yager_fire_specificity_silence_sensitivity,0.44,0.647039035788426,0.13064001842301648
c_cpp,dst_yager_fire_specificity_silence_sensitivity,0.46,0.647039035788426,0.13064001842301648
c_cpp,dst_yager_fire_specificity_silence_sensitivity,0.48,0.5129084322017751,0.1339018343538243
c_cpp,dst_yager_fire_specificity_silence_sensitivity,0.5,0.26216157494423337,0.13867301511770747
c_cpp,dst_yager_fire_specificity_silence_sensitivity,0.52,0.20321424322026577,0.13942624257550032
c_cpp,dst_yager_fire_specificity_silence_sensitivity,0.54,0.20321424322026577,0.13942624257550032
c_cpp,dst_yager_fire_specificity_silence_sensitivity,0.56,0.20321424322026577,0.13942624257550032
c_cpp,dst_yager_fire_specificity_silence_sensitivity,0.58,0.20321424322026577,0.13942624257550032
c_cpp,dst_yager_fire_specificity_silence_sensitivity,0.6,0.20321424322026577,0.13942624257550032
c_cpp,dst_yager_fire_specificity_silence_sensitivity,0.62,0.20321424322026577,0.13942624257550032
c_cpp,dst_yager_fire_specificity_silence_sensitivity,0.64,0.20321424322026577,0.13942624257550032
c_cpp,dst_yager_fire_specificity_silence_sensitivity,0.66,0.20321424322026577,0.13942624257550032
c_cpp,dst_yager_fire_specificity_silence_sensitivity,0.68,0.20321424322026577,0.13942624257550032
c_cpp,dst_yager_fire_specificity_silence_sensitivity,0.7,0.20321424322026577,0.13942624257550032
c_cpp,dst_yager_fire_specificity_silence_sensitivity,0.72,0.20321424322026577,0.13942624257550032
c_cpp,dst_yager_fire_specificity_silence_sensitivity,0.74,0.20321424322026577,0.13942624257550032
c_cpp,dst_yager_fire_specificity_silence_sensitivity,0.76,0.20321424322026577,0.13942624257550032
c_cpp,dst_yager_fire_specificity_silence_sensitivity,0.78,0.20321424322026577,0.13942624257550032
c_cpp,dst_yager_fire_specificity_silence_sensitivity,0.8,0.20321424322026577,0.13942624257550032
c_cpp,dst_yager_fire_specificity_silence_sensitivity,0.82,0.19847271921892304,0.13786922478786495
c_cpp,dst_yager_fire_specificity_silence_sensitivity,0.84,0.19847271921892304,0.13786922478786495
c_cpp,dst_yager_fire_specificity_silence_sensitivity,0.86,0.04691179273352523,0.16086320200319862
c_cpp,dst_yager_fire_specificity_silence_sensitivity,0.88,0.04691179273352523,0.16194305513707385
c_cpp,dst_yager_fire_specificity_silence_sensitivity,0.9,0.04691179273352523,0.16194305513707385
c_cpp,gradient_boosting,0.1,0.999372600907054,0.09197435416124178
c_cpp,gradient_boosting,0.12,0.999372600907054,0.09197435663969543
c_cpp,gradient_boosting,0.14,0.999372600907054,0.09197435663969543
c_cpp,gradient_boosting,0.16,0.999372600907054,0.09197435663969543
c_cpp,gradient_boosting,0.18,0.999372600907054,0.09197490210493259
c_cpp,gradient_boosting,0.2,0.999372600907054,0.0919751980431152
c_cpp,gradient_boosting,0.22,0.999372600907054,0.09197640880779348
c_cpp,gradient_boosting,0.24,0.999372600907054,0.09197673153959572
c_cpp,gradient_boosting,0.26,0.999372600907054,0.09197731758616673
c_cpp,gradient_boosting,0.28,0.999372600907054,0.09197731758616673
c_cpp,gradient_boosting,0.3,0.9992887692997892,0.09197683574857851
c_cpp,gradient_boosting,0.32,0.9989530861846498,0.0919784383381359
c_cpp,gradient_boosting,0.34,0.9988272050164726,0.09197975967532229
c_cpp,gradient_boosting,0.36,0.9987012939832495,0.09198080586600549
c_cpp,gradient_boosting,0.38,0.9986593335938571,0.09198355762646841
c_cpp,gradient_boosting,0.4,0.9986593335938571,0.09198369039483366
c_cpp,gradient_boosting,0.42,0.9986593335938571,0.09198369039483366
c_cpp,gradient_boosting,0.44,0.9690781766722557,0.1055133228332063
c_cpp,gradient_boosting,0.46,0.9247685271533472,0.10763246422515496
c_cpp,gradient_boosting,0.48,0.6478719175528103,0.1319894208373664
c_cpp,gradient_boosting,0.5,0.33882508049333465,0.1400911450277397
c_cpp,gradient_boosting,0.52,0.20095047004509467,0.138282320442406
c_cpp,gradient_boosting,0.54,0.1962512929171024,0.13734571715042634
c_cpp,gradient_boosting,0.56,0.19486660006715273,0.13737774319094276
c_cpp,gradient_boosting,0.58,0.04183705995302049,0.2017832866636666
c_cpp,gradient_boosting,0.6,0.04175313917423566,0.20156098998852862
c_cpp,gradient_boosting,0.62,0.04095623102930382,0.2023244222751385
c_cpp,gradient_boosting,0.64,0.03952957778996176,0.20581399561563388
c_cpp,gradient_boosting,0.66,0.03801887798384298,0.22190970005165359
c_cpp,gradient_boosting,0.68,0.034493159144989134,0.2703833673384752
c_cpp,gradient_boosting,0.7,0.032227463015668784,0.2845987012301137
c_cpp,gradient_boosting,0.72,0.031975800288547275,0.2915411465329606
c_cpp,gradient_boosting,0.74,0.01846412589740781,0.31812564319277264
c_cpp,gradient_boosting,0.76,0.017960601224698846,0.3309614752681526
c_cpp,gradient_boosting,0.78,0.01674372006727302,0.3659595537187545
c_cpp,gradient_boosting,0.8,0.01653388825526512,0.37852904006108584
c_cpp,gradient_boosting,0.82,0.01640800708708788,0.3790404339719007
c_cpp,gradient_boosting,0.84,0.01468751123517209,0.3999253873541883
c_cpp,gradient_boosting,0.86,0.01292517488069072,0.38289699907580005
c_cpp,gradient_boosting,0.88,0.012422198058763143,0.37610667836931616
c_cpp,gradient_boosting,0.9,0.01153903102660174,0.34718165201524703
c_cpp,logistic_interactions,0.1,0.9998332474636554,0.09197806855385085
c_cpp,logistic_interactions,0.12,0.9997087238374879,0.09197734802953662
c_cpp,logistic_interactions,0.14,0.9996667634480955,0.0919775533651416
c_cpp,logistic_interactions,0.16,0.9996667634480955,0.09197797614832803
c_cpp,logistic_interactions,0.18,0.9996667634480955,0.09197821753443769
c_cpp,logistic_interactions,0.2,0.9996249054011161,0.09197755446574013
c_cpp,logistic_interactions,0.22,0.9996249054011161,0.09197827557464675
c_cpp,logistic_interactions,0.24,0.9995403851881972,0.09197890331957757
c_cpp,logistic_interactions,0.26,0.9995403851881972,0.09198020910377047
c_cpp,logistic_interactions,0.28,0.9994564791965633,0.09197902149727019
c_cpp,logistic_interactions,0.3,0.9994144889421251,0.09197839756454887
c_cpp,logistic_interactions,0.32,0.9990788058269859,0.09198000241926238
c_cpp,logistic_interactions,0.34,0.9989529246588087,0.09198132375644875
c_cpp,logistic_interactions,0.36,0.9988690038800239,0.091983291754072
c_cpp,logistic_interactions,0.38,0.9988270434906314,0.09198613233090416
c_cpp,logistic_interactions,0.4,0.9988270434906314,0.09198621087852733
c_cpp,logistic_interactions,0.42,0.9988270434906314,0.09198621806115065
c_cpp,logistic_interactions,0.44,0.96924588656903,0.1054243623397902
c_cpp,logistic_interactions,0.46,0.9251879993864761,0.10756387334635492
c_cpp,logistic_interactions,0.48,0.6482075997927834,0.1319619008931193
c_cpp,logistic_interactions,0.5,0.34626023952851176,0.14025572485543938
c_cpp,logistic_interactions,0.52,0.2003210633290423,0.13807080129858693
c_cpp,logistic_interactions,0.54,0.19520274005682836,0.1377174866444803
c_cpp,logistic_interactions,0.56,0.1935658271208217,0.13733017276393447
c_cpp,logistic_interactions,0.58,0.04137549479453776,0.2054243869178125
c_cpp,logistic_interactions,0.6,0.04129157401575294,0.20567475630203386
c_cpp,logistic_interactions,0.62,0.04091437875276962,0.20723135267754558
c_cpp,logistic_interactions,0.64,0.03906801263147903,0.20451889833814155
c_cpp,logistic_interactions,0.66,0.038103097604528714,0.2091146330702361
c_cpp,logistic_interactions,0.68,0.03390642059586128,0.2903772490172408
c_cpp,logistic_interactions,0.7,0.03172441616181395,0.32537684983388276
c_cpp,logistic_interactions,0.72,0.031178791788578908,0.3472161884838702
c_cpp,logistic_interactions,0.74,0.018044791642183176,0.3449990875109774
c_cpp,logistic_interactions,0.76,0.017960840998352517,0.3465575110959552
c_cpp,logistic_interactions,0.78,0.01791885074391427,0.3499563314293903
c_cpp,logistic_interactions,0.8,0.017876860489476027,0.35265680785603615
c_cpp,logistic_interactions,0.82,0.01724721487493615,0.3514223362987905
c_cpp,logistic_interactions,0.84,0.016449967476480296,0.3688125869436365
c_cpp,logistic_interactions,0.86,0.015904482414378918,0.3712904713269281
c_cpp,logistic_interactions,0.88,0.015191832781744886,0.3616184309638001
c_cpp,logistic_interactions,0.9,0.013511169328045178,0.3646633507330988
c_cpp,logistic_regression,0.1,0.9998740503250646,0.09197814376842525
c_cpp,logistic_regression,0.12,0.9997497524542202,0.09197726492002761
c_cpp,logistic_regression,0.14,0.9997077920648277,0.09197700771979476
c_cpp,logistic_regression,0.16,0.9997077920648277,0.09197704286738244
c_cpp,logistic_regression,0.18,0.9996669892034186,0.09197699640863692
c_cpp,logistic_regression,0.2,0.9996249054011161,0.09197643399921014
c_cpp,logistic_regression,0.22,0.9996249054011161,0.09197660580768087
c_cpp,logistic_regression,0.24,0.9995830640482894,0.0919776945989272
c_cpp,logistic_regression,0.26,0.9994565535809322,0.09197756822926322
c_cpp,logistic_regression,0.28,0.9994144889421251,0.09197712412721816
c_cpp,logistic_regression,0.3,0.9994144889421251,0.09197712513699685
c_cpp,logistic_regression,0.32,0.9992466473845555,0.09197782870128995
c_cpp,logistic_regression,0.34,0.9989529246588087,0.09198004833770168
c_cpp,logistic_regression,0.36,0.9988690038800239,0.09198201611779687
c_cpp,logistic_regression,0.38,0.9988690038800239,0.09198208234449534
c_cpp,logistic_regression,0.4,0.9988270434906314,0.09198483853965232
c_cpp,logistic_regression,0.42,0.9984493999860997,0.09196718343927447
c_cpp,logistic_regression,0.44,0.9688682430644983,0.1052545306747647
c_cpp,logistic_regression,0.46,0.9245166113585925,0.10741151737508597
c_cpp,logistic_regression,0.48,0.6478299562882517,0.1318543878114424
c_cpp,logistic_regression,0.5,0.3458824652383508,0.14002476083787072
c_cpp,logistic_regression,0.52,0.20103438994871334,0.13800774064509713
c_cpp,logistic_regression,0.54,0.1957901855083221,0.1374873025808544
c_cpp,logistic_regression,0.56,0.19390151023596106,0.137130546969539
c_cpp,logistic_regression,0.58,0.04171117790967707,0.20160139406069888
c_cpp,logistic_regression,0.6,0.04154333635210742,0.20115550558118891
c_cpp,logistic_regression,0.62,0.04108222031033927,0.20263857397754412
c_cpp,logistic_regression,0.64,0.0408723093753528,0.20103781516686126
c_cpp,logistic_regression,0.66,0.039026136576024315,0.20901501822896146
c_cpp,logistic_regression,0.68,0.036213883631894046,0.23510940471756894
c_cpp,logistic_regression,0.7,0.03281514736565006,0.27738406685599093
c_cpp,logistic_regression,0.72,0.03247956385974373,0.2828166233240764
c_cpp,logistic_regression,0.74,0.019345563713347995,0.2794958000875922
c_cpp,logistic_regression,0.76,0.019261613069517333,0.2811563020200289
c_cpp,logistic_regression,0.78,0.01859021697419289,0.28289669744812196
c_cpp,logistic_regression,0.8,0.01586279166368601,0.2480005337483729
c_cpp,logistic_regression,0.82,0.014645700597652342,0.22545053095101364
c_cpp,logistic_regression,0.84,0.014603740208259927,0.22361266589562592
c_cpp,logistic_regression,0.86,0.013848453199196484,0.3140357801599709
c_cpp,logistic_regression,0.88,0.012506397725676249,0.39306071279550864
c_cpp,logistic_regression,0.9,0.01166579557139777,0.3108876868516948
c_cpp,naive_bayes,0.1,0.4562356784991202,0.1249300599461787
c_cpp,naive_bayes,0.12,0.4561936882446819,0.12781206347278062
c_cpp,naive_bayes,0.14,0.4561936882446819,0.12797543786274113
c_cpp,naive_bayes,0.16,0.17954884098049934,0.15266923741933258
c_cpp,naive_bayes,0.18,0.17908782454796418,0.14587891671284872
c_cpp,naive_bayes,0.2,0.17850017854395223,0.13962945681808941
c_cpp,naive_bayes,0.22,0.17795466361680498,0.14034475704240013
c_cpp,naive_bayes,0.24,0.026393737131407222,0.1844011125663444
c_cpp,naive_bayes,0.26,0.026393737131407222,0.18466043699485307
c_cpp,naive_bayes,0.28,0.02551256895416654,0.1886825360783079
c_cpp,naive_bayes,0.3,0.024169836493609306,0.19452782188679776
c_cpp,naive_bayes,0.32,0.02341454948454586,0.20657053338789808
c_cpp,naive_bayes,0.34,0.022827758098736654,0.21970383180375697
c_cpp,naive_bayes,0.36,0.014598645788347783,0.22350923568211864
c_cpp,naive_bayes,0.38,0.011329484749844318,0.2315243425315718
c_cpp,naive_bayes,0.4,0.010700078908958115,0.23784237364704752
c_cpp,naive_bayes,0.42,0.010322435404426395,0.24063515810793729
c_cpp,naive_bayes,0.44,0.009860871121109843,0.24243513072122252
c_cpp,naive_bayes,0.46,0.008727940607514677,0.25609896439333085
c_cpp,naive_bayes,0.48,0.007678930872704338,0.26210372346184146
c_cpp,naive_bayes,0.5,0.004993465951589871,0.24028514744773868
c_cpp,naive_bayes,0.52,0.004406020500096081,0.2354229198703561
c_cpp,naive_bayes,0.54,0.004070247789819279,0.2356396721758942
c_cpp,naive_bayes,0.56,0.0040282874004268655,0.24178119023063044
c_cpp,naive_bayes,0.58,0.003860475284285371,0.219721756368282
c_cpp,naive_bayes,0.6,0.003021207766345438,0.24647453387006618
c_cpp,naive_bayes,0.62,0.002517653228590645,0.2679565475888701
c_cpp,naive_bayes,0.64,0.0022658908922361634,0.2750065590447225
c_cpp,naive_bayes,0.66,0.0022658908922361634,0.2750065590447225
c_cpp,naive_bayes,0.68,0.002223900637797919,0.2673460034124634
c_cpp,naive_bayes,0.7,0.002181940248405505,0.2654953754053021
c_cpp,naive_bayes,0.72,0.0013846928499496476,0.28489774903827686
c_cpp,naive_bayes,0.74,0.0009650889560255119,0.3223457510655396
c_cpp,naive_bayes,0.76,0.0008392077878482713,0.3271910316661072
c_cpp,naive_bayes,0.78,0.0008392077878482713,0.3419960557233971
c_cpp,naive_bayes,0.8,0.000671366230278617,0.38196962067807994
c_cpp,naive_bayes,0.82,0.0005035246727089628,0.3671645966207899
c_cpp,naive_bayes,0.84,0.0003776435045317221,0.37752811346089293
c_cpp,naive_bayes,0.86,0.00029372272574689493,0.1998678247734139
c_cpp,naive_bayes,0.88,0.0001258811681772407,0.17766028868747902
c_cpp,naive_bayes,0.9,0.0001258811681772407,0.17766028868747902
c_cpp,random_forest,0.1,0.9995817964263477,0.09197510151624015
c_cpp,random_forest,0.12,0.9995817964263477,0.09197513435455204
c_cpp,random_forest,0.14,0.9995817964263477,0.0919751782006467
c_cpp,random_forest,0.16,0.9995409935649384,0.0919751001401627
c_cpp,random_forest,0.18,0.9994989289261313,0.09197459784514593
c_cpp,random_forest,0.2,0.9994144087132124,0.09197441826535142
c_cpp,random_forest,0.22,0.9994144087132124,0.0919745294196929
c_cpp,random_forest,0.24,0.9994144087132124,0.09197562346764486
c_cpp,random_forest,0.26,0.9994144087132124,0.09197703913267145
c_cpp,random_forest,0.28,0.9994144087132124,0.09197703913267145
c_cpp,random_forest,0.3,0.9994144087132124,0.09197740987770872
c_cpp,random_forest,0.32,0.9990787255980731,0.09197933508239371
c_cpp,random_forest,0.34,0.9989528444298958,0.09198127306791136
c_cpp,random_forest,0.36,0.998868923651111,0.09198323932828609
c_cpp,random_forest,0.38,0.9988269632617186,0.09198599055454725
c_cpp,random_forest,0.4,0.9987851554555603,0.0919857978996822
c_cpp,random_forest,0.42,0.9987433141027335,0.09198508464507614
c_cpp,random_forest,0.44,0.969120166926694,0.10551406849134558
c_cpp,random_forest,0.46,0.9250622797441401,0.10764678579087715
c_cpp,random_forest,0.48,0.6484174324799574,0.13197121716147098
c_cpp,random_forest,0.5,0.35998973147552643,0.14033615685045758
c_cpp,random_forest,0.52,0.20095047004509467,0.13817820992481336
c_cpp,random_forest,0.54,0.1962512929171024,0.13736321951269137
c_cpp,random_forest,0.56,0.041711178784843254,0.2019947673087621
c_cpp,random_forest,0.58,0.041711178784843254,0.20260246241724622
c_cpp,random_forest,0.6,0.04053628788185567,0.20551036003090684
c_cpp,random_forest,0.62,0.037347681136766,0.2235085159605164
c_cpp,random_forest,0.64,0.03461940587481194,0.26438554174782103
c_cpp,random_forest,0.66,0.03277367766222954,0.28350440588871917
c_cpp,random_forest,0.68,0.031976240170035065,0.3069366049877058
c_cpp,random_forest,0.7,0.031136732665119696,0.34883729616006276
c_cpp,random_forest,0.72,0.028662921492284797,0.3518701879225211
c_cpp,random_forest,0.74,0.016827880619711518,0.3657275223439314
c_cpp,random_forest,0.76,0.01661804880770362,0.37797454369491384
c_cpp,random_forest,0.78,0.01355494038205743,0.45534663687001903
c_cpp,random_forest,0.8,0.013135336488133295,0.45046371609493396
c_cpp,random_forest,0.82,0.013051415709348467,0.4728811204683675
c_cpp,random_forest,0.84,0.012715732594209158,0.3618434400386931
c_cpp,random_forest,0.86,0.012547651262985833,0.27256012348951547
c_cpp,random_forest,0.88,0.011205881798527917,0.30283903471945894
c_cpp,random_forest,0.9,0.010574477102720997,0.2961215444513247
c_cpp,weighted_fire_specificity_silence_sensitivity,0.1,0.20321424322026577,0.13942624257550032
c_cpp,weighted_fire_specificity_silence_sensitivity,0.12,0.20321424322026577,0.13942624257550032
c_cpp,weighted_fire_specificity_silence_sensitivity,0.14,0.20321424322026577,0.13942624257550032
c_cpp,weighted_fire_specificity_silence_sensitivity,0.16,0.20321424322026577,0.13942624257550032
c_cpp,weighted_fire_specificity_silence_sensitivity,0.18,0.20321424322026577,0.13942624257550032
c_cpp,weighted_fire_specificity_silence_sensitivity,0.2,0.20321424322026577,0.13942624257550032
c_cpp,weighted_fire_specificity_silence_sensitivity,0.22,0.20321424322026577,0.13942624257550032
c_cpp,weighted_fire_specificity_silence_sensitivity,0.24,0.20321424322026577,0.13942624257550032
c_cpp,weighted_fire_specificity_silence_sensitivity,0.26,0.20321424322026577,0.13942624257550032
c_cpp,weighted_fire_specificity_silence_sensitivity,0.28,0.20321424322026577,0.13942624257550032
c_cpp,weighted_fire_specificity_silence_sensitivity,0.3,0.20321424322026577,0.13942624257550032
c_cpp,weighted_fire_specificity_silence_sensitivity,0.32,0.20321424322026577,0.13942624257550032
c_cpp,weighted_fire_specificity_silence_sensitivity,0.34,0.20321424322026577,0.13942624257550032
c_cpp,weighted_fire_specificity_silence_sensitivity,0.36,0.20321424322026577,0.13942624257550032
c_cpp,weighted_fire_specificity_silence_sensitivity,0.38,0.20321424322026577,0.13942624257550032
c_cpp,weighted_fire_specificity_silence_sensitivity,0.4,0.20321424322026577,0.13942624257550032
c_cpp,weighted_fire_specificity_silence_sensitivity,0.42,0.20321424322026577,0.13942624257550032
c_cpp,weighted_fire_specificity_silence_sensitivity,0.44,0.20321424322026577,0.13942624257550032
c_cpp,weighted_fire_specificity_silence_sensitivity,0.46,0.20321424322026577,0.13942624257550032
c_cpp,weighted_fire_specificity_silence_sensitivity,0.48,0.20321424322026577,0.13942624257550032
c_cpp,weighted_fire_specificity_silence_sensitivity,0.5,0.20321424322026577,0.13942624257550032
c_cpp,weighted_fire_specificity_silence_sensitivity,0.52,0.20321424322026577,0.13942624257550032
c_cpp,weighted_fire_specificity_silence_sensitivity,0.54,0.20321424322026577,0.13942624257550032
c_cpp,weighted_fire_specificity_silence_sensitivity,0.56,0.20321424322026577,0.13942624257550032
c_cpp,weighted_fire_specificity_silence_sensitivity,0.58,0.20321424322026577,0.13942624257550032
c_cpp,weighted_fire_specificity_silence_sensitivity,0.6,0.20321424322026577,0.13942624257550032
c_cpp,weighted_fire_specificity_silence_sensitivity,0.62,0.20321424322026577,0.13942624257550032
c_cpp,weighted_fire_specificity_silence_sensitivity,0.64,0.20321424322026577,0.13942624257550032
c_cpp,weighted_fire_specificity_silence_sensitivity,0.66,0.20321424322026577,0.13942624257550032
c_cpp,weighted_fire_specificity_silence_sensitivity,0.68,0.20321424322026577,0.13942624257550032
c_cpp,weighted_fire_specificity_silence_sensitivity,0.7,0.20321424322026577,0.13942624257550032
c_cpp,weighted_fire_specificity_silence_sensitivity,0.72,0.1990601646704168,0.13811225646044858
c_cpp,weighted_fire_specificity_silence_sensitivity,0.74,0.1990601646704168,0.13811225646044858
c_cpp,weighted_fire_specificity_silence_sensitivity,0.76,0.1990601646704168,0.13811225646044858
c_cpp,weighted_fire_specificity_silence_sensitivity,0.78,0.1990601646704168,0.13811225646044858
c_cpp,weighted_fire_specificity_silence_sensitivity,0.8,0.1990601646704168,0.1384718076481508
c_cpp,weighted_fire_specificity_silence_sensitivity,0.82,0.1990601646704168,0.13919210959432385
c_cpp,weighted_fire_specificity_silence_sensitivity,0.84,0.1986825211658851,0.13904538427645172
c_cpp,weighted_fire_specificity_silence_sensitivity,0.86,0.1986825211658851,0.13904538427645172
c_cpp,weighted_fire_specificity_silence_sensitivity,0.88,0.1986825211658851,0.13904538427645172
c_cpp,weighted_fire_specificity_silence_sensitivity,0.9,0.1986405607764927,0.13902503499836896
c_cpp,xgboost,0.1,1.0,0.09197919804595138
c_cpp,xgboost,0.12,0.9999160792212152,0.09197817670755455
c_cpp,xgboost,0.14,0.9999160792212152,0.09197817670755455
c_cpp,xgboost,0.16,0.9997077920648277,0.09197704173900768
c_cpp,xgboost,0.18,0.9997077920648277,0.09197709047900951
c_cpp,xgboost,0.2,0.9996232718519087,0.09197688600891961
c_cpp,xgboost,0.22,0.9995811880496064,0.09197627167238538
c_cpp,xgboost,0.24,0.9995391234107993,0.09197588629909254
c_cpp,xgboost,0.26,0.9995391234107993,0.09197607485755664
c_cpp,xgboost,0.28,0.9995391234107993,0.09197615520945626
c_cpp,xgboost,0.3,0.9994971331563611,0.09197614620139316
c_cpp,xgboost,0.32,0.9994552918035344,0.09197623966021835
c_cpp,xgboost,0.34,0.9994552918035344,0.09197687258591215
c_cpp,xgboost,0.36,0.9993294106353572,0.0919788936952008
c_cpp,xgboost,0.38,0.9989937275202179,0.09198049555871925
c_cpp,xgboost,0.4,0.9988678463520406,0.09198544971873267
c_cpp,xgboost,0.42,0.9988258641650433,0.09198480122760068
c_cpp,xgboost,0.44,0.9808736808861109,0.09961572168505634
c_cpp,xgboost,0.46,0.9692447072434419,0.105272660017968
c_cpp,xgboost,0.48,0.6482902104603508,0.131719623949145
c_cpp,xgboost,0.5,0.3188924214867112,0.1391905889626896
c_cpp,xgboost,0.52,0.20103438994871334,0.1380579886466683
c_cpp,xgboost,0.54,0.19570580697983486,0.13709417130901239
c_cpp,xgboost,0.56,0.19440503490867003,0.13704854105970263
c_cpp,xgboost,0.58,0.041333893051556256,0.20228844370722726
c_cpp,xgboost,0.6,0.041207968288169264,0.20188662573413527
c_cpp,xgboost,0.62,0.04087221978021532,0.20144828173282225
c_cpp,xgboost,0.64,0.03898353619731002,0.208916553560334
c_cpp,xgboost,0.66,0.03558403790952006,0.238378843950477
c_cpp,xgboost,0.68,0.03243736369669765,0.2830469152246296
c_cpp,xgboost,0.7,0.02950213630334164,0.284556530853497
c_cpp,xgboost,0.72,0.019135462262640592,0.2865757319473501
c_cpp,xgboost,0.74,0.01875781875810887,0.29362822479686196
c_cpp,xgboost,0.76,0.017666848633906117,0.3294430275386747
c_cpp,xgboost,0.78,0.01657575862287653,0.37877184923324636
c_cpp,xgboost,0.8,0.016197200192561063,0.3761934652557049
c_cpp,xgboost,0.82,0.014686441192660642,0.29379041404688605
c_cpp,xgboost,0.84,0.012252987630983104,0.32664696065529353
c_cpp,xgboost,0.86,0.011371917728923169,0.31717943645967267
c_cpp,xgboost,0.88,0.011371917728923169,0.34678948457425246
c_cpp,xgboost,0.9,0.010911186701566187,0.2647243537942043
c_cpp,traditional_2_of_6,,0.013092608920782133,0.14772951020189756
java,bks,0.1,0.4310359928946866,0.3744172545326973
java,bks,0.12,0.43073752734547144,0.3748370042697232
java,bks,0.14,0.26942806410957815,0.3530892759717738
java,bks,0.16,0.26942806410957815,0.3530892759717738
java,bks,0.18,0.26942806410957815,0.3530892759717738
java,bks,0.2,0.26942806410957815,0.3530892759717738
java,bks,0.22,0.26883006739856,0.3538160080858583
java,bks,0.24,0.26823207068754196,0.3552470013763859
java,bks,0.26,0.2680825715097874,0.3556992563308941
java,bks,0.28,0.2679330723320329,0.3563067413798192
java,bks,0.3,0.26763407397652383,0.35504438961307655
java,bks,0.32,0.2632507282308548,0.358412502443498
java,bks,0.34,0.2623394951473987,0.3559507493164736
java,bks,0.36,0.24384239093496923,0.34981646798657207
java,bks,0.38,0.21766365356655518,0.37783624081432965
java,bks,0.4,0.2122875757214936,0.39025844521582104
java,bks,0.42,0.2094397134626581,0.3839931482463829
java,bks,0.44,0.20063651586292885,0.37263794214715656
java,bks,0.46,0.19544590441129187,0.37016824941006615
java,bks,0.48,0.18780556953093983,0.36975820052950653
java,bks,0.5,0.184634159855049,0.37164983972866555
java,bks,0.52,0.18358766561076734,0.35778379099193364
java,bks,0.54,0.1797025619763952,0.28292805769846674
java,bks,0.56,0.17865606773211354,0.2743951046297086
java,bks,0.58,0.1723799230056265,0.2787892497896413
java,bks,0.6,0.16847642486135442,0.24908874647574286
java,bks,0.62,0.1562419540970759,0.22968210202181122
java,bks,0.64,0.131844632492871,0.2031495504260925
java,bks,0.66,0.07103757724433477,0.1170380368188503
java,bks,0.68,0.048587232770219764,0.08707889606607164
java,bks,0.7,0.04798923605920168,0.08707889606607164
java,bks,0.72,0.04769023770369263,0.08748139385233382
java,bks,0.74,0.04679324263716551,0.0873947276623312
java,bks,0.76,0.04679324263716551,0.0873947276623312
java,bks,0.78,0.04679324263716551,0.0873947276623312
java,bks,0.8,0.04679324263716551,0.0873947276623312
java,bks,0.82,0.04679324263716551,0.0873947276623312
java,bks,0.84,0.04679324263716551,0.0873947276623312
java,bks,0.86,0.04634474510390193,0.0881520590233245
java,bks,0.88,0.04634474510390193,0.0881520590233245
java,bks,0.9,0.04634474510390193,0.0881520590233245
java,decision_tree,0.1,0.9982063254666127,0.0895099729279446
java,decision_tree,0.12,0.9949173435560131,0.1183879246172339
java,decision_tree,0.14,0.9949173435560131,0.1183879246172339
java,decision_tree,0.16,0.9941698476672406,0.11844582098508803
java,decision_tree,0.18,0.9917785341590248,0.11901498720871517
java,decision_tree,0.2,0.9837047556631876,0.13263924481124742
java,decision_tree,0.22,0.9772762910197432,0.154421330452106
java,decision_tree,0.24,0.9772762910197432,0.154421330452106
java,decision_tree,0.26,0.9772762910197432,0.154421330452106
java,decision_tree,0.28,0.9772762910197432,0.154421330452106
java,decision_tree,0.3,0.9721861849802387,0.15494354217623751
java,decision_tree,0.32,0.9359293868806665,0.17340077559692954
java,decision_tree,0.34,0.8857873406523514,0.23687277943667354
java,decision_tree,0.36,0.8490116997699427,0.2578916092718579
java,decision_tree,0.38,0.8338841808324752,0.2697739901690114
java,decision_tree,0.4,0.8132567105309413,0.2868997658532838
java,decision_tree,0.42,0.80401264669824,0.29765791082600984
java,decision_tree,0.44,0.7919218521586489,0.3029232121500839
java,decision_tree,0.46,0.7919218521586489,0.3029232121500839
java,decision_tree,0.48,0.7740393585123639,0.3064870220258386
java,decision_tree,0.5,0.5612505005414054,0.3780083785815355
java,decision_tree,0.52,0.31965966325166684,0.3534722126087191
java,decision_tree,0.54,0.30964321834211384,0.3529998698529288
java,decision_tree,0.56,0.27077343212593796,0.35115736981415574
java,decision_tree,0.58,0.2703237696640166,0.3514109439480878
java,decision_tree,0.6,0.2703237696640166,0.3514109439480878
java,decision_tree,0.62,0.2703237696640166,0.3514109439480878
java,decision_tree,0.64,0.2703237696640166,0.3514109439480878
java,decision_tree,0.66,0.2703237696640166,0.3514109439480878
java,decision_tree,0.68,0.2703237696640166,0.3514109439480878
java,decision_tree,0.7,0.27017388217670946,0.35183621480605587
java,decision_tree,0.72,0.26987602883654777,0.35282758602018083
java,decision_tree,0.74,0.26987602883654777,0.3533347714191678
java,decision_tree,0.76,0.24459666942007402,0.36942499630340114
java,decision_tree,0.78,0.24086703084217712,0.37433080169420985
java,decision_tree,0.8,0.24086703084217712,0.37433080169420985
java,decision_tree,0.82,0.24071640336874145,0.3742243582796486
java,decision_tree,0.84,0.24071640336874145,0.3742243582796486
java,decision_tree,0.86,0.24056856529296197,0.3742433660322489
java,decision_tree,0.88,0.23816500431899895,0.38239293995959234
java,decision_tree,0.9,0.23488053824807847,0.39892225640467366
java,dst_dempster_fire_specificity_silence_sensitivity,0.1,0.9742562415906713,0.14195991156600118
java,dst_dempster_fire_specificity_silence_sensitivity,0.12,0.8903944990025042,0.1973281278710203
java,dst_dempster_fire_specificity_silence_sensitivity,0.14,0.8903944990025042,0.1973281278710203
java,dst_dempster_fire_specificity_silence_sensitivity,0.16,0.8903944990025042,0.1973281278710203
java,dst_dempster_fire_specificity_silence_sensitivity,0.18,0.8903944990025042,0.1973281278710203
java,dst_dempster_fire_specificity_silence_sensitivity,0.2,0.8903944990025042,0.1973281278710203
java,dst_dempster_fire_specificity_silence_sensitivity,0.22,0.8649981780762089,0.21112399126737286
java,dst_dempster_fire_specificity_silence_sensitivity,0.24,0.8600518909950735,0.21519371494456388
java,dst_dempster_fire_specificity_silence_sensitivity,0.26,0.8486725710389604,0.2220500868065632
java,dst_dempster_fire_specificity_silence_sensitivity,0.28,0.8384913391826283,0.22943144776761096
java,dst_dempster_fire_specificity_silence_sensitivity,0.3,0.8347787762683909,0.23415394844988865
java,dst_dempster_fire_specificity_silence_sensitivity,0.32,0.823286457924779,0.24111392326812162
java,dst_dempster_fire_specificity_silence_sensitivity,0.34,0.8086198050483931,0.257060140841184
java,dst_dempster_fire_specificity_silence_sensitivity,0.36,0.8086198050483931,0.257060140841184
java,dst_dempster_fire_specificity_silence_sensitivity,0.38,0.7988072873722187,0.26103490301368376
java,dst_dempster_fire_specificity_silence_sensitivity,0.4,0.7966744324362542,0.26231401615667255
java,dst_dempster_fire_specificity_silence_sensitivity,0.42,0.7966744324362542,0.26231401615667255
java,dst_dempster_fire_specificity_silence_sensitivity,0.44,0.7966744324362542,0.26231401615667255
java,dst_dempster_fire_specificity_silence_sensitivity,0.46,0.7436302453018641,0.27689967749599936
java,dst_dempster_fire_specificity_silence_sensitivity,0.48,0.61623480454453,0.32694852314532796
java,dst_dempster_fire_specificity_silence_sensitivity,0.5,0.3323943036279413,0.31369051008460164
java,dst_dempster_fire_specificity_silence_sensitivity,0.52,0.2854228579708924,0.3195079305839595
java,dst_dempster_fire_specificity_silence_sensitivity,0.54,0.2854228579708924,0.3195079305839595
java,dst_dempster_fire_specificity_silence_sensitivity,0.56,0.2854228579708924,0.3195079305839595
java,dst_dempster_fire_specificity_silence_sensitivity,0.58,0.2854228579708924,0.3195079305839595
java,dst_dempster_fire_specificity_silence_sensitivity,0.6,0.2854228579708924,0.3195079305839595
java,dst_dempster_fire_specificity_silence_sensitivity,0.62,0.2854228579708924,0.3195079305839595
java,dst_dempster_fire_specificity_silence_sensitivity,0.64,0.2854228579708924,0.3195079305839595
java,dst_dempster_fire_specificity_silence_sensitivity,0.66,0.2854228579708924,0.3195079305839595
java,dst_dempster_fire_specificity_silence_sensitivity,0.68,0.2854228579708924,0.3195079305839595
java,dst_dempster_fire_specificity_silence_sensitivity,0.7,0.2854228579708924,0.3195079305839595
java,dst_dempster_fire_specificity_silence_sensitivity,0.72,0.2854228579708924,0.3195079305839595
java,dst_dempster_fire_specificity_silence_sensitivity,0.74,0.2854228579708924,0.3195079305839595
java,dst_dempster_fire_specificity_silence_sensitivity,0.76,0.2854228579708924,0.3195079305839595
java,dst_dempster_fire_specificity_silence_sensitivity,0.78,0.2810917660981178,0.340592835865986
java,dst_dempster_fire_specificity_silence_sensitivity,0.8,0.27600166005861326,0.35415959760879434
java,dst_dempster_fire_specificity_silence_sensitivity,0.82,0.27600166005861326,0.35415959760879434
java,dst_dempster_fire_specificity_silence_sensitivity,0.84,0.27600166005861326,0.35415959760879434
java,dst_dempster_fire_specificity_silence_sensitivity,0.86,0.27600166005861326,0.35415959760879434
java,dst_dempster_fire_specificity_silence_sensitivity,0.88,0.2628487297362532,0.36383266170806294
java,dst_dempster_fire_specificity_silence_sensitivity,0.9,0.2469926620642426,0.3751556278838364
java,dst_pcr6_fire_specificity_silence_sensitivity,0.1,0.9742562415906713,0.14195991156600118
java,dst_pcr6_fire_specificity_silence_sensitivity,0.12,0.8903944990025042,0.1973281278710203
java,dst_pcr6_fire_specificity_silence_sensitivity,0.14,0.8903944990025042,0.1973281278710203
java,dst_pcr6_fire_specificity_silence_sensitivity,0.16,0.8903944990025042,0.1973281278710203
java,dst_pcr6_fire_specificity_silence_sensitivity,0.18,0.8903944990025042,0.1973281278710203
java,dst_pcr6_fire_specificity_silence_sensitivity,0.2,0.8903944990025042,0.1973281278710203
java,dst_pcr6_fire_specificity_silence_sensitivity,0.22,0.8649981780762089,0.21112399126737286
java,dst_pcr6_fire_specificity_silence_sensitivity,0.24,0.8600518909950735,0.21519371494456388
java,dst_pcr6_fire_specificity_silence_sensitivity,0.26,0.8486725710389604,0.2220500868065632
java,dst_pcr6_fire_specificity_silence_sensitivity,0.28,0.8384913391826283,0.22943144776761096
java,dst_pcr6_fire_specificity_silence_sensitivity,0.3,0.8347787762683909,0.23415394844988865
java,dst_pcr6_fire_specificity_silence_sensitivity,0.32,0.823286457924779,0.24111392326812162
java,dst_pcr6_fire_specificity_silence_sensitivity,0.34,0.8086198050483931,0.257060140841184
java,dst_pcr6_fire_specificity_silence_sensitivity,0.36,0.8086198050483931,0.257060140841184
java,dst_pcr6_fire_specificity_silence_sensitivity,0.38,0.7988072873722187,0.26103490301368376
java,dst_pcr6_fire_specificity_silence_sensitivity,0.4,0.7966744324362542,0.26231401615667255
java,dst_pcr6_fire_specificity_silence_sensitivity,0.42,0.7966744324362542,0.26231401615667255
java,dst_pcr6_fire_specificity_silence_sensitivity,0.44,0.7966744324362542,0.26231401615667255
java,dst_pcr6_fire_specificity_silence_sensitivity,0.46,0.7436302453018641,0.27689967749599936
java,dst_pcr6_fire_specificity_silence_sensitivity,0.48,0.61623480454453,0.32694852314532796
java,dst_pcr6_fire_specificity_silence_sensitivity,0.5,0.3323943036279413,0.31369051008460164
java,dst_pcr6_fire_specificity_silence_sensitivity,0.52,0.2854228579708924,0.3195079305839595
java,dst_pcr6_fire_specificity_silence_sensitivity,0.54,0.2854228579708924,0.3195079305839595
java,dst_pcr6_fire_specificity_silence_sensitivity,0.56,0.2854228579708924,0.3195079305839595
java,dst_pcr6_fire_specificity_silence_sensitivity,0.58,0.2854228579708924,0.32072833203501677
java,dst_pcr6_fire_specificity_silence_sensitivity,0.6,0.28527335879313787,0.3225829347188628
java,dst_pcr6_fire_specificity_silence_sensitivity,0.62,0.28527335879313787,0.3225829347188628
java,dst_pcr6_fire_specificity_silence_sensitivity,0.64,0.28527335879313787,0.3225829347188628
java,dst_pcr6_fire_specificity_silence_sensitivity,0.66,0.28527335879313787,0.3225829347188628
java,dst_pcr6_fire_specificity_silence_sensitivity,0.68,0.28527335879313787,0.3227008495632889
java,dst_pcr6_fire_specificity_silence_sensitivity,0.7,0.27525416416984066,0.35807924870220825
java,dst_pcr6_fire_specificity_silence_sensitivity,0.72,0.27510466499208613,0.35868673375113336
java,dst_pcr6_fire_specificity_silence_sensitivity,0.74,0.27435716910331354,0.36008580880828145
java,dst_pcr6_fire_specificity_silence_sensitivity,0.76,0.27435716910331354,0.36008580880828145
java,dst_pcr6_fire_specificity_silence_sensitivity,0.78,0.26120423878095345,0.36975887290755
java,dst_pcr6_fire_specificity_silence_sensitivity,0.8,0.24534817110894286,0.3810818390833235
java,dst_pcr6_fire_specificity_silence_sensitivity,0.82,0.24430167686466123,0.3809584778337058
java,dst_pcr6_fire_specificity_silence_sensitivity,0.84,0.2431068284579725,0.38166496845118214
java,dst_pcr6_fire_specificity_silence_sensitivity,0.86,0.24250727850874396,0.3832986845606039
java,dst_pcr6_fire_specificity_silence_sensitivity,0.88,0.24250727850874396,0.38372786183402147
java,dst_pcr6_fire_specificity_silence_sensitivity,0.9,0.22636136731125556,0.39345401378630146
java,dst_yager_fire_specificity_silence_sensitivity,0.1,0.9742562415906713,0.14195991156600118
java,dst_yager_fire_specificity_silence_sensitivity,0.12,0.8903944990025042,0.1973281278710203
java,dst_yager_fire_specificity_silence_sensitivity,0.14,0.8903944990025042,0.1973281278710203
java,dst_yager_fire_specificity_silence_sensitivity,0.16,0.8903944990025042,0.1973281278710203
java,dst_yager_fire_specificity_silence_sensitivity,0.18,0.8903944990025042,0.1973281278710203
java,dst_yager_fire_specificity_silence_sensitivity,0.2,0.8903944990025042,0.1973281278710203
java,dst_yager_fire_specificity_silence_sensitivity,0.22,0.8649981780762089,0.21112399126737286
java,dst_yager_fire_specificity_silence_sensitivity,0.24,0.8600518909950735,0.21519371494456388
java,dst_yager_fire_specificity_silence_sensitivity,0.26,0.8486725710389604,0.2220500868065632
java,dst_yager_fire_specificity_silence_sensitivity,0.28,0.8384913391826283,0.22943144776761096
java,dst_yager_fire_specificity_silence_sensitivity,0.3,0.8347787762683909,0.23415394844988865
java,dst_yager_fire_specificity_silence_sensitivity,0.32,0.823286457924779,0.24111392326812162
java,dst_yager_fire_specificity_silence_sensitivity,0.34,0.8086198050483931,0.257060140841184
java,dst_yager_fire_specificity_silence_sensitivity,0.36,0.8086198050483931,0.257060140841184
java,dst_yager_fire_specificity_silence_sensitivity,0.38,0.7988072873722187,0.26103490301368376
java,dst_yager_fire_specificity_silence_sensitivity,0.4,0.7966744324362542,0.26231401615667255
java,dst_yager_fire_specificity_silence_sensitivity,0.42,0.7966744324362542,0.26231401615667255
java,dst_yager_fire_specificity_silence_sensitivity,0.44,0.7966744324362542,0.26231401615667255
java,dst_yager_fire_specificity_silence_sensitivity,0.46,0.7436302453018641,0.27689967749599936
java,dst_yager_fire_specificity_silence_sensitivity,0.48,0.61623480454453,0.32694852314532796
java,dst_yager_fire_specificity_silence_sensitivity,0.5,0.3323943036279413,0.31369051008460164
java,dst_yager_fire_specificity_silence_sensitivity,0.52,0.2854228579708924,0.3195079305839595
java,dst_yager_fire_specificity_silence_sensitivity,0.54,0.2854228579708924,0.3195079305839595
java,dst_yager_fire_specificity_silence_sensitivity,0.56,0.28527335879313787,0.32072833203501677
java,dst_yager_fire_specificity_silence_sensitivity,0.58,0.28527335879313787,0.3225829347188628
java,dst_yager_fire_specificity_silence_sensitivity,0.6,0.28527335879313787,0.3225829347188628
java,dst_yager_fire_specificity_silence_sensitivity,0.62,0.28527335879313787,0.3227008495632889
java,dst_yager_fire_specificity_silence_sensitivity,0.64,0.2816866264627494,0.3378413412924946
java,dst_yager_fire_specificity_silence_sensitivity,0.66,0.2733106748590319,0.35996244755866375
java,dst_yager_fire_specificity_silence_sensitivity,0.68,0.27241367979250475,0.359762778296395
java,dst_yager_fire_specificity_silence_sensitivity,0.7,0.27241367979250475,0.359762778296395
java,dst_yager_fire_specificity_silence_sensitivity,0.72,0.2489439148411243,0.3767505480752823
java,dst_yager_fire_specificity_silence_sensitivity,0.74,0.24340468179813407,0.38075880857143707
java,dst_yager_fire_specificity_silence_sensitivity,0.76,0.2431068284579725,0.38166496845118214
java,dst_yager_fire_specificity_silence_sensitivity,0.78,0.24250727850874396,0.3832986845606039
java,dst_yager_fire_specificity_silence_sensitivity,0.8,0.22636136731125556,0.39319825494147154
java,dst_yager_fire_specificity_silence_sensitivity,0.82,0.22172689280086536,0.3950484857380988
java,dst_yager_fire_specificity_silence_sensitivity,0.84,0.22142842725165018,0.39537308910024577
java,dst_yager_fire_specificity_silence_sensitivity,0.86,0.22142842725165018,0.39569920250270046
java,dst_yager_fire_specificity_silence_sensitivity,0.88,0.2147263885717374,0.3952525690163731
java,dst_yager_fire_specificity_silence_sensitivity,0.9,0.20558325184600237,0.39893515079656966
java,gradient_boosting,0.1,0.9995518180664034,0.08225092850837927
java,gradient_boosting,0.12,0.9949173435560131,0.1183879246172339
java,gradient_boosting,0.14,0.9949173435560131,0.1183879246172339
java,gradient_boosting,0.16,0.9941698476672406,0.11844582098508803
java,gradient_boosting,0.18,0.9917777149854482,0.11919027878141318
java,gradient_boosting,0.2,0.9837047556631876,0.1326419302844488
java,gradient_boosting,0.22,0.9772762910197432,0.15430610108088127
java,gradient_boosting,0.24,0.9772762910197432,0.15430610108088127
java,gradient_boosting,0.26,0.9772762910197432,0.15430610108088127
java,gradient_boosting,0.28,0.9772762910197432,0.15430610108088127
java,gradient_boosting,0.3,0.9721861849802387,0.15483061454650832
java,gradient_boosting,0.32,0.9548806619787971,0.1637605762654581
java,gradient_boosting,0.34,0.8857873406523514,0.2367628487352319
java,gradient_boosting,0.36,0.8490116997699427,0.2577766913557194
java,gradient_boosting,0.38,0.8338841808324752,0.26965607532458524
java,gradient_boosting,0.4,0.8132567105309413,0.2867827004594527
java,gradient_boosting,0.42,0.80401264669824,0.2975408454321788
java,gradient_boosting,0.44,0.7919218521586489,0.3028061467562528
java,gradient_boosting,0.46,0.7919218521586489,0.3028066482202606
java,gradient_boosting,0.48,0.7740393585123639,0.3063704580960152
java,gradient_boosting,0.5,0.5625971891346182,0.3779908486748555
java,gradient_boosting,0.52,0.31965966325166684,0.353354297764293
java,gradient_boosting,0.54,0.30964321834211384,0.3528819550085027
java,gradient_boosting,0.56,0.2703237696640166,0.35129302910366167
java,gradient_boosting,0.58,0.2703237696640166,0.35129302910366167
java,gradient_boosting,0.6,0.2703237696640166,0.35129302910366167
java,gradient_boosting,0.62,0.2703237696640166,0.35129302910366167
java,gradient_boosting,0.64,0.2703237696640166,0.35129302910366167
java,gradient_boosting,0.66,0.27017314219058086,0.3513045005335266
java,gradient_boosting,0.68,0.27017314219058086,0.3513045005335266
java,gradient_boosting,0.7,0.2697254013631121,0.3527211426056196
java,gradient_boosting,0.72,0.2697254013631121,0.3527211426056196
java,gradient_boosting,0.74,0.26268907830850297,0.3575969526204921
java,gradient_boosting,0.76,0.24444604194663835,0.36931855288883997
java,gradient_boosting,0.78,0.24056856529296197,0.3742433660322489
java,gradient_boosting,0.8,0.24056856529296197,0.3742433660322489
java,gradient_boosting,0.82,0.24056856529296197,0.3742433660322489
java,gradient_boosting,0.84,0.24056856529296197,0.3742433660322489
java,gradient_boosting,0.86,0.23831522687987167,0.38239293995959234
java,gradient_boosting,0.88,0.23712306063678598,0.37494190094030694
java,gradient_boosting,0.9,0.19467746507697348,0.3385045841559029
java,logistic_interactions,0.1,0.9985044927080488,0.08828769173877142
java,logistic_interactions,0.12,0.9952155107974493,0.11547850208197238
java,logistic_interactions,0.14,0.9952155107974493,0.11547850208197238
java,logistic_interactions,0.16,0.9944680149086766,0.11553639844982651
java,logistic_interactions,0.18,0.9919292293302014,0.11610142849302804
java,logistic_interactions,0.2,0.9838554508343642,0.1297256860955603
java,logistic_interactions,0.22,0.9774269861909197,0.15138985689199275
java,logistic_interactions,0.24,0.9774269861909197,0.15139185429431054
java,logistic_interactions,0.26,0.9774269861909197,0.15139185429431054
java,logistic_interactions,0.28,0.9772762910197432,0.1523350179290137
java,logistic_interactions,0.3,0.9721861849802387,0.15360472554191784
java,logistic_interactions,0.32,0.9372767678911236,0.17169728734205764
java,logistic_interactions,0.34,0.8857873406523514,0.2355367648826856
java,logistic_interactions,0.36,0.8545994215798457,0.25301199797481305
java,logistic_interactions,0.38,0.8338841808324752,0.26965607532458524
java,logistic_interactions,0.4,0.8132567105309413,0.28678185100885767
java,logistic_interactions,0.42,0.80401264669824,0.29765791082600984
java,logistic_interactions,0.44,0.7919218521586489,0.3027651523646508
java,logistic_interactions,0.46,0.7919218521586489,0.3027651523646508
java,logistic_interactions,0.48,0.7919218521586489,0.3027651523646508
java,logistic_interactions,0.5,0.5736601282884528,0.3783890465245352
java,logistic_interactions,0.52,0.31965966325166684,0.35331415282328604
java,logistic_interactions,0.54,0.30964321834211384,0.35284181006749576
java,logistic_interactions,0.56,0.2703237696640166,0.35125288416265477
java,logistic_interactions,0.58,0.2703237696640166,0.35125288416265477
java,logistic_interactions,0.6,0.2703237696640166,0.35125288416265477
java,logistic_interactions,0.62,0.2703237696640166,0.35125288416265477
java,logistic_interactions,0.64,0.2703237696640166,0.35125288416265477
java,logistic_interactions,0.66,0.2703237696640166,0.35125288416265477
java,logistic_interactions,0.68,0.26987602883654777,0.3526695262347478
java,logistic_interactions,0.7,0.26987602883654777,0.3526695262347478
java,logistic_interactions,0.72,0.26987602883654777,0.35317671163373476
java,logistic_interactions,0.74,0.26987602883654777,0.35317671163373476
java,logistic_interactions,0.76,0.24444604194663835,0.36916049310340693
java,logistic_interactions,0.78,0.24056856529296197,0.37408530624681585
java,logistic_interactions,0.8,0.24041906611520747,0.37408530624681585
java,logistic_interactions,0.82,0.24041906611520747,0.37408530624681585
java,logistic_interactions,0.84,0.24041906611520747,0.37408530624681585
java,logistic_interactions,0.86,0.23756773099109904,0.38328772569069847
java,logistic_interactions,0.88,0.2351790813544785,0.37608512529290145
java,logistic_interactions,0.9,0.21138283710886427,0.34955725715653163
java,logistic_regression,0.1,0.9985044927080488,0.08828685905478072
java,logistic_regression,0.12,0.9952155107974493,0.11547850208197238
java,logistic_regression,0.14,0.9952155107974493,0.11547850208197238
java,logistic_regression,0.16,0.9944680149086766,0.11553639844982651
java,logistic_regression,0.18,0.9919292293302014,0.11610142849302804
java,logistic_regression,0.2,0.9838554508343642,0.1297256860955603
java,logistic_regression,0.22,0.9774269861909197,0.15138985689199275
java,logistic_regression,0.24,0.9774269861909197,0.15139151101631326
java,logistic_regression,0.26,0.9774269861909197,0.15139151101631326
java,logistic_regression,0.28,0.9772762910197432,0.15139174510523126
java,logistic_regression,0.3,0.9772762910197432,0.15139174510523126
java,logistic_regression,0.32,0.8952085385646306,0.1991915235773622
java,logistic_regression,0.34,0.8952085385646306,0.19919650769723898
java,logistic_regression,0.36,0.8640206194921247,0.21658645835884432
java,logistic_regression,0.38,0.8433053787447543,0.23144355870962777
java,logistic_regression,0.4,0.8199831464223062,0.2560024033976196
java,logistic_regression,0.42,0.80401264669824,0.29435156789534883
java,logistic_regression,0.44,0.7919218521586489,0.2997383435828264
java,logistic_regression,0.46,0.7919218521586489,0.2997383435828264
java,logistic_regression,0.48,0.7919218521586489,0.30036125682347026
java,logistic_regression,0.5,0.5732104658265315,0.3765568084742112
java,logistic_regression,0.52,0.31921000078974543,0.35148191477296215
java,logistic_regression,0.54,0.3091935558801924,0.35175706790594446
java,logistic_regression,0.56,0.27017388217670946,0.3503398387251394
java,logistic_regression,0.58,0.26987602883654777,0.3513312099392644
java,logistic_regression,0.6,0.26987602883654777,0.35144912478369045
java,logistic_regression,0.62,0.26987602883654777,0.35317671163373476
java,logistic_regression,0.64,0.26987602883654777,0.35317671163373476
java,logistic_regression,0.66,0.26987602883654777,0.35317671163373476
java,logistic_regression,0.68,0.26987602883654777,0.35317671163373476
java,logistic_regression,0.7,0.26987602883654777,0.35317671163373476
java,logistic_regression,0.72,0.26987602883654777,0.35317671163373476
java,logistic_regression,0.74,0.26987602883654777,0.35317671163373476
java,logistic_regression,0.76,0.2697254013631121,0.35307026821917353
java,logistic_regression,0.78,0.2695775632873326,0.3530892759717738
java,logistic_regression,0.8,0.2695775632873326,0.3530892759717738
java,logistic_regression,0.82,0.2625412402327235,0.35745790058765936
java,logistic_regression,0.84,0.24056856529296197,0.37408530624681585
java,logistic_regression,0.86,0.23831522687987167,0.382560993576614
java,logistic_regression,0.88,0.14278924379906352,0.23865480452617638
java,logistic_regression,0.9,0.13935480015301968,0.24041928232964493
java,naive_bayes,0.1,0.4415040932741103,0.33408780373435953
java,naive_bayes,0.12,0.4415040932741103,0.3341792118030437
java,naive_bayes,0.14,0.28019463003821704,0.31243148350509425
java,naive_bayes,0.16,0.28019463003821704,0.31243148350509425
java,naive_bayes,0.18,0.28019463003821704,0.31243148350509425
java,naive_bayes,0.2,0.28019463003821704,0.31243148350509425
java,naive_bayes,0.22,0.27959508008898853,0.3131103284969944
java,naive_bayes,0.24,0.26957703048103876,0.34707897594510356
java,naive_bayes,0.26,0.26957703048103876,0.3476436176749062
java,naive_bayes,0.28,0.2694264030076031,0.34787587334049286
java,naive_bayes,0.3,0.2694264030076031,0.34824759428309493
java,naive_bayes,0.32,0.2680609771841118,0.3434419285573937
java,naive_bayes,0.34,0.26489355808417947,0.35049991560331084
java,naive_bayes,0.36,0.24785038299047374,0.35180486844622644
java,naive_bayes,0.38,0.24562824584005466,0.34363761004958154
java,naive_bayes,0.4,0.24368616857309255,0.36794407891640313
java,naive_bayes,0.42,0.2424928005495199,0.34482652103750455
java,naive_bayes,0.44,0.2134838025551492,0.3658225513125466
java,naive_bayes,0.46,0.20591017421010513,0.36782613034334877
java,naive_bayes,0.48,0.1997687142028244,0.3711390932442889
java,naive_bayes,0.5,0.19570030946040642,0.3743554612685505
java,naive_bayes,0.52,0.19525181192714286,0.3751565396146805
java,naive_bayes,0.54,0.1940558185051067,0.36189797592687367
java,naive_bayes,0.56,0.19300932426082504,0.3509712471349931
java,naive_bayes,0.58,0.18939426489836853,0.353859348382963
java,naive_bayes,0.6,0.18568668529005636,0.34760732562623103
java,naive_bayes,0.62,0.17729893519626677,0.3387769075268639
java,naive_bayes,0.64,0.17044688954918452,0.33606932122811234
java,naive_bayes,0.66,0.1610126452111133,0.33843054040846726
java,naive_bayes,0.68,0.15682666823398667,0.34075608317353756
java,naive_bayes,0.7,0.15682666823398667,0.34075608317353756
java,naive_bayes,0.72,0.15682666823398667,0.34075608317353756
java,naive_bayes,0.74,0.15682666823398667,0.34075608317353756
java,naive_bayes,0.76,0.15667716905623214,0.34075608317353756
java,naive_bayes,0.78,0.15667716905623214,0.3409221933710426
java,naive_bayes,0.8,0.1358671043350176,0.29314580861640627
java,naive_bayes,0.82,0.06368956820141852,0.18400783378951957
java,naive_bayes,0.84,0.06368956820141852,0.18400783378951957
java,naive_bayes,0.86,0.06368956820141852,0.18400783378951957
java,naive_bayes,0.88,0.056194858762496386,0.14769932536929134
java,naive_bayes,0.9,0.05277242780231688,0.1395634496232493
java,random_forest,0.1,0.9983570206377892,0.08950680583016851
java,random_forest,0.12,0.9950680387271897,0.11838475751945779
java,random_forest,0.14,0.9950680387271897,0.11838648224803722
java,random_forest,0.16,0.9943205428384171,0.11844508655733378
java,random_forest,0.18,0.9929742310650497,0.11881816119645307
java,random_forest,0.2,0.9860972688883416,0.13172198193145676
java,random_forest,0.22,0.9777251690963683,0.15405141546596965
java,random_forest,0.24,0.9774269861909197,0.15430757976082338
java,random_forest,0.26,0.9774269861909197,0.15430757976082338
java,random_forest,0.28,0.9774269861909197,0.15430757976082338
java,random_forest,0.3,0.9723368801514153,0.15482979148495493
java,random_forest,0.32,0.9190132559193868,0.18945573417612754
java,random_forest,0.34,0.8859380358235279,0.23675902874539095
java,random_forest,0.36,0.8491623949411193,0.2577778585805753
java,random_forest,0.38,0.8340348760036517,0.26966023947772877
java,random_forest,0.4,0.8083809111256158,0.2922429819045179
java,random_forest,0.42,0.80401264669824,0.29765791082600984
java,random_forest,0.44,0.80401264669824,0.29765791082600984
java,random_forest,0.46,0.7919218521586489,0.3029232121500839
java,random_forest,0.48,0.7740393585123639,0.3064870220258386
java,random_forest,0.5,0.5885789502349321,0.3789779658609186
java,random_forest,0.52,0.31965966325166684,0.3534722126087191
java,random_forest,0.54,0.30964321834211384,0.3529998698529288
java,random_forest,0.56,0.27077343212593796,0.35115736981415574
java,random_forest,0.58,0.2703237696640166,0.3514109439480878
java,random_forest,0.6,0.2703237696640166,0.3514109439480878
java,random_forest,0.62,0.2703237696640166,0.3514109439480878
java,random_forest,0.64,0.2703237696640166,0.3514109439480878
java,random_forest,0.66,0.2703237696640166,0.3514109439480878
java,random_forest,0.68,0.2703237696640166,0.3514109439480878
java,random_forest,0.7,0.2700259163238549,0.35231710382783293
java,random_forest,0.72,0.26987602883654777,0.35282758602018083
java,random_forest,0.74,0.2631393336076698,0.35574367170797777
java,random_forest,0.76,0.24429933216654004,0.3696101142535064
java,random_forest,0.78,0.24041906611520747,0.37440947622975396
java,random_forest,0.8,0.23874325152266393,0.3719719277315088
java,random_forest,0.82,0.23816156381285541,0.371118785757123
java,random_forest,0.84,0.23709513634487317,0.3698014341790272
java,random_forest,0.86,0.23651344863506465,0.3689482922046414
java,random_forest,0.88,0.2333631151554472,0.37656224647932657
java,random_forest,0.9,0.22948065237350862,0.3945225562149356
java,weighted_fire_specificity_silence_sensitivity,0.1,0.2854228579708924,0.3195079305839595
java,weighted_fire_specificity_silence_sensitivity,0.12,0.2854228579708924,0.3195079305839595
java,weighted_fire_specificity_silence_sensitivity,0.14,0.2854228579708924,0.3195079305839595
java,weighted_fire_specificity_silence_sensitivity,0.16,0.2854228579708924,0.3195079305839595
java,weighted_fire_specificity_silence_sensitivity,0.18,0.2854228579708924,0.3195079305839595
java,weighted_fire_specificity_silence_sensitivity,0.2,0.2854228579708924,0.3195079305839595
java,weighted_fire_specificity_silence_sensitivity,0.22,0.2854228579708924,0.3195079305839595
java,weighted_fire_specificity_silence_sensitivity,0.24,0.2854228579708924,0.3195079305839595
java,weighted_fire_specificity_silence_sensitivity,0.26,0.2854228579708924,0.3195079305839595
java,weighted_fire_specificity_silence_sensitivity,0.28,0.2854228579708924,0.3195079305839595
java,weighted_fire_specificity_silence_sensitivity,0.3,0.2854228579708924,0.3195079305839595
java,weighted_fire_specificity_silence_sensitivity,0.32,0.2854228579708924,0.3195079305839595
java,weighted_fire_specificity_silence_sensitivity,0.34,0.2854228579708924,0.3195079305839595
java,weighted_fire_specificity_silence_sensitivity,0.36,0.2854228579708924,0.3195079305839595
java,weighted_fire_specificity_silence_sensitivity,0.38,0.2854228579708924,0.3195079305839595
java,weighted_fire_specificity_silence_sensitivity,0.4,0.2854228579708924,0.3195079305839595
java,weighted_fire_specificity_silence_sensitivity,0.42,0.2854228579708924,0.3195079305839595
java,weighted_fire_specificity_silence_sensitivity,0.44,0.2854228579708924,0.3195079305839595
java,weighted_fire_specificity_silence_sensitivity,0.46,0.2854228579708924,0.3195079305839595
java,weighted_fire_specificity_silence_sensitivity,0.48,0.2854228579708924,0.3195079305839595
java,weighted_fire_specificity_silence_sensitivity,0.5,0.2854228579708924,0.3196258454283856
java,weighted_fire_specificity_silence_sensitivity,0.52,0.2854228579708924,0.3196258454283856
java,weighted_fire_specificity_silence_sensitivity,0.54,0.28527335879313787,0.3227008495632889
java,weighted_fire_specificity_silence_sensitivity,0.56,0.28527335879313787,0.3227008495632889
java,weighted_fire_specificity_silence_sensitivity,0.58,0.28377836701559267,0.32543414178344654
java,weighted_fire_specificity_silence_sensitivity,0.6,0.2770519311242277,0.35276940246361976
java,weighted_fire_specificity_silence_sensitivity,0.62,0.27435716910331354,0.36008580880828145
java,weighted_fire_specificity_silence_sensitivity,0.64,0.27435716910331354,0.36008580880828145
java,weighted_fire_specificity_silence_sensitivity,0.66,0.25088740415193306,0.3770735785871687
java,weighted_fire_specificity_silence_sensitivity,0.68,0.24505031776878128,0.38249518436205554
java,weighted_fire_specificity_silence_sensitivity,0.7,0.24086278755344423,0.3861808159254459
java,weighted_fire_specificity_silence_sensitivity,0.72,0.22367038211167414,0.39444250295989297
java,weighted_fire_specificity_silence_sensitivity,0.74,0.22247604979161303,0.3956060957075983
java,weighted_fire_specificity_silence_sensitivity,0.76,0.22142842725165018,0.39537308910024577
java,weighted_fire_specificity_silence_sensitivity,0.78,0.22142842725165018,0.39569920250270046
java,weighted_fire_specificity_silence_sensitivity,0.8,0.22128300532419806,0.395552568725853
java,weighted_fire_specificity_silence_sensitivity,0.82,0.21768570562882691,0.39525911431650834
java,weighted_fire_specificity_silence_sensitivity,0.84,0.20888077656675927,0.39749837216823986
java,weighted_fire_specificity_silence_sensitivity,0.86,0.20558325184600237,0.39893515079656966
java,weighted_fire_specificity_silence_sensitivity,0.88,0.20558325184600237,0.39893515079656966
java,weighted_fire_specificity_silence_sensitivity,0.9,0.20558325184600237,0.39893515079656966
java,xgboost,0.1,0.9998499853078394,0.08224772252702814
java,xgboost,0.12,0.9952155107974493,0.11547850208197238
java,xgboost,0.14,0.9952155107974493,0.11547850208197238
java,xgboost,0.16,0.9944680149086766,0.11553639844982651
java,xgboost,0.18,0.9919292293302014,0.11610142849302804
java,xgboost,0.2,0.9838554508343642,0.1297256860955603
java,xgboost,0.22,0.9774269861909197,0.1513900230970539
java,xgboost,0.24,0.9774269861909197,0.1513927085702553
java,xgboost,0.26,0.9774269861909197,0.1513927085702553
java,xgboost,0.28,0.9774269861909197,0.1515588187677603
java,xgboost,0.3,0.9774269861909197,0.15187690212468483
java,xgboost,0.32,0.9774269861909197,0.1518792038661803
java,xgboost,0.34,0.8953592337358071,0.20210217303535333
java,xgboost,0.36,0.8824035742560034,0.2085893972889918
java,xgboost,0.38,0.8407613118950167,0.2415267435121968
java,xgboost,0.4,0.8318141685205732,0.2663058741588173
java,xgboost,0.42,0.8041633418694165,0.296490697265943
java,xgboost,0.44,0.7942054022657901,0.3003188256615952
java,xgboost,0.46,0.7920725473298255,0.30159793880458396
java,xgboost,0.48,0.7920725473298255,0.3015989366103732
java,xgboost,0.5,0.5451655850084408,0.3761839355846762
java,xgboost,0.52,0.31965966325166684,0.35214882747645776
java,xgboost,0.54,0.31965966325166684,0.35214882747645776
java,xgboost,0.56,0.27077343212593796,0.3498339846818943
java,xgboost,0.58,0.27077343212593796,0.3498339846818943
java,xgboost,0.6,0.27077343212593796,0.3498339846818943
java,xgboost,0.62,0.27077343212593796,0.3498339846818943
java,xgboost,0.64,0.2703237696640166,0.3500875588158264
java,xgboost,0.66,0.2703237696640166,0.35014501514664204
java,xgboost,0.68,0.2703237696640166,0.35014501514664204
java,xgboost,0.7,0.2703237696640166,0.35048371422679
java,xgboost,0.72,0.25116101751529374,0.3616412205702423
java,xgboost,0.74,0.24101499669503162,0.3727872184947501
java,xgboost,0.76,0.24086703084217712,0.37354764166536375
java,xgboost,0.78,0.24086703084217712,0.3740548270643507
java,xgboost,0.8,0.24026903413115902,0.3747815591784352
java,xgboost,0.82,0.2393720390646319,0.3767658786497896
java,xgboost,0.84,0.2393720390646319,0.3767658786497896
java,xgboost,0.86,0.2369680731781059,0.3849491646417167
java,xgboost,0.88,0.19926847322070326,0.35159286845389237
java,xgboost,0.9,0.12380526923569667,0.24290565218836593
java,traditional_2_of_3,,0.15667716905623214,0.3409221933710426
python,bks,0.1,0.4704095415296574,0.2397016877682866
python,bks,0.12,0.23756669071240114,0.3059849687520561
python,bks,0.14,0.2320182179647181,0.3135267128896807
python,bks,0.16,0.23037273842037806,0.31441535722660513
python,bks,0.18,0.22458728516071355,0.30956821871789914
python,bks,0.2,0.20049832202627024,0.32393446470934056
python,bks,0.22,0.19648432052796946,0.3188753481561802
python,bks,0.24,0.19435765580956307,0.3157834314393706
python,bks,0.26,0.17475617265887575,0.35100722468750256
python,bks,0.28,0.15917842784608904,0.37278057335613973
python,bks,0.3,0.13673840860501255,0.4017538647047453
python,bks,0.32,0.13626609782451898,0.40193507880683754
python,bks,0.34,0.13614809858633586,0.4013632965134824
python,bks,0.36,0.12789443673150652,0.39135614519150236
python,bks,0.38,0.11726371630060568,0.3746368825655189
python,bks,0.4,0.10166151569295276,0.37174723238103974
python,bks,0.42,0.09115165532671578,0.35400220146714345
python,bks,0.44,0.07226710235925943,0.3696154158018658
python,bks,0.46,0.06223764573753783,0.37533638088711035
python,bks,0.48,0.05975607549076238,0.37600936842638816
python,bks,0.5,0.059048031026076045,0.3801331910358643
python,bks,0.52,0.05739545983572698,0.34185978681842893
python,bks,0.54,0.05644955525115866,0.32646641022021705
python,bks,0.56,0.05290274126823038,0.3147060319490347
python,bks,0.58,0.04972061209677145,0.3151346841231144
python,bks,0.6,0.045321469569780684,0.2914457159378122
python,bks,0.62,0.04045173226789964,0.25185806804694083
python,bks,0.64,0.036223816140223235,0.23053162442605254
python,bks,0.66,0.031054847053600985,0.1685494261645519
python,bks,0.68,0.030700522151820387,0.16534311094748028
python,bks,0.7,0.02503616643432971,0.13308508516651635
python,bks,0.72,0.014533506874815739,0.07427698110070775
python,bks,0.74,0.0028338646829613886,0.021209003143115794
python,bks,0.76,0.0028338646829613886,0.021209003143115794
python,bks,0.78,0.0028338646829613886,0.021209003143115794
python,bks,0.8,0.0016530877317274765,0.011526632142997711
python,bks,0.82,0.0002361553902467824,0.003227457000039359
python,bks,0.84,0.0002361553902467824,0.003227457000039359
python,bks,0.86,0.0,0.0
python,bks,0.88,0.0,0.0
python,bks,0.9,0.0,0.0
python,decision_tree,0.1,0.9997638446097532,0.08658612873466923
python,decision_tree,0.12,0.9997638446097532,0.08658612873466923
python,decision_tree,0.14,0.9997638446097532,0.08658612873466923
python,decision_tree,0.16,0.9997638446097532,0.08658612873466923
python,decision_tree,0.18,0.9997638446097532,0.08658612873466923
python,decision_tree,0.2,0.9997638446097532,0.08658612873466923
python,decision_tree,0.22,0.9948100156721305,0.09290391961114801
python,decision_tree,0.24,0.9945738602818837,0.0928980452333939
python,decision_tree,0.26,0.9916219179037988,0.09493728192094206
python,decision_tree,0.28,0.9884338201354673,0.09941657210293459
python,decision_tree,0.3,0.9884338201354673,0.09941657210293459
python,decision_tree,0.32,0.9884338201354673,0.09941657210293459
python,decision_tree,0.34,0.9881964536919372,0.099411174659739
python,decision_tree,0.36,0.9881964536919372,0.099411174659739
python,decision_tree,0.38,0.9880783759968138,0.09941064415799115
python,decision_tree,0.4,0.87177161992175,0.1455340336571319
python,decision_tree,0.42,0.8625615597021254,0.14921392266021144
python,decision_tree,0.44,0.7749500778119828,0.18709128463570276
python,decision_tree,0.46,0.6283306545562459,0.2096457280921362
python,decision_tree,0.48,0.5097330179030277,0.23500987092256884
python,decision_tree,0.5,0.31147742118334654,0.2604289063696447
python,decision_tree,0.52,0.2424019695361627,0.2580389992427745
python,decision_tree,0.54,0.2424019695361627,0.2588062644240439
python,decision_tree,0.56,0.2424019695361627,0.2588062644240439
python,decision_tree,0.58,0.24074638032896736,0.26154441621858465
python,decision_tree,0.6,0.24074638032896736,0.2616848473904117
python,decision_tree,0.62,0.24027680758198391,0.261927312475675
python,decision_tree,0.64,0.20721965817368648,0.2727877211492274
python,decision_tree,0.66,0.18832455367689666,0.2899334629302487
python,decision_tree,0.68,0.17143734904314362,0.3472637858165501
python,decision_tree,0.7,0.1623510644539304,0.3619719704239211
python,decision_tree,0.72,0.1565627128898877,0.3706081945102252
python,decision_tree,0.74,0.15609088161272458,0.3703995367179145
python,decision_tree,0.76,0.15609088161272458,0.3718812431092915
python,decision_tree,0.78,0.15585029830891067,0.37443504542929995
python,decision_tree,0.8,0.15042692577002675,0.3733178713320924
python,decision_tree,0.82,0.14606278343710075,0.3729542193224061
python,decision_tree,0.84,0.14192801221996953,0.3720966142577662
python,decision_tree,0.86,0.09847112086980851,0.2839410692031529
python,decision_tree,0.88,0.0638722118581688,0.260557216548805
python,decision_tree,0.9,0.042742893569056986,0.23472899556784715
python,dst_dempster_fire_specificity_silence_sensitivity,0.1,0.9868751945598384,0.09234609143224046
python,dst_dempster_fire_specificity_silence_sensitivity,0.12,0.9868751945598384,0.09234609143224046
python,dst_dempster_fire_specificity_silence_sensitivity,0.14,0.9868751945598384,0.09234609143224046
python,dst_dempster_fire_specificity_silence_sensitivity,0.16,0.9839232521817537,0.09438532811978861
python,dst_dempster_fire_specificity_silence_sensitivity,0.18,0.8742283584000676,0.1388542638251648
python,dst_dempster_fire_specificity_silence_sensitivity,0.2,0.8742283584000676,0.1388542638251648
python,dst_dempster_fire_specificity_silence_sensitivity,0.22,0.8742283584000676,0.1388542638251648
python,dst_dempster_fire_specificity_silence_sensitivity,0.24,0.8586421026437799,0.14440716016733102
python,dst_dempster_fire_specificity_silence_sensitivity,0.26,0.8586421026437799,0.14440716016733102
python,dst_dempster_fire_specificity_silence_sensitivity,0.28,0.8586421026437799,0.14440716016733102
python,dst_dempster_fire_specificity_silence_sensitivity,0.3,0.8586421026437799,0.14440716016733102
python,dst_dempster_fire_specificity_silence_sensitivity,0.32,0.8586421026437799,0.14440716016733102
python,dst_dempster_fire_specificity_silence_sensitivity,0.34,0.6685201643230977,0.19322740940811264
python,dst_dempster_fire_specificity_silence_sensitivity,0.36,0.6529497321767148,0.20179664337405506
python,dst_dempster_fire_specificity_silence_sensitivity,0.38,0.6529497321767148,0.20179664337405506
python,dst_dempster_fire_specificity_silence_sensitivity,0.4,0.6144909568288517,0.20436946028403247
python,dst_dempster_fire_specificity_silence_sensitivity,0.42,0.47198490215247235,0.23081049361941972
python,dst_dempster_fire_specificity_silence_sensitivity,0.44,0.43189529685133243,0.24154447349852307
python,dst_dempster_fire_specificity_silence_sensitivity,0.46,0.40888968498992967,0.24172608785470504
python,dst_dempster_fire_specificity_silence_sensitivity,0.48,0.39481631354357255,0.24284413054427742
python,dst_dempster_fire_specificity_silence_sensitivity,0.5,0.2860896480583869,0.25498531881231234
python,dst_dempster_fire_specificity_silence_sensitivity,0.52,0.25680637966778586,0.2543059848093817
python,dst_dempster_fire_specificity_silence_sensitivity,0.54,0.25680637966778586,0.2543059848093817
python,dst_dempster_fire_specificity_silence_sensitivity,0.56,0.25680637966778586,0.2543059848093817
python,dst_dempster_fire_specificity_silence_sensitivity,0.58,0.25680637966778586,0.2543059848093817
python,dst_dempster_fire_specificity_silence_sensitivity,0.6,0.25680637966778586,0.2543059848093817
python,dst_dempster_fire_specificity_silence_sensitivity,0.62,0.25680637966778586,0.2543059848093817
python,dst_dempster_fire_specificity_silence_sensitivity,0.64,0.25680637966778586,0.2543059848093817
python,dst_dempster_fire_specificity_silence_sensitivity,0.66,0.25680637966778586,0.2543059848093817
python,dst_dempster_fire_specificity_silence_sensitivity,0.68,0.25680637966778586,0.2543059848093817
python,dst_dempster_fire_specificity_silence_sensitivity,0.7,0.25680637966778586,0.2543059848093817
python,dst_dempster_fire_specificity_silence_sensitivity,0.72,0.25680637966778586,0.2543059848093817
python,dst_dempster_fire_specificity_silence_sensitivity,0.74,0.25680637966778586,0.2543059848093817
python,dst_dempster_fire_specificity_silence_sensitivity,0.76,0.25680637966778586,0.2543059848093817
python,dst_dempster_fire_specificity_silence_sensitivity,0.78,0.25680637966778586,0.2543059848093817
python,dst_dempster_fire_specificity_silence_sensitivity,0.8,0.25680637966778586,0.2543059848093817
python,dst_dempster_fire_specificity_silence_sensitivity,0.82,0.25680637966778586,0.2543059848093817
python,dst_dempster_fire_specificity_silence_sensitivity,0.84,0.25680637966778586,0.2543059848093817
python,dst_dempster_fire_specificity_silence_sensitivity,0.86,0.2470117645729582,0.25697709593933404
python,dst_dempster_fire_specificity_silence_sensitivity,0.88,0.2333101754456946,0.2615287022609348
python,dst_dempster_fire_specificity_silence_sensitivity,0.9,0.2327160075893057,0.26300046197431104
python,dst_pcr6_fire_specificity_silence_sensitivity,0.1,0.9868751945598384,0.09234609143224046
python,dst_pcr6_fire_specificity_silence_sensitivity,0.12,0.9868751945598384,0.09234609143224046
python,dst_pcr6_fire_specificity_silence_sensitivity,0.14,0.9868751945598384,0.09234609143224046
python,dst_pcr6_fire_specificity_silence_sensitivity,0.16,0.9839232521817537,0.09438532811978861
python,dst_pcr6_fire_specificity_silence_sensitivity,0.18,0.8742283584000676,0.1388542638251648
python,dst_pcr6_fire_specificity_silence_sensitivity,0.2,0.8742283584000676,0.1388542638251648
python,dst_pcr6_fire_specificity_silence_sensitivity,0.22,0.8742283584000676,0.1388542638251648
python,dst_pcr6_fire_specificity_silence_sensitivity,0.24,0.8586421026437799,0.14440716016733102
python,dst_pcr6_fire_specificity_silence_sensitivity,0.26,0.8586421026437799,0.14440716016733102
python,dst_pcr6_fire_specificity_silence_sensitivity,0.28,0.8586421026437799,0.14440716016733102
python,dst_pcr6_fire_specificity_silence_sensitivity,0.3,0.8586421026437799,0.14440716016733102
python,dst_pcr6_fire_specificity_silence_sensitivity,0.32,0.8586421026437799,0.14440716016733102
python,dst_pcr6_fire_specificity_silence_sensitivity,0.34,0.6685201643230977,0.19322740940811264
python,dst_pcr6_fire_specificity_silence_sensitivity,0.36,0.6529497321767148,0.20179664337405506
python,dst_pcr6_fire_specificity_silence_sensitivity,0.38,0.6529497321767148,0.20179664337405506
python,dst_pcr6_fire_specificity_silence_sensitivity,0.4,0.6144909568288517,0.20436946028403247
python,dst_pcr6_fire_specificity_silence_sensitivity,0.42,0.47198490215247235,0.23081049361941972
python,dst_pcr6_fire_specificity_silence_sensitivity,0.44,0.43189529685133243,0.24154447349852307
python,dst_pcr6_fire_specificity_silence_sensitivity,0.46,0.40888968498992967,0.24172608785470504
python,dst_pcr6_fire_specificity_silence_sensitivity,0.48,0.39481631354357255,0.24284413054427742
python,dst_pcr6_fire_specificity_silence_sensitivity,0.5,0.2860896480583869,0.25498531881231234
python,dst_pcr6_fire_specificity_silence_sensitivity,0.52,0.25680637966778586,0.2543059848093817
python,dst_pcr6_fire_specificity_silence_sensitivity,0.54,0.25680637966778586,0.2543059848093817
python,dst_pcr6_fire_specificity_silence_sensitivity,0.56,0.25680637966778586,0.2543059848093817
python,dst_pcr6_fire_specificity_silence_sensitivity,0.58,0.25633250346330394,0.25520908327370134
python,dst_pcr6_fire_specificity_silence_sensitivity,0.6,0.2560955653610629,0.2561439447917972
python,dst_pcr6_fire_specificity_silence_sensitivity,0.62,0.2560955653610629,0.2561439447917972
python,dst_pcr6_fire_specificity_silence_sensitivity,0.64,0.2560955653610629,0.2561439447917972
python,dst_pcr6_fire_specificity_silence_sensitivity,0.66,0.2560955653610629,0.2561439447917972
python,dst_pcr6_fire_specificity_silence_sensitivity,0.68,0.2560955653610629,0.2562090206034846
python,dst_pcr6_fire_specificity_silence_sensitivity,0.7,0.2560955653610629,0.25667989851728173
python,dst_pcr6_fire_specificity_silence_sensitivity,0.72,0.2560955653610629,0.25667989851728173
python,dst_pcr6_fire_specificity_silence_sensitivity,0.74,0.2560955653610629,0.25667989851728173
python,dst_pcr6_fire_specificity_silence_sensitivity,0.76,0.2551623937583908,0.25653664603385834
python,dst_pcr6_fire_specificity_silence_sensitivity,0.78,0.253740765144945,0.25629627868402977
python,dst_pcr6_fire_specificity_silence_sensitivity,0.8,0.25055315601014566,0.26063764067270645
python,dst_pcr6_fire_specificity_silence_sensitivity,0.82,0.25055315601014566,0.2607400543153511
python,dst_pcr6_fire_specificity_silence_sensitivity,0.84,0.21890779556979895,0.27343378161541587
python,dst_pcr6_fire_specificity_silence_sensitivity,0.86,0.21890779556979895,0.273484814437437
python,dst_pcr6_fire_specificity_silence_sensitivity,0.88,0.21843613332210055,0.27347344517356387
python,dst_pcr6_fire_specificity_silence_sensitivity,0.9,0.21831805562697718,0.2734535515393003
python,dst_yager_fire_specificity_silence_sensitivity,0.1,0.9868751945598384,0.09234609143224046
python,dst_yager_fire_specificity_silence_sensitivity,0.12,0.9868751945598384,0.09234609143224046
python,dst_yager_fire_specificity_silence_sensitivity,0.14,0.9868751945598384,0.09234609143224046
python,dst_yager_fire_specificity_silence_sensitivity,0.16,0.9839232521817537,0.09438532811978861
python,dst_yager_fire_specificity_silence_sensitivity,0.18,0.8742283584000676,0.1388542638251648
python,dst_yager_fire_specificity_silence_sensitivity,0.2,0.8742283584000676,0.1388542638251648
python,dst_yager_fire_specificity_silence_sensitivity,0.22,0.8742283584000676,0.1388542638251648
python,dst_yager_fire_specificity_silence_sensitivity,0.24,0.8586421026437799,0.14440716016733102
python,dst_yager_fire_specificity_silence_sensitivity,0.26,0.8586421026437799,0.14440716016733102
python,dst_yager_fire_specificity_silence_sensitivity,0.28,0.8586421026437799,0.14440716016733102
python,dst_yager_fire_specificity_silence_sensitivity,0.3,0.8586421026437799,0.14440716016733102
python,dst_yager_fire_specificity_silence_sensitivity,0.32,0.8586421026437799,0.14440716016733102
python,dst_yager_fire_specificity_silence_sensitivity,0.34,0.6685201643230977,0.19322740940811264
python,dst_yager_fire_specificity_silence_sensitivity,0.36,0.6529497321767148,0.20179664337405506
python,dst_yager_fire_specificity_silence_sensitivity,0.38,0.6529497321767148,0.20179664337405506
python,dst_yager_fire_specificity_silence_sensitivity,0.4,0.6144909568288517,0.20436946028403247
python,dst_yager_fire_specificity_silence_sensitivity,0.42,0.47198490215247235,0.23081049361941972
python,dst_yager_fire_specificity_silence_sensitivity,0.44,0.43189529685133243,0.24154447349852307
python,dst_yager_fire_specificity_silence_sensitivity,0.46,0.40888968498992967,0.24172608785470504
python,dst_yager_fire_specificity_silence_sensitivity,0.48,0.39481631354357255,0.24284413054427742
python,dst_yager_fire_specificity_silence_sensitivity,0.5,0.2860896480583869,0.25498531881231234
python,dst_yager_fire_specificity_silence_sensitivity,0.52,0.25680637966778586,0.2543059848093817
python,dst_yager_fire_specificity_silence_sensitivity,0.54,0.25680637966778586,0.2543059848093817
python,dst_yager_fire_specificity_silence_sensitivity,0.56,0.2562158570129699,0.2557072557697484
python,dst_yager_fire_specificity_silence_sensitivity,0.58,0.2560955653610629,0.2561439447917972
python,dst_yager_fire_specificity_silence_sensitivity,0.6,0.2560955653610629,0.2561439447917972
python,dst_yager_fire_specificity_silence_sensitivity,0.62,0.2560955653610629,0.256371512428766
python,dst_yager_fire_specificity_silence_sensitivity,0.64,0.2560955653610629,0.25667989851728173
python,dst_yager_fire_specificity_silence_sensitivity,0.66,0.2560955653610629,0.25676976986898226
python,dst_yager_fire_specificity_silence_sensitivity,0.68,0.25138061676720264,0.2608142560158701
python,dst_yager_fire_specificity_silence_sensitivity,0.7,0.25055315601014566,0.26079108713737226
python,dst_yager_fire_specificity_silence_sensitivity,0.72,0.23768642528154205,0.2626220488346112
python,dst_yager_fire_specificity_silence_sensitivity,0.74,0.21855421101722394,0.2735341768913066
python,dst_yager_fire_specificity_silence_sensitivity,0.76,0.21855421101722394,0.2735341768913066
python,dst_yager_fire_specificity_silence_sensitivity,0.78,0.21843613332210055,0.27351627446090343
python,dst_yager_fire_specificity_silence_sensitivity,0.8,0.21583708191315337,0.2758944671023019
python,dst_yager_fire_specificity_silence_sensitivity,0.82,0.21501103003768596,0.28292959882257146
python,dst_yager_fire_specificity_silence_sensitivity,0.84,0.2134747215823107,0.28411912816484586
python,dst_yager_fire_specificity_silence_sensitivity,0.86,0.17132358072935502,0.3193530924214592
python,dst_yager_fire_specificity_silence_sensitivity,0.88,0.16211607255071186,0.32943369671619627
python,dst_yager_fire_specificity_silence_sensitivity,0.9,0.16093529559947795,0.3317992773384143
python,gradient_boosting,0.1,1.0,0.08659528250810451
python,gradient_boosting,0.12,0.9997638446097532,0.08658635325305511
python,gradient_boosting,0.14,0.9997638446097532,0.08658635325305511
python,gradient_boosting,0.16,0.9997638446097532,0.08658638074620702
python,gradient_boosting,0.18,0.9997638446097532,0.08658662205995915
python,gradient_boosting,0.2,0.9997638446097532,0.08659583032924013
python,gradient_boosting,0.22,0.9948100156721305,0.09293904012661162
python,gradient_boosting,0.24,0.9948100156721305,0.09294883006619045
python,gradient_boosting,0.26,0.9916219179037988,0.0949821923759845
python,gradient_boosting,0.28,0.9884338201354673,0.09948292785094313
python,gradient_boosting,0.3,0.9881979044968856,0.09946923113398769
python,gradient_boosting,0.32,0.9879605380533555,0.09946841827052139
python,gradient_boosting,0.34,0.9878424603582321,0.09946788776877351
python,gradient_boosting,0.36,0.9878424603582321,0.0994802875805107
python,gradient_boosting,0.38,0.9867803936612027,0.09945847637965331
python,gradient_boosting,0.4,0.8646873418915605,0.1458532400494694
python,gradient_boosting,0.42,0.863980123935153,0.14638342800763593
python,gradient_boosting,0.44,0.7751862332022296,0.18659086897569205
python,gradient_boosting,0.46,0.6321094598584183,0.21008238008536992
python,gradient_boosting,0.48,0.5120940449339632,0.23573704049051233
python,gradient_boosting,0.5,0.27074073649531344,0.25738343834464084
python,gradient_boosting,0.52,0.2449997989584142,0.2569115313374156
python,gradient_boosting,0.54,0.24381856892193263,0.25969549238686734
python,gradient_boosting,0.56,0.24252483656307766,0.26336006029116643
python,gradient_boosting,0.58,0.23697061183310816,0.26866455253247434
python,gradient_boosting,0.6,0.22410868669855127,0.27512342956974717
python,gradient_boosting,0.62,0.21902455707702032,0.2795137471229658
python,gradient_boosting,0.64,0.21855256012428786,0.28002667919899454
python,gradient_boosting,0.66,0.2120633809794002,0.28389306746642845
python,gradient_boosting,0.68,0.17983533880211824,0.3357984909940198
python,gradient_boosting,0.7,0.17108869996721193,0.3460481611581377
python,gradient_boosting,0.72,0.17108869996721193,0.3460481611581377
python,gradient_boosting,0.74,0.1664804225109798,0.355304074446002
python,gradient_boosting,0.76,0.16446998361959678,0.35687603168978316
python,gradient_boosting,0.78,0.1527863111389172,0.36345139804167964
python,gradient_boosting,0.8,0.14499797009571286,0.375262700583984
python,gradient_boosting,0.82,0.14062498018522088,0.37728455577822445
python,gradient_boosting,0.84,0.12456995693717801,0.3929314142105685
python,gradient_boosting,0.86,0.10389134213851502,0.3953371172397857
python,gradient_boosting,0.88,0.0688438771531647,0.34973185006709395
python,gradient_boosting,0.9,0.042388624823213476,0.199566200191176
python,logistic_interactions,0.1,1.0,0.08658998470525289
python,logistic_interactions,0.12,1.0,0.08659035581838166
python,logistic_interactions,0.14,1.0,0.08659280190367576
python,logistic_interactions,0.16,1.0,0.08659299211957941
python,logistic_interactions,0.18,1.0,0.08659326773581377
python,logistic_interactions,0.2,1.0,0.08659329437105137
python,logistic_interactions,0.22,0.9950461710623771,0.09292971989996086
python,logistic_interactions,0.24,0.9950461710623771,0.09292971989996086
python,logistic_interactions,0.26,0.9920942286842924,0.09497008701905169
python,logistic_interactions,0.28,0.9886699755257141,0.09946533940118878
python,logistic_interactions,0.3,0.9885518978305907,0.09946148329640743
python,logistic_interactions,0.32,0.9879619103681757,0.09943349211275766
python,logistic_interactions,0.34,0.9878438326730523,0.0994336202852738
python,logistic_interactions,0.36,0.9876064662295222,0.099447221050938
python,logistic_interactions,0.38,0.9871337320645425,0.09951747480109328
python,logistic_interactions,0.4,0.8648045951889959,0.146937354188924
python,logistic_interactions,0.42,0.8636245706726755,0.1478322688768083
python,logistic_interactions,0.44,0.7760129895995523,0.18677460445626062
python,logistic_interactions,0.46,0.6305754354810389,0.2121980113320606
python,logistic_interactions,0.48,0.5111503379086424,0.23879039761044105
python,logistic_interactions,0.5,0.28174584685785314,0.29096440199213003
python,logistic_interactions,0.52,0.24429160196471347,0.29017500586001416
python,logistic_interactions,0.54,0.24417352426959008,0.2914066742495726
python,logistic_interactions,0.56,0.2434655288404914,0.291661025864563
python,logistic_interactions,0.58,0.24145519667605117,0.2943889682835688
python,logistic_interactions,0.6,0.22399129307975504,0.302448769725272
python,logistic_interactions,0.62,0.2191431537619924,0.30660034617455784
python,logistic_interactions,0.64,0.21878915604744306,0.3076364525114543
python,logistic_interactions,0.66,0.2081693237403415,0.314140859223272
python,logistic_interactions,0.68,0.1841826777266389,0.35169308105452074
python,logistic_interactions,0.7,0.16754413133498475,0.3813021802235817
python,logistic_interactions,0.72,0.16742573013932674,0.38259867331603653
python,logistic_interactions,0.74,0.16742573013932674,0.3833447633564817
python,logistic_interactions,0.76,0.1580933494996416,0.39301301319039256
python,logistic_interactions,0.78,0.15408320157555203,0.3909376023637168
python,logistic_interactions,0.8,0.15090119708195307,0.3993308617717693
python,logistic_interactions,0.82,0.12858943653770616,0.4145194013122083
python,logistic_interactions,0.84,0.12256765529778278,0.41670307600230616
python,logistic_interactions,0.86,0.10970165885675545,0.414553840793013
python,logistic_interactions,0.88,0.08241466597094547,0.40464540656671183
python,logistic_interactions,0.9,0.07532946829247421,0.3772716755980562
python,logistic_regression,0.1,1.0,0.08658998470525289
python,logistic_regression,0.12,1.0,0.08659035581838166
python,logistic_regression,0.14,1.0,0.08659280190367576
python,logistic_regression,0.16,1.0,0.08659280190367576
python,logistic_regression,0.18,1.0,0.08659280190367576
python,logistic_regression,0.2,1.0,0.08659326773581377
python,logistic_regression,0.22,0.996704737778064,0.09014137320572264
python,logistic_regression,0.24,0.9949282132430864,0.09290177929141594
python,logistic_regression,0.26,0.9919762708650016,0.0949410159789641
python,logistic_regression,0.28,0.9887881730966701,0.09942030616095664
python,logistic_regression,0.3,0.9887881730966701,0.09942030616095664
python,logistic_regression,0.32,0.9877261063996405,0.09938910456777307
python,logistic_regression,0.34,0.9872537740870788,0.09933884646439951
python,logistic_regression,0.36,0.9850102242385281,0.09942329620134878
python,logistic_regression,0.38,0.9847742094169658,0.09947609461005053
python,logistic_regression,0.4,0.8624444383039062,0.15046641252316548
python,logistic_regression,0.42,0.8587828187017977,0.15044886961749643
python,logistic_regression,0.44,0.7727052103039728,0.18839752409928034
python,logistic_regression,0.46,0.6298645923504081,0.21149492719310298
python,logistic_regression,0.48,0.5120943963556749,0.23560371983894296
python,logistic_regression,0.5,0.2828079045430687,0.28395904326611526
python,logistic_regression,0.52,0.24535365964992903,0.28301551173157896
python,logistic_regression,0.54,0.24535365964992903,0.28303463885138536
python,logistic_regression,0.56,0.24523558195480563,0.2836632101369653
python,logistic_regression,0.58,0.23024600037597856,0.2930940431153545
python,logistic_regression,0.6,0.2218508503617321,0.29973732108575096
python,logistic_regression,0.62,0.22020155064737,0.3014178449817171
python,logistic_regression,0.64,0.21359357332339904,0.30521079055086353
python,logistic_regression,0.66,0.19918405517652385,0.3149592846103699
python,logistic_regression,0.68,0.17545433028807153,0.33890969480799904
python,logistic_regression,0.7,0.17297229979146458,0.3385637401127424
python,logistic_regression,0.72,0.170965618761773,0.3420153156831033
python,logistic_regression,0.74,0.16246493654453303,0.3567562640148344
python,logistic_regression,0.76,0.1516043406591399,0.3646433729939809
python,logistic_regression,0.78,0.14924199591071402,0.3853081111526045
python,logistic_regression,0.8,0.1403980191950244,0.3824354340067618
python,logistic_regression,0.82,0.13448909826589145,0.372675624251401
python,logistic_regression,0.84,0.1222161044564449,0.3769485744844996
python,logistic_regression,0.86,0.11098194654755558,0.38601105578490513
python,logistic_regression,0.88,0.08277132455196068,0.38793031191490346
python,logistic_regression,0.9,0.04864465692314435,0.2576406068779176
python,naive_bayes,0.1,0.3682716820896488,0.26094333637594647
python,naive_bayes,0.12,0.24594311977314684,0.26725436624763693
python,naive_bayes,0.14,0.23910457715193528,0.2620579392852844
python,naive_bayes,0.16,0.23579746847450134,0.2554309427765579
python,naive_bayes,0.18,0.23237224038138546,0.2584480180135331
python,naive_bayes,0.2,0.20533724481845775,0.26327559121521804
python,naive_bayes,0.22,0.2027372438862654,0.26633340263187283
python,naive_bayes,0.24,0.20097661152653637,0.2665504187349449
python,naive_bayes,0.26,0.19671258890571247,0.2763327043586632
python,naive_bayes,0.28,0.17228547220989868,0.3017467912102701
python,naive_bayes,0.3,0.15480755009535627,0.31339811105333404
python,naive_bayes,0.32,0.14984679539244597,0.3189031621159079
python,naive_bayes,0.34,0.14961093126817873,0.3069371640821055
python,naive_bayes,0.36,0.13331636096149235,0.3079367437318832
python,naive_bayes,0.38,0.12741846999695342,0.3104378708463483
python,naive_bayes,0.4,0.11252510002370557,0.31300323473460256
python,naive_bayes,0.42,0.10320566619890913,0.3320776454562528
python,naive_bayes,0.44,0.10166975086745131,0.3374250345836652
python,naive_bayes,0.46,0.10143334226101229,0.3401280531039199
python,naive_bayes,0.48,0.10072461779226438,0.34653622701517284
python,naive_bayes,0.5,0.10001662236316572,0.34959645664218364
python,naive_bayes,0.52,0.09919057048769832,0.35565363200951594
python,naive_bayes,0.54,0.09919057048769832,0.35565363200951594
python,naive_bayes,0.56,0.09919057048769832,0.35565363200951594
python,naive_bayes,0.58,0.09552821025710291,0.35095584225877274
python,naive_bayes,0.6,0.09422801517294506,0.35118478487621585
python,naive_bayes,0.62,0.09316570820153595,0.35090186145770447
python,naive_bayes,0.64,0.09080576485676609,0.36953812954100373
python,naive_bayes,0.66,0.09080576485676609,0.3724979437654301
python,naive_bayes,0.68,0.08832375274484515,0.3494600244769525
python,naive_bayes,0.7,0.08832375274484515,0.35168568545310286
python,naive_bayes,0.72,0.08172016062727977,0.33176361213994543
python,naive_bayes,0.74,0.054797642536129086,0.2873256703419413
python,naive_bayes,0.76,0.05468099608579507,0.28732976008029143
python,naive_bayes,0.78,0.05361409419593048,0.2743026771301893
python,naive_bayes,0.8,0.05314178341543692,0.264900517023991
python,naive_bayes,0.82,0.05278692058235942,0.23023459255997936
python,naive_bayes,0.84,0.0521981202654124,0.1887092788032768
python,naive_bayes,0.86,0.04074263704941428,0.20952630807185862
python,naive_bayes,0.88,0.02374273125013542,0.20495269242845643
python,naive_bayes,0.9,0.02374273125013542,0.20495269242845643
python,random_forest,0.1,0.9997638446097532,0.08658659456680726
python,random_forest,0.12,0.9997638446097532,0.08658659456680726
python,random_forest,0.14,0.9997638446097532,0.08658659456680726
python,random_forest,0.16,0.9997638446097532,0.08658659456680726
python,random_forest,0.18,0.9997638446097532,0.08658659456680726
python,random_forest,0.2,0.9997638446097532,0.08658659456680726
python,random_forest,0.22,0.9946920578528397,0.09289706942718932
python,random_forest,0.24,0.9944559024625929,0.09289119504943524
python,random_forest,0.26,0.9915039600845081,0.09493501631671264
python,random_forest,0.28,0.9881978630779934,0.09941688088305645
python,random_forest,0.3,0.9881978630779934,0.09943071902933653
python,random_forest,0.32,0.9881978630779934,0.0994401094216627
python,random_forest,0.34,0.9879604966344633,0.09943471197846712
python,random_forest,0.36,0.9879604966344633,0.09943471197846712
python,random_forest,0.38,0.98784241893934,0.09943418147671924
python,random_forest,0.4,0.8717714494968232,0.14235509865567544
python,random_forest,0.42,0.8645693426533774,0.14579038786218115
python,random_forest,0.44,0.7773109573043185,0.18290708568164468
python,random_forest,0.46,0.6328189215394133,0.20803738904654737
python,random_forest,0.48,0.5276818229386947,0.23216352545766186
python,random_forest,0.5,0.3068493759734047,0.25736108131731944
python,random_forest,0.52,0.24417415710796267,0.2563013603111801
python,random_forest,0.54,0.24393814228640057,0.25783498658572584
python,random_forest,0.56,0.24192853084686206,0.2632498201904367
python,random_forest,0.58,0.22481864131031115,0.27320949135448963
python,random_forest,0.6,0.21961607356013113,0.2770769123720702
python,random_forest,0.62,0.21902606919661768,0.27805371355444036
python,random_forest,0.64,0.21218089357271827,0.28098608426609806
python,random_forest,0.66,0.19989659346265085,0.3030895507972202
python,random_forest,0.68,0.17533735236760892,0.34059352551290806
python,random_forest,0.7,0.17521927467248552,0.3405308025913049
python,random_forest,0.72,0.1690891811466061,0.34546928575060476
python,random_forest,0.74,0.16246941463836304,0.35841534350203463
python,random_forest,0.76,0.15444604326180558,0.36253368026890304
python,random_forest,0.78,0.15007425520887716,0.36299138741986064
python,random_forest,0.8,0.14392892254237738,0.3615169889505661
python,random_forest,0.82,0.13791333602669273,0.36359828069403066
python,random_forest,0.84,0.12208861050737248,0.39267580797132573
python,random_forest,0.86,0.1127657048678688,0.4111847303023457
python,random_forest,0.88,0.056541197608149796,0.19160465187169953
python,random_forest,0.9,0.03955309423297674,0.14174181915869344
python,weighted_fire_specificity_silence_sensitivity,0.1,0.25680637966778586,0.2543059848093817
python,weighted_fire_specificity_silence_sensitivity,0.12,0.25680637966778586,0.2543059848093817
python,weighted_fire_specificity_silence_sensitivity,0.14,0.25680637966778586,0.2543059848093817
python,weighted_fire_specificity_silence_sensitivity,0.16,0.25680637966778586,0.2543059848093817
python,weighted_fire_specificity_silence_sensitivity,0.18,0.25680637966778586,0.2543059848093817
python,weighted_fire_specificity_silence_sensitivity,0.2,0.25680637966778586,0.2543059848093817
python,weighted_fire_specificity_silence_sensitivity,0.22,0.25680637966778586,0.2543059848093817
python,weighted_fire_specificity_silence_sensitivity,0.24,0.25680637966778586,0.2543059848093817
python,weighted_fire_specificity_silence_sensitivity,0.26,0.25680637966778586,0.2543059848093817
python,weighted_fire_specificity_silence_sensitivity,0.28,0.25680637966778586,0.2543059848093817
python,weighted_fire_specificity_silence_sensitivity,0.3,0.25680637966778586,0.2543059848093817
python,weighted_fire_specificity_silence_sensitivity,0.32,0.25680637966778586,0.2543059848093817
python,weighted_fire_specificity_silence_sensitivity,0.34,0.25680637966778586,0.2543059848093817
python,weighted_fire_specificity_silence_sensitivity,0.36,0.25680637966778586,0.2543059848093817
python,weighted_fire_specificity_silence_sensitivity,0.38,0.25680637966778586,0.2543059848093817
python,weighted_fire_specificity_silence_sensitivity,0.4,0.25680637966778586,0.2543059848093817
python,weighted_fire_specificity_silence_sensitivity,0.42,0.25680637966778586,0.2543059848093817
python,weighted_fire_specificity_silence_sensitivity,0.44,0.25633250346330394,0.25520908327370134
python,weighted_fire_specificity_silence_sensitivity,0.46,0.2560955653610629,0.2561439447917972
python,weighted_fire_specificity_silence_sensitivity,0.48,0.2560955653610629,0.2561439447917972
python,weighted_fire_specificity_silence_sensitivity,0.5,0.2560955653610629,0.2561439447917972
python,weighted_fire_specificity_silence_sensitivity,0.52,0.2560955653610629,0.2561439447917972
python,weighted_fire_specificity_silence_sensitivity,0.54,0.2560955653610629,0.25667989851728173
python,weighted_fire_specificity_silence_sensitivity,0.56,0.2529079562262636,0.2610212605059584
python,weighted_fire_specificity_silence_sensitivity,0.58,0.25138061676720264,0.2607118423732254
python,weighted_fire_specificity_silence_sensitivity,0.6,0.25055315601014566,0.26063764067270645
python,weighted_fire_specificity_silence_sensitivity,0.62,0.24582757566498786,0.2607978092128392
python,weighted_fire_specificity_silence_sensitivity,0.64,0.22292004753635483,0.27150303422903604
python,weighted_fire_specificity_silence_sensitivity,0.66,0.21878971787467555,0.2732706362550285
python,weighted_fire_specificity_silence_sensitivity,0.68,0.21867164017955215,0.27325074262076493
python,weighted_fire_specificity_silence_sensitivity,0.7,0.21867164017955215,0.27325074262076493
python,weighted_fire_specificity_silence_sensitivity,0.72,0.21867164017955215,0.27325074262076493
python,weighted_fire_specificity_silence_sensitivity,0.74,0.21843564170318594,0.27390864638710566
python,weighted_fire_specificity_silence_sensitivity,0.76,0.21524730771441522,0.27542183737710435
python,weighted_fire_specificity_silence_sensitivity,0.78,0.21276970674077644,0.2821775357989826
python,weighted_fire_specificity_silence_sensitivity,0.8,0.1876235436470043,0.2910945779898805
python,weighted_fire_specificity_silence_sensitivity,0.82,0.16884608030590717,0.3193084692967701
python,weighted_fire_specificity_silence_sensitivity,0.84,0.16802002843043978,0.3269906667863159
python,weighted_fire_specificity_silence_sensitivity,0.86,0.16790195073531639,0.3283822127918767
python,weighted_fire_specificity_silence_sensitivity,0.88,0.16530506411605528,0.33189879696218577
python,weighted_fire_specificity_silence_sensitivity,0.9,0.15999188079878407,0.33921483955364257
python,xgboost,0.1,1.0,0.08659092464201922
python,xgboost,0.12,1.0,0.08659280190367576
python,xgboost,0.14,1.0,0.08659280190367576
python,xgboost,0.16,1.0,0.08659280190367576
python,xgboost,0.18,1.0,0.08659280190367576
python,xgboost,0.2,1.0,0.08659280190367576
python,xgboost,0.22,0.9988335354966599,0.08789579074797393
python,xgboost,0.24,0.9950461710623771,0.09261028896384609
python,xgboost,0.26,0.9950461710623771,0.09261028896384609
python,xgboost,0.28,0.9935111610257731,0.09358016232216021
python,xgboost,0.3,0.989850752476948,0.09767956526765942
python,xgboost,0.32,0.9889061309159608,0.09912881583338677
python,xgboost,0.34,0.9889061309159608,0.09912908908269241
python,xgboost,0.36,0.9887881730966701,0.09912027559395381
python,xgboost,0.38,0.9877261063996405,0.09908907400077024
python,xgboost,0.4,0.8685837859547998,0.1445427159108768
python,xgboost,0.42,0.8639804257653744,0.1470043596487178
python,xgboost,0.44,0.7915821925460222,0.1774226961807914
python,xgboost,0.46,0.6317551068972155,0.20910147515761388
python,xgboost,0.48,0.5045147093852306,0.23707010424430977
python,xgboost,0.5,0.3243250426512817,0.26635288370416366
python,xgboost,0.52,0.24582590098529628,0.2799626412618316
python,xgboost,0.54,0.24570789357451522,0.2809539347152975
python,xgboost,0.56,0.24428401962063567,0.2824053774206676
python,xgboost,0.58,0.2219737082313503,0.2970283398240384
python,xgboost,0.6,0.2213832982236653,0.2984479252771922
python,xgboost,0.62,0.21441874940147193,0.3028098657423031
python,xgboost,0.64,0.19635080259852028,0.3171839650275748
python,xgboost,0.66,0.19611368380319796,0.318470164748654
python,xgboost,0.68,0.17982029262833385,0.33715698801892197
python,xgboost,0.7,0.17132233469667618,0.36245473720267446
python,xgboost,0.72,0.1691984078743645,0.368062188731133
python,xgboost,0.74,0.16541800080642385,0.37749395249134393
python,xgboost,0.76,0.15963637741789583,0.3606520793902437
python,xgboost,0.78,0.15161468936734696,0.3591598389193024
python,xgboost,0.8,0.13768179224816046,0.3769935238536256
python,xgboost,0.82,0.1135837142707373,0.3859170570511043
python,xgboost,0.84,0.09221457936353612,0.39915247759021105
python,xgboost,0.86,0.0832419352392835,0.41600130503528754
python,xgboost,0.88,0.07628021586670551,0.3914787761371427
python,xgboost,0.9,0.04027133789678346,0.15029456705882552
python,traditional_2_of_4,,0.1033191647779738,0.33729903976598913
