strategy,family,precision,recall,specificity,npv,fpr,fnr,f1,f2,mcc,accuracy,balanced_accuracy,roc_auc,pr_auc,positive_support
tool:codeql,CWE-118,0.37744631185807653,0.008691544638639585,0.9967948278023664,0.8183501891981525,0.0032051721976335567,0.9913084553613605,0.01699105376077256,0.010802119262131097,0.032766978802456596,0.8164939530352111,0.502743186220503,0.5027431862205031,0.18418078458450102,10585
tool:codeql,CWE-190,0.01619047619047619,0.0014209636303980212,0.9978447131472489,0.9757450110531096,0.002155286852751047,0.9985790363696019,0.0026063056466418344,0.0017368731456635488,-0.0024263326657905046,0.9736937946980474,0.4996328383888235,0.4996328383888235,0.024260646341384046,1406
tool:codeql,CWE-191,0.0,0.0,0.9990837253587037,0.9971185116478051,0.0009162746412962849,1.0,0.0,0.0,-0.0016035075096603,0.9962074980874955,0.49954186267935186,0.49954186267935186,0.0028788602992581387,167
tool:codeql,CWE-20,0.05954316686024003,0.007270035663818048,0.9956135711506626,0.9668910669553166,0.004386428849337416,0.9927299643361819,0.012923170639926432,0.008811277646116878,0.008730056396009243,0.9627987994740577,0.5014418034072403,0.5014418034072403,0.033740946668482874,1926
tool:codeql,CWE-269,0.0,0.0,1.0,0.9979830809316533,0.0,1.0,0.0,0.0,0.0,0.9979830809316533,0.5,0.5,0.0020169190683466502,117
tool:codeql,CWE-285,0.049152818507657216,0.0318922305764411,0.9970723404475985,0.9952620736030584,0.00292765955240155,0.9681077694235588,0.03843182092765275,0.03418731408887632,0.03574067772493934,0.9923631947929387,0.5144822855120197,0.5144822855120197,0.007246490052893394,283
tool:codeql,CWE-287,0.2,0.003125,1.0,0.994518000227292,0.0,0.996875,0.006153846153846154,0.0038910505836575876,0.02493199028788906,0.9945180939385105,0.5015625,0.5015625,0.008606906061489374,319
tool:codeql,CWE-369,0.0,0.0,0.9999653649666638,0.9952764249612764,3.4635033336219584e-05,1.0,0.0,0.0,-0.00018121231853005483,0.9952421175004688,0.4999826824833319,0.4999826824833319,0.004723411627418168,274
tool:codeql,CWE-400,0.0,0.0,0.9996691927412144,0.9900327593040764,0.0003308072587856692,1.0,0.0,0.0,-0.0017967390699723793,0.9897085080916792,0.4998345963706072,0.4998345963706072,0.009963978487454754,578
tool:codeql,CWE-404,0.008333333333333333,0.0008130081300813009,0.9984325557835254,0.9788325093617519,0.0015674442164746866,0.9991869918699188,0.0014814814814814816,0.0009920634920634922,-0.003111844941814725,0.9773310543175235,0.4996227819568033,0.4996227819568033,0.021168529829667722,1227
tool:codeql,CWE-476,0.0,0.0,1.0,0.97098725309598,0.0,1.0,0.0,0.0,0.0,0.97098725309598,0.5,0.5,0.02901274690402008,1683
tool:codeql,CWE-662,0.02222222222222222,0.002515723270440252,0.9990386677371641,0.9863162767754773,0.0009613322628359726,0.9974842767295599,0.004519774011299435,0.0030581039755351687,0.003926669447733002,0.985381548676681,0.5007771955038021,0.5007771955038021,0.013949819099812768,795
tool:codeql,CWE-665,0.016,0.014285714285714285,0.9983583624713563,0.9975998128004487,0.0016416375286436905,0.9857142857142858,0.015094339622641511,0.014598540145985401,0.013144989941556957,0.9959661529609762,0.5063220383785353,0.5063220383785353,0.0035390524085857785,141
tool:codeql,CWE-668,0.03333333333333333,0.0007326007326007326,0.9997175405924354,0.976496752831804,0.0002824594075645189,0.9992673992673993,0.0014336917562724016,0.0009107468123861565,0.002433011405579268,0.9762278258964535,0.5002250706625182,0.5002250706625182,0.023618459687851416,1364
tool:codeql,CWE-704,0.009523809523809523,0.0022727272727272726,0.9984367143214954,0.9924203160772096,0.001563285678504566,0.9977272727272727,0.003669724770642202,0.002680965147453083,0.0012217586822606398,0.9908807733882471,0.5003547207971113,0.5003547207971113,0.007676023191673706,440
tool:codeql,CWE-705,0.0,0.0,1.0,0.9954489813717284,0.0,1.0,0.0,0.0,0.0,0.9954489813717284,0.5,0.5,0.004551018628271632,264
tool:codeql,CWE-706,0.0,0.0,0.9999650288469208,0.9860878774617593,3.49711530791446e-05,1.0,0.0,0.0,-0.0004420101381639458,0.9860538763102886,0.4999825144234604,0.4999825144234604,0.013911640926990567,807
tool:codeql,CWE-74,0.0,0.0,1.0,0.9838300948538075,0.0,1.0,0.0,0.0,0.0,0.9838300948538075,0.5,0.5,0.016169905146192542,938
tool:codeql,CWE-754,0.02222222222222222,0.011764705882352941,0.998841679828663,0.9971522261697434,0.0011583201713369535,0.9882352941176471,0.015384615384615382,0.012987012987012988,0.014358521817312116,0.9960006327454092,0.505303192855508,0.505303192855508,0.004151578969628734,167
tool:codeql,CWE-834,0.0641025641025641,0.008571428571428572,0.9993063548374537,0.993996485659552,0.000693645162546425,0.9914285714285714,0.01490171211160431,0.010322442063056398,0.0210572857859078,0.9933114588318018,0.5039388917044411,0.5039388917044411,0.007354394944693329,351
tool:cppcheck,CWE-118,0.40829201159371936,0.006235238545111006,0.9979757287105173,0.8181582389108503,0.002024271289482689,0.993764761454889,0.012280408432370294,0.007764001704024741,0.030829842892598342,0.8170111320559628,0.5021054836278142,0.5021054836278142,0.18388237363523313,10585
tool:cppcheck,CWE-190,0.09561771561771562,0.00498220640569395,0.9988693062019675,0.9758534889422747,0.0011306937980325817,0.995017793594306,0.009455680726845534,0.006145005573569036,0.016515590002944773,0.9747797475531572,0.5019257563038307,0.5019257563038307,0.024803989591645675,1406
tool:cppcheck,CWE-191,0.0,0.0,1.0,0.9971211397007419,0.0,1.0,0.0,0.0,0.0,0.9971211397007419,0.5,0.5,0.0028788602992581387,167
tool:cppcheck,CWE-20,0.0,0.0,1.0,0.9667982514531991,0.0,1.0,0.0,0.0,0.0,0.9667982514531991,0.5,0.5,0.033201748546801,1926
tool:cppcheck,CWE-269,0.0,0.0,1.0,0.9979830809316533,0.0,1.0,0.0,0.0,0.0,0.9979830809316533,0.5,0.5,0.0020169190683466502,117
tool:cppcheck,CWE-285,0.0,0.0,1.0,0.9951214471489586,0.0,1.0,0.0,0.0,0.0,0.9951214471489586,0.5,0.5,0.004878552851041446,283
tool:cppcheck,CWE-287,0.0,0.0,1.0,0.9945008466118462,0.0,1.0,0.0,0.0,0.0,0.9945008466118462,0.5,0.5,0.00549915338815374,319
tool:cppcheck,CWE-369,0.03333333333333333,0.0036363636363636364,0.9998094638089416,0.9952928561102574,0.0001905361910584863,0.9963636363636363,0.006557377049180327,0.004424778761061947,0.010107042904981866,0.9951041924023206,0.5017229137226525,0.5017229137226525,0.0053122338263075965,274
tool:cppcheck,CWE-400,0.0,0.0,0.9999825905292479,0.9900358492027476,1.7409470752089137e-05,1.0,0.0,0.0,-0.00018657421829868233,0.9900187860764887,0.49999129526462394,0.49999129526462394,0.009963978487454754,578
tool:cppcheck,CWE-404,0.004081632653061224,0.0008163265306122449,0.9961783026736837,0.978785615882041,0.0038216973263163036,0.9991836734693876,0.001360544217687075,0.0009718172983479106,-0.007161042489714673,0.9751244741214622,0.49849731460214797,0.49849731460214797,0.02115132313552206,1227
tool:cppcheck,CWE-476,0.05702544684279844,0.013663981913240072,0.993271276830414,0.9711841149826215,0.006728723169586004,0.98633601808676,0.022025737505324754,0.01610970133600615,0.01397800989504958,0.9648502845634604,0.503467629371827,0.503467629371827,0.029582392144300217,1683
tool:cppcheck,CWE-662,0.0,0.0,1.0,0.9862952288936716,0.0,1.0,0.0,0.0,0.0,0.9862952288936716,0.5,0.5,0.013704771106328428,795
tool:cppcheck,CWE-665,0.007045454545454547,0.021182266009852214,0.9925348138158563,0.9976030808167881,0.007465186184143741,0.9788177339901478,0.010566276494780133,0.015102040816326535,0.007982299138388535,0.9901740001276564,0.5068585399128542,0.5068585399128542,0.0027898301602913176,141
tool:cppcheck,CWE-668,0.0,0.0,1.0,0.9764864049981922,0.0,1.0,0.0,0.0,0.0,0.9764864049981922,0.5,0.5,0.023513595001807823,1364
tool:cppcheck,CWE-704,0.0,0.0,0.9997220472685202,0.9924128761391742,0.00027795273147983437,1.0,0.0,0.0,-0.0012716676097397103,0.9921391251901136,0.4998610236342601,0.4998610236342601,0.007585030549414477,440
tool:cppcheck,CWE-705,0.0,0.0,1.0,0.9954489813717284,0.0,1.0,0.0,0.0,0.0,0.9954489813717284,0.5,0.5,0.004551018628271632,264
tool:cppcheck,CWE-706,0.0,0.0,1.0,0.9860883590730094,0.0,1.0,0.0,0.0,0.0,0.9860883590730094,0.5,0.5,0.013911640926990567,807
tool:cppcheck,CWE-74,0.0,0.0,1.0,0.9838300948538075,0.0,1.0,0.0,0.0,0.0,0.9838300948538075,0.5,0.5,0.016169905146192542,938
tool:cppcheck,CWE-754,0.0,0.0,0.9987033403331506,0.9971174110559046,0.001296659666849517,1.0,0.0,0.0,-0.0019267274534689068,0.9958282144857662,0.4993516701665753,0.4993516701665753,0.0028788602992581387,167
tool:cppcheck,CWE-834,0.0,0.0,1.0,0.9939492056453924,0.0,1.0,0.0,0.0,0.0,0.9939492056453924,0.5,0.5,0.006050794354607701,351
tool:flawfinder,CWE-118,0.23373225827143035,0.36646197449220597,0.7318237126905315,0.8380643144291952,0.2681762873094685,0.633538025507794,0.2854171645704768,0.3290826273433523,0.08400322171020405,0.6651553889513246,0.5491428435913687,0.5491428435913688,0.20127003342909044,10585
tool:flawfinder,CWE-190,0.05907888960400692,0.04695237374119785,0.9815028807913873,0.9764484266947958,0.018497119208612738,0.9530476262588021,0.052244044727641624,0.04892084265387485,0.03177484946349955,0.9588512812461962,0.5142276272662926,0.5142276272662926,0.026068057847966043,1406
tool:flawfinder,CWE-191,0.0,0.0,1.0,0.9971211397007419,0.0,1.0,0.0,0.0,0.0,0.9971211397007419,0.5,0.5,0.0028788602992581387,167
tool:flawfinder,CWE-20,0.0389158721399564,0.06489738241033578,0.9450636797169724,0.9671370440342976,0.054936320283027654,0.9351026175896642,0.048641835052574224,0.05723847085530929,0.0077640160875120075,0.9158407801719042,0.504980531063654,0.504980531063654,0.03358550975469829,1926
tool:flawfinder,CWE-269,0.0,0.0,0.9992745710932196,0.9979816120025908,0.000725428906780469,1.0,0.0,0.0,-0.001193317412040144,0.9972591227565107,0.4996372855466098,0.4996372855466098,0.0020169190683466502,117
tool:flawfinder,CWE-285,0.0,0.0,0.9976441336185868,0.9951099994028356,0.0023558663814132355,1.0,0.0,0.0,-0.0033712636810682164,0.9927770563050563,0.4988220668092934,0.4988220668092934,0.004878552851041446,283
tool:flawfinder,CWE-287,0.0,0.0,1.0,0.9945008466118462,0.0,1.0,0.0,0.0,0.0,0.9945008466118462,0.5,0.5,0.00549915338815374,319
tool:flawfinder,CWE-369,0.0,0.0,1.0,0.9952765883725819,0.0,1.0,0.0,0.0,0.0,0.9952765883725819,0.5,0.5,0.004723411627418168,274
tool:flawfinder,CWE-400,0.0,0.0,0.9997214378338304,0.9900332809024398,0.00027856216616963414,1.0,0.0,0.0,-0.0015474786124258012,0.989760226291225,0.4998607189169152,0.4998607189169152,0.009963978487454754,578
tool:flawfinder,CWE-404,0.0,0.0,1.0,0.9788480981824212,0.0,1.0,0.0,0.0,0.0,0.9788480981824212,0.5,0.5,0.0211519018175787,1227
tool:flawfinder,CWE-476,0.0,0.0,1.0,0.97098725309598,0.0,1.0,0.0,0.0,0.0,0.97098725309598,0.5,0.5,0.02901274690402008,1683
tool:flawfinder,CWE-662,0.007985669441820522,0.020125786163522015,0.9650962036520067,0.9860882624207594,0.034903796347993434,0.979874213836478,0.011433058487920925,0.015431316208615759,-0.009357640654530725,0.9521456130700792,0.49261099490776433,0.49261099490776433,0.013623809231123035,795
tool:flawfinder,CWE-665,0.0,0.0,1.0,0.9975693338621582,0.0,1.0,0.0,0.0,0.0,0.9975693338621582,0.5,0.5,0.0024306661378417005,141
tool:flawfinder,CWE-668,0.060983705629935124,0.23021439344968755,0.914678983215668,0.9801374360543613,0.0853210167843321,0.7697856065503125,0.09641767254483694,0.14803165567194618,0.07718589188073548,0.8985845877791198,0.5724466883326778,0.5724466883326778,0.032185634378264175,1364
tool:flawfinder,CWE-704,0.0,0.0,1.0,0.9924149694505855,0.0,1.0,0.0,0.0,0.0,0.9924149694505855,0.5,0.5,0.007585030549414477,440
tool:flawfinder,CWE-705,0.0,0.0,0.9997229482002256,0.9954477299681528,0.0002770517997744532,1.0,0.0,0.0,-0.0010429020749816867,0.9951731861504081,0.4998614741001128,0.4998614741001128,0.004551018628271632,264
tool:flawfinder,CWE-706,0.02857142857142857,0.0012422360248447203,0.9995455049363884,0.9860991242985502,0.00045449506361162505,0.9987577639751553,0.0023809523809523807,0.0015360983102918582,0.0034770810883385885,0.9856574196664282,0.5003938704806166,0.5003938704806166,0.014071870750288217,807
tool:flawfinder,CWE-74,0.3537695283554677,0.24842416657185118,0.9925355726334061,0.987707020671334,0.007464427366593794,0.7515758334281488,0.2918621661613784,0.26414663398146254,0.2868384663765553,0.9805029645624572,0.6204798696026288,0.6204798696026288,0.10030701161249007,938
tool:flawfinder,CWE-754,0.0,0.0,1.0,0.9971211397007419,0.0,1.0,0.0,0.0,0.0,0.9971211397007419,0.5,0.5,0.0028788602992581387,167
tool:flawfinder,CWE-834,0.0,0.0,1.0,0.9939492056453924,0.0,1.0,0.0,0.0,0.0,0.9939492056453924,0.5,0.5,0.006050794354607701,351
tool:ikos,CWE-118,0.5385949157225753,0.01209258384506377,0.9976171345578209,0.8189829516227203,0.002382865442179162,0.9879074161549362,0.023632120264025103,0.015027751495800929,0.058583404583353406,0.8177868440919684,0.5048548592014424,0.5048548592014424,0.18675952101986304,10585
tool:ikos,CWE-190,0.3637156925200403,0.022043865626814062,0.9990636478456943,0.9762624693340827,0.0009363521543055527,0.977956134373186,0.041469228565825994,0.027125799805899,0.08425832867000149,0.9753831438807662,0.5105537567362542,0.5105537567362542,0.03202570380182943,1406
tool:ikos,CWE-191,0.0,0.0,0.9990144913449758,0.9971183101464565,0.0009855086550243169,1.0,0.0,0.0,-0.0016639070374902623,0.9961384656969827,0.4995072456724879,0.4995072456724879,0.0028788602992581387,167
tool:ikos,CWE-20,0.0,0.0,1.0,0.9667982514531991,0.0,1.0,0.0,0.0,0.0,0.9667982514531991,0.5,0.5,0.033201748546801,1926
tool:ikos,CWE-269,0.0,0.0,1.0,0.9979830809316533,0.0,1.0,0.0,0.0,0.0,0.9979830809316533,0.5,0.5,0.0020169190683466502,117
tool:ikos,CWE-285,0.0,0.0,1.0,0.9951214471489586,0.0,1.0,0.0,0.0,0.0,0.9951214471489586,0.5,0.5,0.004878552851041446,283
tool:ikos,CWE-287,0.0,0.0,1.0,0.9945008466118462,0.0,1.0,0.0,0.0,0.0,0.9945008466118462,0.5,0.5,0.00549915338815374,319
tool:ikos,CWE-369,0.2,0.0036363636363636364,0.9999826824833319,0.9952936663124087,1.7317516668109792e-05,0.9963636363636363,0.0071428571428571435,0.004524886877828054,0.02677702000684438,0.995276592829638,0.5018095230598478,0.5018095230598478,0.008342535370669143,274
tool:ikos,CWE-400,0.0,0.0,1.0,0.9900360215125452,0.0,1.0,0.0,0.0,0.0,0.9900360215125452,0.5,0.5,0.009963978487454754,578
tool:ikos,CWE-404,0.0,0.0,0.9996125457927395,0.9788400710698039,0.000387454207260499,1.0,0.0,0.0,-0.002844230738256944,0.9784688413102229,0.49980627289636975,0.49980627289636975,0.0211519018175787,1227
tool:ikos,CWE-476,0.18773633773633774,0.013066977532852903,0.9983133676690936,0.9713086592553164,0.0016866323309063021,0.9869330224671472,0.02441222725332306,0.016050533153686434,0.042466945484478866,0.9697288254949468,0.5056901726009733,0.5056901726009733,0.03123357053413638,1683
tool:ikos,CWE-662,0.0,0.0,1.0,0.9862952288936716,0.0,1.0,0.0,0.0,0.0,0.9862952288936716,0.5,0.5,0.013704771106328428,795
tool:ikos,CWE-665,0.0,0.0,0.9954378368578591,0.9975582206215087,0.0045621631421408244,1.0,0.0,0.0,-0.003324717765957904,0.9930182588047302,0.49771891842892957,0.49771891842892957,0.0024306661378417005,141
tool:ikos,CWE-668,0.0,0.0,1.0,0.9764864049981922,0.0,1.0,0.0,0.0,0.0,0.9764864049981922,0.5,0.5,0.023513595001807823,1364
tool:ikos,CWE-704,0.0,0.0,1.0,0.9924149694505855,0.0,1.0,0.0,0.0,0.0,0.9924149694505855,0.5,0.5,0.007585030549414477,440
tool:ikos,CWE-705,0.0,0.0,1.0,0.9954489813717284,0.0,1.0,0.0,0.0,0.0,0.9954489813717284,0.5,0.5,0.004551018628271632,264
tool:ikos,CWE-706,0.0,0.0,1.0,0.9860883590730094,0.0,1.0,0.0,0.0,0.0,0.9860883590730094,0.5,0.5,0.013911640926990567,807
tool:ikos,CWE-74,0.0,0.0,1.0,0.9838300948538075,0.0,1.0,0.0,0.0,0.0,0.9838300948538075,0.5,0.5,0.016169905146192542,938
tool:ikos,CWE-754,0.0,0.0,1.0,0.9971211397007419,0.0,1.0,0.0,0.0,0.0,0.9971211397007419,0.5,0.5,0.0028788602992581387,167
tool:ikos,CWE-834,0.0,0.0,1.0,0.9939492056453924,0.0,1.0,0.0,0.0,0.0,0.9939492056453924,0.5,0.5,0.006050794354607701,351
tool:joern,CWE-118,0.23571704932782347,0.010675484175720359,0.9922611910286641,0.8179700059931111,0.007738808971336013,0.9893245158242797,0.02042355717002991,0.01319455500499137,0.012552192408160334,0.8131495828812294,0.5014683376021922,0.5014683376021922,0.18308650623267936,10585
tool:joern,CWE-190,0.0,0.0,1.0,0.9757623710325916,0.0,1.0,0.0,0.0,0.0,0.9757623710325916,0.5,0.5,0.02423762896740832,1406
tool:joern,CWE-191,0.0,0.0,1.0,0.9971211397007419,0.0,1.0,0.0,0.0,0.0,0.9971211397007419,0.5,0.5,0.0028788602992581387,167
tool:joern,CWE-20,0.0,0.0,1.0,0.9667982514531991,0.0,1.0,0.0,0.0,0.0,0.9667982514531991,0.5,0.5,0.033201748546801,1926
tool:joern,CWE-269,0.0,0.0,1.0,0.9979830809316533,0.0,1.0,0.0,0.0,0.0,0.9979830809316533,0.5,0.5,0.0020169190683466502,117
tool:joern,CWE-285,0.0,0.0,1.0,0.9951214471489586,0.0,1.0,0.0,0.0,0.0,0.9951214471489586,0.5,0.5,0.004878552851041446,283
tool:joern,CWE-287,0.0,0.0,1.0,0.9945008466118462,0.0,1.0,0.0,0.0,0.0,0.9945008466118462,0.5,0.5,0.00549915338815374,319
tool:joern,CWE-369,0.0,0.0,1.0,0.9952765883725819,0.0,1.0,0.0,0.0,0.0,0.9952765883725819,0.5,0.5,0.004723411627418168,274
tool:joern,CWE-400,0.0,0.0,1.0,0.9900360215125452,0.0,1.0,0.0,0.0,0.0,0.9900360215125452,0.5,0.5,0.009963978487454754,578
tool:joern,CWE-404,0.0,0.0,1.0,0.9788480981824212,0.0,1.0,0.0,0.0,0.0,0.9788480981824212,0.5,0.5,0.0211519018175787,1227
tool:joern,CWE-476,0.0,0.0,1.0,0.97098725309598,0.0,1.0,0.0,0.0,0.0,0.97098725309598,0.5,0.5,0.02901274690402008,1683
tool:joern,CWE-662,0.0,0.0,1.0,0.9862952288936716,0.0,1.0,0.0,0.0,0.0,0.9862952288936716,0.5,0.5,0.013704771106328428,795
tool:joern,CWE-665,0.0,0.0,1.0,0.9975693338621582,0.0,1.0,0.0,0.0,0.0,0.9975693338621582,0.5,0.5,0.0024306661378417005,141
tool:joern,CWE-668,0.0,0.0,1.0,0.9764864049981922,0.0,1.0,0.0,0.0,0.0,0.9764864049981922,0.5,0.5,0.023513595001807823,1364
tool:joern,CWE-704,0.0,0.0,1.0,0.9924149694505855,0.0,1.0,0.0,0.0,0.0,0.9924149694505855,0.5,0.5,0.007585030549414477,440
tool:joern,CWE-705,0.0,0.0,1.0,0.9954489813717284,0.0,1.0,0.0,0.0,0.0,0.9954489813717284,0.5,0.5,0.004551018628271632,264
tool:joern,CWE-706,0.0,0.0,1.0,0.9860883590730094,0.0,1.0,0.0,0.0,0.0,0.9860883590730094,0.5,0.5,0.013911640926990567,807
tool:joern,CWE-74,0.0,0.0,0.9988259708242628,0.983811406906949,0.0011740291757371007,1.0,0.0,0.0,-0.00427766345845957,0.9826750353082808,0.4994129854121314,0.4994129854121314,0.016169905146192542,938
tool:joern,CWE-754,0.0,0.0,1.0,0.9971211397007419,0.0,1.0,0.0,0.0,0.0,0.9971211397007419,0.5,0.5,0.0028788602992581387,167
tool:joern,CWE-834,0.0,0.0,1.0,0.9939492056453924,0.0,1.0,0.0,0.0,0.0,0.9939492056453924,0.5,0.5,0.006050794354607701,351
tool:semgrep,CWE-118,0.3146648876010578,0.007274444969296173,0.9965417010525479,0.8181001826078619,0.003458298947452092,0.9927255550307038,0.014209869176041182,0.00903911206953947,0.022415431554522157,0.8160285576207998,0.501908073010922,0.501908073010922,0.183550374334784,10585
tool:semgrep,CWE-190,0.0,0.0,1.0,0.9757623710325916,0.0,1.0,0.0,0.0,0.0,0.9757623710325916,0.5,0.5,0.02423762896740832,1406
tool:semgrep,CWE-191,0.0,0.0,1.0,0.9971211397007419,0.0,1.0,0.0,0.0,0.0,0.9971211397007419,0.5,0.5,0.0028788602992581387,167
tool:semgrep,CWE-20,0.0,0.0,1.0,0.9667982514531991,0.0,1.0,0.0,0.0,0.0,0.9667982514531991,0.5,0.5,0.033201748546801,1926
tool:semgrep,CWE-269,0.0,0.0,1.0,0.9979830809316533,0.0,1.0,0.0,0.0,0.0,0.9979830809316533,0.5,0.5,0.0020169190683466502,117
tool:semgrep,CWE-285,0.0,0.0,1.0,0.9951214471489586,0.0,1.0,0.0,0.0,0.0,0.9951214471489586,0.5,0.5,0.004878552851041446,283
tool:semgrep,CWE-287,0.0,0.0,1.0,0.9945008466118462,0.0,1.0,0.0,0.0,0.0,0.9945008466118462,0.5,0.5,0.00549915338815374,319
tool:semgrep,CWE-369,0.0,0.0,1.0,0.9952765883725819,0.0,1.0,0.0,0.0,0.0,0.9952765883725819,0.5,0.5,0.004723411627418168,274
tool:semgrep,CWE-400,0.0,0.0,1.0,0.9900360215125452,0.0,1.0,0.0,0.0,0.0,0.9900360215125452,0.5,0.5,0.009963978487454754,578
tool:semgrep,CWE-404,0.0,0.0,1.0,0.9788480981824212,0.0,1.0,0.0,0.0,0.0,0.9788480981824212,0.5,0.5,0.0211519018175787,1227
tool:semgrep,CWE-476,0.0,0.0,1.0,0.97098725309598,0.0,1.0,0.0,0.0,0.0,0.97098725309598,0.5,0.5,0.02901274690402008,1683
tool:semgrep,CWE-662,0.0,0.0,1.0,0.9862952288936716,0.0,1.0,0.0,0.0,0.0,0.9862952288936716,0.5,0.5,0.013704771106328428,795
tool:semgrep,CWE-665,0.0,0.0,1.0,0.9975693338621582,0.0,1.0,0.0,0.0,0.0,0.9975693338621582,0.5,0.5,0.0024306661378417005,141
tool:semgrep,CWE-668,0.02857142857142857,0.0007352941176470588,0.9994880410481976,0.9764914883375093,0.0005119589518024307,0.9992647058823529,0.0014336917562724016,0.0009132420091324201,0.0011469447804982082,0.9760037221182474,0.5001116675829224,0.5001116675829224,0.02360139861144337,1364
tool:semgrep,CWE-704,0.0,0.0,1.0,0.9924149694505855,0.0,1.0,0.0,0.0,0.0,0.9924149694505855,0.5,0.5,0.007585030549414477,440
tool:semgrep,CWE-705,0.0,0.0,1.0,0.9954489813717284,0.0,1.0,0.0,0.0,0.0,0.9954489813717284,0.5,0.5,0.004551018628271632,264
tool:semgrep,CWE-706,0.0,0.0,1.0,0.9860883590730094,0.0,1.0,0.0,0.0,0.0,0.9860883590730094,0.5,0.5,0.013911640926990567,807
tool:semgrep,CWE-74,0.0,0.0,1.0,0.9838300948538075,0.0,1.0,0.0,0.0,0.0,0.9838300948538075,0.5,0.5,0.016169905146192542,938
tool:semgrep,CWE-754,0.0,0.0,1.0,0.9971211397007419,0.0,1.0,0.0,0.0,0.0,0.9971211397007419,0.5,0.5,0.0028788602992581387,167
tool:semgrep,CWE-834,0.0,0.0,1.0,0.9939492056453924,0.0,1.0,0.0,0.0,0.0,0.9939492056453924,0.5,0.5,0.006050794354607701,351
or_1_of_6,CWE-118,0.23723786506547154,0.3771374586679263,0.7293354753828927,0.8399000498498255,0.2706645246171072,0.6228625413320736,0.291256004897286,0.3373469031830164,0.09062596205920201,0.6650691835130387,0.5532364670254095,0.5532364670254095,0.20313882103546188,10585
or_1_of_6,CWE-190,0.07169117880319609,0.06686100805128593,0.9784465197205602,0.9768587041058356,0.02155348027943974,0.9331389919487141,0.06911134142327975,0.06772513663813143,0.046876162999872704,0.9563517134917323,0.5226537638859231,0.5226537638859231,0.02765420866793959,1406
or_1_of_6,CWE-191,0.0,0.0,0.9980982167036794,0.99711567709116,0.0019017832963206017,1.0,0.0,0.0,-0.002333178479710505,0.9952248240837364,0.4990491083518397,0.4990491083518397,0.0028788602992581387,167
or_1_of_6,CWE-20,0.03902732502605781,0.0654168629298163,0.9447962348544363,0.9671457222690728,0.05520376514556361,0.9345831370701838,0.048874562277957154,0.057609708600363255,0.00793931810461572,0.9155994513594916,0.5051065488921264,0.5051065488921264,0.03359918858204726,1926
or_1_of_6,CWE-269,0.0,0.0,0.9992745710932196,0.9979816120025908,0.000725428906780469,1.0,0.0,0.0,-0.001193317412040144,0.9972591227565107,0.4996372855466098,0.4996372855466098,0.0020169190683466502,117
or_1_of_6,CWE-285,0.0286828093306288,0.0318922305764411,0.9949936488455773,0.9952522536462712,0.005006351154422746,0.9681077694235588,0.030149602618045817,0.031156866345222505,0.025351051932397912,0.9902946333349758,0.5134429397110092,0.5134429397110092,0.006224522420903758,283
or_1_of_6,CWE-287,0.2,0.003125,1.0,0.994518000227292,0.0,0.996875,0.006153846153846154,0.0038910505836575876,0.02493199028788906,0.9945180939385105,0.5015625,0.5015625,0.008606906061489374,319
or_1_of_6,CWE-369,0.09999999999999999,0.007272727272727273,0.9997575112589372,0.9953097735133183,0.00024248874106281567,0.9927272727272728,0.013453928773318257,0.008909083693797374,0.025547169577834407,0.9950697259872637,0.5035151192658323,0.5035151192658323,0.006507115145316146,274
or_1_of_6,CWE-400,0.0,0.0,0.9993732211042927,0.9900298442571203,0.0006267788957073925,1.0,0.0,0.0,-0.0024492130690113535,0.9894154774343024,0.49968661055214636,0.49968661055214636,0.009963978487454754,578
or_1_of_6,CWE-404,0.006355611601513242,0.001629334660693546,0.9950863548178004,0.9787797944637738,0.004913645182199554,0.9983706653393064,0.002593363175924175,0.0019139036399883152,-0.006964651123767272,0.9740728747359986,0.49835784473924705,0.49835784473924705,0.021143306303270205,1227
or_1_of_6,CWE-476,0.08619273769482211,0.026730959446092977,0.9915846444995078,0.9715082000684875,0.008415355500492307,0.9732690405539071,0.040781210659642755,0.031002345378564437,0.03249567330269139,0.9635918569624273,0.5091578019728004,0.5091578019728004,0.030782165202685768,1683
or_1_of_6,CWE-662,0.007956554144744133,0.020125786163522015,0.964991348263282,0.9860867784843798,0.035008651736717876,0.979874213836478,0.011402993046546631,0.015409216783829425,-0.009414931355967182,0.9520421945104867,0.492558567213402,0.492558567213402,0.013622981794212164,795
or_1_of_6,CWE-665,0.003976342129208371,0.021182266009852214,0.9871432052868128,0.9975900397052138,0.012856794713187198,0.9788177339901478,0.006691188229649768,0.011341194237918215,0.0036088682744639658,0.9847954933479631,0.5041627356483325,0.5041627356483325,0.0026101926442821787,141
or_1_of_6,CWE-668,0.060983705629935124,0.23021439344968755,0.914678983215668,0.9801374360543613,0.0853210167843321,0.7697856065503125,0.09641767254483694,0.14803165567194618,0.07718589188073548,0.8985845877791198,0.5724466883326778,0.5724466883326778,0.032185634378264175,1364
or_1_of_6,CWE-704,0.008333333333333333,0.0022727272727272726,0.9981587615900155,0.9924182210881838,0.0018412384099844004,0.9977272727272727,0.0035714285714285718,0.0026595744680851068,0.000621053200890895,0.9906049291277752,0.5002157444313714,0.5002157444313714,0.007662495053145567,440
or_1_of_6,CWE-705,0.0,0.0,0.9997229482002256,0.9954477299681528,0.0002770517997744532,1.0,0.0,0.0,-0.0010429020749816867,0.9951731861504081,0.4998614741001128,0.4998614741001128,0.004551018628271632,264
or_1_of_6,CWE-706,0.02857142857142857,0.0012422360248447203,0.9995105337833092,0.9860986422304029,0.0004894662166907697,0.9987577639751553,0.0023809523809523807,0.0015360983102918582,0.003379872875747394,0.9856229369037072,0.500376384904077,0.500376384904077,0.014071870750288217,807
or_1_of_6,CWE-74,0.3263334303954303,0.24842416657185118,0.9915542984302392,0.9876950101205939,0.00844570156976077,0.7515758334281488,0.282015172332767,0.26083882465254804,0.27447749904075414,0.979537548307451,0.6199892325010452,0.6199892325010452,0.0934700039131169,938
or_1_of_6,CWE-754,0.011428571428571429,0.011764705882352941,0.9975450201618136,0.9971485392955743,0.0024549798381864702,0.9882352941176471,0.011594202898550723,0.011695906432748539,0.008954776025144263,0.9947077075304337,0.5046548630220833,0.5046548630220833,0.003516658334708099,167
or_1_of_6,CWE-834,0.0641025641025641,0.008571428571428572,0.9993063548374537,0.993996485659552,0.000693645162546425,0.9914285714285714,0.01490171211160431,0.010322442063056398,0.0210572857859078,0.9933114588318018,0.5039388917044411,0.5039388917044411,0.007354394944693329,351
traditional_2_of_6,CWE-118,0.29371791326772173,0.026547000472366557,0.985745325871877,0.8193928878895014,0.01425467412812298,0.9734529995276334,0.048678154578527935,0.0324477091719783,0.03726936071800991,0.8107188796032968,0.5061461631721218,0.5541640332231034,0.20592474561454402,10585
traditional_2_of_6,CWE-190,0.15282051282051282,0.00853840135281795,0.9988516945496351,0.9759373081908878,0.001148305450364998,0.9914615986471821,0.016144996875893887,0.010520990836224832,0.030714245953632823,0.9748487502284224,0.5036950479512264,0.5227093975891723,0.028582718756245122,1406
traditional_2_of_6,CWE-191,0.0,0.0,1.0,0.9971211397007419,0.0,1.0,0.0,0.0,0.0,0.9971211397007419,0.5,0.4990491083518397,0.0028788602992581387,167
traditional_2_of_6,CWE-20,0.05942270991451319,0.006750555144337528,0.9958810160131986,0.9668829331897424,0.004118983986801451,0.9932494448556625,0.012077721990767237,0.008195898619137013,0.008311022096384285,0.9630401282864703,0.501315785578768,0.505160364943549,0.03399973954673143,1926
traditional_2_of_6,CWE-269,0.0,0.0,1.0,0.9979830809316533,0.0,1.0,0.0,0.0,0.0,0.9979830809316533,0.5,0.4996372855466098,0.0020169190683466502,117
traditional_2_of_6,CWE-285,0.0,0.0,0.999722825220608,0.9951201077829473,0.0002771747793920394,1.0,0.0,0.0,-0.0011056180764409719,0.9948456177630189,0.499861412610304,0.5134376946317392,0.006224522420903758,283
traditional_2_of_6,CWE-287,0.0,0.0,1.0,0.9945008466118462,0.0,1.0,0.0,0.0,0.0,0.9945008466118462,0.5,0.5015625,0.008606906061489374,319
traditional_2_of_6,CWE-369,0.0,0.0,1.0,0.9952765883725819,0.0,1.0,0.0,0.0,0.0,0.9952765883725819,0.5,0.5035151192658323,0.006507115145316146,274
traditional_2_of_6,CWE-400,0.0,0.0,1.0,0.9900360215125452,0.0,1.0,0.0,0.0,0.0,0.9900360215125452,0.5,0.49968661055214636,0.009963978487454754,578
traditional_2_of_6,CWE-404,0.0,0.0,0.9991722638007017,0.9788309477492744,0.0008277361992983184,1.0,0.0,0.0,-0.004140000725280525,0.9780378677039258,0.49958613190035084,0.4983570196222982,0.021143306303270205,1227
traditional_2_of_6,CWE-476,0.0,0.0,1.0,0.97098725309598,0.0,1.0,0.0,0.0,0.0,0.97098725309598,0.5,0.5091578019728004,0.030782165202685768,1683
traditional_2_of_6,CWE-662,0.026666666666666665,0.002515723270440252,0.9991435231258885,0.9863176881165663,0.0008564768741115261,0.9974842767295599,0.004597701149425288,0.003072196620583718,0.004847798281113738,0.9854849672362735,0.5008296231981644,0.4925926429002875,0.013927199116080124,795
traditional_2_of_6,CWE-665,0.03076923076923077,0.014285714285714285,0.9991878078582589,0.9976017910101682,0.0008121921417410588,0.9857142857142858,0.01951219512195122,0.016,0.01958623664238293,0.9967935846832414,0.5067367610719866,0.5042492045285607,0.004626011220610309,141
traditional_2_of_6,CWE-668,0.041666666666666664,0.0014678948502477914,0.999205581640633,0.976501839795052,0.0007944183593669496,0.9985321051497522,0.002832080200501253,0.001818205860573363,0.003478434421598782,0.9757451430165087,0.5003367382454404,0.5724198080590974,0.03225153461744069,1364
traditional_2_of_6,CWE-704,0.0,0.0,1.0,0.9924149694505855,0.0,1.0,0.0,0.0,0.0,0.9924149694505855,0.5,0.5002157444313714,0.007662495053145567,440
traditional_2_of_6,CWE-705,0.0,0.0,1.0,0.9954489813717284,0.0,1.0,0.0,0.0,0.0,0.9954489813717284,0.5,0.4998614741001128,0.004551018628271632,264
traditional_2_of_6,CWE-706,0.0,0.0,1.0,0.9860883590730094,0.0,1.0,0.0,0.0,0.0,0.9860883590730094,0.5,0.500376384904077,0.014071870750288217,807
traditional_2_of_6,CWE-74,0.0,0.0,0.9998072450274298,0.9838270325173323,0.0001927549725701246,1.0,0.0,0.0,-0.0015263042372953548,0.9836404515632868,0.4999036225137149,0.6199648086843637,0.0934700039131169,938
traditional_2_of_6,CWE-754,0.0,0.0,1.0,0.9971211397007419,0.0,1.0,0.0,0.0,0.0,0.9971211397007419,0.5,0.5046548630220833,0.003516658334708099,167
traditional_2_of_6,CWE-834,0.0,0.0,1.0,0.9939492056453924,0.0,1.0,0.0,0.0,0.0,0.9939492056453924,0.5,0.5039388917044411,0.007354394944693329,351
traditional_3_of_6,CWE-118,0.42309934318555004,0.006235238545111006,0.9981022020155637,0.8181771070558442,0.001897797984436362,0.993764761454889,0.012288522244633126,0.007765301612893969,0.0323307060007953,0.8171145788494701,0.5021687202803373,0.5541640332231034,0.20592474561454402,10585
traditional_3_of_6,CWE-190,0.0,0.0,0.9999823337161029,0.9757619534830344,1.7666283897182228e-05,1.0,0.0,0.0,-0.0002925452473549872,0.9757451326254205,0.49999116685805145,0.5227093975891723,0.028582718756245122,1406
traditional_3_of_6,CWE-191,0.0,0.0,1.0,0.9971211397007419,0.0,1.0,0.0,0.0,0.0,0.9971211397007419,0.5,0.4990491083518397,0.0028788602992581387,167
traditional_3_of_6,CWE-20,0.0,0.0,1.0,0.9667982514531991,0.0,1.0,0.0,0.0,0.0,0.9667982514531991,0.5,0.505160364943549,0.03399973954673143,1926
traditional_3_of_6,CWE-269,0.0,0.0,1.0,0.9979830809316533,0.0,1.0,0.0,0.0,0.0,0.9979830809316533,0.5,0.4996372855466098,0.0020169190683466502,117
traditional_3_of_6,CWE-285,0.0,0.0,1.0,0.9951214471489586,0.0,1.0,0.0,0.0,0.0,0.9951214471489586,0.5,0.5134376946317392,0.006224522420903758,283
traditional_3_of_6,CWE-287,0.0,0.0,1.0,0.9945008466118462,0.0,1.0,0.0,0.0,0.0,0.9945008466118462,0.5,0.5015625,0.008606906061489374,319
traditional_3_of_6,CWE-369,0.0,0.0,1.0,0.9952765883725819,0.0,1.0,0.0,0.0,0.0,0.9952765883725819,0.5,0.5035151192658323,0.006507115145316146,274
traditional_3_of_6,CWE-400,0.0,0.0,1.0,0.9900360215125452,0.0,1.0,0.0,0.0,0.0,0.9900360215125452,0.5,0.49968661055214636,0.009963978487454754,578
traditional_3_of_6,CWE-404,0.0,0.0,0.9999647856314464,0.9788473703220042,3.5214368553615386e-05,1.0,0.0,0.0,-0.0005453657385115169,0.9788136273092842,0.4999823928157232,0.4983570196222982,0.021143306303270205,1227
traditional_3_of_6,CWE-476,0.0,0.0,1.0,0.97098725309598,0.0,1.0,0.0,0.0,0.0,0.97098725309598,0.5,0.5091578019728004,0.030782165202685768,1683
traditional_3_of_6,CWE-662,0.0,0.0,1.0,0.9862952288936716,0.0,1.0,0.0,0.0,0.0,0.9862952288936716,0.5,0.4925926429002875,0.013927199116080124,795
traditional_3_of_6,CWE-665,0.0,0.0,1.0,0.9975693338621582,0.0,1.0,0.0,0.0,0.0,0.9975693338621582,0.5,0.5042492045285607,0.004626011220610309,141
traditional_3_of_6,CWE-668,0.0,0.0,1.0,0.9764864049981922,0.0,1.0,0.0,0.0,0.0,0.9764864049981922,0.5,0.5724198080590974,0.03225153461744069,1364
traditional_3_of_6,CWE-704,0.0,0.0,1.0,0.9924149694505855,0.0,1.0,0.0,0.0,0.0,0.9924149694505855,0.5,0.5002157444313714,0.007662495053145567,440
traditional_3_of_6,CWE-705,0.0,0.0,1.0,0.9954489813717284,0.0,1.0,0.0,0.0,0.0,0.9954489813717284,0.5,0.4998614741001128,0.004551018628271632,264
traditional_3_of_6,CWE-706,0.0,0.0,1.0,0.9860883590730094,0.0,1.0,0.0,0.0,0.0,0.9860883590730094,0.5,0.500376384904077,0.014071870750288217,807
traditional_3_of_6,CWE-74,0.0,0.0,1.0,0.9838300948538075,0.0,1.0,0.0,0.0,0.0,0.9838300948538075,0.5,0.6199648086843637,0.0934700039131169,938
traditional_3_of_6,CWE-754,0.0,0.0,1.0,0.9971211397007419,0.0,1.0,0.0,0.0,0.0,0.9971211397007419,0.5,0.5046548630220833,0.003516658334708099,167
traditional_3_of_6,CWE-834,0.0,0.0,1.0,0.9939492056453924,0.0,1.0,0.0,0.0,0.0,0.9939492056453924,0.5,0.5039388917044411,0.007354394944693329,351
weighted_fire_specificity_silence_sensitivity_tau_0_1,CWE-118,0.23723786506547154,0.3771374586679263,0.7293354753828927,0.8399000498498255,0.2706645246171072,0.6228625413320736,0.291256004897286,0.3373469031830164,0.09062596205920201,0.6650691835130387,0.5532364670254095,0.5530710957554307,0.2046715488246996,10585
weighted_fire_specificity_silence_sensitivity_tau_0_1,CWE-190,0.07169117880319609,0.06686100805128593,0.9784465197205602,0.9768587041058356,0.02155348027943974,0.9331389919487141,0.06911134142327975,0.06772513663813143,0.046876162999872704,0.9563517134917323,0.5226537638859231,0.5226233031515358,0.03425591213872784,1406
weighted_fire_specificity_silence_sensitivity_tau_0_1,CWE-191,0.0,0.0,0.9980982167036794,0.99711567709116,0.0019017832963206017,1.0,0.0,0.0,-0.002333178479710505,0.9952248240837364,0.4990491083518397,0.4990491083518397,0.0028788602992581387,167
weighted_fire_specificity_silence_sensitivity_tau_0_1,CWE-20,0.03902732502605781,0.0654168629298163,0.9447962348544363,0.9671457222690728,0.05520376514556361,0.9345831370701838,0.048874562277957154,0.057609708600363255,0.00793931810461572,0.9155994513594916,0.5051065488921264,0.5051544800239254,0.03399440666635058,1926
weighted_fire_specificity_silence_sensitivity_tau_0_1,CWE-269,0.0,0.0,0.9992745710932196,0.9979816120025908,0.000725428906780469,1.0,0.0,0.0,-0.001193317412040144,0.9972591227565107,0.4996372855466098,0.4996372855466098,0.0020169190683466502,117
weighted_fire_specificity_silence_sensitivity_tau_0_1,CWE-285,0.0286828093306288,0.0318922305764411,0.9949936488455773,0.9952522536462712,0.005006351154422746,0.9681077694235588,0.030149602618045817,0.031156866345222505,0.025351051932397912,0.9902946333349758,0.5134429397110092,0.5134782300333018,0.007246490052893394,283
weighted_fire_specificity_silence_sensitivity_tau_0_1,CWE-287,0.0,0.0,1.0,0.9945008466118462,0.0,1.0,0.0,0.0,0.0,0.9945008466118462,0.5,0.5,0.00549915338815374,319
weighted_fire_specificity_silence_sensitivity_tau_0_1,CWE-369,0.09999999999999999,0.007272727272727273,0.9997921462922734,0.9953099369809724,0.00020785370772659605,0.9927272727272728,0.013453928773318257,0.008909083693797374,0.025622252269379427,0.9951041968593767,0.5035324367825004,0.5035321218367498,0.006507115145316146,274
weighted_fire_specificity_silence_sensitivity_tau_0_1,CWE-400,0.0,0.0,0.9993906305750446,0.9900300167155119,0.0006093694249553033,1.0,0.0,0.0,-0.002409367499494533,0.9894327128703588,0.4996953152875223,0.4996953152875223,0.009963978487454754,578
weighted_fire_specificity_silence_sensitivity_tau_0_1,CWE-404,0.006355611601513242,0.001629334660693546,0.9950863548178004,0.9787797944637738,0.004913645182199554,0.9983706653393064,0.002593363175924175,0.0019139036399883152,-0.006964651123767272,0.9740728747359986,0.49835784473924705,0.4983551199212458,0.021143306303270205,1227
weighted_fire_specificity_silence_sensitivity_tau_0_1,CWE-476,0.08619273769482211,0.026730959446092977,0.9915846444995078,0.9715082000684875,0.008415355500492307,0.9732690405539071,0.040781210659642755,0.031002345378564437,0.03249567330269139,0.9635918569624273,0.5091578019728004,0.5091566714506642,0.031225982006742436,1683
weighted_fire_specificity_silence_sensitivity_tau_0_1,CWE-662,0.007956554144744133,0.020125786163522015,0.964991348263282,0.9860867784843798,0.035008651736717876,0.979874213836478,0.011402993046546631,0.015409216783829425,-0.009414931355967182,0.9520421945104867,0.492558567213402,0.4925537846299859,0.013623809231123035,795
weighted_fire_specificity_silence_sensitivity_tau_0_1,CWE-665,0.003976342129208371,0.021182266009852214,0.9871432052868128,0.9975900397052138,0.012856794713187198,0.9788177339901478,0.006691188229649768,0.011341194237918215,0.0036088682744639658,0.9847954933479631,0.5041627356483325,0.5042133604783818,0.0027754623441993637,141
weighted_fire_specificity_silence_sensitivity_tau_0_1,CWE-668,0.060983705629935124,0.23021439344968755,0.914678983215668,0.9801374360543613,0.0853210167843321,0.7697856065503125,0.09641767254483694,0.14803165567194618,0.07718589188073548,0.8985845877791198,0.5724466883326778,0.5724195816464502,0.03225153461744069,1364
weighted_fire_specificity_silence_sensitivity_tau_0_1,CWE-704,0.008333333333333333,0.0022727272727272726,0.9981587615900155,0.9924182210881838,0.0018412384099844004,0.9977272727272727,0.0035714285714285718,0.0026595744680851068,0.000621053200890895,0.9906049291277752,0.5002157444313714,0.5002157444313714,0.007662495053145567,440
weighted_fire_specificity_silence_sensitivity_tau_0_1,CWE-705,0.0,0.0,0.9997229482002256,0.9954477299681528,0.0002770517997744532,1.0,0.0,0.0,-0.0010429020749816867,0.9951731861504081,0.4998614741001128,0.4998614741001128,0.004551018628271632,264
weighted_fire_specificity_silence_sensitivity_tau_0_1,CWE-706,0.02857142857142857,0.0012422360248447203,0.9995105337833092,0.9860986422304029,0.0004894662166907697,0.9987577639751553,0.0023809523809523807,0.0015360983102918582,0.003379872875747394,0.9856229369037072,0.500376384904077,0.500376384904077,0.014071870750288217,807
weighted_fire_specificity_silence_sensitivity_tau_0_1,CWE-74,0.3263334303954303,0.24842416657185118,0.9915542984302392,0.9876950101205939,0.00844570156976077,0.7515758334281488,0.282015172332767,0.26083882465254804,0.27447749904075414,0.979537548307451,0.6199892325010452,0.6201111201049143,0.10030701161249007,938
weighted_fire_specificity_silence_sensitivity_tau_0_1,CWE-754,0.011428571428571429,0.011764705882352941,0.9975450201618136,0.9971485392955743,0.0024549798381864702,0.9882352941176471,0.011594202898550723,0.011695906432748539,0.008954776025144263,0.9947077075304337,0.5046548630220833,0.5046548630220833,0.003516658334708099,167
weighted_fire_specificity_silence_sensitivity_tau_0_1,CWE-834,0.0641025641025641,0.008571428571428572,0.9993063548374537,0.993996485659552,0.000693645162546425,0.9914285714285714,0.01490171211160431,0.010322442063056398,0.0210572857859078,0.9933114588318018,0.5039388917044411,0.5039388917044411,0.007354394944693329,351
weighted_fire_specificity_silence_sensitivity_tau_0_2,CWE-118,0.23723786506547154,0.3771374586679263,0.7293354753828927,0.8399000498498255,0.2706645246171072,0.6228625413320736,0.291256004897286,0.3373469031830164,0.09062596205920201,0.6650691835130387,0.5532364670254095,0.5530710957554307,0.2046715488246996,10585
weighted_fire_specificity_silence_sensitivity_tau_0_2,CWE-190,0.07169117880319609,0.06686100805128593,0.9784465197205602,0.9768587041058356,0.02155348027943974,0.9331389919487141,0.06911134142327975,0.06772513663813143,0.046876162999872704,0.9563517134917323,0.5226537638859231,0.5226233031515358,0.03425591213872784,1406
weighted_fire_specificity_silence_sensitivity_tau_0_2,CWE-191,0.0,0.0,0.9980982167036794,0.99711567709116,0.0019017832963206017,1.0,0.0,0.0,-0.002333178479710505,0.9952248240837364,0.4990491083518397,0.4990491083518397,0.0028788602992581387,167
weighted_fire_specificity_silence_sensitivity_tau_0_2,CWE-20,0.03902732502605781,0.0654168629298163,0.9447962348544363,0.9671457222690728,0.05520376514556361,0.9345831370701838,0.048874562277957154,0.057609708600363255,0.00793931810461572,0.9155994513594916,0.5051065488921264,0.5051544800239254,0.03399440666635058,1926
weighted_fire_specificity_silence_sensitivity_tau_0_2,CWE-269,0.0,0.0,0.9992745710932196,0.9979816120025908,0.000725428906780469,1.0,0.0,0.0,-0.001193317412040144,0.9972591227565107,0.4996372855466098,0.4996372855466098,0.0020169190683466502,117
weighted_fire_specificity_silence_sensitivity_tau_0_2,CWE-285,0.0286828093306288,0.0318922305764411,0.9949936488455773,0.9952522536462712,0.005006351154422746,0.9681077694235588,0.030149602618045817,0.031156866345222505,0.025351051932397912,0.9902946333349758,0.5134429397110092,0.5134782300333018,0.007246490052893394,283
weighted_fire_specificity_silence_sensitivity_tau_0_2,CWE-287,0.0,0.0,1.0,0.9945008466118462,0.0,1.0,0.0,0.0,0.0,0.9945008466118462,0.5,0.5,0.00549915338815374,319
weighted_fire_specificity_silence_sensitivity_tau_0_2,CWE-369,0.09999999999999999,0.007272727272727273,0.9997921462922734,0.9953099369809724,0.00020785370772659605,0.9927272727272728,0.013453928773318257,0.008909083693797374,0.025622252269379427,0.9951041968593767,0.5035324367825004,0.5035321218367498,0.006507115145316146,274
weighted_fire_specificity_silence_sensitivity_tau_0_2,CWE-400,0.0,0.0,0.9993906305750446,0.9900300167155119,0.0006093694249553033,1.0,0.0,0.0,-0.002409367499494533,0.9894327128703588,0.4996953152875223,0.4996953152875223,0.009963978487454754,578
weighted_fire_specificity_silence_sensitivity_tau_0_2,CWE-404,0.006355611601513242,0.001629334660693546,0.9950863548178004,0.9787797944637738,0.004913645182199554,0.9983706653393064,0.002593363175924175,0.0019139036399883152,-0.006964651123767272,0.9740728747359986,0.49835784473924705,0.4983551199212458,0.021143306303270205,1227
weighted_fire_specificity_silence_sensitivity_tau_0_2,CWE-476,0.08619273769482211,0.026730959446092977,0.9915846444995078,0.9715082000684875,0.008415355500492307,0.9732690405539071,0.040781210659642755,0.031002345378564437,0.03249567330269139,0.9635918569624273,0.5091578019728004,0.5091566714506642,0.031225982006742436,1683
weighted_fire_specificity_silence_sensitivity_tau_0_2,CWE-662,0.007956554144744133,0.020125786163522015,0.964991348263282,0.9860867784843798,0.035008651736717876,0.979874213836478,0.011402993046546631,0.015409216783829425,-0.009414931355967182,0.9520421945104867,0.492558567213402,0.4925537846299859,0.013623809231123035,795
weighted_fire_specificity_silence_sensitivity_tau_0_2,CWE-665,0.003976342129208371,0.021182266009852214,0.9871432052868128,0.9975900397052138,0.012856794713187198,0.9788177339901478,0.006691188229649768,0.011341194237918215,0.0036088682744639658,0.9847954933479631,0.5041627356483325,0.5042133604783818,0.0027754623441993637,141
weighted_fire_specificity_silence_sensitivity_tau_0_2,CWE-668,0.060983705629935124,0.23021439344968755,0.914678983215668,0.9801374360543613,0.0853210167843321,0.7697856065503125,0.09641767254483694,0.14803165567194618,0.07718589188073548,0.8985845877791198,0.5724466883326778,0.5724195816464502,0.03225153461744069,1364
weighted_fire_specificity_silence_sensitivity_tau_0_2,CWE-704,0.008333333333333333,0.0022727272727272726,0.9981587615900155,0.9924182210881838,0.0018412384099844004,0.9977272727272727,0.0035714285714285718,0.0026595744680851068,0.000621053200890895,0.9906049291277752,0.5002157444313714,0.5002157444313714,0.007662495053145567,440
weighted_fire_specificity_silence_sensitivity_tau_0_2,CWE-705,0.0,0.0,0.9997229482002256,0.9954477299681528,0.0002770517997744532,1.0,0.0,0.0,-0.0010429020749816867,0.9951731861504081,0.4998614741001128,0.4998614741001128,0.004551018628271632,264
weighted_fire_specificity_silence_sensitivity_tau_0_2,CWE-706,0.02857142857142857,0.0012422360248447203,0.9995105337833092,0.9860986422304029,0.0004894662166907697,0.9987577639751553,0.0023809523809523807,0.0015360983102918582,0.003379872875747394,0.9856229369037072,0.500376384904077,0.500376384904077,0.014071870750288217,807
weighted_fire_specificity_silence_sensitivity_tau_0_2,CWE-74,0.3263334303954303,0.24842416657185118,0.9915542984302392,0.9876950101205939,0.00844570156976077,0.7515758334281488,0.282015172332767,0.26083882465254804,0.27447749904075414,0.979537548307451,0.6199892325010452,0.6201111201049143,0.10030701161249007,938
weighted_fire_specificity_silence_sensitivity_tau_0_2,CWE-754,0.011428571428571429,0.011764705882352941,0.9975450201618136,0.9971485392955743,0.0024549798381864702,0.9882352941176471,0.011594202898550723,0.011695906432748539,0.008954776025144263,0.9947077075304337,0.5046548630220833,0.5046548630220833,0.003516658334708099,167
weighted_fire_specificity_silence_sensitivity_tau_0_2,CWE-834,0.0641025641025641,0.008571428571428572,0.9993063548374537,0.993996485659552,0.000693645162546425,0.9914285714285714,0.01490171211160431,0.010322442063056398,0.0210572857859078,0.9933114588318018,0.5039388917044411,0.5039388917044411,0.007354394944693329,351
weighted_fire_specificity_silence_sensitivity_tau_0_3,CWE-118,0.23723786506547154,0.3771374586679263,0.7293354753828927,0.8399000498498255,0.2706645246171072,0.6228625413320736,0.291256004897286,0.3373469031830164,0.09062596205920201,0.6650691835130387,0.5532364670254095,0.5530710957554307,0.2046715488246996,10585
weighted_fire_specificity_silence_sensitivity_tau_0_3,CWE-190,0.07169117880319609,0.06686100805128593,0.9784465197205602,0.9768587041058356,0.02155348027943974,0.9331389919487141,0.06911134142327975,0.06772513663813143,0.046876162999872704,0.9563517134917323,0.5226537638859231,0.5226233031515358,0.03425591213872784,1406
weighted_fire_specificity_silence_sensitivity_tau_0_3,CWE-191,0.0,0.0,0.9980982167036794,0.99711567709116,0.0019017832963206017,1.0,0.0,0.0,-0.002333178479710505,0.9952248240837364,0.4990491083518397,0.4990491083518397,0.0028788602992581387,167
weighted_fire_specificity_silence_sensitivity_tau_0_3,CWE-20,0.03902732502605781,0.0654168629298163,0.9447962348544363,0.9671457222690728,0.05520376514556361,0.9345831370701838,0.048874562277957154,0.057609708600363255,0.00793931810461572,0.9155994513594916,0.5051065488921264,0.5051544800239254,0.03399440666635058,1926
weighted_fire_specificity_silence_sensitivity_tau_0_3,CWE-269,0.0,0.0,0.9992745710932196,0.9979816120025908,0.000725428906780469,1.0,0.0,0.0,-0.001193317412040144,0.9972591227565107,0.4996372855466098,0.4996372855466098,0.0020169190683466502,117
weighted_fire_specificity_silence_sensitivity_tau_0_3,CWE-285,0.0286828093306288,0.0318922305764411,0.9949936488455773,0.9952522536462712,0.005006351154422746,0.9681077694235588,0.030149602618045817,0.031156866345222505,0.025351051932397912,0.9902946333349758,0.5134429397110092,0.5134782300333018,0.007246490052893394,283
weighted_fire_specificity_silence_sensitivity_tau_0_3,CWE-287,0.0,0.0,1.0,0.9945008466118462,0.0,1.0,0.0,0.0,0.0,0.9945008466118462,0.5,0.5,0.00549915338815374,319
weighted_fire_specificity_silence_sensitivity_tau_0_3,CWE-369,0.09999999999999999,0.007272727272727273,0.9997921462922734,0.9953099369809724,0.00020785370772659605,0.9927272727272728,0.013453928773318257,0.008909083693797374,0.025622252269379427,0.9951041968593767,0.5035324367825004,0.5035321218367498,0.006507115145316146,274
weighted_fire_specificity_silence_sensitivity_tau_0_3,CWE-400,0.0,0.0,0.9993906305750446,0.9900300167155119,0.0006093694249553033,1.0,0.0,0.0,-0.002409367499494533,0.9894327128703588,0.4996953152875223,0.4996953152875223,0.009963978487454754,578
weighted_fire_specificity_silence_sensitivity_tau_0_3,CWE-404,0.006355611601513242,0.001629334660693546,0.9950863548178004,0.9787797944637738,0.004913645182199554,0.9983706653393064,0.002593363175924175,0.0019139036399883152,-0.006964651123767272,0.9740728747359986,0.49835784473924705,0.4983551199212458,0.021143306303270205,1227
weighted_fire_specificity_silence_sensitivity_tau_0_3,CWE-476,0.08619273769482211,0.026730959446092977,0.9915846444995078,0.9715082000684875,0.008415355500492307,0.9732690405539071,0.040781210659642755,0.031002345378564437,0.03249567330269139,0.9635918569624273,0.5091578019728004,0.5091566714506642,0.031225982006742436,1683
weighted_fire_specificity_silence_sensitivity_tau_0_3,CWE-662,0.007956554144744133,0.020125786163522015,0.964991348263282,0.9860867784843798,0.035008651736717876,0.979874213836478,0.011402993046546631,0.015409216783829425,-0.009414931355967182,0.9520421945104867,0.492558567213402,0.4925537846299859,0.013623809231123035,795
weighted_fire_specificity_silence_sensitivity_tau_0_3,CWE-665,0.003976342129208371,0.021182266009852214,0.9871432052868128,0.9975900397052138,0.012856794713187198,0.9788177339901478,0.006691188229649768,0.011341194237918215,0.0036088682744639658,0.9847954933479631,0.5041627356483325,0.5042133604783818,0.0027754623441993637,141
weighted_fire_specificity_silence_sensitivity_tau_0_3,CWE-668,0.060983705629935124,0.23021439344968755,0.914678983215668,0.9801374360543613,0.0853210167843321,0.7697856065503125,0.09641767254483694,0.14803165567194618,0.07718589188073548,0.8985845877791198,0.5724466883326778,0.5724195816464502,0.03225153461744069,1364
weighted_fire_specificity_silence_sensitivity_tau_0_3,CWE-704,0.008333333333333333,0.0022727272727272726,0.9981587615900155,0.9924182210881838,0.0018412384099844004,0.9977272727272727,0.0035714285714285718,0.0026595744680851068,0.000621053200890895,0.9906049291277752,0.5002157444313714,0.5002157444313714,0.007662495053145567,440
weighted_fire_specificity_silence_sensitivity_tau_0_3,CWE-705,0.0,0.0,0.9997229482002256,0.9954477299681528,0.0002770517997744532,1.0,0.0,0.0,-0.0010429020749816867,0.9951731861504081,0.4998614741001128,0.4998614741001128,0.004551018628271632,264
weighted_fire_specificity_silence_sensitivity_tau_0_3,CWE-706,0.02857142857142857,0.0012422360248447203,0.9995105337833092,0.9860986422304029,0.0004894662166907697,0.9987577639751553,0.0023809523809523807,0.0015360983102918582,0.003379872875747394,0.9856229369037072,0.500376384904077,0.500376384904077,0.014071870750288217,807
weighted_fire_specificity_silence_sensitivity_tau_0_3,CWE-74,0.3263334303954303,0.24842416657185118,0.9915542984302392,0.9876950101205939,0.00844570156976077,0.7515758334281488,0.282015172332767,0.26083882465254804,0.27447749904075414,0.979537548307451,0.6199892325010452,0.6201111201049143,0.10030701161249007,938
weighted_fire_specificity_silence_sensitivity_tau_0_3,CWE-754,0.011428571428571429,0.011764705882352941,0.9975450201618136,0.9971485392955743,0.0024549798381864702,0.9882352941176471,0.011594202898550723,0.011695906432748539,0.008954776025144263,0.9947077075304337,0.5046548630220833,0.5046548630220833,0.003516658334708099,167
weighted_fire_specificity_silence_sensitivity_tau_0_3,CWE-834,0.0641025641025641,0.008571428571428572,0.9993063548374537,0.993996485659552,0.000693645162546425,0.9914285714285714,0.01490171211160431,0.010322442063056398,0.0210572857859078,0.9933114588318018,0.5039388917044411,0.5039388917044411,0.007354394944693329,351
weighted_fire_specificity_silence_sensitivity_tau_0_4,CWE-118,0.23723786506547154,0.3771374586679263,0.7293354753828927,0.8399000498498255,0.2706645246171072,0.6228625413320736,0.291256004897286,0.3373469031830164,0.09062596205920201,0.6650691835130387,0.5532364670254095,0.5530710957554307,0.2046715488246996,10585
weighted_fire_specificity_silence_sensitivity_tau_0_4,CWE-190,0.07169117880319609,0.06686100805128593,0.9784465197205602,0.9768587041058356,0.02155348027943974,0.9331389919487141,0.06911134142327975,0.06772513663813143,0.046876162999872704,0.9563517134917323,0.5226537638859231,0.5226233031515358,0.03425591213872784,1406
weighted_fire_specificity_silence_sensitivity_tau_0_4,CWE-191,0.0,0.0,0.9980982167036794,0.99711567709116,0.0019017832963206017,1.0,0.0,0.0,-0.002333178479710505,0.9952248240837364,0.4990491083518397,0.4990491083518397,0.0028788602992581387,167
weighted_fire_specificity_silence_sensitivity_tau_0_4,CWE-20,0.03902732502605781,0.0654168629298163,0.9447962348544363,0.9671457222690728,0.05520376514556361,0.9345831370701838,0.048874562277957154,0.057609708600363255,0.00793931810461572,0.9155994513594916,0.5051065488921264,0.5051544800239254,0.03399440666635058,1926
weighted_fire_specificity_silence_sensitivity_tau_0_4,CWE-269,0.0,0.0,0.9992745710932196,0.9979816120025908,0.000725428906780469,1.0,0.0,0.0,-0.001193317412040144,0.9972591227565107,0.4996372855466098,0.4996372855466098,0.0020169190683466502,117
weighted_fire_specificity_silence_sensitivity_tau_0_4,CWE-285,0.0286828093306288,0.0318922305764411,0.9949936488455773,0.9952522536462712,0.005006351154422746,0.9681077694235588,0.030149602618045817,0.031156866345222505,0.025351051932397912,0.9902946333349758,0.5134429397110092,0.5134782300333018,0.007246490052893394,283
weighted_fire_specificity_silence_sensitivity_tau_0_4,CWE-287,0.0,0.0,1.0,0.9945008466118462,0.0,1.0,0.0,0.0,0.0,0.9945008466118462,0.5,0.5,0.00549915338815374,319
weighted_fire_specificity_silence_sensitivity_tau_0_4,CWE-369,0.09999999999999999,0.007272727272727273,0.9997921462922734,0.9953099369809724,0.00020785370772659605,0.9927272727272728,0.013453928773318257,0.008909083693797374,0.025622252269379427,0.9951041968593767,0.5035324367825004,0.5035321218367498,0.006507115145316146,274
weighted_fire_specificity_silence_sensitivity_tau_0_4,CWE-400,0.0,0.0,0.9993906305750446,0.9900300167155119,0.0006093694249553033,1.0,0.0,0.0,-0.002409367499494533,0.9894327128703588,0.4996953152875223,0.4996953152875223,0.009963978487454754,578
weighted_fire_specificity_silence_sensitivity_tau_0_4,CWE-404,0.006355611601513242,0.001629334660693546,0.9950863548178004,0.9787797944637738,0.004913645182199554,0.9983706653393064,0.002593363175924175,0.0019139036399883152,-0.006964651123767272,0.9740728747359986,0.49835784473924705,0.4983551199212458,0.021143306303270205,1227
weighted_fire_specificity_silence_sensitivity_tau_0_4,CWE-476,0.08619273769482211,0.026730959446092977,0.9915846444995078,0.9715082000684875,0.008415355500492307,0.9732690405539071,0.040781210659642755,0.031002345378564437,0.03249567330269139,0.9635918569624273,0.5091578019728004,0.5091566714506642,0.031225982006742436,1683
weighted_fire_specificity_silence_sensitivity_tau_0_4,CWE-662,0.007956554144744133,0.020125786163522015,0.964991348263282,0.9860867784843798,0.035008651736717876,0.979874213836478,0.011402993046546631,0.015409216783829425,-0.009414931355967182,0.9520421945104867,0.492558567213402,0.4925537846299859,0.013623809231123035,795
weighted_fire_specificity_silence_sensitivity_tau_0_4,CWE-665,0.003976342129208371,0.021182266009852214,0.9871432052868128,0.9975900397052138,0.012856794713187198,0.9788177339901478,0.006691188229649768,0.011341194237918215,0.0036088682744639658,0.9847954933479631,0.5041627356483325,0.5042133604783818,0.0027754623441993637,141
weighted_fire_specificity_silence_sensitivity_tau_0_4,CWE-668,0.060983705629935124,0.23021439344968755,0.914678983215668,0.9801374360543613,0.0853210167843321,0.7697856065503125,0.09641767254483694,0.14803165567194618,0.07718589188073548,0.8985845877791198,0.5724466883326778,0.5724195816464502,0.03225153461744069,1364
weighted_fire_specificity_silence_sensitivity_tau_0_4,CWE-704,0.008333333333333333,0.0022727272727272726,0.9981587615900155,0.9924182210881838,0.0018412384099844004,0.9977272727272727,0.0035714285714285718,0.0026595744680851068,0.000621053200890895,0.9906049291277752,0.5002157444313714,0.5002157444313714,0.007662495053145567,440
weighted_fire_specificity_silence_sensitivity_tau_0_4,CWE-705,0.0,0.0,0.9997229482002256,0.9954477299681528,0.0002770517997744532,1.0,0.0,0.0,-0.0010429020749816867,0.9951731861504081,0.4998614741001128,0.4998614741001128,0.004551018628271632,264
weighted_fire_specificity_silence_sensitivity_tau_0_4,CWE-706,0.02857142857142857,0.0012422360248447203,0.9995105337833092,0.9860986422304029,0.0004894662166907697,0.9987577639751553,0.0023809523809523807,0.0015360983102918582,0.003379872875747394,0.9856229369037072,0.500376384904077,0.500376384904077,0.014071870750288217,807
weighted_fire_specificity_silence_sensitivity_tau_0_4,CWE-74,0.3263334303954303,0.24842416657185118,0.9915542984302392,0.9876950101205939,0.00844570156976077,0.7515758334281488,0.282015172332767,0.26083882465254804,0.27447749904075414,0.979537548307451,0.6199892325010452,0.6201111201049143,0.10030701161249007,938
weighted_fire_specificity_silence_sensitivity_tau_0_4,CWE-754,0.011428571428571429,0.011764705882352941,0.9975450201618136,0.9971485392955743,0.0024549798381864702,0.9882352941176471,0.011594202898550723,0.011695906432748539,0.008954776025144263,0.9947077075304337,0.5046548630220833,0.5046548630220833,0.003516658334708099,167
weighted_fire_specificity_silence_sensitivity_tau_0_4,CWE-834,0.0641025641025641,0.008571428571428572,0.9993063548374537,0.993996485659552,0.000693645162546425,0.9914285714285714,0.01490171211160431,0.010322442063056398,0.0210572857859078,0.9933114588318018,0.5039388917044411,0.5039388917044411,0.007354394944693329,351
weighted_fire_specificity_silence_sensitivity_tau_0_5,CWE-118,0.23723786506547154,0.3771374586679263,0.7293354753828927,0.8399000498498255,0.2706645246171072,0.6228625413320736,0.291256004897286,0.3373469031830164,0.09062596205920201,0.6650691835130387,0.5532364670254095,0.5530710957554307,0.2046715488246996,10585
weighted_fire_specificity_silence_sensitivity_tau_0_5,CWE-190,0.07169117880319609,0.06686100805128593,0.9784465197205602,0.9768587041058356,0.02155348027943974,0.9331389919487141,0.06911134142327975,0.06772513663813143,0.046876162999872704,0.9563517134917323,0.5226537638859231,0.5226233031515358,0.03425591213872784,1406
weighted_fire_specificity_silence_sensitivity_tau_0_5,CWE-191,0.0,0.0,0.9980982167036794,0.99711567709116,0.0019017832963206017,1.0,0.0,0.0,-0.002333178479710505,0.9952248240837364,0.4990491083518397,0.4990491083518397,0.0028788602992581387,167
weighted_fire_specificity_silence_sensitivity_tau_0_5,CWE-20,0.03902732502605781,0.0654168629298163,0.9447962348544363,0.9671457222690728,0.05520376514556361,0.9345831370701838,0.048874562277957154,0.057609708600363255,0.00793931810461572,0.9155994513594916,0.5051065488921264,0.5051544800239254,0.03399440666635058,1926
weighted_fire_specificity_silence_sensitivity_tau_0_5,CWE-269,0.0,0.0,0.9992745710932196,0.9979816120025908,0.000725428906780469,1.0,0.0,0.0,-0.001193317412040144,0.9972591227565107,0.4996372855466098,0.4996372855466098,0.0020169190683466502,117
weighted_fire_specificity_silence_sensitivity_tau_0_5,CWE-285,0.0286828093306288,0.0318922305764411,0.9949936488455773,0.9952522536462712,0.005006351154422746,0.9681077694235588,0.030149602618045817,0.031156866345222505,0.025351051932397912,0.9902946333349758,0.5134429397110092,0.5134782300333018,0.007246490052893394,283
weighted_fire_specificity_silence_sensitivity_tau_0_5,CWE-287,0.0,0.0,1.0,0.9945008466118462,0.0,1.0,0.0,0.0,0.0,0.9945008466118462,0.5,0.5,0.00549915338815374,319
weighted_fire_specificity_silence_sensitivity_tau_0_5,CWE-369,0.09999999999999999,0.007272727272727273,0.9997921462922734,0.9953099369809724,0.00020785370772659605,0.9927272727272728,0.013453928773318257,0.008909083693797374,0.025622252269379427,0.9951041968593767,0.5035324367825004,0.5035321218367498,0.006507115145316146,274
weighted_fire_specificity_silence_sensitivity_tau_0_5,CWE-400,0.0,0.0,0.9993906305750446,0.9900300167155119,0.0006093694249553033,1.0,0.0,0.0,-0.002409367499494533,0.9894327128703588,0.4996953152875223,0.4996953152875223,0.009963978487454754,578
weighted_fire_specificity_silence_sensitivity_tau_0_5,CWE-404,0.006355611601513242,0.001629334660693546,0.9950863548178004,0.9787797944637738,0.004913645182199554,0.9983706653393064,0.002593363175924175,0.0019139036399883152,-0.006964651123767272,0.9740728747359986,0.49835784473924705,0.4983551199212458,0.021143306303270205,1227
weighted_fire_specificity_silence_sensitivity_tau_0_5,CWE-476,0.08619273769482211,0.026730959446092977,0.9915846444995078,0.9715082000684875,0.008415355500492307,0.9732690405539071,0.040781210659642755,0.031002345378564437,0.03249567330269139,0.9635918569624273,0.5091578019728004,0.5091566714506642,0.031225982006742436,1683
weighted_fire_specificity_silence_sensitivity_tau_0_5,CWE-662,0.007956554144744133,0.020125786163522015,0.964991348263282,0.9860867784843798,0.035008651736717876,0.979874213836478,0.011402993046546631,0.015409216783829425,-0.009414931355967182,0.9520421945104867,0.492558567213402,0.4925537846299859,0.013623809231123035,795
weighted_fire_specificity_silence_sensitivity_tau_0_5,CWE-665,0.003976342129208371,0.021182266009852214,0.9871432052868128,0.9975900397052138,0.012856794713187198,0.9788177339901478,0.006691188229649768,0.011341194237918215,0.0036088682744639658,0.9847954933479631,0.5041627356483325,0.5042133604783818,0.0027754623441993637,141
weighted_fire_specificity_silence_sensitivity_tau_0_5,CWE-668,0.060983705629935124,0.23021439344968755,0.914678983215668,0.9801374360543613,0.0853210167843321,0.7697856065503125,0.09641767254483694,0.14803165567194618,0.07718589188073548,0.8985845877791198,0.5724466883326778,0.5724195816464502,0.03225153461744069,1364
weighted_fire_specificity_silence_sensitivity_tau_0_5,CWE-704,0.008333333333333333,0.0022727272727272726,0.9981587615900155,0.9924182210881838,0.0018412384099844004,0.9977272727272727,0.0035714285714285718,0.0026595744680851068,0.000621053200890895,0.9906049291277752,0.5002157444313714,0.5002157444313714,0.007662495053145567,440
weighted_fire_specificity_silence_sensitivity_tau_0_5,CWE-705,0.0,0.0,0.9997229482002256,0.9954477299681528,0.0002770517997744532,1.0,0.0,0.0,-0.0010429020749816867,0.9951731861504081,0.4998614741001128,0.4998614741001128,0.004551018628271632,264
weighted_fire_specificity_silence_sensitivity_tau_0_5,CWE-706,0.02857142857142857,0.0012422360248447203,0.9995105337833092,0.9860986422304029,0.0004894662166907697,0.9987577639751553,0.0023809523809523807,0.0015360983102918582,0.003379872875747394,0.9856229369037072,0.500376384904077,0.500376384904077,0.014071870750288217,807
weighted_fire_specificity_silence_sensitivity_tau_0_5,CWE-74,0.3263334303954303,0.24842416657185118,0.9915542984302392,0.9876950101205939,0.00844570156976077,0.7515758334281488,0.282015172332767,0.26083882465254804,0.27447749904075414,0.979537548307451,0.6199892325010452,0.6201111201049143,0.10030701161249007,938
weighted_fire_specificity_silence_sensitivity_tau_0_5,CWE-754,0.011428571428571429,0.011764705882352941,0.9975450201618136,0.9971485392955743,0.0024549798381864702,0.9882352941176471,0.011594202898550723,0.011695906432748539,0.008954776025144263,0.9947077075304337,0.5046548630220833,0.5046548630220833,0.003516658334708099,167
weighted_fire_specificity_silence_sensitivity_tau_0_5,CWE-834,0.0641025641025641,0.008571428571428572,0.9993063548374537,0.993996485659552,0.000693645162546425,0.9914285714285714,0.01490171211160431,0.010322442063056398,0.0210572857859078,0.9933114588318018,0.5039388917044411,0.5039388917044411,0.007354394944693329,351
weighted_fire_specificity_silence_sensitivity_tau_0_6,CWE-118,0.23723786506547154,0.3771374586679263,0.7293354753828927,0.8399000498498255,0.2706645246171072,0.6228625413320736,0.291256004897286,0.3373469031830164,0.09062596205920201,0.6650691835130387,0.5532364670254095,0.5530710957554307,0.2046715488246996,10585
weighted_fire_specificity_silence_sensitivity_tau_0_6,CWE-190,0.07169117880319609,0.06686100805128593,0.9784465197205602,0.9768587041058356,0.02155348027943974,0.9331389919487141,0.06911134142327975,0.06772513663813143,0.046876162999872704,0.9563517134917323,0.5226537638859231,0.5226233031515358,0.03425591213872784,1406
weighted_fire_specificity_silence_sensitivity_tau_0_6,CWE-191,0.0,0.0,0.9980982167036794,0.99711567709116,0.0019017832963206017,1.0,0.0,0.0,-0.002333178479710505,0.9952248240837364,0.4990491083518397,0.4990491083518397,0.0028788602992581387,167
weighted_fire_specificity_silence_sensitivity_tau_0_6,CWE-20,0.03902732502605781,0.0654168629298163,0.9447962348544363,0.9671457222690728,0.05520376514556361,0.9345831370701838,0.048874562277957154,0.057609708600363255,0.00793931810461572,0.9155994513594916,0.5051065488921264,0.5051544800239254,0.03399440666635058,1926
weighted_fire_specificity_silence_sensitivity_tau_0_6,CWE-269,0.0,0.0,0.9992745710932196,0.9979816120025908,0.000725428906780469,1.0,0.0,0.0,-0.001193317412040144,0.9972591227565107,0.4996372855466098,0.4996372855466098,0.0020169190683466502,117
weighted_fire_specificity_silence_sensitivity_tau_0_6,CWE-285,0.0286828093306288,0.0318922305764411,0.9949936488455773,0.9952522536462712,0.005006351154422746,0.9681077694235588,0.030149602618045817,0.031156866345222505,0.025351051932397912,0.9902946333349758,0.5134429397110092,0.5134782300333018,0.007246490052893394,283
weighted_fire_specificity_silence_sensitivity_tau_0_6,CWE-287,0.0,0.0,1.0,0.9945008466118462,0.0,1.0,0.0,0.0,0.0,0.9945008466118462,0.5,0.5,0.00549915338815374,319
weighted_fire_specificity_silence_sensitivity_tau_0_6,CWE-369,0.09999999999999999,0.007272727272727273,0.9997921462922734,0.9953099369809724,0.00020785370772659605,0.9927272727272728,0.013453928773318257,0.008909083693797374,0.025622252269379427,0.9951041968593767,0.5035324367825004,0.5035321218367498,0.006507115145316146,274
weighted_fire_specificity_silence_sensitivity_tau_0_6,CWE-400,0.0,0.0,0.9993906305750446,0.9900300167155119,0.0006093694249553033,1.0,0.0,0.0,-0.002409367499494533,0.9894327128703588,0.4996953152875223,0.4996953152875223,0.009963978487454754,578
weighted_fire_specificity_silence_sensitivity_tau_0_6,CWE-404,0.006355611601513242,0.001629334660693546,0.9950863548178004,0.9787797944637738,0.004913645182199554,0.9983706653393064,0.002593363175924175,0.0019139036399883152,-0.006964651123767272,0.9740728747359986,0.49835784473924705,0.4983551199212458,0.021143306303270205,1227
weighted_fire_specificity_silence_sensitivity_tau_0_6,CWE-476,0.08619273769482211,0.026730959446092977,0.9915846444995078,0.9715082000684875,0.008415355500492307,0.9732690405539071,0.040781210659642755,0.031002345378564437,0.03249567330269139,0.9635918569624273,0.5091578019728004,0.5091566714506642,0.031225982006742436,1683
weighted_fire_specificity_silence_sensitivity_tau_0_6,CWE-662,0.007956554144744133,0.020125786163522015,0.964991348263282,0.9860867784843798,0.035008651736717876,0.979874213836478,0.011402993046546631,0.015409216783829425,-0.009414931355967182,0.9520421945104867,0.492558567213402,0.4925537846299859,0.013623809231123035,795
weighted_fire_specificity_silence_sensitivity_tau_0_6,CWE-665,0.003976342129208371,0.021182266009852214,0.9871432052868128,0.9975900397052138,0.012856794713187198,0.9788177339901478,0.006691188229649768,0.011341194237918215,0.0036088682744639658,0.9847954933479631,0.5041627356483325,0.5042133604783818,0.0027754623441993637,141
weighted_fire_specificity_silence_sensitivity_tau_0_6,CWE-668,0.060983705629935124,0.23021439344968755,0.914678983215668,0.9801374360543613,0.0853210167843321,0.7697856065503125,0.09641767254483694,0.14803165567194618,0.07718589188073548,0.8985845877791198,0.5724466883326778,0.5724195816464502,0.03225153461744069,1364
weighted_fire_specificity_silence_sensitivity_tau_0_6,CWE-704,0.008333333333333333,0.0022727272727272726,0.9981587615900155,0.9924182210881838,0.0018412384099844004,0.9977272727272727,0.0035714285714285718,0.0026595744680851068,0.000621053200890895,0.9906049291277752,0.5002157444313714,0.5002157444313714,0.007662495053145567,440
weighted_fire_specificity_silence_sensitivity_tau_0_6,CWE-705,0.0,0.0,0.9997229482002256,0.9954477299681528,0.0002770517997744532,1.0,0.0,0.0,-0.0010429020749816867,0.9951731861504081,0.4998614741001128,0.4998614741001128,0.004551018628271632,264
weighted_fire_specificity_silence_sensitivity_tau_0_6,CWE-706,0.02857142857142857,0.0012422360248447203,0.9995105337833092,0.9860986422304029,0.0004894662166907697,0.9987577639751553,0.0023809523809523807,0.0015360983102918582,0.003379872875747394,0.9856229369037072,0.500376384904077,0.500376384904077,0.014071870750288217,807
weighted_fire_specificity_silence_sensitivity_tau_0_6,CWE-74,0.3263334303954303,0.24842416657185118,0.9915542984302392,0.9876950101205939,0.00844570156976077,0.7515758334281488,0.282015172332767,0.26083882465254804,0.27447749904075414,0.979537548307451,0.6199892325010452,0.6201111201049143,0.10030701161249007,938
weighted_fire_specificity_silence_sensitivity_tau_0_6,CWE-754,0.011428571428571429,0.011764705882352941,0.9975450201618136,0.9971485392955743,0.0024549798381864702,0.9882352941176471,0.011594202898550723,0.011695906432748539,0.008954776025144263,0.9947077075304337,0.5046548630220833,0.5046548630220833,0.003516658334708099,167
weighted_fire_specificity_silence_sensitivity_tau_0_6,CWE-834,0.0641025641025641,0.008571428571428572,0.9993063548374537,0.993996485659552,0.000693645162546425,0.9914285714285714,0.01490171211160431,0.010322442063056398,0.0210572857859078,0.9933114588318018,0.5039388917044411,0.5039388917044411,0.007354394944693329,351
weighted_fire_specificity_silence_sensitivity_tau_0_7,CWE-118,0.23723786506547154,0.3771374586679263,0.7293354753828927,0.8399000498498255,0.2706645246171072,0.6228625413320736,0.291256004897286,0.3373469031830164,0.09062596205920201,0.6650691835130387,0.5532364670254095,0.5530710957554307,0.2046715488246996,10585
weighted_fire_specificity_silence_sensitivity_tau_0_7,CWE-190,0.07169117880319609,0.06686100805128593,0.9784465197205602,0.9768587041058356,0.02155348027943974,0.9331389919487141,0.06911134142327975,0.06772513663813143,0.046876162999872704,0.9563517134917323,0.5226537638859231,0.5226233031515358,0.03425591213872784,1406
weighted_fire_specificity_silence_sensitivity_tau_0_7,CWE-191,0.0,0.0,0.9980982167036794,0.99711567709116,0.0019017832963206017,1.0,0.0,0.0,-0.002333178479710505,0.9952248240837364,0.4990491083518397,0.4990491083518397,0.0028788602992581387,167
weighted_fire_specificity_silence_sensitivity_tau_0_7,CWE-20,0.03902732502605781,0.0654168629298163,0.9447962348544363,0.9671457222690728,0.05520376514556361,0.9345831370701838,0.048874562277957154,0.057609708600363255,0.00793931810461572,0.9155994513594916,0.5051065488921264,0.5051544800239254,0.03399440666635058,1926
weighted_fire_specificity_silence_sensitivity_tau_0_7,CWE-269,0.0,0.0,0.9992745710932196,0.9979816120025908,0.000725428906780469,1.0,0.0,0.0,-0.001193317412040144,0.9972591227565107,0.4996372855466098,0.4996372855466098,0.0020169190683466502,117
weighted_fire_specificity_silence_sensitivity_tau_0_7,CWE-285,0.0286828093306288,0.0318922305764411,0.9949936488455773,0.9952522536462712,0.005006351154422746,0.9681077694235588,0.030149602618045817,0.031156866345222505,0.025351051932397912,0.9902946333349758,0.5134429397110092,0.5134782300333018,0.007246490052893394,283
weighted_fire_specificity_silence_sensitivity_tau_0_7,CWE-287,0.0,0.0,1.0,0.9945008466118462,0.0,1.0,0.0,0.0,0.0,0.9945008466118462,0.5,0.5,0.00549915338815374,319
weighted_fire_specificity_silence_sensitivity_tau_0_7,CWE-369,0.09999999999999999,0.007272727272727273,0.9997921462922734,0.9953099369809724,0.00020785370772659605,0.9927272727272728,0.013453928773318257,0.008909083693797374,0.025622252269379427,0.9951041968593767,0.5035324367825004,0.5035321218367498,0.006507115145316146,274
weighted_fire_specificity_silence_sensitivity_tau_0_7,CWE-400,0.0,0.0,0.9993906305750446,0.9900300167155119,0.0006093694249553033,1.0,0.0,0.0,-0.002409367499494533,0.9894327128703588,0.4996953152875223,0.4996953152875223,0.009963978487454754,578
weighted_fire_specificity_silence_sensitivity_tau_0_7,CWE-404,0.006355611601513242,0.001629334660693546,0.9950863548178004,0.9787797944637738,0.004913645182199554,0.9983706653393064,0.002593363175924175,0.0019139036399883152,-0.006964651123767272,0.9740728747359986,0.49835784473924705,0.4983551199212458,0.021143306303270205,1227
weighted_fire_specificity_silence_sensitivity_tau_0_7,CWE-476,0.08619273769482211,0.026730959446092977,0.9915846444995078,0.9715082000684875,0.008415355500492307,0.9732690405539071,0.040781210659642755,0.031002345378564437,0.03249567330269139,0.9635918569624273,0.5091578019728004,0.5091566714506642,0.031225982006742436,1683
weighted_fire_specificity_silence_sensitivity_tau_0_7,CWE-662,0.007956554144744133,0.020125786163522015,0.964991348263282,0.9860867784843798,0.035008651736717876,0.979874213836478,0.011402993046546631,0.015409216783829425,-0.009414931355967182,0.9520421945104867,0.492558567213402,0.4925537846299859,0.013623809231123035,795
weighted_fire_specificity_silence_sensitivity_tau_0_7,CWE-665,0.003976342129208371,0.021182266009852214,0.9871432052868128,0.9975900397052138,0.012856794713187198,0.9788177339901478,0.006691188229649768,0.011341194237918215,0.0036088682744639658,0.9847954933479631,0.5041627356483325,0.5042133604783818,0.0027754623441993637,141
weighted_fire_specificity_silence_sensitivity_tau_0_7,CWE-668,0.060983705629935124,0.23021439344968755,0.914678983215668,0.9801374360543613,0.0853210167843321,0.7697856065503125,0.09641767254483694,0.14803165567194618,0.07718589188073548,0.8985845877791198,0.5724466883326778,0.5724195816464502,0.03225153461744069,1364
weighted_fire_specificity_silence_sensitivity_tau_0_7,CWE-704,0.008333333333333333,0.0022727272727272726,0.9981587615900155,0.9924182210881838,0.0018412384099844004,0.9977272727272727,0.0035714285714285718,0.0026595744680851068,0.000621053200890895,0.9906049291277752,0.5002157444313714,0.5002157444313714,0.007662495053145567,440
weighted_fire_specificity_silence_sensitivity_tau_0_7,CWE-705,0.0,0.0,0.9997229482002256,0.9954477299681528,0.0002770517997744532,1.0,0.0,0.0,-0.0010429020749816867,0.9951731861504081,0.4998614741001128,0.4998614741001128,0.004551018628271632,264
weighted_fire_specificity_silence_sensitivity_tau_0_7,CWE-706,0.02857142857142857,0.0012422360248447203,0.9995105337833092,0.9860986422304029,0.0004894662166907697,0.9987577639751553,0.0023809523809523807,0.0015360983102918582,0.003379872875747394,0.9856229369037072,0.500376384904077,0.500376384904077,0.014071870750288217,807
weighted_fire_specificity_silence_sensitivity_tau_0_7,CWE-74,0.3263334303954303,0.24842416657185118,0.9915542984302392,0.9876950101205939,0.00844570156976077,0.7515758334281488,0.282015172332767,0.26083882465254804,0.27447749904075414,0.979537548307451,0.6199892325010452,0.6201111201049143,0.10030701161249007,938
weighted_fire_specificity_silence_sensitivity_tau_0_7,CWE-754,0.011428571428571429,0.011764705882352941,0.9975450201618136,0.9971485392955743,0.0024549798381864702,0.9882352941176471,0.011594202898550723,0.011695906432748539,0.008954776025144263,0.9947077075304337,0.5046548630220833,0.5046548630220833,0.003516658334708099,167
weighted_fire_specificity_silence_sensitivity_tau_0_7,CWE-834,0.0641025641025641,0.008571428571428572,0.9993063548374537,0.993996485659552,0.000693645162546425,0.9914285714285714,0.01490171211160431,0.010322442063056398,0.0210572857859078,0.9933114588318018,0.5039388917044411,0.5039388917044411,0.007354394944693329,351
weighted_fire_specificity_silence_sensitivity_tau_0_8,CWE-118,0.23427944115485153,0.36778460085025977,0.7316760845094015,0.8383203745145542,0.26832391549059853,0.6322153991497401,0.2862263805097343,0.33015291368725797,0.08497525665625899,0.6652760682015766,0.5497303426798307,0.5530710957554307,0.2046715488246996,10585
weighted_fire_specificity_silence_sensitivity_tau_0_8,CWE-190,0.07169117880319609,0.06686100805128593,0.9784465197205602,0.9768587041058356,0.02155348027943974,0.9331389919487141,0.06911134142327975,0.06772513663813143,0.046876162999872704,0.9563517134917323,0.5226537638859231,0.5226233031515358,0.03425591213872784,1406
weighted_fire_specificity_silence_sensitivity_tau_0_8,CWE-191,0.0,0.0,0.9980982167036794,0.99711567709116,0.0019017832963206017,1.0,0.0,0.0,-0.002333178479710505,0.9952248240837364,0.4990491083518397,0.4990491083518397,0.0028788602992581387,167
weighted_fire_specificity_silence_sensitivity_tau_0_8,CWE-20,0.03902732502605781,0.0654168629298163,0.9447962348544363,0.9671457222690728,0.05520376514556361,0.9345831370701838,0.048874562277957154,0.057609708600363255,0.00793931810461572,0.9155994513594916,0.5051065488921264,0.5051544800239254,0.03399440666635058,1926
weighted_fire_specificity_silence_sensitivity_tau_0_8,CWE-269,0.0,0.0,0.9992745710932196,0.9979816120025908,0.000725428906780469,1.0,0.0,0.0,-0.001193317412040144,0.9972591227565107,0.4996372855466098,0.4996372855466098,0.0020169190683466502,117
weighted_fire_specificity_silence_sensitivity_tau_0_8,CWE-285,0.0286828093306288,0.0318922305764411,0.9949936488455773,0.9952522536462712,0.005006351154422746,0.9681077694235588,0.030149602618045817,0.031156866345222505,0.025351051932397912,0.9902946333349758,0.5134429397110092,0.5134782300333018,0.007246490052893394,283
weighted_fire_specificity_silence_sensitivity_tau_0_8,CWE-287,0.0,0.0,1.0,0.9945008466118462,0.0,1.0,0.0,0.0,0.0,0.9945008466118462,0.5,0.5,0.00549915338815374,319
weighted_fire_specificity_silence_sensitivity_tau_0_8,CWE-369,0.09999999999999999,0.007272727272727273,0.9997921462922734,0.9953099369809724,0.00020785370772659605,0.9927272727272728,0.013453928773318257,0.008909083693797374,0.025622252269379427,0.9951041968593767,0.5035324367825004,0.5035321218367498,0.006507115145316146,274
weighted_fire_specificity_silence_sensitivity_tau_0_8,CWE-400,0.0,0.0,0.9993906305750446,0.9900300167155119,0.0006093694249553033,1.0,0.0,0.0,-0.002409367499494533,0.9894327128703588,0.4996953152875223,0.4996953152875223,0.009963978487454754,578
weighted_fire_specificity_silence_sensitivity_tau_0_8,CWE-404,0.006355611601513242,0.001629334660693546,0.9950863548178004,0.9787797944637738,0.004913645182199554,0.9983706653393064,0.002593363175924175,0.0019139036399883152,-0.006964651123767272,0.9740728747359986,0.49835784473924705,0.4983551199212458,0.021143306303270205,1227
weighted_fire_specificity_silence_sensitivity_tau_0_8,CWE-476,0.08619273769482211,0.026730959446092977,0.9915846444995078,0.9715082000684875,0.008415355500492307,0.9732690405539071,0.040781210659642755,0.031002345378564437,0.03249567330269139,0.9635918569624273,0.5091578019728004,0.5091566714506642,0.031225982006742436,1683
weighted_fire_specificity_silence_sensitivity_tau_0_8,CWE-662,0.007956554144744133,0.020125786163522015,0.964991348263282,0.9860867784843798,0.035008651736717876,0.979874213836478,0.011402993046546631,0.015409216783829425,-0.009414931355967182,0.9520421945104867,0.492558567213402,0.4925537846299859,0.013623809231123035,795
weighted_fire_specificity_silence_sensitivity_tau_0_8,CWE-665,0.003976342129208371,0.021182266009852214,0.9871432052868128,0.9975900397052138,0.012856794713187198,0.9788177339901478,0.006691188229649768,0.011341194237918215,0.0036088682744639658,0.9847954933479631,0.5041627356483325,0.5042133604783818,0.0027754623441993637,141
weighted_fire_specificity_silence_sensitivity_tau_0_8,CWE-668,0.060983705629935124,0.23021439344968755,0.914678983215668,0.9801374360543613,0.0853210167843321,0.7697856065503125,0.09641767254483694,0.14803165567194618,0.07718589188073548,0.8985845877791198,0.5724466883326778,0.5724195816464502,0.03225153461744069,1364
weighted_fire_specificity_silence_sensitivity_tau_0_8,CWE-704,0.008333333333333333,0.0022727272727272726,0.9981587615900155,0.9924182210881838,0.0018412384099844004,0.9977272727272727,0.0035714285714285718,0.0026595744680851068,0.000621053200890895,0.9906049291277752,0.5002157444313714,0.5002157444313714,0.007662495053145567,440
weighted_fire_specificity_silence_sensitivity_tau_0_8,CWE-705,0.0,0.0,0.9997229482002256,0.9954477299681528,0.0002770517997744532,1.0,0.0,0.0,-0.0010429020749816867,0.9951731861504081,0.4998614741001128,0.4998614741001128,0.004551018628271632,264
weighted_fire_specificity_silence_sensitivity_tau_0_8,CWE-706,0.02857142857142857,0.0012422360248447203,0.9995105337833092,0.9860986422304029,0.0004894662166907697,0.9987577639751553,0.0023809523809523807,0.0015360983102918582,0.003379872875747394,0.9856229369037072,0.500376384904077,0.500376384904077,0.014071870750288217,807
weighted_fire_specificity_silence_sensitivity_tau_0_8,CWE-74,0.3354686371175192,0.24842416657185118,0.9919048067317645,0.9876994010157512,0.008095193268235436,0.7515758334281488,0.2853012417708072,0.26194332284760846,0.2786111135393712,0.9798823759551505,0.6201644866518079,0.6201111201049143,0.10030701161249007,938
weighted_fire_specificity_silence_sensitivity_tau_0_8,CWE-754,0.011428571428571429,0.011764705882352941,0.9975450201618136,0.9971485392955743,0.0024549798381864702,0.9882352941176471,0.011594202898550723,0.011695906432748539,0.008954776025144263,0.9947077075304337,0.5046548630220833,0.5046548630220833,0.003516658334708099,167
weighted_fire_specificity_silence_sensitivity_tau_0_8,CWE-834,0.0641025641025641,0.008571428571428572,0.9993063548374537,0.993996485659552,0.000693645162546425,0.9914285714285714,0.01490171211160431,0.010322442063056398,0.0210572857859078,0.9933114588318018,0.5039388917044411,0.5039388917044411,0.007354394944693329,351
weighted_fire_specificity_silence_sensitivity_tau_0_9,CWE-118,0.23390327471453065,0.3668398677373642,0.7318026312106116,0.838141303898609,0.26819736878938844,0.6331601322626359,0.28565925204979836,0.32939418309766744,0.08430078585744297,0.6652071145782728,0.5493212494739879,0.5530710957554307,0.2046715488246996,10585
weighted_fire_specificity_silence_sensitivity_tau_0_9,CWE-190,0.07169117880319609,0.06686100805128593,0.9784465197205602,0.9768587041058356,0.02155348027943974,0.9331389919487141,0.06911134142327975,0.06772513663813143,0.046876162999872704,0.9563517134917323,0.5226537638859231,0.5226233031515358,0.03425591213872784,1406
weighted_fire_specificity_silence_sensitivity_tau_0_9,CWE-191,0.0,0.0,0.9980982167036794,0.99711567709116,0.0019017832963206017,1.0,0.0,0.0,-0.002333178479710505,0.9952248240837364,0.4990491083518397,0.4990491083518397,0.0028788602992581387,167
weighted_fire_specificity_silence_sensitivity_tau_0_9,CWE-20,0.03902732502605781,0.0654168629298163,0.9447962348544363,0.9671457222690728,0.05520376514556361,0.9345831370701838,0.048874562277957154,0.057609708600363255,0.00793931810461572,0.9155994513594916,0.5051065488921264,0.5051544800239254,0.03399440666635058,1926
weighted_fire_specificity_silence_sensitivity_tau_0_9,CWE-269,0.0,0.0,0.9992745710932196,0.9979816120025908,0.000725428906780469,1.0,0.0,0.0,-0.001193317412040144,0.9972591227565107,0.4996372855466098,0.4996372855466098,0.0020169190683466502,117
weighted_fire_specificity_silence_sensitivity_tau_0_9,CWE-285,0.0286828093306288,0.0318922305764411,0.9949936488455773,0.9952522536462712,0.005006351154422746,0.9681077694235588,0.030149602618045817,0.031156866345222505,0.025351051932397912,0.9902946333349758,0.5134429397110092,0.5134782300333018,0.007246490052893394,283
weighted_fire_specificity_silence_sensitivity_tau_0_9,CWE-287,0.0,0.0,1.0,0.9945008466118462,0.0,1.0,0.0,0.0,0.0,0.9945008466118462,0.5,0.5,0.00549915338815374,319
weighted_fire_specificity_silence_sensitivity_tau_0_9,CWE-369,0.09999999999999999,0.007272727272727273,0.9997921462922734,0.9953099369809724,0.00020785370772659605,0.9927272727272728,0.013453928773318257,0.008909083693797374,0.025622252269379427,0.9951041968593767,0.5035324367825004,0.5035321218367498,0.006507115145316146,274
weighted_fire_specificity_silence_sensitivity_tau_0_9,CWE-400,0.0,0.0,0.9993906305750446,0.9900300167155119,0.0006093694249553033,1.0,0.0,0.0,-0.002409367499494533,0.9894327128703588,0.4996953152875223,0.4996953152875223,0.009963978487454754,578
weighted_fire_specificity_silence_sensitivity_tau_0_9,CWE-404,0.006355611601513242,0.001629334660693546,0.9950863548178004,0.9787797944637738,0.004913645182199554,0.9983706653393064,0.002593363175924175,0.0019139036399883152,-0.006964651123767272,0.9740728747359986,0.49835784473924705,0.4983551199212458,0.021143306303270205,1227
weighted_fire_specificity_silence_sensitivity_tau_0_9,CWE-476,0.08619273769482211,0.026730959446092977,0.9915846444995078,0.9715082000684875,0.008415355500492307,0.9732690405539071,0.040781210659642755,0.031002345378564437,0.03249567330269139,0.9635918569624273,0.5091578019728004,0.5091566714506642,0.031225982006742436,1683
weighted_fire_specificity_silence_sensitivity_tau_0_9,CWE-662,0.007956554144744133,0.020125786163522015,0.964991348263282,0.9860867784843798,0.035008651736717876,0.979874213836478,0.011402993046546631,0.015409216783829425,-0.009414931355967182,0.9520421945104867,0.492558567213402,0.4925537846299859,0.013623809231123035,795
weighted_fire_specificity_silence_sensitivity_tau_0_9,CWE-665,0.003976342129208371,0.021182266009852214,0.9871432052868128,0.9975900397052138,0.012856794713187198,0.9788177339901478,0.006691188229649768,0.011341194237918215,0.0036088682744639658,0.9847954933479631,0.5041627356483325,0.5042133604783818,0.0027754623441993637,141
weighted_fire_specificity_silence_sensitivity_tau_0_9,CWE-668,0.060983705629935124,0.23021439344968755,0.914678983215668,0.9801374360543613,0.0853210167843321,0.7697856065503125,0.09641767254483694,0.14803165567194618,0.07718589188073548,0.8985845877791198,0.5724466883326778,0.5724195816464502,0.03225153461744069,1364
weighted_fire_specificity_silence_sensitivity_tau_0_9,CWE-704,0.008333333333333333,0.0022727272727272726,0.9981587615900155,0.9924182210881838,0.0018412384099844004,0.9977272727272727,0.0035714285714285718,0.0026595744680851068,0.000621053200890895,0.9906049291277752,0.5002157444313714,0.5002157444313714,0.007662495053145567,440
weighted_fire_specificity_silence_sensitivity_tau_0_9,CWE-705,0.0,0.0,0.9997229482002256,0.9954477299681528,0.0002770517997744532,1.0,0.0,0.0,-0.0010429020749816867,0.9951731861504081,0.4998614741001128,0.4998614741001128,0.004551018628271632,264
weighted_fire_specificity_silence_sensitivity_tau_0_9,CWE-706,0.02857142857142857,0.0012422360248447203,0.9995105337833092,0.9860986422304029,0.0004894662166907697,0.9987577639751553,0.0023809523809523807,0.0015360983102918582,0.003379872875747394,0.9856229369037072,0.500376384904077,0.500376384904077,0.014071870750288217,807
weighted_fire_specificity_silence_sensitivity_tau_0_9,CWE-74,0.3537695283554677,0.24842416657185118,0.9925355726334061,0.987707020671334,0.007464427366593794,0.7515758334281488,0.2918621661613784,0.26414663398146254,0.2868384663765553,0.9805029645624572,0.6204798696026288,0.6201111201049143,0.10030701161249007,938
weighted_fire_specificity_silence_sensitivity_tau_0_9,CWE-754,0.011428571428571429,0.011764705882352941,0.9975450201618136,0.9971485392955743,0.0024549798381864702,0.9882352941176471,0.011594202898550723,0.011695906432748539,0.008954776025144263,0.9947077075304337,0.5046548630220833,0.5046548630220833,0.003516658334708099,167
weighted_fire_specificity_silence_sensitivity_tau_0_9,CWE-834,0.0641025641025641,0.008571428571428572,0.9993063548374537,0.993996485659552,0.000693645162546425,0.9914285714285714,0.01490171211160431,0.010322442063056398,0.0210572857859078,0.9933114588318018,0.5039388917044411,0.5039388917044411,0.007354394944693329,351
dst_dempster_fire_specificity_silence_sensitivity_tau_0_1,CWE-118,0.18247170083080055,1.0,0.0,0.0,1.0,0.0,0.30862759538726325,0.5274093562743876,0.0,0.18247170083080055,0.5,0.5549757486810214,0.2084846990762626,10585
dst_dempster_fire_specificity_silence_sensitivity_tau_0_1,CWE-190,0.02423762896740832,1.0,0.0,0.0,1.0,0.0,0.04732813304706098,0.11047728730264554,0.0,0.02423762896740832,0.5,0.5228316117873189,0.036898575460693174,1406
dst_dempster_fire_specificity_silence_sensitivity_tau_0_1,CWE-191,0.0028788602992581387,1.0,0.0,0.0,1.0,0.0,0.00574118901156348,0.014230397727540913,0.0,0.0028788602992581387,0.5,0.4990491083518397,0.0028788602992581387,167
dst_dempster_fire_specificity_silence_sensitivity_tau_0_1,CWE-20,0.033201748546801,1.0,0.0,0.0,1.0,0.0,0.06426963043561743,0.14654634230132185,0.0,0.033201748546801,0.5,0.5051662498631726,0.034066224541907546,1926
dst_dempster_fire_specificity_silence_sensitivity_tau_0_1,CWE-269,0.0020169190683466502,1.0,0.0,0.0,1.0,0.0,0.004025715119810396,0.010003853157712576,0.0,0.0020169190683466502,0.5,0.4996372855466098,0.0020169190683466502,117
dst_dempster_fire_specificity_silence_sensitivity_tau_0_1,CWE-285,0.004878552851041446,1.0,0.0,0.0,1.0,0.0,0.009709732739230183,0.02392583624479854,0.0,0.004878552851041446,0.5,0.5134024043094466,0.006224522420903758,283
dst_dempster_fire_specificity_silence_sensitivity_tau_0_1,CWE-287,0.004395324481634251,0.8,0.2,0.1988961710934805,0.8,0.2,0.008742613391482466,0.02150401459565629,0.0,0.20329149557511475,0.5,0.5,0.00549915338815374,319
dst_dempster_fire_specificity_silence_sensitivity_tau_0_1,CWE-369,0.004723411627418168,1.0,0.0,0.0,1.0,0.0,0.009402409330838453,0.02317909641830872,0.0,0.004723411627418168,0.5,0.5035327517282508,0.008931357569558571,274
dst_dempster_fire_specificity_silence_sensitivity_tau_0_1,CWE-400,0.009963978487454754,1.0,0.0,0.0,1.0,0.0,0.019731350455816983,0.04791034625651806,0.0,0.009963978487454754,0.5,0.4996953152875223,0.009963978487454754,578
dst_dempster_fire_specificity_silence_sensitivity_tau_0_1,CWE-404,0.0211519018175787,1.0,0.0,0.0,1.0,0.0,0.04142752833445121,0.09750943139646398,0.0,0.0211519018175787,0.5,0.49835777025611927,0.021159834490530098,1227
dst_dempster_fire_specificity_silence_sensitivity_tau_0_1,CWE-476,0.02901274690402008,1.0,0.0,0.0,1.0,0.0,0.0563894761527696,0.12997945582352088,0.0,0.02901274690402008,0.5,0.5091897001566832,0.03218342847005996,1683
dst_dempster_fire_specificity_silence_sensitivity_tau_0_1,CWE-662,0.013704771106328428,1.0,0.0,0.0,1.0,0.0,0.027038979161438603,0.06496266161504578,0.0,0.013704771106328428,0.5,0.49259165367930463,0.013927199116080124,795
dst_dempster_fire_specificity_silence_sensitivity_tau_0_1,CWE-665,0.0024306661378417005,1.0,0.0,0.0,1.0,0.0,0.004849542205713121,0.012036281796030557,0.0,0.0024306661378417005,0.5,0.5042272341249554,0.004626011220610309,141
dst_dempster_fire_specificity_silence_sensitivity_tau_0_1,CWE-668,0.023513595001807823,1.0,0.0,0.0,1.0,0.0,0.045946812868682206,0.10746079562100444,0.0,0.023513595001807823,0.5,0.5724199695737642,0.03231258467849075,1364
dst_dempster_fire_specificity_silence_sensitivity_tau_0_1,CWE-704,0.007585030549414477,1.0,0.0,0.0,1.0,0.0,0.015055861916674476,0.036808381852269305,0.0,0.007585030549414477,0.5,0.5002154484519558,0.007662495053145567,440
dst_dempster_fire_specificity_silence_sensitivity_tau_0_1,CWE-705,0.004551018628271632,1.0,0.0,0.0,1.0,0.0,0.009060799026555655,0.02234824107376775,0.0,0.004551018628271632,0.5,0.4998614741001128,0.004551018628271632,264
dst_dempster_fire_specificity_silence_sensitivity_tau_0_1,CWE-706,0.013911640926990567,1.0,0.0,0.0,1.0,0.0,0.027441521470066323,0.06589153231662973,0.0,0.013911640926990567,0.5,0.500376384904077,0.014071870750288217,807
dst_dempster_fire_specificity_silence_sensitivity_tau_0_1,CWE-74,0.016169905146192542,1.0,0.0,0.0,1.0,0.0,0.0318251964437644,0.07593786226565842,0.0,0.016169905146192542,0.5,0.6198429210804944,0.0934700039131169,938
dst_dempster_fire_specificity_silence_sensitivity_tau_0_1,CWE-754,0.0028788602992581387,1.0,0.0,0.0,1.0,0.0,0.00574118901156348,0.014230397727540913,0.0,0.0028788602992581387,0.5,0.5046635060644341,0.004151578969628734,167
dst_dempster_fire_specificity_silence_sensitivity_tau_0_1,CWE-834,0.006050794354607701,1.0,0.0,0.0,1.0,0.0,0.012028802337117644,0.029539009169382607,0.0,0.006050794354607701,0.5,0.5039388917044411,0.007354394944693329,351
dst_dempster_fire_specificity_silence_sensitivity_tau_0_2,CWE-118,0.18247170083080055,1.0,0.0,0.0,1.0,0.0,0.30862759538726325,0.5274093562743876,0.0,0.18247170083080055,0.5,0.5549757486810214,0.2084846990762626,10585
dst_dempster_fire_specificity_silence_sensitivity_tau_0_2,CWE-190,0.02423762896740832,1.0,0.0,0.0,1.0,0.0,0.04732813304706098,0.11047728730264554,0.0,0.02423762896740832,0.5,0.5228316117873189,0.036898575460693174,1406
dst_dempster_fire_specificity_silence_sensitivity_tau_0_2,CWE-191,0.0028788602992581387,1.0,0.0,0.0,1.0,0.0,0.00574118901156348,0.014230397727540913,0.0,0.0028788602992581387,0.5,0.4990491083518397,0.0028788602992581387,167
dst_dempster_fire_specificity_silence_sensitivity_tau_0_2,CWE-20,0.033201748546801,1.0,0.0,0.0,1.0,0.0,0.06426963043561743,0.14654634230132185,0.0,0.033201748546801,0.5,0.5051662498631726,0.034066224541907546,1926
dst_dempster_fire_specificity_silence_sensitivity_tau_0_2,CWE-269,0.0020169190683466502,1.0,0.0,0.0,1.0,0.0,0.004025715119810396,0.010003853157712576,0.0,0.0020169190683466502,0.5,0.4996372855466098,0.0020169190683466502,117
dst_dempster_fire_specificity_silence_sensitivity_tau_0_2,CWE-285,0.004878552851041446,1.0,0.0,0.0,1.0,0.0,0.009709732739230183,0.02392583624479854,0.0,0.004878552851041446,0.5,0.5134024043094466,0.006224522420903758,283
dst_dempster_fire_specificity_silence_sensitivity_tau_0_2,CWE-287,0.004395324481634251,0.8,0.2,0.1988961710934805,0.8,0.2,0.008742613391482466,0.02150401459565629,0.0,0.20329149557511475,0.5,0.5,0.00549915338815374,319
dst_dempster_fire_specificity_silence_sensitivity_tau_0_2,CWE-369,0.004723411627418168,1.0,0.0,0.0,1.0,0.0,0.009402409330838453,0.02317909641830872,0.0,0.004723411627418168,0.5,0.5035327517282508,0.008931357569558571,274
dst_dempster_fire_specificity_silence_sensitivity_tau_0_2,CWE-400,0.009963978487454754,1.0,0.0,0.0,1.0,0.0,0.019731350455816983,0.04791034625651806,0.0,0.009963978487454754,0.5,0.4996953152875223,0.009963978487454754,578
dst_dempster_fire_specificity_silence_sensitivity_tau_0_2,CWE-404,0.0211519018175787,1.0,0.0,0.0,1.0,0.0,0.04142752833445121,0.09750943139646398,0.0,0.0211519018175787,0.5,0.49835777025611927,0.021159834490530098,1227
dst_dempster_fire_specificity_silence_sensitivity_tau_0_2,CWE-476,0.02901274690402008,1.0,0.0,0.0,1.0,0.0,0.0563894761527696,0.12997945582352088,0.0,0.02901274690402008,0.5,0.5091897001566832,0.03218342847005996,1683
dst_dempster_fire_specificity_silence_sensitivity_tau_0_2,CWE-662,0.013704771106328428,1.0,0.0,0.0,1.0,0.0,0.027038979161438603,0.06496266161504578,0.0,0.013704771106328428,0.5,0.49259165367930463,0.013927199116080124,795
dst_dempster_fire_specificity_silence_sensitivity_tau_0_2,CWE-665,0.0024306661378417005,1.0,0.0,0.0,1.0,0.0,0.004849542205713121,0.012036281796030557,0.0,0.0024306661378417005,0.5,0.5042272341249554,0.004626011220610309,141
dst_dempster_fire_specificity_silence_sensitivity_tau_0_2,CWE-668,0.023513595001807823,1.0,0.0,0.0,1.0,0.0,0.045946812868682206,0.10746079562100444,0.0,0.023513595001807823,0.5,0.5724199695737642,0.03231258467849075,1364
dst_dempster_fire_specificity_silence_sensitivity_tau_0_2,CWE-704,0.007585030549414477,1.0,0.0,0.0,1.0,0.0,0.015055861916674476,0.036808381852269305,0.0,0.007585030549414477,0.5,0.5002154484519558,0.007662495053145567,440
dst_dempster_fire_specificity_silence_sensitivity_tau_0_2,CWE-705,0.004551018628271632,1.0,0.0,0.0,1.0,0.0,0.009060799026555655,0.02234824107376775,0.0,0.004551018628271632,0.5,0.4998614741001128,0.004551018628271632,264
dst_dempster_fire_specificity_silence_sensitivity_tau_0_2,CWE-706,0.013911640926990567,1.0,0.0,0.0,1.0,0.0,0.027441521470066323,0.06589153231662973,0.0,0.013911640926990567,0.5,0.500376384904077,0.014071870750288217,807
dst_dempster_fire_specificity_silence_sensitivity_tau_0_2,CWE-74,0.016169905146192542,1.0,0.0,0.0,1.0,0.0,0.0318251964437644,0.07593786226565842,0.0,0.016169905146192542,0.5,0.6198429210804944,0.0934700039131169,938
dst_dempster_fire_specificity_silence_sensitivity_tau_0_2,CWE-754,0.0028788602992581387,1.0,0.0,0.0,1.0,0.0,0.00574118901156348,0.014230397727540913,0.0,0.0028788602992581387,0.5,0.5046635060644341,0.004151578969628734,167
dst_dempster_fire_specificity_silence_sensitivity_tau_0_2,CWE-834,0.006050794354607701,1.0,0.0,0.0,1.0,0.0,0.012028802337117644,0.029539009169382607,0.0,0.006050794354607701,0.5,0.5039388917044411,0.007354394944693329,351
dst_dempster_fire_specificity_silence_sensitivity_tau_0_3,CWE-118,0.18247170083080055,1.0,0.0,0.0,1.0,0.0,0.30862759538726325,0.5274093562743876,0.0,0.18247170083080055,0.5,0.5549757486810214,0.2084846990762626,10585
dst_dempster_fire_specificity_silence_sensitivity_tau_0_3,CWE-190,0.02423762896740832,1.0,0.0,0.0,1.0,0.0,0.04732813304706098,0.11047728730264554,0.0,0.02423762896740832,0.5,0.5228316117873189,0.036898575460693174,1406
dst_dempster_fire_specificity_silence_sensitivity_tau_0_3,CWE-191,0.0028788602992581387,1.0,0.0,0.0,1.0,0.0,0.00574118901156348,0.014230397727540913,0.0,0.0028788602992581387,0.5,0.4990491083518397,0.0028788602992581387,167
dst_dempster_fire_specificity_silence_sensitivity_tau_0_3,CWE-20,0.033201748546801,1.0,0.0,0.0,1.0,0.0,0.06426963043561743,0.14654634230132185,0.0,0.033201748546801,0.5,0.5051662498631726,0.034066224541907546,1926
dst_dempster_fire_specificity_silence_sensitivity_tau_0_3,CWE-269,0.0020169190683466502,1.0,0.0,0.0,1.0,0.0,0.004025715119810396,0.010003853157712576,0.0,0.0020169190683466502,0.5,0.4996372855466098,0.0020169190683466502,117
dst_dempster_fire_specificity_silence_sensitivity_tau_0_3,CWE-285,0.004878552851041446,1.0,0.0,0.0,1.0,0.0,0.009709732739230183,0.02392583624479854,0.0,0.004878552851041446,0.5,0.5134024043094466,0.006224522420903758,283
dst_dempster_fire_specificity_silence_sensitivity_tau_0_3,CWE-287,0.004395324481634251,0.8,0.2,0.1988961710934805,0.8,0.2,0.008742613391482466,0.02150401459565629,0.0,0.20329149557511475,0.5,0.5,0.00549915338815374,319
dst_dempster_fire_specificity_silence_sensitivity_tau_0_3,CWE-369,0.004723411627418168,1.0,0.0,0.0,1.0,0.0,0.009402409330838453,0.02317909641830872,0.0,0.004723411627418168,0.5,0.5035327517282508,0.008931357569558571,274
dst_dempster_fire_specificity_silence_sensitivity_tau_0_3,CWE-400,0.009963978487454754,1.0,0.0,0.0,1.0,0.0,0.019731350455816983,0.04791034625651806,0.0,0.009963978487454754,0.5,0.4996953152875223,0.009963978487454754,578
dst_dempster_fire_specificity_silence_sensitivity_tau_0_3,CWE-404,0.0211519018175787,1.0,0.0,0.0,1.0,0.0,0.04142752833445121,0.09750943139646398,0.0,0.0211519018175787,0.5,0.49835777025611927,0.021159834490530098,1227
dst_dempster_fire_specificity_silence_sensitivity_tau_0_3,CWE-476,0.02901274690402008,1.0,0.0,0.0,1.0,0.0,0.0563894761527696,0.12997945582352088,0.0,0.02901274690402008,0.5,0.5091897001566832,0.03218342847005996,1683
dst_dempster_fire_specificity_silence_sensitivity_tau_0_3,CWE-662,0.013704771106328428,1.0,0.0,0.0,1.0,0.0,0.027038979161438603,0.06496266161504578,0.0,0.013704771106328428,0.5,0.49259165367930463,0.013927199116080124,795
dst_dempster_fire_specificity_silence_sensitivity_tau_0_3,CWE-665,0.0024306661378417005,1.0,0.0,0.0,1.0,0.0,0.004849542205713121,0.012036281796030557,0.0,0.0024306661378417005,0.5,0.5042272341249554,0.004626011220610309,141
dst_dempster_fire_specificity_silence_sensitivity_tau_0_3,CWE-668,0.023513595001807823,1.0,0.0,0.0,1.0,0.0,0.045946812868682206,0.10746079562100444,0.0,0.023513595001807823,0.5,0.5724199695737642,0.03231258467849075,1364
dst_dempster_fire_specificity_silence_sensitivity_tau_0_3,CWE-704,0.007585030549414477,1.0,0.0,0.0,1.0,0.0,0.015055861916674476,0.036808381852269305,0.0,0.007585030549414477,0.5,0.5002154484519558,0.007662495053145567,440
dst_dempster_fire_specificity_silence_sensitivity_tau_0_3,CWE-705,0.004551018628271632,1.0,0.0,0.0,1.0,0.0,0.009060799026555655,0.02234824107376775,0.0,0.004551018628271632,0.5,0.4998614741001128,0.004551018628271632,264
dst_dempster_fire_specificity_silence_sensitivity_tau_0_3,CWE-706,0.013911640926990567,1.0,0.0,0.0,1.0,0.0,0.027441521470066323,0.06589153231662973,0.0,0.013911640926990567,0.5,0.500376384904077,0.014071870750288217,807
dst_dempster_fire_specificity_silence_sensitivity_tau_0_3,CWE-74,0.016169905146192542,1.0,0.0,0.0,1.0,0.0,0.0318251964437644,0.07593786226565842,0.0,0.016169905146192542,0.5,0.6198429210804944,0.0934700039131169,938
dst_dempster_fire_specificity_silence_sensitivity_tau_0_3,CWE-754,0.0028788602992581387,1.0,0.0,0.0,1.0,0.0,0.00574118901156348,0.014230397727540913,0.0,0.0028788602992581387,0.5,0.5046635060644341,0.004151578969628734,167
dst_dempster_fire_specificity_silence_sensitivity_tau_0_3,CWE-834,0.006050794354607701,1.0,0.0,0.0,1.0,0.0,0.012028802337117644,0.029539009169382607,0.0,0.006050794354607701,0.5,0.5039388917044411,0.007354394944693329,351
dst_dempster_fire_specificity_silence_sensitivity_tau_0_4,CWE-118,0.23723786506547154,0.3771374586679263,0.7293354753828927,0.8399000498498255,0.2706645246171072,0.6228625413320736,0.291256004897286,0.3373469031830164,0.09062596205920201,0.6650691835130387,0.5532364670254095,0.5549757486810214,0.2084846990762626,10585
dst_dempster_fire_specificity_silence_sensitivity_tau_0_4,CWE-190,0.02423762896740832,1.0,0.0,0.0,1.0,0.0,0.04732813304706098,0.11047728730264554,0.0,0.02423762896740832,0.5,0.5228316117873189,0.036898575460693174,1406
dst_dempster_fire_specificity_silence_sensitivity_tau_0_4,CWE-191,0.0028788602992581387,1.0,0.0,0.0,1.0,0.0,0.00574118901156348,0.014230397727540913,0.0,0.0028788602992581387,0.5,0.4990491083518397,0.0028788602992581387,167
dst_dempster_fire_specificity_silence_sensitivity_tau_0_4,CWE-20,0.033201748546801,1.0,0.0,0.0,1.0,0.0,0.06426963043561743,0.14654634230132185,0.0,0.033201748546801,0.5,0.5051662498631726,0.034066224541907546,1926
dst_dempster_fire_specificity_silence_sensitivity_tau_0_4,CWE-269,0.0020169190683466502,1.0,0.0,0.0,1.0,0.0,0.004025715119810396,0.010003853157712576,0.0,0.0020169190683466502,0.5,0.4996372855466098,0.0020169190683466502,117
dst_dempster_fire_specificity_silence_sensitivity_tau_0_4,CWE-285,0.004878552851041446,1.0,0.0,0.0,1.0,0.0,0.009709732739230183,0.02392583624479854,0.0,0.004878552851041446,0.5,0.5134024043094466,0.006224522420903758,283
dst_dempster_fire_specificity_silence_sensitivity_tau_0_4,CWE-287,0.004395324481634251,0.8,0.2,0.1988961710934805,0.8,0.2,0.008742613391482466,0.02150401459565629,0.0,0.20329149557511475,0.5,0.5,0.00549915338815374,319
dst_dempster_fire_specificity_silence_sensitivity_tau_0_4,CWE-369,0.004723411627418168,1.0,0.0,0.0,1.0,0.0,0.009402409330838453,0.02317909641830872,0.0,0.004723411627418168,0.5,0.5035327517282508,0.008931357569558571,274
dst_dempster_fire_specificity_silence_sensitivity_tau_0_4,CWE-400,0.009963978487454754,1.0,0.0,0.0,1.0,0.0,0.019731350455816983,0.04791034625651806,0.0,0.009963978487454754,0.5,0.4996953152875223,0.009963978487454754,578
dst_dempster_fire_specificity_silence_sensitivity_tau_0_4,CWE-404,0.0211519018175787,1.0,0.0,0.0,1.0,0.0,0.04142752833445121,0.09750943139646398,0.0,0.0211519018175787,0.5,0.49835777025611927,0.021159834490530098,1227
dst_dempster_fire_specificity_silence_sensitivity_tau_0_4,CWE-476,0.02901274690402008,1.0,0.0,0.0,1.0,0.0,0.0563894761527696,0.12997945582352088,0.0,0.02901274690402008,0.5,0.5091897001566832,0.03218342847005996,1683
dst_dempster_fire_specificity_silence_sensitivity_tau_0_4,CWE-662,0.013704771106328428,1.0,0.0,0.0,1.0,0.0,0.027038979161438603,0.06496266161504578,0.0,0.013704771106328428,0.5,0.49259165367930463,0.013927199116080124,795
dst_dempster_fire_specificity_silence_sensitivity_tau_0_4,CWE-665,0.0024306661378417005,1.0,0.0,0.0,1.0,0.0,0.004849542205713121,0.012036281796030557,0.0,0.0024306661378417005,0.5,0.5042272341249554,0.004626011220610309,141
dst_dempster_fire_specificity_silence_sensitivity_tau_0_4,CWE-668,0.060983705629935124,0.23021439344968755,0.914678983215668,0.9801374360543613,0.0853210167843321,0.7697856065503125,0.09641767254483694,0.14803165567194618,0.07718589188073548,0.8985845877791198,0.5724466883326778,0.5724199695737642,0.03231258467849075,1364
dst_dempster_fire_specificity_silence_sensitivity_tau_0_4,CWE-704,0.007585030549414477,1.0,0.0,0.0,1.0,0.0,0.015055861916674476,0.036808381852269305,0.0,0.007585030549414477,0.5,0.5002154484519558,0.007662495053145567,440
dst_dempster_fire_specificity_silence_sensitivity_tau_0_4,CWE-705,0.004551018628271632,1.0,0.0,0.0,1.0,0.0,0.009060799026555655,0.02234824107376775,0.0,0.004551018628271632,0.5,0.4998614741001128,0.004551018628271632,264
dst_dempster_fire_specificity_silence_sensitivity_tau_0_4,CWE-706,0.013911640926990567,1.0,0.0,0.0,1.0,0.0,0.027441521470066323,0.06589153231662973,0.0,0.013911640926990567,0.5,0.500376384904077,0.014071870750288217,807
dst_dempster_fire_specificity_silence_sensitivity_tau_0_4,CWE-74,0.3263334303954303,0.24842416657185118,0.9915542984302392,0.9876950101205939,0.00844570156976077,0.7515758334281488,0.282015172332767,0.26083882465254804,0.27447749904075414,0.979537548307451,0.6199892325010452,0.6198429210804944,0.0934700039131169,938
dst_dempster_fire_specificity_silence_sensitivity_tau_0_4,CWE-754,0.0028788602992581387,1.0,0.0,0.0,1.0,0.0,0.00574118901156348,0.014230397727540913,0.0,0.0028788602992581387,0.5,0.5046635060644341,0.004151578969628734,167
dst_dempster_fire_specificity_silence_sensitivity_tau_0_4,CWE-834,0.006050794354607701,1.0,0.0,0.0,1.0,0.0,0.012028802337117644,0.029539009169382607,0.0,0.006050794354607701,0.5,0.5039388917044411,0.007354394944693329,351
dst_dempster_fire_specificity_silence_sensitivity_tau_0_5,CWE-118,0.23723786506547154,0.3771374586679263,0.7293354753828927,0.8399000498498255,0.2706645246171072,0.6228625413320736,0.291256004897286,0.3373469031830164,0.09062596205920201,0.6650691835130387,0.5532364670254095,0.5549757486810214,0.2084846990762626,10585
dst_dempster_fire_specificity_silence_sensitivity_tau_0_5,CWE-190,0.07169117880319609,0.06686100805128593,0.9784465197205602,0.9768587041058356,0.02155348027943974,0.9331389919487141,0.06911134142327975,0.06772513663813143,0.046876162999872704,0.9563517134917323,0.5226537638859231,0.5228316117873189,0.036898575460693174,1406
dst_dempster_fire_specificity_silence_sensitivity_tau_0_5,CWE-191,0.0028788602992581387,1.0,0.0,0.0,1.0,0.0,0.00574118901156348,0.014230397727540913,0.0,0.0028788602992581387,0.5,0.4990491083518397,0.0028788602992581387,167
dst_dempster_fire_specificity_silence_sensitivity_tau_0_5,CWE-20,0.03902732502605781,0.0654168629298163,0.9447962348544363,0.9671457222690728,0.05520376514556361,0.9345831370701838,0.048874562277957154,0.057609708600363255,0.00793931810461572,0.9155994513594916,0.5051065488921264,0.5051662498631726,0.034066224541907546,1926
dst_dempster_fire_specificity_silence_sensitivity_tau_0_5,CWE-269,0.0020169190683466502,1.0,0.0,0.0,1.0,0.0,0.004025715119810396,0.010003853157712576,0.0,0.0020169190683466502,0.5,0.4996372855466098,0.0020169190683466502,117
dst_dempster_fire_specificity_silence_sensitivity_tau_0_5,CWE-285,0.0286828093306288,0.0318922305764411,0.9949936488455773,0.9952522536462712,0.005006351154422746,0.9681077694235588,0.030149602618045817,0.031156866345222505,0.025351051932397912,0.9902946333349758,0.5134429397110092,0.5134024043094466,0.006224522420903758,283
dst_dempster_fire_specificity_silence_sensitivity_tau_0_5,CWE-287,0.0,0.0,1.0,0.9945008466118462,0.0,1.0,0.0,0.0,0.0,0.9945008466118462,0.5,0.5,0.00549915338815374,319
dst_dempster_fire_specificity_silence_sensitivity_tau_0_5,CWE-369,0.09999999999999999,0.007272727272727273,0.9997921462922734,0.9953099369809724,0.00020785370772659605,0.9927272727272728,0.013453928773318257,0.008909083693797374,0.025622252269379427,0.9951041968593767,0.5035324367825004,0.5035327517282508,0.008931357569558571,274
dst_dempster_fire_specificity_silence_sensitivity_tau_0_5,CWE-400,0.009963978487454754,1.0,0.0,0.0,1.0,0.0,0.019731350455816983,0.04791034625651806,0.0,0.009963978487454754,0.5,0.4996953152875223,0.009963978487454754,578
dst_dempster_fire_specificity_silence_sensitivity_tau_0_5,CWE-404,0.006355611601513242,0.001629334660693546,0.9950863548178004,0.9787797944637738,0.004913645182199554,0.9983706653393064,0.002593363175924175,0.0019139036399883152,-0.006964651123767272,0.9740728747359986,0.49835784473924705,0.49835777025611927,0.021159834490530098,1227
dst_dempster_fire_specificity_silence_sensitivity_tau_0_5,CWE-476,0.08619273769482211,0.026730959446092977,0.9915846444995078,0.9715082000684875,0.008415355500492307,0.9732690405539071,0.040781210659642755,0.031002345378564437,0.03249567330269139,0.9635918569624273,0.5091578019728004,0.5091897001566832,0.03218342847005996,1683
dst_dempster_fire_specificity_silence_sensitivity_tau_0_5,CWE-662,0.007956554144744133,0.020125786163522015,0.964991348263282,0.9860867784843798,0.035008651736717876,0.979874213836478,0.011402993046546631,0.015409216783829425,-0.009414931355967182,0.9520421945104867,0.492558567213402,0.49259165367930463,0.013927199116080124,795
dst_dempster_fire_specificity_silence_sensitivity_tau_0_5,CWE-665,0.003976342129208371,0.021182266009852214,0.9871432052868128,0.9975900397052138,0.012856794713187198,0.9788177339901478,0.006691188229649768,0.011341194237918215,0.0036088682744639658,0.9847954933479631,0.5041627356483325,0.5042272341249554,0.004626011220610309,141
dst_dempster_fire_specificity_silence_sensitivity_tau_0_5,CWE-668,0.060983705629935124,0.23021439344968755,0.914678983215668,0.9801374360543613,0.0853210167843321,0.7697856065503125,0.09641767254483694,0.14803165567194618,0.07718589188073548,0.8985845877791198,0.5724466883326778,0.5724199695737642,0.03231258467849075,1364
dst_dempster_fire_specificity_silence_sensitivity_tau_0_5,CWE-704,0.0015164570049974152,0.2,0.7985581364814898,0.7939205522917756,0.20144186351851018,0.8,0.0030100906447750983,0.007359090148854323,-0.002956218679480522,0.7940169573890193,0.4992790682407449,0.5002154484519558,0.007662495053145567,440
dst_dempster_fire_specificity_silence_sensitivity_tau_0_5,CWE-705,0.004551018628271632,1.0,0.0,0.0,1.0,0.0,0.009060799026555655,0.02234824107376775,0.0,0.004551018628271632,0.5,0.4998614741001128,0.004551018628271632,264
dst_dempster_fire_specificity_silence_sensitivity_tau_0_5,CWE-706,0.0027744270205066345,0.2,0.7996153830624705,0.7888575007526892,0.20038461693752957,0.8,0.005472932778108268,0.013142857142857145,-0.002038510189884047,0.7912579532745498,0.4998076915312352,0.500376384904077,0.014071870750288217,807
dst_dempster_fire_specificity_silence_sensitivity_tau_0_5,CWE-74,0.3263334303954303,0.24842416657185118,0.9915542984302392,0.9876950101205939,0.00844570156976077,0.7515758334281488,0.282015172332767,0.26083882465254804,0.27447749904075414,0.979537548307451,0.6199892325010452,0.6198429210804944,0.0934700039131169,938
dst_dempster_fire_specificity_silence_sensitivity_tau_0_5,CWE-754,0.0005860048259220959,0.2,0.7981154609569734,0.797701741819561,0.20188453904302656,0.8,0.0011685856676404882,0.0028960817717206136,-0.002078888934375749,0.7964140157000303,0.4990577304784868,0.5046635060644341,0.004151578969628734,167
dst_dempster_fire_specificity_silence_sensitivity_tau_0_5,CWE-834,0.0641025641025641,0.008571428571428572,0.9993063548374537,0.993996485659552,0.000693645162546425,0.9914285714285714,0.01490171211160431,0.010322442063056398,0.0210572857859078,0.9933114588318018,0.5039388917044411,0.5039388917044411,0.007354394944693329,351
dst_dempster_fire_specificity_silence_sensitivity_tau_0_6,CWE-118,0.23723786506547154,0.3771374586679263,0.7293354753828927,0.8399000498498255,0.2706645246171072,0.6228625413320736,0.291256004897286,0.3373469031830164,0.09062596205920201,0.6650691835130387,0.5532364670254095,0.5549757486810214,0.2084846990762626,10585
dst_dempster_fire_specificity_silence_sensitivity_tau_0_6,CWE-190,0.07169117880319609,0.06686100805128593,0.9784465197205602,0.9768587041058356,0.02155348027943974,0.9331389919487141,0.06911134142327975,0.06772513663813143,0.046876162999872704,0.9563517134917323,0.5226537638859231,0.5228316117873189,0.036898575460693174,1406
dst_dempster_fire_specificity_silence_sensitivity_tau_0_6,CWE-191,0.0,0.0,0.9980982167036794,0.99711567709116,0.0019017832963206017,1.0,0.0,0.0,-0.002333178479710505,0.9952248240837364,0.4990491083518397,0.4990491083518397,0.0028788602992581387,167
dst_dempster_fire_specificity_silence_sensitivity_tau_0_6,CWE-20,0.03902732502605781,0.0654168629298163,0.9447962348544363,0.9671457222690728,0.05520376514556361,0.9345831370701838,0.048874562277957154,0.057609708600363255,0.00793931810461572,0.9155994513594916,0.5051065488921264,0.5051662498631726,0.034066224541907546,1926
dst_dempster_fire_specificity_silence_sensitivity_tau_0_6,CWE-269,0.0,0.0,0.9992745710932196,0.9979816120025908,0.000725428906780469,1.0,0.0,0.0,-0.001193317412040144,0.9972591227565107,0.4996372855466098,0.4996372855466098,0.0020169190683466502,117
dst_dempster_fire_specificity_silence_sensitivity_tau_0_6,CWE-285,0.0286828093306288,0.0318922305764411,0.9949936488455773,0.9952522536462712,0.005006351154422746,0.9681077694235588,0.030149602618045817,0.031156866345222505,0.025351051932397912,0.9902946333349758,0.5134429397110092,0.5134024043094466,0.006224522420903758,283
dst_dempster_fire_specificity_silence_sensitivity_tau_0_6,CWE-287,0.0,0.0,1.0,0.9945008466118462,0.0,1.0,0.0,0.0,0.0,0.9945008466118462,0.5,0.5,0.00549915338815374,319
dst_dempster_fire_specificity_silence_sensitivity_tau_0_6,CWE-369,0.09999999999999999,0.007272727272727273,0.9997921462922734,0.9953099369809724,0.00020785370772659605,0.9927272727272728,0.013453928773318257,0.008909083693797374,0.025622252269379427,0.9951041968593767,0.5035324367825004,0.5035327517282508,0.008931357569558571,274
dst_dempster_fire_specificity_silence_sensitivity_tau_0_6,CWE-400,0.0,0.0,0.9993906305750446,0.9900300167155119,0.0006093694249553033,1.0,0.0,0.0,-0.002409367499494533,0.9894327128703588,0.4996953152875223,0.4996953152875223,0.009963978487454754,578
dst_dempster_fire_specificity_silence_sensitivity_tau_0_6,CWE-404,0.006355611601513242,0.001629334660693546,0.9950863548178004,0.9787797944637738,0.004913645182199554,0.9983706653393064,0.002593363175924175,0.0019139036399883152,-0.006964651123767272,0.9740728747359986,0.49835784473924705,0.49835777025611927,0.021159834490530098,1227
dst_dempster_fire_specificity_silence_sensitivity_tau_0_6,CWE-476,0.08619273769482211,0.026730959446092977,0.9915846444995078,0.9715082000684875,0.008415355500492307,0.9732690405539071,0.040781210659642755,0.031002345378564437,0.03249567330269139,0.9635918569624273,0.5091578019728004,0.5091897001566832,0.03218342847005996,1683
dst_dempster_fire_specificity_silence_sensitivity_tau_0_6,CWE-662,0.007956554144744133,0.020125786163522015,0.964991348263282,0.9860867784843798,0.035008651736717876,0.979874213836478,0.011402993046546631,0.015409216783829425,-0.009414931355967182,0.9520421945104867,0.492558567213402,0.49259165367930463,0.013927199116080124,795
dst_dempster_fire_specificity_silence_sensitivity_tau_0_6,CWE-665,0.003976342129208371,0.021182266009852214,0.9871432052868128,0.9975900397052138,0.012856794713187198,0.9788177339901478,0.006691188229649768,0.011341194237918215,0.0036088682744639658,0.9847954933479631,0.5041627356483325,0.5042272341249554,0.004626011220610309,141
dst_dempster_fire_specificity_silence_sensitivity_tau_0_6,CWE-668,0.060983705629935124,0.23021439344968755,0.914678983215668,0.9801374360543613,0.0853210167843321,0.7697856065503125,0.09641767254483694,0.14803165567194618,0.07718589188073548,0.8985845877791198,0.5724466883326778,0.5724199695737642,0.03231258467849075,1364
dst_dempster_fire_specificity_silence_sensitivity_tau_0_6,CWE-704,0.008333333333333333,0.0022727272727272726,0.9981587615900155,0.9924182210881838,0.0018412384099844004,0.9977272727272727,0.0035714285714285718,0.0026595744680851068,0.000621053200890895,0.9906049291277752,0.5002157444313714,0.5002154484519558,0.007662495053145567,440
dst_dempster_fire_specificity_silence_sensitivity_tau_0_6,CWE-705,0.0,0.0,0.9997229482002256,0.9954477299681528,0.0002770517997744532,1.0,0.0,0.0,-0.0010429020749816867,0.9951731861504081,0.4998614741001128,0.4998614741001128,0.004551018628271632,264
dst_dempster_fire_specificity_silence_sensitivity_tau_0_6,CWE-706,0.02857142857142857,0.0012422360248447203,0.9995105337833092,0.9860986422304029,0.0004894662166907697,0.9987577639751553,0.0023809523809523807,0.0015360983102918582,0.003379872875747394,0.9856229369037072,0.500376384904077,0.500376384904077,0.014071870750288217,807
dst_dempster_fire_specificity_silence_sensitivity_tau_0_6,CWE-74,0.3263334303954303,0.24842416657185118,0.9915542984302392,0.9876950101205939,0.00844570156976077,0.7515758334281488,0.282015172332767,0.26083882465254804,0.27447749904075414,0.979537548307451,0.6199892325010452,0.6198429210804944,0.0934700039131169,938
dst_dempster_fire_specificity_silence_sensitivity_tau_0_6,CWE-754,0.011428571428571429,0.011764705882352941,0.9975450201618136,0.9971485392955743,0.0024549798381864702,0.9882352941176471,0.011594202898550723,0.011695906432748539,0.008954776025144263,0.9947077075304337,0.5046548630220833,0.5046635060644341,0.004151578969628734,167
dst_dempster_fire_specificity_silence_sensitivity_tau_0_6,CWE-834,0.0641025641025641,0.008571428571428572,0.9993063548374537,0.993996485659552,0.000693645162546425,0.9914285714285714,0.01490171211160431,0.010322442063056398,0.0210572857859078,0.9933114588318018,0.5039388917044411,0.5039388917044411,0.007354394944693329,351
dst_dempster_fire_specificity_silence_sensitivity_tau_0_7,CWE-118,0.23723786506547154,0.3771374586679263,0.7293354753828927,0.8399000498498255,0.2706645246171072,0.6228625413320736,0.291256004897286,0.3373469031830164,0.09062596205920201,0.6650691835130387,0.5532364670254095,0.5549757486810214,0.2084846990762626,10585
dst_dempster_fire_specificity_silence_sensitivity_tau_0_7,CWE-190,0.07169117880319609,0.06686100805128593,0.9784465197205602,0.9768587041058356,0.02155348027943974,0.9331389919487141,0.06911134142327975,0.06772513663813143,0.046876162999872704,0.9563517134917323,0.5226537638859231,0.5228316117873189,0.036898575460693174,1406
dst_dempster_fire_specificity_silence_sensitivity_tau_0_7,CWE-191,0.0,0.0,0.9980982167036794,0.99711567709116,0.0019017832963206017,1.0,0.0,0.0,-0.002333178479710505,0.9952248240837364,0.4990491083518397,0.4990491083518397,0.0028788602992581387,167
dst_dempster_fire_specificity_silence_sensitivity_tau_0_7,CWE-20,0.03902732502605781,0.0654168629298163,0.9447962348544363,0.9671457222690728,0.05520376514556361,0.9345831370701838,0.048874562277957154,0.057609708600363255,0.00793931810461572,0.9155994513594916,0.5051065488921264,0.5051662498631726,0.034066224541907546,1926
dst_dempster_fire_specificity_silence_sensitivity_tau_0_7,CWE-269,0.0,0.0,0.9992745710932196,0.9979816120025908,0.000725428906780469,1.0,0.0,0.0,-0.001193317412040144,0.9972591227565107,0.4996372855466098,0.4996372855466098,0.0020169190683466502,117
dst_dempster_fire_specificity_silence_sensitivity_tau_0_7,CWE-285,0.0286828093306288,0.0318922305764411,0.9949936488455773,0.9952522536462712,0.005006351154422746,0.9681077694235588,0.030149602618045817,0.031156866345222505,0.025351051932397912,0.9902946333349758,0.5134429397110092,0.5134024043094466,0.006224522420903758,283
dst_dempster_fire_specificity_silence_sensitivity_tau_0_7,CWE-287,0.0,0.0,1.0,0.9945008466118462,0.0,1.0,0.0,0.0,0.0,0.9945008466118462,0.5,0.5,0.00549915338815374,319
dst_dempster_fire_specificity_silence_sensitivity_tau_0_7,CWE-369,0.09999999999999999,0.007272727272727273,0.9997921462922734,0.9953099369809724,0.00020785370772659605,0.9927272727272728,0.013453928773318257,0.008909083693797374,0.025622252269379427,0.9951041968593767,0.5035324367825004,0.5035327517282508,0.008931357569558571,274
dst_dempster_fire_specificity_silence_sensitivity_tau_0_7,CWE-400,0.0,0.0,0.9993906305750446,0.9900300167155119,0.0006093694249553033,1.0,0.0,0.0,-0.002409367499494533,0.9894327128703588,0.4996953152875223,0.4996953152875223,0.009963978487454754,578
dst_dempster_fire_specificity_silence_sensitivity_tau_0_7,CWE-404,0.006355611601513242,0.001629334660693546,0.9950863548178004,0.9787797944637738,0.004913645182199554,0.9983706653393064,0.002593363175924175,0.0019139036399883152,-0.006964651123767272,0.9740728747359986,0.49835784473924705,0.49835777025611927,0.021159834490530098,1227
dst_dempster_fire_specificity_silence_sensitivity_tau_0_7,CWE-476,0.08619273769482211,0.026730959446092977,0.9915846444995078,0.9715082000684875,0.008415355500492307,0.9732690405539071,0.040781210659642755,0.031002345378564437,0.03249567330269139,0.9635918569624273,0.5091578019728004,0.5091897001566832,0.03218342847005996,1683
dst_dempster_fire_specificity_silence_sensitivity_tau_0_7,CWE-662,0.007956554144744133,0.020125786163522015,0.964991348263282,0.9860867784843798,0.035008651736717876,0.979874213836478,0.011402993046546631,0.015409216783829425,-0.009414931355967182,0.9520421945104867,0.492558567213402,0.49259165367930463,0.013927199116080124,795
dst_dempster_fire_specificity_silence_sensitivity_tau_0_7,CWE-665,0.003976342129208371,0.021182266009852214,0.9871432052868128,0.9975900397052138,0.012856794713187198,0.9788177339901478,0.006691188229649768,0.011341194237918215,0.0036088682744639658,0.9847954933479631,0.5041627356483325,0.5042272341249554,0.004626011220610309,141
dst_dempster_fire_specificity_silence_sensitivity_tau_0_7,CWE-668,0.060983705629935124,0.23021439344968755,0.914678983215668,0.9801374360543613,0.0853210167843321,0.7697856065503125,0.09641767254483694,0.14803165567194618,0.07718589188073548,0.8985845877791198,0.5724466883326778,0.5724199695737642,0.03231258467849075,1364
dst_dempster_fire_specificity_silence_sensitivity_tau_0_7,CWE-704,0.008333333333333333,0.0022727272727272726,0.9981587615900155,0.9924182210881838,0.0018412384099844004,0.9977272727272727,0.0035714285714285718,0.0026595744680851068,0.000621053200890895,0.9906049291277752,0.5002157444313714,0.5002154484519558,0.007662495053145567,440
dst_dempster_fire_specificity_silence_sensitivity_tau_0_7,CWE-705,0.0,0.0,0.9997229482002256,0.9954477299681528,0.0002770517997744532,1.0,0.0,0.0,-0.0010429020749816867,0.9951731861504081,0.4998614741001128,0.4998614741001128,0.004551018628271632,264
dst_dempster_fire_specificity_silence_sensitivity_tau_0_7,CWE-706,0.02857142857142857,0.0012422360248447203,0.9995105337833092,0.9860986422304029,0.0004894662166907697,0.9987577639751553,0.0023809523809523807,0.0015360983102918582,0.003379872875747394,0.9856229369037072,0.500376384904077,0.500376384904077,0.014071870750288217,807
dst_dempster_fire_specificity_silence_sensitivity_tau_0_7,CWE-74,0.3263334303954303,0.24842416657185118,0.9915542984302392,0.9876950101205939,0.00844570156976077,0.7515758334281488,0.282015172332767,0.26083882465254804,0.27447749904075414,0.979537548307451,0.6199892325010452,0.6198429210804944,0.0934700039131169,938
dst_dempster_fire_specificity_silence_sensitivity_tau_0_7,CWE-754,0.011428571428571429,0.011764705882352941,0.9975450201618136,0.9971485392955743,0.0024549798381864702,0.9882352941176471,0.011594202898550723,0.011695906432748539,0.008954776025144263,0.9947077075304337,0.5046548630220833,0.5046635060644341,0.004151578969628734,167
dst_dempster_fire_specificity_silence_sensitivity_tau_0_7,CWE-834,0.0641025641025641,0.008571428571428572,0.9993063548374537,0.993996485659552,0.000693645162546425,0.9914285714285714,0.01490171211160431,0.010322442063056398,0.0210572857859078,0.9933114588318018,0.5039388917044411,0.5039388917044411,0.007354394944693329,351
dst_dempster_fire_specificity_silence_sensitivity_tau_0_8,CWE-118,0.23723786506547154,0.3771374586679263,0.7293354753828927,0.8399000498498255,0.2706645246171072,0.6228625413320736,0.291256004897286,0.3373469031830164,0.09062596205920201,0.6650691835130387,0.5532364670254095,0.5549757486810214,0.2084846990762626,10585
dst_dempster_fire_specificity_silence_sensitivity_tau_0_8,CWE-190,0.07169117880319609,0.06686100805128593,0.9784465197205602,0.9768587041058356,0.02155348027943974,0.9331389919487141,0.06911134142327975,0.06772513663813143,0.046876162999872704,0.9563517134917323,0.5226537638859231,0.5228316117873189,0.036898575460693174,1406
dst_dempster_fire_specificity_silence_sensitivity_tau_0_8,CWE-191,0.0,0.0,0.9980982167036794,0.99711567709116,0.0019017832963206017,1.0,0.0,0.0,-0.002333178479710505,0.9952248240837364,0.4990491083518397,0.4990491083518397,0.0028788602992581387,167
dst_dempster_fire_specificity_silence_sensitivity_tau_0_8,CWE-20,0.03902732502605781,0.0654168629298163,0.9447962348544363,0.9671457222690728,0.05520376514556361,0.9345831370701838,0.048874562277957154,0.057609708600363255,0.00793931810461572,0.9155994513594916,0.5051065488921264,0.5051662498631726,0.034066224541907546,1926
dst_dempster_fire_specificity_silence_sensitivity_tau_0_8,CWE-269,0.0,0.0,0.9992745710932196,0.9979816120025908,0.000725428906780469,1.0,0.0,0.0,-0.001193317412040144,0.9972591227565107,0.4996372855466098,0.4996372855466098,0.0020169190683466502,117
dst_dempster_fire_specificity_silence_sensitivity_tau_0_8,CWE-285,0.0286828093306288,0.0318922305764411,0.9949936488455773,0.9952522536462712,0.005006351154422746,0.9681077694235588,0.030149602618045817,0.031156866345222505,0.025351051932397912,0.9902946333349758,0.5134429397110092,0.5134024043094466,0.006224522420903758,283
dst_dempster_fire_specificity_silence_sensitivity_tau_0_8,CWE-287,0.0,0.0,1.0,0.9945008466118462,0.0,1.0,0.0,0.0,0.0,0.9945008466118462,0.5,0.5,0.00549915338815374,319
dst_dempster_fire_specificity_silence_sensitivity_tau_0_8,CWE-369,0.09999999999999999,0.007272727272727273,0.9997921462922734,0.9953099369809724,0.00020785370772659605,0.9927272727272728,0.013453928773318257,0.008909083693797374,0.025622252269379427,0.9951041968593767,0.5035324367825004,0.5035327517282508,0.008931357569558571,274
dst_dempster_fire_specificity_silence_sensitivity_tau_0_8,CWE-400,0.0,0.0,0.9993906305750446,0.9900300167155119,0.0006093694249553033,1.0,0.0,0.0,-0.002409367499494533,0.9894327128703588,0.4996953152875223,0.4996953152875223,0.009963978487454754,578
dst_dempster_fire_specificity_silence_sensitivity_tau_0_8,CWE-404,0.006355611601513242,0.001629334660693546,0.9950863548178004,0.9787797944637738,0.004913645182199554,0.9983706653393064,0.002593363175924175,0.0019139036399883152,-0.006964651123767272,0.9740728747359986,0.49835784473924705,0.49835777025611927,0.021159834490530098,1227
dst_dempster_fire_specificity_silence_sensitivity_tau_0_8,CWE-476,0.08619273769482211,0.026730959446092977,0.9915846444995078,0.9715082000684875,0.008415355500492307,0.9732690405539071,0.040781210659642755,0.031002345378564437,0.03249567330269139,0.9635918569624273,0.5091578019728004,0.5091897001566832,0.03218342847005996,1683
dst_dempster_fire_specificity_silence_sensitivity_tau_0_8,CWE-662,0.007956554144744133,0.020125786163522015,0.964991348263282,0.9860867784843798,0.035008651736717876,0.979874213836478,0.011402993046546631,0.015409216783829425,-0.009414931355967182,0.9520421945104867,0.492558567213402,0.49259165367930463,0.013927199116080124,795
dst_dempster_fire_specificity_silence_sensitivity_tau_0_8,CWE-665,0.003976342129208371,0.021182266009852214,0.9871432052868128,0.9975900397052138,0.012856794713187198,0.9788177339901478,0.006691188229649768,0.011341194237918215,0.0036088682744639658,0.9847954933479631,0.5041627356483325,0.5042272341249554,0.004626011220610309,141
dst_dempster_fire_specificity_silence_sensitivity_tau_0_8,CWE-668,0.060983705629935124,0.23021439344968755,0.914678983215668,0.9801374360543613,0.0853210167843321,0.7697856065503125,0.09641767254483694,0.14803165567194618,0.07718589188073548,0.8985845877791198,0.5724466883326778,0.5724199695737642,0.03231258467849075,1364
dst_dempster_fire_specificity_silence_sensitivity_tau_0_8,CWE-704,0.008333333333333333,0.0022727272727272726,0.9981587615900155,0.9924182210881838,0.0018412384099844004,0.9977272727272727,0.0035714285714285718,0.0026595744680851068,0.000621053200890895,0.9906049291277752,0.5002157444313714,0.5002154484519558,0.007662495053145567,440
dst_dempster_fire_specificity_silence_sensitivity_tau_0_8,CWE-705,0.0,0.0,0.9997229482002256,0.9954477299681528,0.0002770517997744532,1.0,0.0,0.0,-0.0010429020749816867,0.9951731861504081,0.4998614741001128,0.4998614741001128,0.004551018628271632,264
dst_dempster_fire_specificity_silence_sensitivity_tau_0_8,CWE-706,0.02857142857142857,0.0012422360248447203,0.9995105337833092,0.9860986422304029,0.0004894662166907697,0.9987577639751553,0.0023809523809523807,0.0015360983102918582,0.003379872875747394,0.9856229369037072,0.500376384904077,0.500376384904077,0.014071870750288217,807
dst_dempster_fire_specificity_silence_sensitivity_tau_0_8,CWE-74,0.3263334303954303,0.24842416657185118,0.9915542984302392,0.9876950101205939,0.00844570156976077,0.7515758334281488,0.282015172332767,0.26083882465254804,0.27447749904075414,0.979537548307451,0.6199892325010452,0.6198429210804944,0.0934700039131169,938
dst_dempster_fire_specificity_silence_sensitivity_tau_0_8,CWE-754,0.011428571428571429,0.011764705882352941,0.9975450201618136,0.9971485392955743,0.0024549798381864702,0.9882352941176471,0.011594202898550723,0.011695906432748539,0.008954776025144263,0.9947077075304337,0.5046548630220833,0.5046635060644341,0.004151578969628734,167
dst_dempster_fire_specificity_silence_sensitivity_tau_0_8,CWE-834,0.0641025641025641,0.008571428571428572,0.9993063548374537,0.993996485659552,0.000693645162546425,0.9914285714285714,0.01490171211160431,0.010322442063056398,0.0210572857859078,0.9933114588318018,0.5039388917044411,0.5039388917044411,0.007354394944693329,351
dst_dempster_fire_specificity_silence_sensitivity_tau_0_9,CWE-118,0.32619453038608653,0.03589985829003307,0.9834047167453683,0.8204672533295907,0.016595283254631703,0.9641001417099669,0.06465381944371887,0.04366783683643978,0.05317810848044151,0.8105119949147589,0.5096522875177006,0.5549757486810214,0.2084846990762626,10585
dst_dempster_fire_specificity_silence_sensitivity_tau_0_9,CWE-190,0.07169117880319609,0.06686100805128593,0.9784465197205602,0.9768587041058356,0.02155348027943974,0.9331389919487141,0.06911134142327975,0.06772513663813143,0.046876162999872704,0.9563517134917323,0.5226537638859231,0.5228316117873189,0.036898575460693174,1406
dst_dempster_fire_specificity_silence_sensitivity_tau_0_9,CWE-191,0.0,0.0,0.9980982167036794,0.99711567709116,0.0019017832963206017,1.0,0.0,0.0,-0.002333178479710505,0.9952248240837364,0.4990491083518397,0.4990491083518397,0.0028788602992581387,167
dst_dempster_fire_specificity_silence_sensitivity_tau_0_9,CWE-20,0.03902732502605781,0.0654168629298163,0.9447962348544363,0.9671457222690728,0.05520376514556361,0.9345831370701838,0.048874562277957154,0.057609708600363255,0.00793931810461572,0.9155994513594916,0.5051065488921264,0.5051662498631726,0.034066224541907546,1926
dst_dempster_fire_specificity_silence_sensitivity_tau_0_9,CWE-269,0.0,0.0,0.9992745710932196,0.9979816120025908,0.000725428906780469,1.0,0.0,0.0,-0.001193317412040144,0.9972591227565107,0.4996372855466098,0.4996372855466098,0.0020169190683466502,117
dst_dempster_fire_specificity_silence_sensitivity_tau_0_9,CWE-285,0.0286828093306288,0.0318922305764411,0.9949936488455773,0.9952522536462712,0.005006351154422746,0.9681077694235588,0.030149602618045817,0.031156866345222505,0.025351051932397912,0.9902946333349758,0.5134429397110092,0.5134024043094466,0.006224522420903758,283
dst_dempster_fire_specificity_silence_sensitivity_tau_0_9,CWE-287,0.0,0.0,1.0,0.9945008466118462,0.0,1.0,0.0,0.0,0.0,0.9945008466118462,0.5,0.5,0.00549915338815374,319
dst_dempster_fire_specificity_silence_sensitivity_tau_0_9,CWE-369,0.09999999999999999,0.007272727272727273,0.9997921462922734,0.9953099369809724,0.00020785370772659605,0.9927272727272728,0.013453928773318257,0.008909083693797374,0.025622252269379427,0.9951041968593767,0.5035324367825004,0.5035327517282508,0.008931357569558571,274
dst_dempster_fire_specificity_silence_sensitivity_tau_0_9,CWE-400,0.0,0.0,0.9993906305750446,0.9900300167155119,0.0006093694249553033,1.0,0.0,0.0,-0.002409367499494533,0.9894327128703588,0.4996953152875223,0.4996953152875223,0.009963978487454754,578
dst_dempster_fire_specificity_silence_sensitivity_tau_0_9,CWE-404,0.006355611601513242,0.001629334660693546,0.9950863548178004,0.9787797944637738,0.004913645182199554,0.9983706653393064,0.002593363175924175,0.0019139036399883152,-0.006964651123767272,0.9740728747359986,0.49835784473924705,0.49835777025611927,0.021159834490530098,1227
dst_dempster_fire_specificity_silence_sensitivity_tau_0_9,CWE-476,0.08619273769482211,0.026730959446092977,0.9915846444995078,0.9715082000684875,0.008415355500492307,0.9732690405539071,0.040781210659642755,0.031002345378564437,0.03249567330269139,0.9635918569624273,0.5091578019728004,0.5091897001566832,0.03218342847005996,1683
dst_dempster_fire_specificity_silence_sensitivity_tau_0_9,CWE-662,0.007956554144744133,0.020125786163522015,0.964991348263282,0.9860867784843798,0.035008651736717876,0.979874213836478,0.011402993046546631,0.015409216783829425,-0.009414931355967182,0.9520421945104867,0.492558567213402,0.49259165367930463,0.013927199116080124,795
dst_dempster_fire_specificity_silence_sensitivity_tau_0_9,CWE-665,0.003976342129208371,0.021182266009852214,0.9871432052868128,0.9975900397052138,0.012856794713187198,0.9788177339901478,0.006691188229649768,0.011341194237918215,0.0036088682744639658,0.9847954933479631,0.5041627356483325,0.5042272341249554,0.004626011220610309,141
dst_dempster_fire_specificity_silence_sensitivity_tau_0_9,CWE-668,0.060983705629935124,0.23021439344968755,0.914678983215668,0.9801374360543613,0.0853210167843321,0.7697856065503125,0.09641767254483694,0.14803165567194618,0.07718589188073548,0.8985845877791198,0.5724466883326778,0.5724199695737642,0.03231258467849075,1364
dst_dempster_fire_specificity_silence_sensitivity_tau_0_9,CWE-704,0.008333333333333333,0.0022727272727272726,0.9981587615900155,0.9924182210881838,0.0018412384099844004,0.9977272727272727,0.0035714285714285718,0.0026595744680851068,0.000621053200890895,0.9906049291277752,0.5002157444313714,0.5002154484519558,0.007662495053145567,440
dst_dempster_fire_specificity_silence_sensitivity_tau_0_9,CWE-705,0.0,0.0,0.9997229482002256,0.9954477299681528,0.0002770517997744532,1.0,0.0,0.0,-0.0010429020749816867,0.9951731861504081,0.4998614741001128,0.4998614741001128,0.004551018628271632,264
dst_dempster_fire_specificity_silence_sensitivity_tau_0_9,CWE-706,0.02857142857142857,0.0012422360248447203,0.9995105337833092,0.9860986422304029,0.0004894662166907697,0.9987577639751553,0.0023809523809523807,0.0015360983102918582,0.003379872875747394,0.9856229369037072,0.500376384904077,0.500376384904077,0.014071870750288217,807
dst_dempster_fire_specificity_silence_sensitivity_tau_0_9,CWE-74,0.3263334303954303,0.24842416657185118,0.9915542984302392,0.9876950101205939,0.00844570156976077,0.7515758334281488,0.282015172332767,0.26083882465254804,0.27447749904075414,0.979537548307451,0.6199892325010452,0.6198429210804944,0.0934700039131169,938
dst_dempster_fire_specificity_silence_sensitivity_tau_0_9,CWE-754,0.011428571428571429,0.011764705882352941,0.9975450201618136,0.9971485392955743,0.0024549798381864702,0.9882352941176471,0.011594202898550723,0.011695906432748539,0.008954776025144263,0.9947077075304337,0.5046548630220833,0.5046635060644341,0.004151578969628734,167
dst_dempster_fire_specificity_silence_sensitivity_tau_0_9,CWE-834,0.0641025641025641,0.008571428571428572,0.9993063548374537,0.993996485659552,0.000693645162546425,0.9914285714285714,0.01490171211160431,0.010322442063056398,0.0210572857859078,0.9933114588318018,0.5039388917044411,0.5039388917044411,0.007354394944693329,351
dst_pcr6_fire_specificity_silence_sensitivity_tau_0_1,CWE-118,0.18247170083080055,1.0,0.0,0.0,1.0,0.0,0.30862759538726325,0.5274093562743876,0.0,0.18247170083080055,0.5,0.5549578182286268,0.2073137977735154,10585
dst_pcr6_fire_specificity_silence_sensitivity_tau_0_1,CWE-190,0.02423762896740832,1.0,0.0,0.0,1.0,0.0,0.04732813304706098,0.11047728730264554,0.0,0.02423762896740832,0.5,0.5228312344768873,0.03753024805855794,1406
dst_pcr6_fire_specificity_silence_sensitivity_tau_0_1,CWE-191,0.0028788602992581387,1.0,0.0,0.0,1.0,0.0,0.00574118901156348,0.014230397727540913,0.0,0.0028788602992581387,0.5,0.4990491083518397,0.0028788602992581387,167
dst_pcr6_fire_specificity_silence_sensitivity_tau_0_1,CWE-20,0.033201748546801,1.0,0.0,0.0,1.0,0.0,0.06426963043561743,0.14654634230132185,0.0,0.033201748546801,0.5,0.5051662498631726,0.034066224541907546,1926
dst_pcr6_fire_specificity_silence_sensitivity_tau_0_1,CWE-269,0.0020169190683466502,1.0,0.0,0.0,1.0,0.0,0.004025715119810396,0.010003853157712576,0.0,0.0020169190683466502,0.5,0.4996372855466098,0.0020169190683466502,117
dst_pcr6_fire_specificity_silence_sensitivity_tau_0_1,CWE-285,0.004878552851041446,1.0,0.0,0.0,1.0,0.0,0.009709732739230183,0.02392583624479854,0.0,0.004878552851041446,0.5,0.5134729849540318,0.007246490052893394,283
dst_pcr6_fire_specificity_silence_sensitivity_tau_0_1,CWE-287,0.004395324481634251,0.8,0.2,0.1988961710934805,0.8,0.2,0.008742613391482466,0.02150401459565629,0.0,0.20329149557511475,0.5,0.5,0.00549915338815374,319
dst_pcr6_fire_specificity_silence_sensitivity_tau_0_1,CWE-369,0.004723411627418168,1.0,0.0,0.0,1.0,0.0,0.009402409330838453,0.02317909641830872,0.0,0.004723411627418168,0.5,0.5035327517282508,0.008931357569558571,274
dst_pcr6_fire_specificity_silence_sensitivity_tau_0_1,CWE-400,0.009963978487454754,1.0,0.0,0.0,1.0,0.0,0.019731350455816983,0.04791034625651806,0.0,0.009963978487454754,0.5,0.4996953152875223,0.009963978487454754,578
dst_pcr6_fire_specificity_silence_sensitivity_tau_0_1,CWE-404,0.0211519018175787,1.0,0.0,0.0,1.0,0.0,0.04142752833445121,0.09750943139646398,0.0,0.0211519018175787,0.5,0.49835777025611927,0.021159834490530098,1227
dst_pcr6_fire_specificity_silence_sensitivity_tau_0_1,CWE-476,0.02901274690402008,1.0,0.0,0.0,1.0,0.0,0.0563894761527696,0.12997945582352088,0.0,0.02901274690402008,0.5,0.5091897001566832,0.03218342847005996,1683
dst_pcr6_fire_specificity_silence_sensitivity_tau_0_1,CWE-662,0.013704771106328428,1.0,0.0,0.0,1.0,0.0,0.027038979161438603,0.06496266161504578,0.0,0.013704771106328428,0.5,0.49259165367930463,0.013927199116080124,795
dst_pcr6_fire_specificity_silence_sensitivity_tau_0_1,CWE-665,0.0024306661378417005,1.0,0.0,0.0,1.0,0.0,0.004849542205713121,0.012036281796030557,0.0,0.0024306661378417005,0.5,0.5042395749285886,0.011952018546617635,141
dst_pcr6_fire_specificity_silence_sensitivity_tau_0_1,CWE-668,0.023513595001807823,1.0,0.0,0.0,1.0,0.0,0.045946812868682206,0.10746079562100444,0.0,0.023513595001807823,0.5,0.5724199695737642,0.03231258467849075,1364
dst_pcr6_fire_specificity_silence_sensitivity_tau_0_1,CWE-704,0.007585030549414477,1.0,0.0,0.0,1.0,0.0,0.015055861916674476,0.036808381852269305,0.0,0.007585030549414477,0.5,0.5002154484519558,0.007662495053145567,440
dst_pcr6_fire_specificity_silence_sensitivity_tau_0_1,CWE-705,0.004551018628271632,1.0,0.0,0.0,1.0,0.0,0.009060799026555655,0.02234824107376775,0.0,0.004551018628271632,0.5,0.4998614741001128,0.004551018628271632,264
dst_pcr6_fire_specificity_silence_sensitivity_tau_0_1,CWE-706,0.013911640926990567,1.0,0.0,0.0,1.0,0.0,0.027441521470066323,0.06589153231662973,0.0,0.013911640926990567,0.5,0.500376384904077,0.014071870750288217,807
dst_pcr6_fire_specificity_silence_sensitivity_tau_0_1,CWE-74,0.016169905146192542,1.0,0.0,0.0,1.0,0.0,0.0318251964437644,0.07593786226565842,0.0,0.016169905146192542,0.5,0.6200866962882327,0.10030701161249007,938
dst_pcr6_fire_specificity_silence_sensitivity_tau_0_1,CWE-754,0.0028788602992581387,1.0,0.0,0.0,1.0,0.0,0.00574118901156348,0.014230397727540913,0.0,0.0028788602992581387,0.5,0.5046635060644341,0.004151578969628734,167
dst_pcr6_fire_specificity_silence_sensitivity_tau_0_1,CWE-834,0.006050794354607701,1.0,0.0,0.0,1.0,0.0,0.012028802337117644,0.029539009169382607,0.0,0.006050794354607701,0.5,0.5039388917044411,0.007354394944693329,351
dst_pcr6_fire_specificity_silence_sensitivity_tau_0_2,CWE-118,0.18247170083080055,1.0,0.0,0.0,1.0,0.0,0.30862759538726325,0.5274093562743876,0.0,0.18247170083080055,0.5,0.5549578182286268,0.2073137977735154,10585
dst_pcr6_fire_specificity_silence_sensitivity_tau_0_2,CWE-190,0.02423762896740832,1.0,0.0,0.0,1.0,0.0,0.04732813304706098,0.11047728730264554,0.0,0.02423762896740832,0.5,0.5228312344768873,0.03753024805855794,1406
dst_pcr6_fire_specificity_silence_sensitivity_tau_0_2,CWE-191,0.0028788602992581387,1.0,0.0,0.0,1.0,0.0,0.00574118901156348,0.014230397727540913,0.0,0.0028788602992581387,0.5,0.4990491083518397,0.0028788602992581387,167
dst_pcr6_fire_specificity_silence_sensitivity_tau_0_2,CWE-20,0.033201748546801,1.0,0.0,0.0,1.0,0.0,0.06426963043561743,0.14654634230132185,0.0,0.033201748546801,0.5,0.5051662498631726,0.034066224541907546,1926
dst_pcr6_fire_specificity_silence_sensitivity_tau_0_2,CWE-269,0.0020169190683466502,1.0,0.0,0.0,1.0,0.0,0.004025715119810396,0.010003853157712576,0.0,0.0020169190683466502,0.5,0.4996372855466098,0.0020169190683466502,117
dst_pcr6_fire_specificity_silence_sensitivity_tau_0_2,CWE-285,0.004878552851041446,1.0,0.0,0.0,1.0,0.0,0.009709732739230183,0.02392583624479854,0.0,0.004878552851041446,0.5,0.5134729849540318,0.007246490052893394,283
dst_pcr6_fire_specificity_silence_sensitivity_tau_0_2,CWE-287,0.004395324481634251,0.8,0.2,0.1988961710934805,0.8,0.2,0.008742613391482466,0.02150401459565629,0.0,0.20329149557511475,0.5,0.5,0.00549915338815374,319
dst_pcr6_fire_specificity_silence_sensitivity_tau_0_2,CWE-369,0.004723411627418168,1.0,0.0,0.0,1.0,0.0,0.009402409330838453,0.02317909641830872,0.0,0.004723411627418168,0.5,0.5035327517282508,0.008931357569558571,274
dst_pcr6_fire_specificity_silence_sensitivity_tau_0_2,CWE-400,0.009963978487454754,1.0,0.0,0.0,1.0,0.0,0.019731350455816983,0.04791034625651806,0.0,0.009963978487454754,0.5,0.4996953152875223,0.009963978487454754,578
dst_pcr6_fire_specificity_silence_sensitivity_tau_0_2,CWE-404,0.0211519018175787,1.0,0.0,0.0,1.0,0.0,0.04142752833445121,0.09750943139646398,0.0,0.0211519018175787,0.5,0.49835777025611927,0.021159834490530098,1227
dst_pcr6_fire_specificity_silence_sensitivity_tau_0_2,CWE-476,0.02901274690402008,1.0,0.0,0.0,1.0,0.0,0.0563894761527696,0.12997945582352088,0.0,0.02901274690402008,0.5,0.5091897001566832,0.03218342847005996,1683
dst_pcr6_fire_specificity_silence_sensitivity_tau_0_2,CWE-662,0.013704771106328428,1.0,0.0,0.0,1.0,0.0,0.027038979161438603,0.06496266161504578,0.0,0.013704771106328428,0.5,0.49259165367930463,0.013927199116080124,795
dst_pcr6_fire_specificity_silence_sensitivity_tau_0_2,CWE-665,0.0024306661378417005,1.0,0.0,0.0,1.0,0.0,0.004849542205713121,0.012036281796030557,0.0,0.0024306661378417005,0.5,0.5042395749285886,0.011952018546617635,141
dst_pcr6_fire_specificity_silence_sensitivity_tau_0_2,CWE-668,0.023513595001807823,1.0,0.0,0.0,1.0,0.0,0.045946812868682206,0.10746079562100444,0.0,0.023513595001807823,0.5,0.5724199695737642,0.03231258467849075,1364
dst_pcr6_fire_specificity_silence_sensitivity_tau_0_2,CWE-704,0.007585030549414477,1.0,0.0,0.0,1.0,0.0,0.015055861916674476,0.036808381852269305,0.0,0.007585030549414477,0.5,0.5002154484519558,0.007662495053145567,440
dst_pcr6_fire_specificity_silence_sensitivity_tau_0_2,CWE-705,0.004551018628271632,1.0,0.0,0.0,1.0,0.0,0.009060799026555655,0.02234824107376775,0.0,0.004551018628271632,0.5,0.4998614741001128,0.004551018628271632,264
dst_pcr6_fire_specificity_silence_sensitivity_tau_0_2,CWE-706,0.013911640926990567,1.0,0.0,0.0,1.0,0.0,0.027441521470066323,0.06589153231662973,0.0,0.013911640926990567,0.5,0.500376384904077,0.014071870750288217,807
dst_pcr6_fire_specificity_silence_sensitivity_tau_0_2,CWE-74,0.016169905146192542,1.0,0.0,0.0,1.0,0.0,0.0318251964437644,0.07593786226565842,0.0,0.016169905146192542,0.5,0.6200866962882327,0.10030701161249007,938
dst_pcr6_fire_specificity_silence_sensitivity_tau_0_2,CWE-754,0.0028788602992581387,1.0,0.0,0.0,1.0,0.0,0.00574118901156348,0.014230397727540913,0.0,0.0028788602992581387,0.5,0.5046635060644341,0.004151578969628734,167
dst_pcr6_fire_specificity_silence_sensitivity_tau_0_2,CWE-834,0.006050794354607701,1.0,0.0,0.0,1.0,0.0,0.012028802337117644,0.029539009169382607,0.0,0.006050794354607701,0.5,0.5039388917044411,0.007354394944693329,351
dst_pcr6_fire_specificity_silence_sensitivity_tau_0_3,CWE-118,0.18247170083080055,1.0,0.0,0.0,1.0,0.0,0.30862759538726325,0.5274093562743876,0.0,0.18247170083080055,0.5,0.5549578182286268,0.2073137977735154,10585
dst_pcr6_fire_specificity_silence_sensitivity_tau_0_3,CWE-190,0.02423762896740832,1.0,0.0,0.0,1.0,0.0,0.04732813304706098,0.11047728730264554,0.0,0.02423762896740832,0.5,0.5228312344768873,0.03753024805855794,1406
dst_pcr6_fire_specificity_silence_sensitivity_tau_0_3,CWE-191,0.0028788602992581387,1.0,0.0,0.0,1.0,0.0,0.00574118901156348,0.014230397727540913,0.0,0.0028788602992581387,0.5,0.4990491083518397,0.0028788602992581387,167
dst_pcr6_fire_specificity_silence_sensitivity_tau_0_3,CWE-20,0.033201748546801,1.0,0.0,0.0,1.0,0.0,0.06426963043561743,0.14654634230132185,0.0,0.033201748546801,0.5,0.5051662498631726,0.034066224541907546,1926
dst_pcr6_fire_specificity_silence_sensitivity_tau_0_3,CWE-269,0.0020169190683466502,1.0,0.0,0.0,1.0,0.0,0.004025715119810396,0.010003853157712576,0.0,0.0020169190683466502,0.5,0.4996372855466098,0.0020169190683466502,117
dst_pcr6_fire_specificity_silence_sensitivity_tau_0_3,CWE-285,0.004878552851041446,1.0,0.0,0.0,1.0,0.0,0.009709732739230183,0.02392583624479854,0.0,0.004878552851041446,0.5,0.5134729849540318,0.007246490052893394,283
dst_pcr6_fire_specificity_silence_sensitivity_tau_0_3,CWE-287,0.004395324481634251,0.8,0.2,0.1988961710934805,0.8,0.2,0.008742613391482466,0.02150401459565629,0.0,0.20329149557511475,0.5,0.5,0.00549915338815374,319
dst_pcr6_fire_specificity_silence_sensitivity_tau_0_3,CWE-369,0.004723411627418168,1.0,0.0,0.0,1.0,0.0,0.009402409330838453,0.02317909641830872,0.0,0.004723411627418168,0.5,0.5035327517282508,0.008931357569558571,274
dst_pcr6_fire_specificity_silence_sensitivity_tau_0_3,CWE-400,0.009963978487454754,1.0,0.0,0.0,1.0,0.0,0.019731350455816983,0.04791034625651806,0.0,0.009963978487454754,0.5,0.4996953152875223,0.009963978487454754,578
dst_pcr6_fire_specificity_silence_sensitivity_tau_0_3,CWE-404,0.0211519018175787,1.0,0.0,0.0,1.0,0.0,0.04142752833445121,0.09750943139646398,0.0,0.0211519018175787,0.5,0.49835777025611927,0.021159834490530098,1227
dst_pcr6_fire_specificity_silence_sensitivity_tau_0_3,CWE-476,0.02901274690402008,1.0,0.0,0.0,1.0,0.0,0.0563894761527696,0.12997945582352088,0.0,0.02901274690402008,0.5,0.5091897001566832,0.03218342847005996,1683
dst_pcr6_fire_specificity_silence_sensitivity_tau_0_3,CWE-662,0.013704771106328428,1.0,0.0,0.0,1.0,0.0,0.027038979161438603,0.06496266161504578,0.0,0.013704771106328428,0.5,0.49259165367930463,0.013927199116080124,795
dst_pcr6_fire_specificity_silence_sensitivity_tau_0_3,CWE-665,0.0024306661378417005,1.0,0.0,0.0,1.0,0.0,0.004849542205713121,0.012036281796030557,0.0,0.0024306661378417005,0.5,0.5042395749285886,0.011952018546617635,141
dst_pcr6_fire_specificity_silence_sensitivity_tau_0_3,CWE-668,0.023513595001807823,1.0,0.0,0.0,1.0,0.0,0.045946812868682206,0.10746079562100444,0.0,0.023513595001807823,0.5,0.5724199695737642,0.03231258467849075,1364
dst_pcr6_fire_specificity_silence_sensitivity_tau_0_3,CWE-704,0.007585030549414477,1.0,0.0,0.0,1.0,0.0,0.015055861916674476,0.036808381852269305,0.0,0.007585030549414477,0.5,0.5002154484519558,0.007662495053145567,440
dst_pcr6_fire_specificity_silence_sensitivity_tau_0_3,CWE-705,0.004551018628271632,1.0,0.0,0.0,1.0,0.0,0.009060799026555655,0.02234824107376775,0.0,0.004551018628271632,0.5,0.4998614741001128,0.004551018628271632,264
dst_pcr6_fire_specificity_silence_sensitivity_tau_0_3,CWE-706,0.013911640926990567,1.0,0.0,0.0,1.0,0.0,0.027441521470066323,0.06589153231662973,0.0,0.013911640926990567,0.5,0.500376384904077,0.014071870750288217,807
dst_pcr6_fire_specificity_silence_sensitivity_tau_0_3,CWE-74,0.016169905146192542,1.0,0.0,0.0,1.0,0.0,0.0318251964437644,0.07593786226565842,0.0,0.016169905146192542,0.5,0.6200866962882327,0.10030701161249007,938
dst_pcr6_fire_specificity_silence_sensitivity_tau_0_3,CWE-754,0.0028788602992581387,1.0,0.0,0.0,1.0,0.0,0.00574118901156348,0.014230397727540913,0.0,0.0028788602992581387,0.5,0.5046635060644341,0.004151578969628734,167
dst_pcr6_fire_specificity_silence_sensitivity_tau_0_3,CWE-834,0.006050794354607701,1.0,0.0,0.0,1.0,0.0,0.012028802337117644,0.029539009169382607,0.0,0.006050794354607701,0.5,0.5039388917044411,0.007354394944693329,351
dst_pcr6_fire_specificity_silence_sensitivity_tau_0_4,CWE-118,0.23723786506547154,0.3771374586679263,0.7293354753828927,0.8399000498498255,0.2706645246171072,0.6228625413320736,0.291256004897286,0.3373469031830164,0.09062596205920201,0.6650691835130387,0.5532364670254095,0.5549578182286268,0.2073137977735154,10585
dst_pcr6_fire_specificity_silence_sensitivity_tau_0_4,CWE-190,0.02423762896740832,1.0,0.0,0.0,1.0,0.0,0.04732813304706098,0.11047728730264554,0.0,0.02423762896740832,0.5,0.5228312344768873,0.03753024805855794,1406
dst_pcr6_fire_specificity_silence_sensitivity_tau_0_4,CWE-191,0.0028788602992581387,1.0,0.0,0.0,1.0,0.0,0.00574118901156348,0.014230397727540913,0.0,0.0028788602992581387,0.5,0.4990491083518397,0.0028788602992581387,167
dst_pcr6_fire_specificity_silence_sensitivity_tau_0_4,CWE-20,0.033201748546801,1.0,0.0,0.0,1.0,0.0,0.06426963043561743,0.14654634230132185,0.0,0.033201748546801,0.5,0.5051662498631726,0.034066224541907546,1926
dst_pcr6_fire_specificity_silence_sensitivity_tau_0_4,CWE-269,0.0020169190683466502,1.0,0.0,0.0,1.0,0.0,0.004025715119810396,0.010003853157712576,0.0,0.0020169190683466502,0.5,0.4996372855466098,0.0020169190683466502,117
dst_pcr6_fire_specificity_silence_sensitivity_tau_0_4,CWE-285,0.004878552851041446,1.0,0.0,0.0,1.0,0.0,0.009709732739230183,0.02392583624479854,0.0,0.004878552851041446,0.5,0.5134729849540318,0.007246490052893394,283
dst_pcr6_fire_specificity_silence_sensitivity_tau_0_4,CWE-287,0.004395324481634251,0.8,0.2,0.1988961710934805,0.8,0.2,0.008742613391482466,0.02150401459565629,0.0,0.20329149557511475,0.5,0.5,0.00549915338815374,319
dst_pcr6_fire_specificity_silence_sensitivity_tau_0_4,CWE-369,0.004723411627418168,1.0,0.0,0.0,1.0,0.0,0.009402409330838453,0.02317909641830872,0.0,0.004723411627418168,0.5,0.5035327517282508,0.008931357569558571,274
dst_pcr6_fire_specificity_silence_sensitivity_tau_0_4,CWE-400,0.009963978487454754,1.0,0.0,0.0,1.0,0.0,0.019731350455816983,0.04791034625651806,0.0,0.009963978487454754,0.5,0.4996953152875223,0.009963978487454754,578
dst_pcr6_fire_specificity_silence_sensitivity_tau_0_4,CWE-404,0.0211519018175787,1.0,0.0,0.0,1.0,0.0,0.04142752833445121,0.09750943139646398,0.0,0.0211519018175787,0.5,0.49835777025611927,0.021159834490530098,1227
dst_pcr6_fire_specificity_silence_sensitivity_tau_0_4,CWE-476,0.02901274690402008,1.0,0.0,0.0,1.0,0.0,0.0563894761527696,0.12997945582352088,0.0,0.02901274690402008,0.5,0.5091897001566832,0.03218342847005996,1683
dst_pcr6_fire_specificity_silence_sensitivity_tau_0_4,CWE-662,0.013704771106328428,1.0,0.0,0.0,1.0,0.0,0.027038979161438603,0.06496266161504578,0.0,0.013704771106328428,0.5,0.49259165367930463,0.013927199116080124,795
dst_pcr6_fire_specificity_silence_sensitivity_tau_0_4,CWE-665,0.0024306661378417005,1.0,0.0,0.0,1.0,0.0,0.004849542205713121,0.012036281796030557,0.0,0.0024306661378417005,0.5,0.5042395749285886,0.011952018546617635,141
dst_pcr6_fire_specificity_silence_sensitivity_tau_0_4,CWE-668,0.060983705629935124,0.23021439344968755,0.914678983215668,0.9801374360543613,0.0853210167843321,0.7697856065503125,0.09641767254483694,0.14803165567194618,0.07718589188073548,0.8985845877791198,0.5724466883326778,0.5724199695737642,0.03231258467849075,1364
dst_pcr6_fire_specificity_silence_sensitivity_tau_0_4,CWE-704,0.007585030549414477,1.0,0.0,0.0,1.0,0.0,0.015055861916674476,0.036808381852269305,0.0,0.007585030549414477,0.5,0.5002154484519558,0.007662495053145567,440
dst_pcr6_fire_specificity_silence_sensitivity_tau_0_4,CWE-705,0.004551018628271632,1.0,0.0,0.0,1.0,0.0,0.009060799026555655,0.02234824107376775,0.0,0.004551018628271632,0.5,0.4998614741001128,0.004551018628271632,264
dst_pcr6_fire_specificity_silence_sensitivity_tau_0_4,CWE-706,0.013911640926990567,1.0,0.0,0.0,1.0,0.0,0.027441521470066323,0.06589153231662973,0.0,0.013911640926990567,0.5,0.500376384904077,0.014071870750288217,807
dst_pcr6_fire_specificity_silence_sensitivity_tau_0_4,CWE-74,0.3263334303954303,0.24842416657185118,0.9915542984302392,0.9876950101205939,0.00844570156976077,0.7515758334281488,0.282015172332767,0.26083882465254804,0.27447749904075414,0.979537548307451,0.6199892325010452,0.6200866962882327,0.10030701161249007,938
dst_pcr6_fire_specificity_silence_sensitivity_tau_0_4,CWE-754,0.0028788602992581387,1.0,0.0,0.0,1.0,0.0,0.00574118901156348,0.014230397727540913,0.0,0.0028788602992581387,0.5,0.5046635060644341,0.004151578969628734,167
dst_pcr6_fire_specificity_silence_sensitivity_tau_0_4,CWE-834,0.006050794354607701,1.0,0.0,0.0,1.0,0.0,0.012028802337117644,0.029539009169382607,0.0,0.006050794354607701,0.5,0.5039388917044411,0.007354394944693329,351
dst_pcr6_fire_specificity_silence_sensitivity_tau_0_5,CWE-118,0.23723786506547154,0.3771374586679263,0.7293354753828927,0.8399000498498255,0.2706645246171072,0.6228625413320736,0.291256004897286,0.3373469031830164,0.09062596205920201,0.6650691835130387,0.5532364670254095,0.5549578182286268,0.2073137977735154,10585
dst_pcr6_fire_specificity_silence_sensitivity_tau_0_5,CWE-190,0.07169117880319609,0.06686100805128593,0.9784465197205602,0.9768587041058356,0.02155348027943974,0.9331389919487141,0.06911134142327975,0.06772513663813143,0.046876162999872704,0.9563517134917323,0.5226537638859231,0.5228312344768873,0.03753024805855794,1406
dst_pcr6_fire_specificity_silence_sensitivity_tau_0_5,CWE-191,0.0028788602992581387,1.0,0.0,0.0,1.0,0.0,0.00574118901156348,0.014230397727540913,0.0,0.0028788602992581387,0.5,0.4990491083518397,0.0028788602992581387,167
dst_pcr6_fire_specificity_silence_sensitivity_tau_0_5,CWE-20,0.03902732502605781,0.0654168629298163,0.9447962348544363,0.9671457222690728,0.05520376514556361,0.9345831370701838,0.048874562277957154,0.057609708600363255,0.00793931810461572,0.9155994513594916,0.5051065488921264,0.5051662498631726,0.034066224541907546,1926
dst_pcr6_fire_specificity_silence_sensitivity_tau_0_5,CWE-269,0.0020169190683466502,1.0,0.0,0.0,1.0,0.0,0.004025715119810396,0.010003853157712576,0.0,0.0020169190683466502,0.5,0.4996372855466098,0.0020169190683466502,117
dst_pcr6_fire_specificity_silence_sensitivity_tau_0_5,CWE-285,0.0286828093306288,0.0318922305764411,0.9949936488455773,0.9952522536462712,0.005006351154422746,0.9681077694235588,0.030149602618045817,0.031156866345222505,0.025351051932397912,0.9902946333349758,0.5134429397110092,0.5134729849540318,0.007246490052893394,283
dst_pcr6_fire_specificity_silence_sensitivity_tau_0_5,CWE-287,0.0,0.0,1.0,0.9945008466118462,0.0,1.0,0.0,0.0,0.0,0.9945008466118462,0.5,0.5,0.00549915338815374,319
dst_pcr6_fire_specificity_silence_sensitivity_tau_0_5,CWE-369,0.09999999999999999,0.007272727272727273,0.9997921462922734,0.9953099369809724,0.00020785370772659605,0.9927272727272728,0.013453928773318257,0.008909083693797374,0.025622252269379427,0.9951041968593767,0.5035324367825004,0.5035327517282508,0.008931357569558571,274
dst_pcr6_fire_specificity_silence_sensitivity_tau_0_5,CWE-400,0.009963978487454754,1.0,0.0,0.0,1.0,0.0,0.019731350455816983,0.04791034625651806,0.0,0.009963978487454754,0.5,0.4996953152875223,0.009963978487454754,578
dst_pcr6_fire_specificity_silence_sensitivity_tau_0_5,CWE-404,0.006355611601513242,0.001629334660693546,0.9950863548178004,0.9787797944637738,0.004913645182199554,0.9983706653393064,0.002593363175924175,0.0019139036399883152,-0.006964651123767272,0.9740728747359986,0.49835784473924705,0.49835777025611927,0.021159834490530098,1227
dst_pcr6_fire_specificity_silence_sensitivity_tau_0_5,CWE-476,0.08619273769482211,0.026730959446092977,0.9915846444995078,0.9715082000684875,0.008415355500492307,0.9732690405539071,0.040781210659642755,0.031002345378564437,0.03249567330269139,0.9635918569624273,0.5091578019728004,0.5091897001566832,0.03218342847005996,1683
dst_pcr6_fire_specificity_silence_sensitivity_tau_0_5,CWE-662,0.007956554144744133,0.020125786163522015,0.964991348263282,0.9860867784843798,0.035008651736717876,0.979874213836478,0.011402993046546631,0.015409216783829425,-0.009414931355967182,0.9520421945104867,0.492558567213402,0.49259165367930463,0.013927199116080124,795
dst_pcr6_fire_specificity_silence_sensitivity_tau_0_5,CWE-665,0.003976342129208371,0.021182266009852214,0.9871432052868128,0.9975900397052138,0.012856794713187198,0.9788177339901478,0.006691188229649768,0.011341194237918215,0.0036088682744639658,0.9847954933479631,0.5041627356483325,0.5042395749285886,0.011952018546617635,141
dst_pcr6_fire_specificity_silence_sensitivity_tau_0_5,CWE-668,0.060983705629935124,0.23021439344968755,0.914678983215668,0.9801374360543613,0.0853210167843321,0.7697856065503125,0.09641767254483694,0.14803165567194618,0.07718589188073548,0.8985845877791198,0.5724466883326778,0.5724199695737642,0.03231258467849075,1364
dst_pcr6_fire_specificity_silence_sensitivity_tau_0_5,CWE-704,0.0015164570049974152,0.2,0.7985581364814898,0.7939205522917756,0.20144186351851018,0.8,0.0030100906447750983,0.007359090148854323,-0.002956218679480522,0.7940169573890193,0.4992790682407449,0.5002154484519558,0.007662495053145567,440
dst_pcr6_fire_specificity_silence_sensitivity_tau_0_5,CWE-705,0.004551018628271632,1.0,0.0,0.0,1.0,0.0,0.009060799026555655,0.02234824107376775,0.0,0.004551018628271632,0.5,0.4998614741001128,0.004551018628271632,264
dst_pcr6_fire_specificity_silence_sensitivity_tau_0_5,CWE-706,0.0027744270205066345,0.2,0.7996153830624705,0.7888575007526892,0.20038461693752957,0.8,0.005472932778108268,0.013142857142857145,-0.002038510189884047,0.7912579532745498,0.4998076915312352,0.500376384904077,0.014071870750288217,807
dst_pcr6_fire_specificity_silence_sensitivity_tau_0_5,CWE-74,0.3263334303954303,0.24842416657185118,0.9915542984302392,0.9876950101205939,0.00844570156976077,0.7515758334281488,0.282015172332767,0.26083882465254804,0.27447749904075414,0.979537548307451,0.6199892325010452,0.6200866962882327,0.10030701161249007,938
dst_pcr6_fire_specificity_silence_sensitivity_tau_0_5,CWE-754,0.0005860048259220959,0.2,0.7981154609569734,0.797701741819561,0.20188453904302656,0.8,0.0011685856676404882,0.0028960817717206136,-0.002078888934375749,0.7964140157000303,0.4990577304784868,0.5046635060644341,0.004151578969628734,167
dst_pcr6_fire_specificity_silence_sensitivity_tau_0_5,CWE-834,0.0641025641025641,0.008571428571428572,0.9993063548374537,0.993996485659552,0.000693645162546425,0.9914285714285714,0.01490171211160431,0.010322442063056398,0.0210572857859078,0.9933114588318018,0.5039388917044411,0.5039388917044411,0.007354394944693329,351
dst_pcr6_fire_specificity_silence_sensitivity_tau_0_6,CWE-118,0.23723786506547154,0.3771374586679263,0.7293354753828927,0.8399000498498255,0.2706645246171072,0.6228625413320736,0.291256004897286,0.3373469031830164,0.09062596205920201,0.6650691835130387,0.5532364670254095,0.5549578182286268,0.2073137977735154,10585
dst_pcr6_fire_specificity_silence_sensitivity_tau_0_6,CWE-190,0.07169117880319609,0.06686100805128593,0.9784465197205602,0.9768587041058356,0.02155348027943974,0.9331389919487141,0.06911134142327975,0.06772513663813143,0.046876162999872704,0.9563517134917323,0.5226537638859231,0.5228312344768873,0.03753024805855794,1406
dst_pcr6_fire_specificity_silence_sensitivity_tau_0_6,CWE-191,0.0,0.0,0.9980982167036794,0.99711567709116,0.0019017832963206017,1.0,0.0,0.0,-0.002333178479710505,0.9952248240837364,0.4990491083518397,0.4990491083518397,0.0028788602992581387,167
dst_pcr6_fire_specificity_silence_sensitivity_tau_0_6,CWE-20,0.03902732502605781,0.0654168629298163,0.9447962348544363,0.9671457222690728,0.05520376514556361,0.9345831370701838,0.048874562277957154,0.057609708600363255,0.00793931810461572,0.9155994513594916,0.5051065488921264,0.5051662498631726,0.034066224541907546,1926
dst_pcr6_fire_specificity_silence_sensitivity_tau_0_6,CWE-269,0.0,0.0,0.9992745710932196,0.9979816120025908,0.000725428906780469,1.0,0.0,0.0,-0.001193317412040144,0.9972591227565107,0.4996372855466098,0.4996372855466098,0.0020169190683466502,117
dst_pcr6_fire_specificity_silence_sensitivity_tau_0_6,CWE-285,0.0286828093306288,0.0318922305764411,0.9949936488455773,0.9952522536462712,0.005006351154422746,0.9681077694235588,0.030149602618045817,0.031156866345222505,0.025351051932397912,0.9902946333349758,0.5134429397110092,0.5134729849540318,0.007246490052893394,283
dst_pcr6_fire_specificity_silence_sensitivity_tau_0_6,CWE-287,0.0,0.0,1.0,0.9945008466118462,0.0,1.0,0.0,0.0,0.0,0.9945008466118462,0.5,0.5,0.00549915338815374,319
dst_pcr6_fire_specificity_silence_sensitivity_tau_0_6,CWE-369,0.09999999999999999,0.007272727272727273,0.9997921462922734,0.9953099369809724,0.00020785370772659605,0.9927272727272728,0.013453928773318257,0.008909083693797374,0.025622252269379427,0.9951041968593767,0.5035324367825004,0.5035327517282508,0.008931357569558571,274
dst_pcr6_fire_specificity_silence_sensitivity_tau_0_6,CWE-400,0.0,0.0,0.9993906305750446,0.9900300167155119,0.0006093694249553033,1.0,0.0,0.0,-0.002409367499494533,0.9894327128703588,0.4996953152875223,0.4996953152875223,0.009963978487454754,578
dst_pcr6_fire_specificity_silence_sensitivity_tau_0_6,CWE-404,0.006355611601513242,0.001629334660693546,0.9950863548178004,0.9787797944637738,0.004913645182199554,0.9983706653393064,0.002593363175924175,0.0019139036399883152,-0.006964651123767272,0.9740728747359986,0.49835784473924705,0.49835777025611927,0.021159834490530098,1227
dst_pcr6_fire_specificity_silence_sensitivity_tau_0_6,CWE-476,0.08619273769482211,0.026730959446092977,0.9915846444995078,0.9715082000684875,0.008415355500492307,0.9732690405539071,0.040781210659642755,0.031002345378564437,0.03249567330269139,0.9635918569624273,0.5091578019728004,0.5091897001566832,0.03218342847005996,1683
dst_pcr6_fire_specificity_silence_sensitivity_tau_0_6,CWE-662,0.007956554144744133,0.020125786163522015,0.964991348263282,0.9860867784843798,0.035008651736717876,0.979874213836478,0.011402993046546631,0.015409216783829425,-0.009414931355967182,0.9520421945104867,0.492558567213402,0.49259165367930463,0.013927199116080124,795
dst_pcr6_fire_specificity_silence_sensitivity_tau_0_6,CWE-665,0.003976342129208371,0.021182266009852214,0.9871432052868128,0.9975900397052138,0.012856794713187198,0.9788177339901478,0.006691188229649768,0.011341194237918215,0.0036088682744639658,0.9847954933479631,0.5041627356483325,0.5042395749285886,0.011952018546617635,141
dst_pcr6_fire_specificity_silence_sensitivity_tau_0_6,CWE-668,0.060983705629935124,0.23021439344968755,0.914678983215668,0.9801374360543613,0.0853210167843321,0.7697856065503125,0.09641767254483694,0.14803165567194618,0.07718589188073548,0.8985845877791198,0.5724466883326778,0.5724199695737642,0.03231258467849075,1364
dst_pcr6_fire_specificity_silence_sensitivity_tau_0_6,CWE-704,0.008333333333333333,0.0022727272727272726,0.9981587615900155,0.9924182210881838,0.0018412384099844004,0.9977272727272727,0.0035714285714285718,0.0026595744680851068,0.000621053200890895,0.9906049291277752,0.5002157444313714,0.5002154484519558,0.007662495053145567,440
dst_pcr6_fire_specificity_silence_sensitivity_tau_0_6,CWE-705,0.0,0.0,0.9997229482002256,0.9954477299681528,0.0002770517997744532,1.0,0.0,0.0,-0.0010429020749816867,0.9951731861504081,0.4998614741001128,0.4998614741001128,0.004551018628271632,264
dst_pcr6_fire_specificity_silence_sensitivity_tau_0_6,CWE-706,0.02857142857142857,0.0012422360248447203,0.9995105337833092,0.9860986422304029,0.0004894662166907697,0.9987577639751553,0.0023809523809523807,0.0015360983102918582,0.003379872875747394,0.9856229369037072,0.500376384904077,0.500376384904077,0.014071870750288217,807
dst_pcr6_fire_specificity_silence_sensitivity_tau_0_6,CWE-74,0.3263334303954303,0.24842416657185118,0.9915542984302392,0.9876950101205939,0.00844570156976077,0.7515758334281488,0.282015172332767,0.26083882465254804,0.27447749904075414,0.979537548307451,0.6199892325010452,0.6200866962882327,0.10030701161249007,938
dst_pcr6_fire_specificity_silence_sensitivity_tau_0_6,CWE-754,0.011428571428571429,0.011764705882352941,0.9975450201618136,0.9971485392955743,0.0024549798381864702,0.9882352941176471,0.011594202898550723,0.011695906432748539,0.008954776025144263,0.9947077075304337,0.5046548630220833,0.5046635060644341,0.004151578969628734,167
dst_pcr6_fire_specificity_silence_sensitivity_tau_0_6,CWE-834,0.0641025641025641,0.008571428571428572,0.9993063548374537,0.993996485659552,0.000693645162546425,0.9914285714285714,0.01490171211160431,0.010322442063056398,0.0210572857859078,0.9933114588318018,0.5039388917044411,0.5039388917044411,0.007354394944693329,351
dst_pcr6_fire_specificity_silence_sensitivity_tau_0_7,CWE-118,0.23723786506547154,0.3771374586679263,0.7293354753828927,0.8399000498498255,0.2706645246171072,0.6228625413320736,0.291256004897286,0.3373469031830164,0.09062596205920201,0.6650691835130387,0.5532364670254095,0.5549578182286268,0.2073137977735154,10585
dst_pcr6_fire_specificity_silence_sensitivity_tau_0_7,CWE-190,0.07169117880319609,0.06686100805128593,0.9784465197205602,0.9768587041058356,0.02155348027943974,0.9331389919487141,0.06911134142327975,0.06772513663813143,0.046876162999872704,0.9563517134917323,0.5226537638859231,0.5228312344768873,0.03753024805855794,1406
dst_pcr6_fire_specificity_silence_sensitivity_tau_0_7,CWE-191,0.0,0.0,0.9980982167036794,0.99711567709116,0.0019017832963206017,1.0,0.0,0.0,-0.002333178479710505,0.9952248240837364,0.4990491083518397,0.4990491083518397,0.0028788602992581387,167
dst_pcr6_fire_specificity_silence_sensitivity_tau_0_7,CWE-20,0.03902732502605781,0.0654168629298163,0.9447962348544363,0.9671457222690728,0.05520376514556361,0.9345831370701838,0.048874562277957154,0.057609708600363255,0.00793931810461572,0.9155994513594916,0.5051065488921264,0.5051662498631726,0.034066224541907546,1926
dst_pcr6_fire_specificity_silence_sensitivity_tau_0_7,CWE-269,0.0,0.0,0.9992745710932196,0.9979816120025908,0.000725428906780469,1.0,0.0,0.0,-0.001193317412040144,0.9972591227565107,0.4996372855466098,0.4996372855466098,0.0020169190683466502,117
dst_pcr6_fire_specificity_silence_sensitivity_tau_0_7,CWE-285,0.0286828093306288,0.0318922305764411,0.9949936488455773,0.9952522536462712,0.005006351154422746,0.9681077694235588,0.030149602618045817,0.031156866345222505,0.025351051932397912,0.9902946333349758,0.5134429397110092,0.5134729849540318,0.007246490052893394,283
dst_pcr6_fire_specificity_silence_sensitivity_tau_0_7,CWE-287,0.0,0.0,1.0,0.9945008466118462,0.0,1.0,0.0,0.0,0.0,0.9945008466118462,0.5,0.5,0.00549915338815374,319
dst_pcr6_fire_specificity_silence_sensitivity_tau_0_7,CWE-369,0.09999999999999999,0.007272727272727273,0.9997921462922734,0.9953099369809724,0.00020785370772659605,0.9927272727272728,0.013453928773318257,0.008909083693797374,0.025622252269379427,0.9951041968593767,0.5035324367825004,0.5035327517282508,0.008931357569558571,274
dst_pcr6_fire_specificity_silence_sensitivity_tau_0_7,CWE-400,0.0,0.0,0.9993906305750446,0.9900300167155119,0.0006093694249553033,1.0,0.0,0.0,-0.002409367499494533,0.9894327128703588,0.4996953152875223,0.4996953152875223,0.009963978487454754,578
dst_pcr6_fire_specificity_silence_sensitivity_tau_0_7,CWE-404,0.006355611601513242,0.001629334660693546,0.9950863548178004,0.9787797944637738,0.004913645182199554,0.9983706653393064,0.002593363175924175,0.0019139036399883152,-0.006964651123767272,0.9740728747359986,0.49835784473924705,0.49835777025611927,0.021159834490530098,1227
dst_pcr6_fire_specificity_silence_sensitivity_tau_0_7,CWE-476,0.08619273769482211,0.026730959446092977,0.9915846444995078,0.9715082000684875,0.008415355500492307,0.9732690405539071,0.040781210659642755,0.031002345378564437,0.03249567330269139,0.9635918569624273,0.5091578019728004,0.5091897001566832,0.03218342847005996,1683
dst_pcr6_fire_specificity_silence_sensitivity_tau_0_7,CWE-662,0.007956554144744133,0.020125786163522015,0.964991348263282,0.9860867784843798,0.035008651736717876,0.979874213836478,0.011402993046546631,0.015409216783829425,-0.009414931355967182,0.9520421945104867,0.492558567213402,0.49259165367930463,0.013927199116080124,795
dst_pcr6_fire_specificity_silence_sensitivity_tau_0_7,CWE-665,0.003976342129208371,0.021182266009852214,0.9871432052868128,0.9975900397052138,0.012856794713187198,0.9788177339901478,0.006691188229649768,0.011341194237918215,0.0036088682744639658,0.9847954933479631,0.5041627356483325,0.5042395749285886,0.011952018546617635,141
dst_pcr6_fire_specificity_silence_sensitivity_tau_0_7,CWE-668,0.060983705629935124,0.23021439344968755,0.914678983215668,0.9801374360543613,0.0853210167843321,0.7697856065503125,0.09641767254483694,0.14803165567194618,0.07718589188073548,0.8985845877791198,0.5724466883326778,0.5724199695737642,0.03231258467849075,1364
dst_pcr6_fire_specificity_silence_sensitivity_tau_0_7,CWE-704,0.008333333333333333,0.0022727272727272726,0.9981587615900155,0.9924182210881838,0.0018412384099844004,0.9977272727272727,0.0035714285714285718,0.0026595744680851068,0.000621053200890895,0.9906049291277752,0.5002157444313714,0.5002154484519558,0.007662495053145567,440
dst_pcr6_fire_specificity_silence_sensitivity_tau_0_7,CWE-705,0.0,0.0,0.9997229482002256,0.9954477299681528,0.0002770517997744532,1.0,0.0,0.0,-0.0010429020749816867,0.9951731861504081,0.4998614741001128,0.4998614741001128,0.004551018628271632,264
dst_pcr6_fire_specificity_silence_sensitivity_tau_0_7,CWE-706,0.02857142857142857,0.0012422360248447203,0.9995105337833092,0.9860986422304029,0.0004894662166907697,0.9987577639751553,0.0023809523809523807,0.0015360983102918582,0.003379872875747394,0.9856229369037072,0.500376384904077,0.500376384904077,0.014071870750288217,807
dst_pcr6_fire_specificity_silence_sensitivity_tau_0_7,CWE-74,0.3263334303954303,0.24842416657185118,0.9915542984302392,0.9876950101205939,0.00844570156976077,0.7515758334281488,0.282015172332767,0.26083882465254804,0.27447749904075414,0.979537548307451,0.6199892325010452,0.6200866962882327,0.10030701161249007,938
dst_pcr6_fire_specificity_silence_sensitivity_tau_0_7,CWE-754,0.011428571428571429,0.011764705882352941,0.9975450201618136,0.9971485392955743,0.0024549798381864702,0.9882352941176471,0.011594202898550723,0.011695906432748539,0.008954776025144263,0.9947077075304337,0.5046548630220833,0.5046635060644341,0.004151578969628734,167
dst_pcr6_fire_specificity_silence_sensitivity_tau_0_7,CWE-834,0.0641025641025641,0.008571428571428572,0.9993063548374537,0.993996485659552,0.000693645162546425,0.9914285714285714,0.01490171211160431,0.010322442063056398,0.0210572857859078,0.9933114588318018,0.5039388917044411,0.5039388917044411,0.007354394944693329,351
dst_pcr6_fire_specificity_silence_sensitivity_tau_0_8,CWE-118,0.23723786506547154,0.3771374586679263,0.7293354753828927,0.8399000498498255,0.2706645246171072,0.6228625413320736,0.291256004897286,0.3373469031830164,0.09062596205920201,0.6650691835130387,0.5532364670254095,0.5549578182286268,0.2073137977735154,10585
dst_pcr6_fire_specificity_silence_sensitivity_tau_0_8,CWE-190,0.07169117880319609,0.06686100805128593,0.9784465197205602,0.9768587041058356,0.02155348027943974,0.9331389919487141,0.06911134142327975,0.06772513663813143,0.046876162999872704,0.9563517134917323,0.5226537638859231,0.5228312344768873,0.03753024805855794,1406
dst_pcr6_fire_specificity_silence_sensitivity_tau_0_8,CWE-191,0.0,0.0,0.9980982167036794,0.99711567709116,0.0019017832963206017,1.0,0.0,0.0,-0.002333178479710505,0.9952248240837364,0.4990491083518397,0.4990491083518397,0.0028788602992581387,167
dst_pcr6_fire_specificity_silence_sensitivity_tau_0_8,CWE-20,0.03902732502605781,0.0654168629298163,0.9447962348544363,0.9671457222690728,0.05520376514556361,0.9345831370701838,0.048874562277957154,0.057609708600363255,0.00793931810461572,0.9155994513594916,0.5051065488921264,0.5051662498631726,0.034066224541907546,1926
dst_pcr6_fire_specificity_silence_sensitivity_tau_0_8,CWE-269,0.0,0.0,0.9992745710932196,0.9979816120025908,0.000725428906780469,1.0,0.0,0.0,-0.001193317412040144,0.9972591227565107,0.4996372855466098,0.4996372855466098,0.0020169190683466502,117
dst_pcr6_fire_specificity_silence_sensitivity_tau_0_8,CWE-285,0.0286828093306288,0.0318922305764411,0.9949936488455773,0.9952522536462712,0.005006351154422746,0.9681077694235588,0.030149602618045817,0.031156866345222505,0.025351051932397912,0.9902946333349758,0.5134429397110092,0.5134729849540318,0.007246490052893394,283
dst_pcr6_fire_specificity_silence_sensitivity_tau_0_8,CWE-287,0.0,0.0,1.0,0.9945008466118462,0.0,1.0,0.0,0.0,0.0,0.9945008466118462,0.5,0.5,0.00549915338815374,319
dst_pcr6_fire_specificity_silence_sensitivity_tau_0_8,CWE-369,0.09999999999999999,0.007272727272727273,0.9997921462922734,0.9953099369809724,0.00020785370772659605,0.9927272727272728,0.013453928773318257,0.008909083693797374,0.025622252269379427,0.9951041968593767,0.5035324367825004,0.5035327517282508,0.008931357569558571,274
dst_pcr6_fire_specificity_silence_sensitivity_tau_0_8,CWE-400,0.0,0.0,0.9993906305750446,0.9900300167155119,0.0006093694249553033,1.0,0.0,0.0,-0.002409367499494533,0.9894327128703588,0.4996953152875223,0.4996953152875223,0.009963978487454754,578
dst_pcr6_fire_specificity_silence_sensitivity_tau_0_8,CWE-404,0.006355611601513242,0.001629334660693546,0.9950863548178004,0.9787797944637738,0.004913645182199554,0.9983706653393064,0.002593363175924175,0.0019139036399883152,-0.006964651123767272,0.9740728747359986,0.49835784473924705,0.49835777025611927,0.021159834490530098,1227
dst_pcr6_fire_specificity_silence_sensitivity_tau_0_8,CWE-476,0.08619273769482211,0.026730959446092977,0.9915846444995078,0.9715082000684875,0.008415355500492307,0.9732690405539071,0.040781210659642755,0.031002345378564437,0.03249567330269139,0.9635918569624273,0.5091578019728004,0.5091897001566832,0.03218342847005996,1683
dst_pcr6_fire_specificity_silence_sensitivity_tau_0_8,CWE-662,0.007956554144744133,0.020125786163522015,0.964991348263282,0.9860867784843798,0.035008651736717876,0.979874213836478,0.011402993046546631,0.015409216783829425,-0.009414931355967182,0.9520421945104867,0.492558567213402,0.49259165367930463,0.013927199116080124,795
dst_pcr6_fire_specificity_silence_sensitivity_tau_0_8,CWE-665,0.003976342129208371,0.021182266009852214,0.9871432052868128,0.9975900397052138,0.012856794713187198,0.9788177339901478,0.006691188229649768,0.011341194237918215,0.0036088682744639658,0.9847954933479631,0.5041627356483325,0.5042395749285886,0.011952018546617635,141
dst_pcr6_fire_specificity_silence_sensitivity_tau_0_8,CWE-668,0.060983705629935124,0.23021439344968755,0.914678983215668,0.9801374360543613,0.0853210167843321,0.7697856065503125,0.09641767254483694,0.14803165567194618,0.07718589188073548,0.8985845877791198,0.5724466883326778,0.5724199695737642,0.03231258467849075,1364
dst_pcr6_fire_specificity_silence_sensitivity_tau_0_8,CWE-704,0.008333333333333333,0.0022727272727272726,0.9981587615900155,0.9924182210881838,0.0018412384099844004,0.9977272727272727,0.0035714285714285718,0.0026595744680851068,0.000621053200890895,0.9906049291277752,0.5002157444313714,0.5002154484519558,0.007662495053145567,440
dst_pcr6_fire_specificity_silence_sensitivity_tau_0_8,CWE-705,0.0,0.0,0.9997229482002256,0.9954477299681528,0.0002770517997744532,1.0,0.0,0.0,-0.0010429020749816867,0.9951731861504081,0.4998614741001128,0.4998614741001128,0.004551018628271632,264
dst_pcr6_fire_specificity_silence_sensitivity_tau_0_8,CWE-706,0.02857142857142857,0.0012422360248447203,0.9995105337833092,0.9860986422304029,0.0004894662166907697,0.9987577639751553,0.0023809523809523807,0.0015360983102918582,0.003379872875747394,0.9856229369037072,0.500376384904077,0.500376384904077,0.014071870750288217,807
dst_pcr6_fire_specificity_silence_sensitivity_tau_0_8,CWE-74,0.3263334303954303,0.24842416657185118,0.9915542984302392,0.9876950101205939,0.00844570156976077,0.7515758334281488,0.282015172332767,0.26083882465254804,0.27447749904075414,0.979537548307451,0.6199892325010452,0.6200866962882327,0.10030701161249007,938
dst_pcr6_fire_specificity_silence_sensitivity_tau_0_8,CWE-754,0.011428571428571429,0.011764705882352941,0.9975450201618136,0.9971485392955743,0.0024549798381864702,0.9882352941176471,0.011594202898550723,0.011695906432748539,0.008954776025144263,0.9947077075304337,0.5046548630220833,0.5046635060644341,0.004151578969628734,167
dst_pcr6_fire_specificity_silence_sensitivity_tau_0_8,CWE-834,0.0641025641025641,0.008571428571428572,0.9993063548374537,0.993996485659552,0.000693645162546425,0.9914285714285714,0.01490171211160431,0.010322442063056398,0.0210572857859078,0.9933114588318018,0.5039388917044411,0.5039388917044411,0.007354394944693329,351
dst_pcr6_fire_specificity_silence_sensitivity_tau_0_9,CWE-118,0.3109535771674753,0.0295701464336325,0.9854079866238628,0.8198024828660279,0.014592013376137202,0.9704298535663675,0.05397547611501104,0.03609872909449353,0.04421680389297668,0.8109946465883933,0.5074890665287477,0.5549578182286268,0.2073137977735154,10585
dst_pcr6_fire_specificity_silence_sensitivity_tau_0_9,CWE-190,0.07169117880319609,0.06686100805128593,0.9784465197205602,0.9768587041058356,0.02155348027943974,0.9331389919487141,0.06911134142327975,0.06772513663813143,0.046876162999872704,0.9563517134917323,0.5226537638859231,0.5228312344768873,0.03753024805855794,1406
dst_pcr6_fire_specificity_silence_sensitivity_tau_0_9,CWE-191,0.0,0.0,0.9980982167036794,0.99711567709116,0.0019017832963206017,1.0,0.0,0.0,-0.002333178479710505,0.9952248240837364,0.4990491083518397,0.4990491083518397,0.0028788602992581387,167
dst_pcr6_fire_specificity_silence_sensitivity_tau_0_9,CWE-20,0.03902732502605781,0.0654168629298163,0.9447962348544363,0.9671457222690728,0.05520376514556361,0.9345831370701838,0.048874562277957154,0.057609708600363255,0.00793931810461572,0.9155994513594916,0.5051065488921264,0.5051662498631726,0.034066224541907546,1926
dst_pcr6_fire_specificity_silence_sensitivity_tau_0_9,CWE-269,0.0,0.0,0.9992745710932196,0.9979816120025908,0.000725428906780469,1.0,0.0,0.0,-0.001193317412040144,0.9972591227565107,0.4996372855466098,0.4996372855466098,0.0020169190683466502,117
dst_pcr6_fire_specificity_silence_sensitivity_tau_0_9,CWE-285,0.0286828093306288,0.0318922305764411,0.9949936488455773,0.9952522536462712,0.005006351154422746,0.9681077694235588,0.030149602618045817,0.031156866345222505,0.025351051932397912,0.9902946333349758,0.5134429397110092,0.5134729849540318,0.007246490052893394,283
dst_pcr6_fire_specificity_silence_sensitivity_tau_0_9,CWE-287,0.0,0.0,1.0,0.9945008466118462,0.0,1.0,0.0,0.0,0.0,0.9945008466118462,0.5,0.5,0.00549915338815374,319
dst_pcr6_fire_specificity_silence_sensitivity_tau_0_9,CWE-369,0.09999999999999999,0.007272727272727273,0.9997921462922734,0.9953099369809724,0.00020785370772659605,0.9927272727272728,0.013453928773318257,0.008909083693797374,0.025622252269379427,0.9951041968593767,0.5035324367825004,0.5035327517282508,0.008931357569558571,274
dst_pcr6_fire_specificity_silence_sensitivity_tau_0_9,CWE-400,0.0,0.0,0.9993906305750446,0.9900300167155119,0.0006093694249553033,1.0,0.0,0.0,-0.002409367499494533,0.9894327128703588,0.4996953152875223,0.4996953152875223,0.009963978487454754,578
dst_pcr6_fire_specificity_silence_sensitivity_tau_0_9,CWE-404,0.006355611601513242,0.001629334660693546,0.9950863548178004,0.9787797944637738,0.004913645182199554,0.9983706653393064,0.002593363175924175,0.0019139036399883152,-0.006964651123767272,0.9740728747359986,0.49835784473924705,0.49835777025611927,0.021159834490530098,1227
dst_pcr6_fire_specificity_silence_sensitivity_tau_0_9,CWE-476,0.08619273769482211,0.026730959446092977,0.9915846444995078,0.9715082000684875,0.008415355500492307,0.9732690405539071,0.040781210659642755,0.031002345378564437,0.03249567330269139,0.9635918569624273,0.5091578019728004,0.5091897001566832,0.03218342847005996,1683
dst_pcr6_fire_specificity_silence_sensitivity_tau_0_9,CWE-662,0.007956554144744133,0.020125786163522015,0.964991348263282,0.9860867784843798,0.035008651736717876,0.979874213836478,0.011402993046546631,0.015409216783829425,-0.009414931355967182,0.9520421945104867,0.492558567213402,0.49259165367930463,0.013927199116080124,795
dst_pcr6_fire_specificity_silence_sensitivity_tau_0_9,CWE-665,0.003976342129208371,0.021182266009852214,0.9871432052868128,0.9975900397052138,0.012856794713187198,0.9788177339901478,0.006691188229649768,0.011341194237918215,0.0036088682744639658,0.9847954933479631,0.5041627356483325,0.5042395749285886,0.011952018546617635,141
dst_pcr6_fire_specificity_silence_sensitivity_tau_0_9,CWE-668,0.060983705629935124,0.23021439344968755,0.914678983215668,0.9801374360543613,0.0853210167843321,0.7697856065503125,0.09641767254483694,0.14803165567194618,0.07718589188073548,0.8985845877791198,0.5724466883326778,0.5724199695737642,0.03231258467849075,1364
dst_pcr6_fire_specificity_silence_sensitivity_tau_0_9,CWE-704,0.008333333333333333,0.0022727272727272726,0.9981587615900155,0.9924182210881838,0.0018412384099844004,0.9977272727272727,0.0035714285714285718,0.0026595744680851068,0.000621053200890895,0.9906049291277752,0.5002157444313714,0.5002154484519558,0.007662495053145567,440
dst_pcr6_fire_specificity_silence_sensitivity_tau_0_9,CWE-705,0.0,0.0,0.9997229482002256,0.9954477299681528,0.0002770517997744532,1.0,0.0,0.0,-0.0010429020749816867,0.9951731861504081,0.4998614741001128,0.4998614741001128,0.004551018628271632,264
dst_pcr6_fire_specificity_silence_sensitivity_tau_0_9,CWE-706,0.02857142857142857,0.0012422360248447203,0.9995105337833092,0.9860986422304029,0.0004894662166907697,0.9987577639751553,0.0023809523809523807,0.0015360983102918582,0.003379872875747394,0.9856229369037072,0.500376384904077,0.500376384904077,0.014071870750288217,807
dst_pcr6_fire_specificity_silence_sensitivity_tau_0_9,CWE-74,0.3263334303954303,0.24842416657185118,0.9915542984302392,0.9876950101205939,0.00844570156976077,0.7515758334281488,0.282015172332767,0.26083882465254804,0.27447749904075414,0.979537548307451,0.6199892325010452,0.6200866962882327,0.10030701161249007,938
dst_pcr6_fire_specificity_silence_sensitivity_tau_0_9,CWE-754,0.011428571428571429,0.011764705882352941,0.9975450201618136,0.9971485392955743,0.0024549798381864702,0.9882352941176471,0.011594202898550723,0.011695906432748539,0.008954776025144263,0.9947077075304337,0.5046548630220833,0.5046635060644341,0.004151578969628734,167
dst_pcr6_fire_specificity_silence_sensitivity_tau_0_9,CWE-834,0.0641025641025641,0.008571428571428572,0.9993063548374537,0.993996485659552,0.000693645162546425,0.9914285714285714,0.01490171211160431,0.010322442063056398,0.0210572857859078,0.9933114588318018,0.5039388917044411,0.5039388917044411,0.007354394944693329,351
dst_yager_fire_specificity_silence_sensitivity_tau_0_1,CWE-118,0.18247170083080055,1.0,0.0,0.0,1.0,0.0,0.30862759538726325,0.5274093562743876,0.0,0.18247170083080055,0.5,0.5530721614222244,0.20467227151885634,10585
dst_yager_fire_specificity_silence_sensitivity_tau_0_1,CWE-190,0.02423762896740832,1.0,0.0,0.0,1.0,0.0,0.04732813304706098,0.11047728730264554,0.0,0.02423762896740832,0.5,0.5226103506184963,0.03413767799378081,1406
dst_yager_fire_specificity_silence_sensitivity_tau_0_1,CWE-191,0.0028788602992581387,1.0,0.0,0.0,1.0,0.0,0.00574118901156348,0.014230397727540913,0.0,0.0028788602992581387,0.5,0.4990491083518397,0.0028788602992581387,167
dst_yager_fire_specificity_silence_sensitivity_tau_0_1,CWE-20,0.033201748546801,1.0,0.0,0.0,1.0,0.0,0.06426963043561743,0.14654634230132185,0.0,0.033201748546801,0.5,0.5051544800239254,0.03399440666635058,1926
dst_yager_fire_specificity_silence_sensitivity_tau_0_1,CWE-269,0.0020169190683466502,1.0,0.0,0.0,1.0,0.0,0.004025715119810396,0.010003853157712576,0.0,0.0020169190683466502,0.5,0.4996372855466098,0.0020169190683466502,117
dst_yager_fire_specificity_silence_sensitivity_tau_0_1,CWE-285,0.004878552851041446,1.0,0.0,0.0,1.0,0.0,0.009709732739230183,0.02392583624479854,0.0,0.004878552851041446,0.5,0.5134729849540318,0.007246490052893394,283
dst_yager_fire_specificity_silence_sensitivity_tau_0_1,CWE-287,0.004395324481634251,0.8,0.2,0.1988961710934805,0.8,0.2,0.008742613391482466,0.02150401459565629,0.0,0.20329149557511475,0.5,0.5,0.00549915338815374,319
dst_yager_fire_specificity_silence_sensitivity_tau_0_1,CWE-369,0.004723411627418168,1.0,0.0,0.0,1.0,0.0,0.009402409330838453,0.02317909641830872,0.0,0.004723411627418168,0.5,0.5035321218367498,0.006507115145316146,274
dst_yager_fire_specificity_silence_sensitivity_tau_0_1,CWE-400,0.009963978487454754,1.0,0.0,0.0,1.0,0.0,0.019731350455816983,0.04791034625651806,0.0,0.009963978487454754,0.5,0.4996953152875223,0.009963978487454754,578
dst_yager_fire_specificity_silence_sensitivity_tau_0_1,CWE-404,0.0211519018175787,1.0,0.0,0.0,1.0,0.0,0.04142752833445121,0.09750943139646398,0.0,0.0211519018175787,0.5,0.49835777025611927,0.021159834490530098,1227
dst_yager_fire_specificity_silence_sensitivity_tau_0_1,CWE-476,0.02901274690402008,1.0,0.0,0.0,1.0,0.0,0.0563894761527696,0.12997945582352088,0.0,0.02901274690402008,0.5,0.5091897001566832,0.03218342847005996,1683
dst_yager_fire_specificity_silence_sensitivity_tau_0_1,CWE-662,0.013704771106328428,1.0,0.0,0.0,1.0,0.0,0.027038979161438603,0.06496266161504578,0.0,0.013704771106328428,0.5,0.49259165367930463,0.013927199116080124,795
dst_yager_fire_specificity_silence_sensitivity_tau_0_1,CWE-665,0.0024306661378417005,1.0,0.0,0.0,1.0,0.0,0.004849542205713121,0.012036281796030557,0.0,0.0024306661378417005,0.5,0.5042658088938226,0.011974596543333563,141
dst_yager_fire_specificity_silence_sensitivity_tau_0_1,CWE-668,0.023513595001807823,1.0,0.0,0.0,1.0,0.0,0.045946812868682206,0.10746079562100444,0.0,0.023513595001807823,0.5,0.5724195816464502,0.03225153461744069,1364
dst_yager_fire_specificity_silence_sensitivity_tau_0_1,CWE-704,0.007585030549414477,1.0,0.0,0.0,1.0,0.0,0.015055861916674476,0.036808381852269305,0.0,0.007585030549414477,0.5,0.5002154484519558,0.007662495053145567,440
dst_yager_fire_specificity_silence_sensitivity_tau_0_1,CWE-705,0.004551018628271632,1.0,0.0,0.0,1.0,0.0,0.009060799026555655,0.02234824107376775,0.0,0.004551018628271632,0.5,0.4998614741001128,0.004551018628271632,264
dst_yager_fire_specificity_silence_sensitivity_tau_0_1,CWE-706,0.013911640926990567,1.0,0.0,0.0,1.0,0.0,0.027441521470066323,0.06589153231662973,0.0,0.013911640926990567,0.5,0.500376384904077,0.014071870750288217,807
dst_yager_fire_specificity_silence_sensitivity_tau_0_1,CWE-74,0.016169905146192542,1.0,0.0,0.0,1.0,0.0,0.0318251964437644,0.07593786226565842,0.0,0.016169905146192542,0.5,0.6200866962882327,0.10030701161249007,938
dst_yager_fire_specificity_silence_sensitivity_tau_0_1,CWE-754,0.0028788602992581387,1.0,0.0,0.0,1.0,0.0,0.00574118901156348,0.014230397727540913,0.0,0.0028788602992581387,0.5,0.5046635060644341,0.004151578969628734,167
dst_yager_fire_specificity_silence_sensitivity_tau_0_1,CWE-834,0.006050794354607701,1.0,0.0,0.0,1.0,0.0,0.012028802337117644,0.029539009169382607,0.0,0.006050794354607701,0.5,0.5039388917044411,0.007354394944693329,351
dst_yager_fire_specificity_silence_sensitivity_tau_0_2,CWE-118,0.18247170083080055,1.0,0.0,0.0,1.0,0.0,0.30862759538726325,0.5274093562743876,0.0,0.18247170083080055,0.5,0.5530721614222244,0.20467227151885634,10585
dst_yager_fire_specificity_silence_sensitivity_tau_0_2,CWE-190,0.02423762896740832,1.0,0.0,0.0,1.0,0.0,0.04732813304706098,0.11047728730264554,0.0,0.02423762896740832,0.5,0.5226103506184963,0.03413767799378081,1406
dst_yager_fire_specificity_silence_sensitivity_tau_0_2,CWE-191,0.0028788602992581387,1.0,0.0,0.0,1.0,0.0,0.00574118901156348,0.014230397727540913,0.0,0.0028788602992581387,0.5,0.4990491083518397,0.0028788602992581387,167
dst_yager_fire_specificity_silence_sensitivity_tau_0_2,CWE-20,0.033201748546801,1.0,0.0,0.0,1.0,0.0,0.06426963043561743,0.14654634230132185,0.0,0.033201748546801,0.5,0.5051544800239254,0.03399440666635058,1926
dst_yager_fire_specificity_silence_sensitivity_tau_0_2,CWE-269,0.0020169190683466502,1.0,0.0,0.0,1.0,0.0,0.004025715119810396,0.010003853157712576,0.0,0.0020169190683466502,0.5,0.4996372855466098,0.0020169190683466502,117
dst_yager_fire_specificity_silence_sensitivity_tau_0_2,CWE-285,0.004878552851041446,1.0,0.0,0.0,1.0,0.0,0.009709732739230183,0.02392583624479854,0.0,0.004878552851041446,0.5,0.5134729849540318,0.007246490052893394,283
dst_yager_fire_specificity_silence_sensitivity_tau_0_2,CWE-287,0.004395324481634251,0.8,0.2,0.1988961710934805,0.8,0.2,0.008742613391482466,0.02150401459565629,0.0,0.20329149557511475,0.5,0.5,0.00549915338815374,319
dst_yager_fire_specificity_silence_sensitivity_tau_0_2,CWE-369,0.004723411627418168,1.0,0.0,0.0,1.0,0.0,0.009402409330838453,0.02317909641830872,0.0,0.004723411627418168,0.5,0.5035321218367498,0.006507115145316146,274
dst_yager_fire_specificity_silence_sensitivity_tau_0_2,CWE-400,0.009963978487454754,1.0,0.0,0.0,1.0,0.0,0.019731350455816983,0.04791034625651806,0.0,0.009963978487454754,0.5,0.4996953152875223,0.009963978487454754,578
dst_yager_fire_specificity_silence_sensitivity_tau_0_2,CWE-404,0.0211519018175787,1.0,0.0,0.0,1.0,0.0,0.04142752833445121,0.09750943139646398,0.0,0.0211519018175787,0.5,0.49835777025611927,0.021159834490530098,1227
dst_yager_fire_specificity_silence_sensitivity_tau_0_2,CWE-476,0.02901274690402008,1.0,0.0,0.0,1.0,0.0,0.0563894761527696,0.12997945582352088,0.0,0.02901274690402008,0.5,0.5091897001566832,0.03218342847005996,1683
dst_yager_fire_specificity_silence_sensitivity_tau_0_2,CWE-662,0.013704771106328428,1.0,0.0,0.0,1.0,0.0,0.027038979161438603,0.06496266161504578,0.0,0.013704771106328428,0.5,0.49259165367930463,0.013927199116080124,795
dst_yager_fire_specificity_silence_sensitivity_tau_0_2,CWE-665,0.0024306661378417005,1.0,0.0,0.0,1.0,0.0,0.004849542205713121,0.012036281796030557,0.0,0.0024306661378417005,0.5,0.5042658088938226,0.011974596543333563,141
dst_yager_fire_specificity_silence_sensitivity_tau_0_2,CWE-668,0.023513595001807823,1.0,0.0,0.0,1.0,0.0,0.045946812868682206,0.10746079562100444,0.0,0.023513595001807823,0.5,0.5724195816464502,0.03225153461744069,1364
dst_yager_fire_specificity_silence_sensitivity_tau_0_2,CWE-704,0.007585030549414477,1.0,0.0,0.0,1.0,0.0,0.015055861916674476,0.036808381852269305,0.0,0.007585030549414477,0.5,0.5002154484519558,0.007662495053145567,440
dst_yager_fire_specificity_silence_sensitivity_tau_0_2,CWE-705,0.004551018628271632,1.0,0.0,0.0,1.0,0.0,0.009060799026555655,0.02234824107376775,0.0,0.004551018628271632,0.5,0.4998614741001128,0.004551018628271632,264
dst_yager_fire_specificity_silence_sensitivity_tau_0_2,CWE-706,0.013911640926990567,1.0,0.0,0.0,1.0,0.0,0.027441521470066323,0.06589153231662973,0.0,0.013911640926990567,0.5,0.500376384904077,0.014071870750288217,807
dst_yager_fire_specificity_silence_sensitivity_tau_0_2,CWE-74,0.016169905146192542,1.0,0.0,0.0,1.0,0.0,0.0318251964437644,0.07593786226565842,0.0,0.016169905146192542,0.5,0.6200866962882327,0.10030701161249007,938
dst_yager_fire_specificity_silence_sensitivity_tau_0_2,CWE-754,0.0028788602992581387,1.0,0.0,0.0,1.0,0.0,0.00574118901156348,0.014230397727540913,0.0,0.0028788602992581387,0.5,0.5046635060644341,0.004151578969628734,167
dst_yager_fire_specificity_silence_sensitivity_tau_0_2,CWE-834,0.006050794354607701,1.0,0.0,0.0,1.0,0.0,0.012028802337117644,0.029539009169382607,0.0,0.006050794354607701,0.5,0.5039388917044411,0.007354394944693329,351
dst_yager_fire_specificity_silence_sensitivity_tau_0_3,CWE-118,0.18247170083080055,1.0,0.0,0.0,1.0,0.0,0.30862759538726325,0.5274093562743876,0.0,0.18247170083080055,0.5,0.5530721614222244,0.20467227151885634,10585
dst_yager_fire_specificity_silence_sensitivity_tau_0_3,CWE-190,0.02423762896740832,1.0,0.0,0.0,1.0,0.0,0.04732813304706098,0.11047728730264554,0.0,0.02423762896740832,0.5,0.5226103506184963,0.03413767799378081,1406
dst_yager_fire_specificity_silence_sensitivity_tau_0_3,CWE-191,0.0028788602992581387,1.0,0.0,0.0,1.0,0.0,0.00574118901156348,0.014230397727540913,0.0,0.0028788602992581387,0.5,0.4990491083518397,0.0028788602992581387,167
dst_yager_fire_specificity_silence_sensitivity_tau_0_3,CWE-20,0.033201748546801,1.0,0.0,0.0,1.0,0.0,0.06426963043561743,0.14654634230132185,0.0,0.033201748546801,0.5,0.5051544800239254,0.03399440666635058,1926
dst_yager_fire_specificity_silence_sensitivity_tau_0_3,CWE-269,0.0020169190683466502,1.0,0.0,0.0,1.0,0.0,0.004025715119810396,0.010003853157712576,0.0,0.0020169190683466502,0.5,0.4996372855466098,0.0020169190683466502,117
dst_yager_fire_specificity_silence_sensitivity_tau_0_3,CWE-285,0.004878552851041446,1.0,0.0,0.0,1.0,0.0,0.009709732739230183,0.02392583624479854,0.0,0.004878552851041446,0.5,0.5134729849540318,0.007246490052893394,283
dst_yager_fire_specificity_silence_sensitivity_tau_0_3,CWE-287,0.004395324481634251,0.8,0.2,0.1988961710934805,0.8,0.2,0.008742613391482466,0.02150401459565629,0.0,0.20329149557511475,0.5,0.5,0.00549915338815374,319
dst_yager_fire_specificity_silence_sensitivity_tau_0_3,CWE-369,0.004723411627418168,1.0,0.0,0.0,1.0,0.0,0.009402409330838453,0.02317909641830872,0.0,0.004723411627418168,0.5,0.5035321218367498,0.006507115145316146,274
dst_yager_fire_specificity_silence_sensitivity_tau_0_3,CWE-400,0.009963978487454754,1.0,0.0,0.0,1.0,0.0,0.019731350455816983,0.04791034625651806,0.0,0.009963978487454754,0.5,0.4996953152875223,0.009963978487454754,578
dst_yager_fire_specificity_silence_sensitivity_tau_0_3,CWE-404,0.0211519018175787,1.0,0.0,0.0,1.0,0.0,0.04142752833445121,0.09750943139646398,0.0,0.0211519018175787,0.5,0.49835777025611927,0.021159834490530098,1227
dst_yager_fire_specificity_silence_sensitivity_tau_0_3,CWE-476,0.02901274690402008,1.0,0.0,0.0,1.0,0.0,0.0563894761527696,0.12997945582352088,0.0,0.02901274690402008,0.5,0.5091897001566832,0.03218342847005996,1683
dst_yager_fire_specificity_silence_sensitivity_tau_0_3,CWE-662,0.013704771106328428,1.0,0.0,0.0,1.0,0.0,0.027038979161438603,0.06496266161504578,0.0,0.013704771106328428,0.5,0.49259165367930463,0.013927199116080124,795
dst_yager_fire_specificity_silence_sensitivity_tau_0_3,CWE-665,0.0024306661378417005,1.0,0.0,0.0,1.0,0.0,0.004849542205713121,0.012036281796030557,0.0,0.0024306661378417005,0.5,0.5042658088938226,0.011974596543333563,141
dst_yager_fire_specificity_silence_sensitivity_tau_0_3,CWE-668,0.023513595001807823,1.0,0.0,0.0,1.0,0.0,0.045946812868682206,0.10746079562100444,0.0,0.023513595001807823,0.5,0.5724195816464502,0.03225153461744069,1364
dst_yager_fire_specificity_silence_sensitivity_tau_0_3,CWE-704,0.007585030549414477,1.0,0.0,0.0,1.0,0.0,0.015055861916674476,0.036808381852269305,0.0,0.007585030549414477,0.5,0.5002154484519558,0.007662495053145567,440
dst_yager_fire_specificity_silence_sensitivity_tau_0_3,CWE-705,0.004551018628271632,1.0,0.0,0.0,1.0,0.0,0.009060799026555655,0.02234824107376775,0.0,0.004551018628271632,0.5,0.4998614741001128,0.004551018628271632,264
dst_yager_fire_specificity_silence_sensitivity_tau_0_3,CWE-706,0.013911640926990567,1.0,0.0,0.0,1.0,0.0,0.027441521470066323,0.06589153231662973,0.0,0.013911640926990567,0.5,0.500376384904077,0.014071870750288217,807
dst_yager_fire_specificity_silence_sensitivity_tau_0_3,CWE-74,0.016169905146192542,1.0,0.0,0.0,1.0,0.0,0.0318251964437644,0.07593786226565842,0.0,0.016169905146192542,0.5,0.6200866962882327,0.10030701161249007,938
dst_yager_fire_specificity_silence_sensitivity_tau_0_3,CWE-754,0.0028788602992581387,1.0,0.0,0.0,1.0,0.0,0.00574118901156348,0.014230397727540913,0.0,0.0028788602992581387,0.5,0.5046635060644341,0.004151578969628734,167
dst_yager_fire_specificity_silence_sensitivity_tau_0_3,CWE-834,0.006050794354607701,1.0,0.0,0.0,1.0,0.0,0.012028802337117644,0.029539009169382607,0.0,0.006050794354607701,0.5,0.5039388917044411,0.007354394944693329,351
dst_yager_fire_specificity_silence_sensitivity_tau_0_4,CWE-118,0.23723786506547154,0.3771374586679263,0.7293354753828927,0.8399000498498255,0.2706645246171072,0.6228625413320736,0.291256004897286,0.3373469031830164,0.09062596205920201,0.6650691835130387,0.5532364670254095,0.5530721614222244,0.20467227151885634,10585
dst_yager_fire_specificity_silence_sensitivity_tau_0_4,CWE-190,0.02423762896740832,1.0,0.0,0.0,1.0,0.0,0.04732813304706098,0.11047728730264554,0.0,0.02423762896740832,0.5,0.5226103506184963,0.03413767799378081,1406
dst_yager_fire_specificity_silence_sensitivity_tau_0_4,CWE-191,0.0028788602992581387,1.0,0.0,0.0,1.0,0.0,0.00574118901156348,0.014230397727540913,0.0,0.0028788602992581387,0.5,0.4990491083518397,0.0028788602992581387,167
dst_yager_fire_specificity_silence_sensitivity_tau_0_4,CWE-20,0.033201748546801,1.0,0.0,0.0,1.0,0.0,0.06426963043561743,0.14654634230132185,0.0,0.033201748546801,0.5,0.5051544800239254,0.03399440666635058,1926
dst_yager_fire_specificity_silence_sensitivity_tau_0_4,CWE-269,0.0020169190683466502,1.0,0.0,0.0,1.0,0.0,0.004025715119810396,0.010003853157712576,0.0,0.0020169190683466502,0.5,0.4996372855466098,0.0020169190683466502,117
dst_yager_fire_specificity_silence_sensitivity_tau_0_4,CWE-285,0.004878552851041446,1.0,0.0,0.0,1.0,0.0,0.009709732739230183,0.02392583624479854,0.0,0.004878552851041446,0.5,0.5134729849540318,0.007246490052893394,283
dst_yager_fire_specificity_silence_sensitivity_tau_0_4,CWE-287,0.004395324481634251,0.8,0.2,0.1988961710934805,0.8,0.2,0.008742613391482466,0.02150401459565629,0.0,0.20329149557511475,0.5,0.5,0.00549915338815374,319
dst_yager_fire_specificity_silence_sensitivity_tau_0_4,CWE-369,0.004723411627418168,1.0,0.0,0.0,1.0,0.0,0.009402409330838453,0.02317909641830872,0.0,0.004723411627418168,0.5,0.5035321218367498,0.006507115145316146,274
dst_yager_fire_specificity_silence_sensitivity_tau_0_4,CWE-400,0.009963978487454754,1.0,0.0,0.0,1.0,0.0,0.019731350455816983,0.04791034625651806,0.0,0.009963978487454754,0.5,0.4996953152875223,0.009963978487454754,578
dst_yager_fire_specificity_silence_sensitivity_tau_0_4,CWE-404,0.0211519018175787,1.0,0.0,0.0,1.0,0.0,0.04142752833445121,0.09750943139646398,0.0,0.0211519018175787,0.5,0.49835777025611927,0.021159834490530098,1227
dst_yager_fire_specificity_silence_sensitivity_tau_0_4,CWE-476,0.02901274690402008,1.0,0.0,0.0,1.0,0.0,0.0563894761527696,0.12997945582352088,0.0,0.02901274690402008,0.5,0.5091897001566832,0.03218342847005996,1683
dst_yager_fire_specificity_silence_sensitivity_tau_0_4,CWE-662,0.013704771106328428,1.0,0.0,0.0,1.0,0.0,0.027038979161438603,0.06496266161504578,0.0,0.013704771106328428,0.5,0.49259165367930463,0.013927199116080124,795
dst_yager_fire_specificity_silence_sensitivity_tau_0_4,CWE-665,0.0024306661378417005,1.0,0.0,0.0,1.0,0.0,0.004849542205713121,0.012036281796030557,0.0,0.0024306661378417005,0.5,0.5042658088938226,0.011974596543333563,141
dst_yager_fire_specificity_silence_sensitivity_tau_0_4,CWE-668,0.060983705629935124,0.23021439344968755,0.914678983215668,0.9801374360543613,0.0853210167843321,0.7697856065503125,0.09641767254483694,0.14803165567194618,0.07718589188073548,0.8985845877791198,0.5724466883326778,0.5724195816464502,0.03225153461744069,1364
dst_yager_fire_specificity_silence_sensitivity_tau_0_4,CWE-704,0.007585030549414477,1.0,0.0,0.0,1.0,0.0,0.015055861916674476,0.036808381852269305,0.0,0.007585030549414477,0.5,0.5002154484519558,0.007662495053145567,440
dst_yager_fire_specificity_silence_sensitivity_tau_0_4,CWE-705,0.004551018628271632,1.0,0.0,0.0,1.0,0.0,0.009060799026555655,0.02234824107376775,0.0,0.004551018628271632,0.5,0.4998614741001128,0.004551018628271632,264
dst_yager_fire_specificity_silence_sensitivity_tau_0_4,CWE-706,0.013911640926990567,1.0,0.0,0.0,1.0,0.0,0.027441521470066323,0.06589153231662973,0.0,0.013911640926990567,0.5,0.500376384904077,0.014071870750288217,807
dst_yager_fire_specificity_silence_sensitivity_tau_0_4,CWE-74,0.3263334303954303,0.24842416657185118,0.9915542984302392,0.9876950101205939,0.00844570156976077,0.7515758334281488,0.282015172332767,0.26083882465254804,0.27447749904075414,0.979537548307451,0.6199892325010452,0.6200866962882327,0.10030701161249007,938
dst_yager_fire_specificity_silence_sensitivity_tau_0_4,CWE-754,0.0028788602992581387,1.0,0.0,0.0,1.0,0.0,0.00574118901156348,0.014230397727540913,0.0,0.0028788602992581387,0.5,0.5046635060644341,0.004151578969628734,167
dst_yager_fire_specificity_silence_sensitivity_tau_0_4,CWE-834,0.006050794354607701,1.0,0.0,0.0,1.0,0.0,0.012028802337117644,0.029539009169382607,0.0,0.006050794354607701,0.5,0.5039388917044411,0.007354394944693329,351
dst_yager_fire_specificity_silence_sensitivity_tau_0_5,CWE-118,0.23723786506547154,0.3771374586679263,0.7293354753828927,0.8399000498498255,0.2706645246171072,0.6228625413320736,0.291256004897286,0.3373469031830164,0.09062596205920201,0.6650691835130387,0.5532364670254095,0.5530721614222244,0.20467227151885634,10585
dst_yager_fire_specificity_silence_sensitivity_tau_0_5,CWE-190,0.07169117880319609,0.06686100805128593,0.9784465197205602,0.9768587041058356,0.02155348027943974,0.9331389919487141,0.06911134142327975,0.06772513663813143,0.046876162999872704,0.9563517134917323,0.5226537638859231,0.5226103506184963,0.03413767799378081,1406
dst_yager_fire_specificity_silence_sensitivity_tau_0_5,CWE-191,0.0028788602992581387,1.0,0.0,0.0,1.0,0.0,0.00574118901156348,0.014230397727540913,0.0,0.0028788602992581387,0.5,0.4990491083518397,0.0028788602992581387,167
dst_yager_fire_specificity_silence_sensitivity_tau_0_5,CWE-20,0.03902732502605781,0.0654168629298163,0.9447962348544363,0.9671457222690728,0.05520376514556361,0.9345831370701838,0.048874562277957154,0.057609708600363255,0.00793931810461572,0.9155994513594916,0.5051065488921264,0.5051544800239254,0.03399440666635058,1926
dst_yager_fire_specificity_silence_sensitivity_tau_0_5,CWE-269,0.0020169190683466502,1.0,0.0,0.0,1.0,0.0,0.004025715119810396,0.010003853157712576,0.0,0.0020169190683466502,0.5,0.4996372855466098,0.0020169190683466502,117
dst_yager_fire_specificity_silence_sensitivity_tau_0_5,CWE-285,0.0286828093306288,0.0318922305764411,0.9949936488455773,0.9952522536462712,0.005006351154422746,0.9681077694235588,0.030149602618045817,0.031156866345222505,0.025351051932397912,0.9902946333349758,0.5134429397110092,0.5134729849540318,0.007246490052893394,283
dst_yager_fire_specificity_silence_sensitivity_tau_0_5,CWE-287,0.0,0.0,1.0,0.9945008466118462,0.0,1.0,0.0,0.0,0.0,0.9945008466118462,0.5,0.5,0.00549915338815374,319
dst_yager_fire_specificity_silence_sensitivity_tau_0_5,CWE-369,0.09999999999999999,0.007272727272727273,0.9997921462922734,0.9953099369809724,0.00020785370772659605,0.9927272727272728,0.013453928773318257,0.008909083693797374,0.025622252269379427,0.9951041968593767,0.5035324367825004,0.5035321218367498,0.006507115145316146,274
dst_yager_fire_specificity_silence_sensitivity_tau_0_5,CWE-400,0.009963978487454754,1.0,0.0,0.0,1.0,0.0,0.019731350455816983,0.04791034625651806,0.0,0.009963978487454754,0.5,0.4996953152875223,0.009963978487454754,578
dst_yager_fire_specificity_silence_sensitivity_tau_0_5,CWE-404,0.006355611601513242,0.001629334660693546,0.9950863548178004,0.9787797944637738,0.004913645182199554,0.9983706653393064,0.002593363175924175,0.0019139036399883152,-0.006964651123767272,0.9740728747359986,0.49835784473924705,0.49835777025611927,0.021159834490530098,1227
dst_yager_fire_specificity_silence_sensitivity_tau_0_5,CWE-476,0.08619273769482211,0.026730959446092977,0.9915846444995078,0.9715082000684875,0.008415355500492307,0.9732690405539071,0.040781210659642755,0.031002345378564437,0.03249567330269139,0.9635918569624273,0.5091578019728004,0.5091897001566832,0.03218342847005996,1683
dst_yager_fire_specificity_silence_sensitivity_tau_0_5,CWE-662,0.007956554144744133,0.020125786163522015,0.964991348263282,0.9860867784843798,0.035008651736717876,0.979874213836478,0.011402993046546631,0.015409216783829425,-0.009414931355967182,0.9520421945104867,0.492558567213402,0.49259165367930463,0.013927199116080124,795
dst_yager_fire_specificity_silence_sensitivity_tau_0_5,CWE-665,0.003976342129208371,0.021182266009852214,0.9871432052868128,0.9975900397052138,0.012856794713187198,0.9788177339901478,0.006691188229649768,0.011341194237918215,0.0036088682744639658,0.9847954933479631,0.5041627356483325,0.5042658088938226,0.011974596543333563,141
dst_yager_fire_specificity_silence_sensitivity_tau_0_5,CWE-668,0.060983705629935124,0.23021439344968755,0.914678983215668,0.9801374360543613,0.0853210167843321,0.7697856065503125,0.09641767254483694,0.14803165567194618,0.07718589188073548,0.8985845877791198,0.5724466883326778,0.5724195816464502,0.03225153461744069,1364
dst_yager_fire_specificity_silence_sensitivity_tau_0_5,CWE-704,0.0015164570049974152,0.2,0.7985581364814898,0.7939205522917756,0.20144186351851018,0.8,0.0030100906447750983,0.007359090148854323,-0.002956218679480522,0.7940169573890193,0.4992790682407449,0.5002154484519558,0.007662495053145567,440
dst_yager_fire_specificity_silence_sensitivity_tau_0_5,CWE-705,0.004551018628271632,1.0,0.0,0.0,1.0,0.0,0.009060799026555655,0.02234824107376775,0.0,0.004551018628271632,0.5,0.4998614741001128,0.004551018628271632,264
dst_yager_fire_specificity_silence_sensitivity_tau_0_5,CWE-706,0.0027744270205066345,0.2,0.7996153830624705,0.7888575007526892,0.20038461693752957,0.8,0.005472932778108268,0.013142857142857145,-0.002038510189884047,0.7912579532745498,0.4998076915312352,0.500376384904077,0.014071870750288217,807
dst_yager_fire_specificity_silence_sensitivity_tau_0_5,CWE-74,0.3263334303954303,0.24842416657185118,0.9915542984302392,0.9876950101205939,0.00844570156976077,0.7515758334281488,0.282015172332767,0.26083882465254804,0.27447749904075414,0.979537548307451,0.6199892325010452,0.6200866962882327,0.10030701161249007,938
dst_yager_fire_specificity_silence_sensitivity_tau_0_5,CWE-754,0.0005860048259220959,0.2,0.7981154609569734,0.797701741819561,0.20188453904302656,0.8,0.0011685856676404882,0.0028960817717206136,-0.002078888934375749,0.7964140157000303,0.4990577304784868,0.5046635060644341,0.004151578969628734,167
dst_yager_fire_specificity_silence_sensitivity_tau_0_5,CWE-834,0.0641025641025641,0.008571428571428572,0.9993063548374537,0.993996485659552,0.000693645162546425,0.9914285714285714,0.01490171211160431,0.010322442063056398,0.0210572857859078,0.9933114588318018,0.5039388917044411,0.5039388917044411,0.007354394944693329,351
dst_yager_fire_specificity_silence_sensitivity_tau_0_6,CWE-118,0.23723786506547154,0.3771374586679263,0.7293354753828927,0.8399000498498255,0.2706645246171072,0.6228625413320736,0.291256004897286,0.3373469031830164,0.09062596205920201,0.6650691835130387,0.5532364670254095,0.5530721614222244,0.20467227151885634,10585
dst_yager_fire_specificity_silence_sensitivity_tau_0_6,CWE-190,0.07169117880319609,0.06686100805128593,0.9784465197205602,0.9768587041058356,0.02155348027943974,0.9331389919487141,0.06911134142327975,0.06772513663813143,0.046876162999872704,0.9563517134917323,0.5226537638859231,0.5226103506184963,0.03413767799378081,1406
dst_yager_fire_specificity_silence_sensitivity_tau_0_6,CWE-191,0.0,0.0,0.9980982167036794,0.99711567709116,0.0019017832963206017,1.0,0.0,0.0,-0.002333178479710505,0.9952248240837364,0.4990491083518397,0.4990491083518397,0.0028788602992581387,167
dst_yager_fire_specificity_silence_sensitivity_tau_0_6,CWE-20,0.03902732502605781,0.0654168629298163,0.9447962348544363,0.9671457222690728,0.05520376514556361,0.9345831370701838,0.048874562277957154,0.057609708600363255,0.00793931810461572,0.9155994513594916,0.5051065488921264,0.5051544800239254,0.03399440666635058,1926
dst_yager_fire_specificity_silence_sensitivity_tau_0_6,CWE-269,0.0,0.0,0.9992745710932196,0.9979816120025908,0.000725428906780469,1.0,0.0,0.0,-0.001193317412040144,0.9972591227565107,0.4996372855466098,0.4996372855466098,0.0020169190683466502,117
dst_yager_fire_specificity_silence_sensitivity_tau_0_6,CWE-285,0.0286828093306288,0.0318922305764411,0.9949936488455773,0.9952522536462712,0.005006351154422746,0.9681077694235588,0.030149602618045817,0.031156866345222505,0.025351051932397912,0.9902946333349758,0.5134429397110092,0.5134729849540318,0.007246490052893394,283
dst_yager_fire_specificity_silence_sensitivity_tau_0_6,CWE-287,0.0,0.0,1.0,0.9945008466118462,0.0,1.0,0.0,0.0,0.0,0.9945008466118462,0.5,0.5,0.00549915338815374,319
dst_yager_fire_specificity_silence_sensitivity_tau_0_6,CWE-369,0.09999999999999999,0.007272727272727273,0.9997921462922734,0.9953099369809724,0.00020785370772659605,0.9927272727272728,0.013453928773318257,0.008909083693797374,0.025622252269379427,0.9951041968593767,0.5035324367825004,0.5035321218367498,0.006507115145316146,274
dst_yager_fire_specificity_silence_sensitivity_tau_0_6,CWE-400,0.0,0.0,0.9993906305750446,0.9900300167155119,0.0006093694249553033,1.0,0.0,0.0,-0.002409367499494533,0.9894327128703588,0.4996953152875223,0.4996953152875223,0.009963978487454754,578
dst_yager_fire_specificity_silence_sensitivity_tau_0_6,CWE-404,0.006355611601513242,0.001629334660693546,0.9950863548178004,0.9787797944637738,0.004913645182199554,0.9983706653393064,0.002593363175924175,0.0019139036399883152,-0.006964651123767272,0.9740728747359986,0.49835784473924705,0.49835777025611927,0.021159834490530098,1227
dst_yager_fire_specificity_silence_sensitivity_tau_0_6,CWE-476,0.08619273769482211,0.026730959446092977,0.9915846444995078,0.9715082000684875,0.008415355500492307,0.9732690405539071,0.040781210659642755,0.031002345378564437,0.03249567330269139,0.9635918569624273,0.5091578019728004,0.5091897001566832,0.03218342847005996,1683
dst_yager_fire_specificity_silence_sensitivity_tau_0_6,CWE-662,0.007956554144744133,0.020125786163522015,0.964991348263282,0.9860867784843798,0.035008651736717876,0.979874213836478,0.011402993046546631,0.015409216783829425,-0.009414931355967182,0.9520421945104867,0.492558567213402,0.49259165367930463,0.013927199116080124,795
dst_yager_fire_specificity_silence_sensitivity_tau_0_6,CWE-665,0.003976342129208371,0.021182266009852214,0.9871432052868128,0.9975900397052138,0.012856794713187198,0.9788177339901478,0.006691188229649768,0.011341194237918215,0.0036088682744639658,0.9847954933479631,0.5041627356483325,0.5042658088938226,0.011974596543333563,141
dst_yager_fire_specificity_silence_sensitivity_tau_0_6,CWE-668,0.060983705629935124,0.23021439344968755,0.914678983215668,0.9801374360543613,0.0853210167843321,0.7697856065503125,0.09641767254483694,0.14803165567194618,0.07718589188073548,0.8985845877791198,0.5724466883326778,0.5724195816464502,0.03225153461744069,1364
dst_yager_fire_specificity_silence_sensitivity_tau_0_6,CWE-704,0.008333333333333333,0.0022727272727272726,0.9981587615900155,0.9924182210881838,0.0018412384099844004,0.9977272727272727,0.0035714285714285718,0.0026595744680851068,0.000621053200890895,0.9906049291277752,0.5002157444313714,0.5002154484519558,0.007662495053145567,440
dst_yager_fire_specificity_silence_sensitivity_tau_0_6,CWE-705,0.0,0.0,0.9997229482002256,0.9954477299681528,0.0002770517997744532,1.0,0.0,0.0,-0.0010429020749816867,0.9951731861504081,0.4998614741001128,0.4998614741001128,0.004551018628271632,264
dst_yager_fire_specificity_silence_sensitivity_tau_0_6,CWE-706,0.02857142857142857,0.0012422360248447203,0.9995105337833092,0.9860986422304029,0.0004894662166907697,0.9987577639751553,0.0023809523809523807,0.0015360983102918582,0.003379872875747394,0.9856229369037072,0.500376384904077,0.500376384904077,0.014071870750288217,807
dst_yager_fire_specificity_silence_sensitivity_tau_0_6,CWE-74,0.3263334303954303,0.24842416657185118,0.9915542984302392,0.9876950101205939,0.00844570156976077,0.7515758334281488,0.282015172332767,0.26083882465254804,0.27447749904075414,0.979537548307451,0.6199892325010452,0.6200866962882327,0.10030701161249007,938
dst_yager_fire_specificity_silence_sensitivity_tau_0_6,CWE-754,0.011428571428571429,0.011764705882352941,0.9975450201618136,0.9971485392955743,0.0024549798381864702,0.9882352941176471,0.011594202898550723,0.011695906432748539,0.008954776025144263,0.9947077075304337,0.5046548630220833,0.5046635060644341,0.004151578969628734,167
dst_yager_fire_specificity_silence_sensitivity_tau_0_6,CWE-834,0.0641025641025641,0.008571428571428572,0.9993063548374537,0.993996485659552,0.000693645162546425,0.9914285714285714,0.01490171211160431,0.010322442063056398,0.0210572857859078,0.9933114588318018,0.5039388917044411,0.5039388917044411,0.007354394944693329,351
dst_yager_fire_specificity_silence_sensitivity_tau_0_7,CWE-118,0.23723786506547154,0.3771374586679263,0.7293354753828927,0.8399000498498255,0.2706645246171072,0.6228625413320736,0.291256004897286,0.3373469031830164,0.09062596205920201,0.6650691835130387,0.5532364670254095,0.5530721614222244,0.20467227151885634,10585
dst_yager_fire_specificity_silence_sensitivity_tau_0_7,CWE-190,0.07169117880319609,0.06686100805128593,0.9784465197205602,0.9768587041058356,0.02155348027943974,0.9331389919487141,0.06911134142327975,0.06772513663813143,0.046876162999872704,0.9563517134917323,0.5226537638859231,0.5226103506184963,0.03413767799378081,1406
dst_yager_fire_specificity_silence_sensitivity_tau_0_7,CWE-191,0.0,0.0,0.9980982167036794,0.99711567709116,0.0019017832963206017,1.0,0.0,0.0,-0.002333178479710505,0.9952248240837364,0.4990491083518397,0.4990491083518397,0.0028788602992581387,167
dst_yager_fire_specificity_silence_sensitivity_tau_0_7,CWE-20,0.03902732502605781,0.0654168629298163,0.9447962348544363,0.9671457222690728,0.05520376514556361,0.9345831370701838,0.048874562277957154,0.057609708600363255,0.00793931810461572,0.9155994513594916,0.5051065488921264,0.5051544800239254,0.03399440666635058,1926
dst_yager_fire_specificity_silence_sensitivity_tau_0_7,CWE-269,0.0,0.0,0.9992745710932196,0.9979816120025908,0.000725428906780469,1.0,0.0,0.0,-0.001193317412040144,0.9972591227565107,0.4996372855466098,0.4996372855466098,0.0020169190683466502,117
dst_yager_fire_specificity_silence_sensitivity_tau_0_7,CWE-285,0.0286828093306288,0.0318922305764411,0.9949936488455773,0.9952522536462712,0.005006351154422746,0.9681077694235588,0.030149602618045817,0.031156866345222505,0.025351051932397912,0.9902946333349758,0.5134429397110092,0.5134729849540318,0.007246490052893394,283
dst_yager_fire_specificity_silence_sensitivity_tau_0_7,CWE-287,0.0,0.0,1.0,0.9945008466118462,0.0,1.0,0.0,0.0,0.0,0.9945008466118462,0.5,0.5,0.00549915338815374,319
dst_yager_fire_specificity_silence_sensitivity_tau_0_7,CWE-369,0.09999999999999999,0.007272727272727273,0.9997921462922734,0.9953099369809724,0.00020785370772659605,0.9927272727272728,0.013453928773318257,0.008909083693797374,0.025622252269379427,0.9951041968593767,0.5035324367825004,0.5035321218367498,0.006507115145316146,274
dst_yager_fire_specificity_silence_sensitivity_tau_0_7,CWE-400,0.0,0.0,0.9993906305750446,0.9900300167155119,0.0006093694249553033,1.0,0.0,0.0,-0.002409367499494533,0.9894327128703588,0.4996953152875223,0.4996953152875223,0.009963978487454754,578
dst_yager_fire_specificity_silence_sensitivity_tau_0_7,CWE-404,0.006355611601513242,0.001629334660693546,0.9950863548178004,0.9787797944637738,0.004913645182199554,0.9983706653393064,0.002593363175924175,0.0019139036399883152,-0.006964651123767272,0.9740728747359986,0.49835784473924705,0.49835777025611927,0.021159834490530098,1227
dst_yager_fire_specificity_silence_sensitivity_tau_0_7,CWE-476,0.08619273769482211,0.026730959446092977,0.9915846444995078,0.9715082000684875,0.008415355500492307,0.9732690405539071,0.040781210659642755,0.031002345378564437,0.03249567330269139,0.9635918569624273,0.5091578019728004,0.5091897001566832,0.03218342847005996,1683
dst_yager_fire_specificity_silence_sensitivity_tau_0_7,CWE-662,0.007956554144744133,0.020125786163522015,0.964991348263282,0.9860867784843798,0.035008651736717876,0.979874213836478,0.011402993046546631,0.015409216783829425,-0.009414931355967182,0.9520421945104867,0.492558567213402,0.49259165367930463,0.013927199116080124,795
dst_yager_fire_specificity_silence_sensitivity_tau_0_7,CWE-665,0.003976342129208371,0.021182266009852214,0.9871432052868128,0.9975900397052138,0.012856794713187198,0.9788177339901478,0.006691188229649768,0.011341194237918215,0.0036088682744639658,0.9847954933479631,0.5041627356483325,0.5042658088938226,0.011974596543333563,141
dst_yager_fire_specificity_silence_sensitivity_tau_0_7,CWE-668,0.060983705629935124,0.23021439344968755,0.914678983215668,0.9801374360543613,0.0853210167843321,0.7697856065503125,0.09641767254483694,0.14803165567194618,0.07718589188073548,0.8985845877791198,0.5724466883326778,0.5724195816464502,0.03225153461744069,1364
dst_yager_fire_specificity_silence_sensitivity_tau_0_7,CWE-704,0.008333333333333333,0.0022727272727272726,0.9981587615900155,0.9924182210881838,0.0018412384099844004,0.9977272727272727,0.0035714285714285718,0.0026595744680851068,0.000621053200890895,0.9906049291277752,0.5002157444313714,0.5002154484519558,0.007662495053145567,440
dst_yager_fire_specificity_silence_sensitivity_tau_0_7,CWE-705,0.0,0.0,0.9997229482002256,0.9954477299681528,0.0002770517997744532,1.0,0.0,0.0,-0.0010429020749816867,0.9951731861504081,0.4998614741001128,0.4998614741001128,0.004551018628271632,264
dst_yager_fire_specificity_silence_sensitivity_tau_0_7,CWE-706,0.02857142857142857,0.0012422360248447203,0.9995105337833092,0.9860986422304029,0.0004894662166907697,0.9987577639751553,0.0023809523809523807,0.0015360983102918582,0.003379872875747394,0.9856229369037072,0.500376384904077,0.500376384904077,0.014071870750288217,807
dst_yager_fire_specificity_silence_sensitivity_tau_0_7,CWE-74,0.3263334303954303,0.24842416657185118,0.9915542984302392,0.9876950101205939,0.00844570156976077,0.7515758334281488,0.282015172332767,0.26083882465254804,0.27447749904075414,0.979537548307451,0.6199892325010452,0.6200866962882327,0.10030701161249007,938
dst_yager_fire_specificity_silence_sensitivity_tau_0_7,CWE-754,0.011428571428571429,0.011764705882352941,0.9975450201618136,0.9971485392955743,0.0024549798381864702,0.9882352941176471,0.011594202898550723,0.011695906432748539,0.008954776025144263,0.9947077075304337,0.5046548630220833,0.5046635060644341,0.004151578969628734,167
dst_yager_fire_specificity_silence_sensitivity_tau_0_7,CWE-834,0.0641025641025641,0.008571428571428572,0.9993063548374537,0.993996485659552,0.000693645162546425,0.9914285714285714,0.01490171211160431,0.010322442063056398,0.0210572857859078,0.9933114588318018,0.5039388917044411,0.5039388917044411,0.007354394944693329,351
dst_yager_fire_specificity_silence_sensitivity_tau_0_8,CWE-118,0.23723786506547154,0.3771374586679263,0.7293354753828927,0.8399000498498255,0.2706645246171072,0.6228625413320736,0.291256004897286,0.3373469031830164,0.09062596205920201,0.6650691835130387,0.5532364670254095,0.5530721614222244,0.20467227151885634,10585
dst_yager_fire_specificity_silence_sensitivity_tau_0_8,CWE-190,0.07169117880319609,0.06686100805128593,0.9784465197205602,0.9768587041058356,0.02155348027943974,0.9331389919487141,0.06911134142327975,0.06772513663813143,0.046876162999872704,0.9563517134917323,0.5226537638859231,0.5226103506184963,0.03413767799378081,1406
dst_yager_fire_specificity_silence_sensitivity_tau_0_8,CWE-191,0.0,0.0,0.9980982167036794,0.99711567709116,0.0019017832963206017,1.0,0.0,0.0,-0.002333178479710505,0.9952248240837364,0.4990491083518397,0.4990491083518397,0.0028788602992581387,167
dst_yager_fire_specificity_silence_sensitivity_tau_0_8,CWE-20,0.03902732502605781,0.0654168629298163,0.9447962348544363,0.9671457222690728,0.05520376514556361,0.9345831370701838,0.048874562277957154,0.057609708600363255,0.00793931810461572,0.9155994513594916,0.5051065488921264,0.5051544800239254,0.03399440666635058,1926
dst_yager_fire_specificity_silence_sensitivity_tau_0_8,CWE-269,0.0,0.0,0.9992745710932196,0.9979816120025908,0.000725428906780469,1.0,0.0,0.0,-0.001193317412040144,0.9972591227565107,0.4996372855466098,0.4996372855466098,0.0020169190683466502,117
dst_yager_fire_specificity_silence_sensitivity_tau_0_8,CWE-285,0.0286828093306288,0.0318922305764411,0.9949936488455773,0.9952522536462712,0.005006351154422746,0.9681077694235588,0.030149602618045817,0.031156866345222505,0.025351051932397912,0.9902946333349758,0.5134429397110092,0.5134729849540318,0.007246490052893394,283
dst_yager_fire_specificity_silence_sensitivity_tau_0_8,CWE-287,0.0,0.0,1.0,0.9945008466118462,0.0,1.0,0.0,0.0,0.0,0.9945008466118462,0.5,0.5,0.00549915338815374,319
dst_yager_fire_specificity_silence_sensitivity_tau_0_8,CWE-369,0.09999999999999999,0.007272727272727273,0.9997921462922734,0.9953099369809724,0.00020785370772659605,0.9927272727272728,0.013453928773318257,0.008909083693797374,0.025622252269379427,0.9951041968593767,0.5035324367825004,0.5035321218367498,0.006507115145316146,274
dst_yager_fire_specificity_silence_sensitivity_tau_0_8,CWE-400,0.0,0.0,0.9993906305750446,0.9900300167155119,0.0006093694249553033,1.0,0.0,0.0,-0.002409367499494533,0.9894327128703588,0.4996953152875223,0.4996953152875223,0.009963978487454754,578
dst_yager_fire_specificity_silence_sensitivity_tau_0_8,CWE-404,0.006355611601513242,0.001629334660693546,0.9950863548178004,0.9787797944637738,0.004913645182199554,0.9983706653393064,0.002593363175924175,0.0019139036399883152,-0.006964651123767272,0.9740728747359986,0.49835784473924705,0.49835777025611927,0.021159834490530098,1227
dst_yager_fire_specificity_silence_sensitivity_tau_0_8,CWE-476,0.08619273769482211,0.026730959446092977,0.9915846444995078,0.9715082000684875,0.008415355500492307,0.9732690405539071,0.040781210659642755,0.031002345378564437,0.03249567330269139,0.9635918569624273,0.5091578019728004,0.5091897001566832,0.03218342847005996,1683
dst_yager_fire_specificity_silence_sensitivity_tau_0_8,CWE-662,0.007956554144744133,0.020125786163522015,0.964991348263282,0.9860867784843798,0.035008651736717876,0.979874213836478,0.011402993046546631,0.015409216783829425,-0.009414931355967182,0.9520421945104867,0.492558567213402,0.49259165367930463,0.013927199116080124,795
dst_yager_fire_specificity_silence_sensitivity_tau_0_8,CWE-665,0.003976342129208371,0.021182266009852214,0.9871432052868128,0.9975900397052138,0.012856794713187198,0.9788177339901478,0.006691188229649768,0.011341194237918215,0.0036088682744639658,0.9847954933479631,0.5041627356483325,0.5042658088938226,0.011974596543333563,141
dst_yager_fire_specificity_silence_sensitivity_tau_0_8,CWE-668,0.060983705629935124,0.23021439344968755,0.914678983215668,0.9801374360543613,0.0853210167843321,0.7697856065503125,0.09641767254483694,0.14803165567194618,0.07718589188073548,0.8985845877791198,0.5724466883326778,0.5724195816464502,0.03225153461744069,1364
dst_yager_fire_specificity_silence_sensitivity_tau_0_8,CWE-704,0.008333333333333333,0.0022727272727272726,0.9981587615900155,0.9924182210881838,0.0018412384099844004,0.9977272727272727,0.0035714285714285718,0.0026595744680851068,0.000621053200890895,0.9906049291277752,0.5002157444313714,0.5002154484519558,0.007662495053145567,440
dst_yager_fire_specificity_silence_sensitivity_tau_0_8,CWE-705,0.0,0.0,0.9997229482002256,0.9954477299681528,0.0002770517997744532,1.0,0.0,0.0,-0.0010429020749816867,0.9951731861504081,0.4998614741001128,0.4998614741001128,0.004551018628271632,264
dst_yager_fire_specificity_silence_sensitivity_tau_0_8,CWE-706,0.02857142857142857,0.0012422360248447203,0.9995105337833092,0.9860986422304029,0.0004894662166907697,0.9987577639751553,0.0023809523809523807,0.0015360983102918582,0.003379872875747394,0.9856229369037072,0.500376384904077,0.500376384904077,0.014071870750288217,807
dst_yager_fire_specificity_silence_sensitivity_tau_0_8,CWE-74,0.3263334303954303,0.24842416657185118,0.9915542984302392,0.9876950101205939,0.00844570156976077,0.7515758334281488,0.282015172332767,0.26083882465254804,0.27447749904075414,0.979537548307451,0.6199892325010452,0.6200866962882327,0.10030701161249007,938
dst_yager_fire_specificity_silence_sensitivity_tau_0_8,CWE-754,0.011428571428571429,0.011764705882352941,0.9975450201618136,0.9971485392955743,0.0024549798381864702,0.9882352941176471,0.011594202898550723,0.011695906432748539,0.008954776025144263,0.9947077075304337,0.5046548630220833,0.5046635060644341,0.004151578969628734,167
dst_yager_fire_specificity_silence_sensitivity_tau_0_8,CWE-834,0.0641025641025641,0.008571428571428572,0.9993063548374537,0.993996485659552,0.000693645162546425,0.9914285714285714,0.01490171211160431,0.010322442063056398,0.0210572857859078,0.9933114588318018,0.5039388917044411,0.5039388917044411,0.007354394944693329,351
dst_yager_fire_specificity_silence_sensitivity_tau_0_9,CWE-118,0.28550292100131525,0.02522437411431271,0.985892954053007,0.8192139495157782,0.014107045946993002,0.9747756258856872,0.04634340120491213,0.030847203726802764,0.034107257038413455,0.8105982003530448,0.5055586640836599,0.5530721614222244,0.20467227151885634,10585
dst_yager_fire_specificity_silence_sensitivity_tau_0_9,CWE-190,0.07169117880319609,0.06686100805128593,0.9784465197205602,0.9768587041058356,0.02155348027943974,0.9331389919487141,0.06911134142327975,0.06772513663813143,0.046876162999872704,0.9563517134917323,0.5226537638859231,0.5226103506184963,0.03413767799378081,1406
dst_yager_fire_specificity_silence_sensitivity_tau_0_9,CWE-191,0.0,0.0,0.9980982167036794,0.99711567709116,0.0019017832963206017,1.0,0.0,0.0,-0.002333178479710505,0.9952248240837364,0.4990491083518397,0.4990491083518397,0.0028788602992581387,167
dst_yager_fire_specificity_silence_sensitivity_tau_0_9,CWE-20,0.03902732502605781,0.0654168629298163,0.9447962348544363,0.9671457222690728,0.05520376514556361,0.9345831370701838,0.048874562277957154,0.057609708600363255,0.00793931810461572,0.9155994513594916,0.5051065488921264,0.5051544800239254,0.03399440666635058,1926
dst_yager_fire_specificity_silence_sensitivity_tau_0_9,CWE-269,0.0,0.0,0.9992745710932196,0.9979816120025908,0.000725428906780469,1.0,0.0,0.0,-0.001193317412040144,0.9972591227565107,0.4996372855466098,0.4996372855466098,0.0020169190683466502,117
dst_yager_fire_specificity_silence_sensitivity_tau_0_9,CWE-285,0.0286828093306288,0.0318922305764411,0.9949936488455773,0.9952522536462712,0.005006351154422746,0.9681077694235588,0.030149602618045817,0.031156866345222505,0.025351051932397912,0.9902946333349758,0.5134429397110092,0.5134729849540318,0.007246490052893394,283
dst_yager_fire_specificity_silence_sensitivity_tau_0_9,CWE-287,0.0,0.0,1.0,0.9945008466118462,0.0,1.0,0.0,0.0,0.0,0.9945008466118462,0.5,0.5,0.00549915338815374,319
dst_yager_fire_specificity_silence_sensitivity_tau_0_9,CWE-369,0.09999999999999999,0.007272727272727273,0.9997921462922734,0.9953099369809724,0.00020785370772659605,0.9927272727272728,0.013453928773318257,0.008909083693797374,0.025622252269379427,0.9951041968593767,0.5035324367825004,0.5035321218367498,0.006507115145316146,274
dst_yager_fire_specificity_silence_sensitivity_tau_0_9,CWE-400,0.0,0.0,0.9993906305750446,0.9900300167155119,0.0006093694249553033,1.0,0.0,0.0,-0.002409367499494533,0.9894327128703588,0.4996953152875223,0.4996953152875223,0.009963978487454754,578
dst_yager_fire_specificity_silence_sensitivity_tau_0_9,CWE-404,0.006355611601513242,0.001629334660693546,0.9950863548178004,0.9787797944637738,0.004913645182199554,0.9983706653393064,0.002593363175924175,0.0019139036399883152,-0.006964651123767272,0.9740728747359986,0.49835784473924705,0.49835777025611927,0.021159834490530098,1227
dst_yager_fire_specificity_silence_sensitivity_tau_0_9,CWE-476,0.08619273769482211,0.026730959446092977,0.9915846444995078,0.9715082000684875,0.008415355500492307,0.9732690405539071,0.040781210659642755,0.031002345378564437,0.03249567330269139,0.9635918569624273,0.5091578019728004,0.5091897001566832,0.03218342847005996,1683
dst_yager_fire_specificity_silence_sensitivity_tau_0_9,CWE-662,0.007956554144744133,0.020125786163522015,0.964991348263282,0.9860867784843798,0.035008651736717876,0.979874213836478,0.011402993046546631,0.015409216783829425,-0.009414931355967182,0.9520421945104867,0.492558567213402,0.49259165367930463,0.013927199116080124,795
dst_yager_fire_specificity_silence_sensitivity_tau_0_9,CWE-665,0.003976342129208371,0.021182266009852214,0.9871432052868128,0.9975900397052138,0.012856794713187198,0.9788177339901478,0.006691188229649768,0.011341194237918215,0.0036088682744639658,0.9847954933479631,0.5041627356483325,0.5042658088938226,0.011974596543333563,141
dst_yager_fire_specificity_silence_sensitivity_tau_0_9,CWE-668,0.060983705629935124,0.23021439344968755,0.914678983215668,0.9801374360543613,0.0853210167843321,0.7697856065503125,0.09641767254483694,0.14803165567194618,0.07718589188073548,0.8985845877791198,0.5724466883326778,0.5724195816464502,0.03225153461744069,1364
dst_yager_fire_specificity_silence_sensitivity_tau_0_9,CWE-704,0.008333333333333333,0.0022727272727272726,0.9981587615900155,0.9924182210881838,0.0018412384099844004,0.9977272727272727,0.0035714285714285718,0.0026595744680851068,0.000621053200890895,0.9906049291277752,0.5002157444313714,0.5002154484519558,0.007662495053145567,440
dst_yager_fire_specificity_silence_sensitivity_tau_0_9,CWE-705,0.0,0.0,0.9997229482002256,0.9954477299681528,0.0002770517997744532,1.0,0.0,0.0,-0.0010429020749816867,0.9951731861504081,0.4998614741001128,0.4998614741001128,0.004551018628271632,264
dst_yager_fire_specificity_silence_sensitivity_tau_0_9,CWE-706,0.02857142857142857,0.0012422360248447203,0.9995105337833092,0.9860986422304029,0.0004894662166907697,0.9987577639751553,0.0023809523809523807,0.0015360983102918582,0.003379872875747394,0.9856229369037072,0.500376384904077,0.500376384904077,0.014071870750288217,807
dst_yager_fire_specificity_silence_sensitivity_tau_0_9,CWE-74,0.3537695283554677,0.24842416657185118,0.9925355726334061,0.987707020671334,0.007464427366593794,0.7515758334281488,0.2918621661613784,0.26414663398146254,0.2868384663765553,0.9805029645624572,0.6204798696026288,0.6200866962882327,0.10030701161249007,938
dst_yager_fire_specificity_silence_sensitivity_tau_0_9,CWE-754,0.011428571428571429,0.011764705882352941,0.9975450201618136,0.9971485392955743,0.0024549798381864702,0.9882352941176471,0.011594202898550723,0.011695906432748539,0.008954776025144263,0.9947077075304337,0.5046548630220833,0.5046635060644341,0.004151578969628734,167
dst_yager_fire_specificity_silence_sensitivity_tau_0_9,CWE-834,0.0641025641025641,0.008571428571428572,0.9993063548374537,0.993996485659552,0.000693645162546425,0.9914285714285714,0.01490171211160431,0.010322442063056398,0.0210572857859078,0.9933114588318018,0.5039388917044411,0.5039388917044411,0.007354394944693329,351
naive_bayes_tau_0_1,CWE-118,0.18247170083080055,1.0,0.0,0.0,1.0,0.0,0.30862759538726325,0.5274093562743876,0.0,0.18247170083080055,0.5,0.5551629139513756,0.21080963576448436,10585
naive_bayes_tau_0_1,CWE-190,0.28312529255734126,0.02346735317129805,0.9984452700439658,0.976281810398502,0.0015547299560342202,0.976532646828702,0.04313418074173537,0.02869981820623522,0.07474777935991023,0.9748142332631694,0.510956311607632,0.5226048415231725,0.04037233744692959,1406
naive_bayes_tau_0_1,CWE-191,0.0,0.0,1.0,0.9971211397007419,0.0,1.0,0.0,0.0,0.0,0.9971211397007419,0.5,0.5002679328282602,0.00288039881990602,167
naive_bayes_tau_0_1,CWE-20,0.0,0.0,1.0,0.9667982514531991,0.0,1.0,0.0,0.0,0.0,0.9667982514531991,0.5,0.5045662329593312,0.03351150396550031,1926
naive_bayes_tau_0_1,CWE-269,0.0,0.0,1.0,0.9979830809316533,0.0,1.0,0.0,0.0,0.0,0.9979830809316533,0.5,0.5,0.0020169190683466502,117
naive_bayes_tau_0_1,CWE-285,0.0,0.0,1.0,0.9951214471489586,0.0,1.0,0.0,0.0,0.0,0.9951214471489586,0.5,0.5154915860700078,0.007520323344849455,283
naive_bayes_tau_0_1,CWE-287,0.0,0.0,1.0,0.9945008466118462,0.0,1.0,0.0,0.0,0.0,0.9945008466118462,0.5,0.5,0.00549915338815374,319
naive_bayes_tau_0_1,CWE-369,0.0,0.0,1.0,0.9952765883725819,0.0,1.0,0.0,0.0,0.0,0.9952765883725819,0.5,0.49993937443651515,0.004723411627418168,274
naive_bayes_tau_0_1,CWE-400,0.0,0.0,1.0,0.9900360215125452,0.0,1.0,0.0,0.0,0.0,0.9900360215125452,0.5,0.5,0.009963978487454754,578
naive_bayes_tau_0_1,CWE-404,0.0,0.0,1.0,0.9788480981824212,0.0,1.0,0.0,0.0,0.0,0.9788480981824212,0.5,0.5014766688646685,0.021213272160403564,1227
naive_bayes_tau_0_1,CWE-476,0.18773633773633774,0.013066977532852903,0.9983133676690936,0.9713086592553164,0.0016866323309063021,0.9869330224671472,0.02441222725332306,0.016050533153686434,0.042466945484478866,0.9697288254949468,0.5056901726009733,0.5091897001566832,0.03218342847005996,1683
naive_bayes_tau_0_1,CWE-662,0.0,0.0,1.0,0.9862952288936716,0.0,1.0,0.0,0.0,0.0,0.9862952288936716,0.5,0.5067401267075416,0.013900057352267691,795
naive_bayes_tau_0_1,CWE-665,0.0,0.0,1.0,0.9975693338621582,0.0,1.0,0.0,0.0,0.0,0.9975693338621582,0.5,0.49422634884482425,0.0024699785008388416,141
naive_bayes_tau_0_1,CWE-668,0.0,0.0,1.0,0.9764864049981922,0.0,1.0,0.0,0.0,0.0,0.9764864049981922,0.5,0.5724466883326778,0.032185634378264175,1364
naive_bayes_tau_0_1,CWE-704,0.0,0.0,1.0,0.9924149694505855,0.0,1.0,0.0,0.0,0.0,0.9924149694505855,0.5,0.49842927603870946,0.007570680652357281,440
naive_bayes_tau_0_1,CWE-705,0.0,0.0,1.0,0.9954489813717284,0.0,1.0,0.0,0.0,0.0,0.9954489813717284,0.5,0.5,0.004551018628271632,264
naive_bayes_tau_0_1,CWE-706,0.0,0.0,1.0,0.9860883590730094,0.0,1.0,0.0,0.0,0.0,0.9860883590730094,0.5,0.4998251771077748,0.013911640926990567,807
naive_bayes_tau_0_1,CWE-74,0.3537695283554677,0.24842416657185118,0.9925355726334061,0.987707020671334,0.007464427366593794,0.7515758334281488,0.2918621661613784,0.26414663398146254,0.2868384663765553,0.9805029645624572,0.6204798696026288,0.6207461699240121,0.10131494637027658,938
naive_bayes_tau_0_1,CWE-754,0.0,0.0,1.0,0.9971211397007419,0.0,1.0,0.0,0.0,0.0,0.9971211397007419,0.5,0.4944720372041598,0.0028509069999639236,167
naive_bayes_tau_0_1,CWE-834,0.0,0.0,1.0,0.9939492056453924,0.0,1.0,0.0,0.0,0.0,0.9939492056453924,0.5,0.5039388917044411,0.007354394944693329,351
naive_bayes_tau_0_2,CWE-118,0.23724042410886978,0.37685403873405765,0.7295463568674985,0.8398780147190822,0.2704536431325016,0.6231459612659423,0.29117416198054374,0.337167266251467,0.0905836919152004,0.6651898627648274,0.553200197800778,0.5551629139513756,0.21080963576448436,10585
naive_bayes_tau_0_2,CWE-190,0.3446824381926684,0.022755609399056055,0.9989576438829845,0.9762768559746803,0.0010423561170155215,0.9772443906009439,0.04263123516780405,0.02797155989895695,0.08322782904772225,0.9752969458893584,0.5108566266410203,0.5226048415231725,0.04037233744692959,1406
naive_bayes_tau_0_2,CWE-191,0.0,0.0,1.0,0.9971211397007419,0.0,1.0,0.0,0.0,0.0,0.9971211397007419,0.5,0.5002679328282602,0.00288039881990602,167
naive_bayes_tau_0_2,CWE-20,0.0,0.0,1.0,0.9667982514531991,0.0,1.0,0.0,0.0,0.0,0.9667982514531991,0.5,0.5045662329593312,0.03351150396550031,1926
naive_bayes_tau_0_2,CWE-269,0.0,0.0,1.0,0.9979830809316533,0.0,1.0,0.0,0.0,0.0,0.9979830809316533,0.5,0.5,0.0020169190683466502,117
naive_bayes_tau_0_2,CWE-285,0.0,0.0,1.0,0.9951214471489586,0.0,1.0,0.0,0.0,0.0,0.9951214471489586,0.5,0.5154915860700078,0.007520323344849455,283
naive_bayes_tau_0_2,CWE-287,0.0,0.0,1.0,0.9945008466118462,0.0,1.0,0.0,0.0,0.0,0.9945008466118462,0.5,0.5,0.00549915338815374,319
naive_bayes_tau_0_2,CWE-369,0.0,0.0,1.0,0.9952765883725819,0.0,1.0,0.0,0.0,0.0,0.9952765883725819,0.5,0.49993937443651515,0.004723411627418168,274
naive_bayes_tau_0_2,CWE-400,0.0,0.0,1.0,0.9900360215125452,0.0,1.0,0.0,0.0,0.0,0.9900360215125452,0.5,0.5,0.009963978487454754,578
naive_bayes_tau_0_2,CWE-404,0.0,0.0,1.0,0.9788480981824212,0.0,1.0,0.0,0.0,0.0,0.9788480981824212,0.5,0.5014766688646685,0.021213272160403564,1227
naive_bayes_tau_0_2,CWE-476,0.0,0.0,1.0,0.97098725309598,0.0,1.0,0.0,0.0,0.0,0.97098725309598,0.5,0.5091897001566832,0.03218342847005996,1683
naive_bayes_tau_0_2,CWE-662,0.0,0.0,1.0,0.9862952288936716,0.0,1.0,0.0,0.0,0.0,0.9862952288936716,0.5,0.5067401267075416,0.013900057352267691,795
naive_bayes_tau_0_2,CWE-665,0.0,0.0,1.0,0.9975693338621582,0.0,1.0,0.0,0.0,0.0,0.9975693338621582,0.5,0.49422634884482425,0.0024699785008388416,141
naive_bayes_tau_0_2,CWE-668,0.0,0.0,1.0,0.9764864049981922,0.0,1.0,0.0,0.0,0.0,0.9764864049981922,0.5,0.5724466883326778,0.032185634378264175,1364
naive_bayes_tau_0_2,CWE-704,0.0,0.0,1.0,0.9924149694505855,0.0,1.0,0.0,0.0,0.0,0.9924149694505855,0.5,0.49842927603870946,0.007570680652357281,440
naive_bayes_tau_0_2,CWE-705,0.0,0.0,1.0,0.9954489813717284,0.0,1.0,0.0,0.0,0.0,0.9954489813717284,0.5,0.5,0.004551018628271632,264
naive_bayes_tau_0_2,CWE-706,0.0,0.0,1.0,0.9860883590730094,0.0,1.0,0.0,0.0,0.0,0.9860883590730094,0.5,0.4998251771077748,0.013911640926990567,807
naive_bayes_tau_0_2,CWE-74,0.3537695283554677,0.24842416657185118,0.9925355726334061,0.987707020671334,0.007464427366593794,0.7515758334281488,0.2918621661613784,0.26414663398146254,0.2868384663765553,0.9805029645624572,0.6204798696026288,0.6207461699240121,0.10131494637027658,938
naive_bayes_tau_0_2,CWE-754,0.0,0.0,1.0,0.9971211397007419,0.0,1.0,0.0,0.0,0.0,0.9971211397007419,0.5,0.4944720372041598,0.0028509069999639236,167
naive_bayes_tau_0_2,CWE-834,0.0,0.0,1.0,0.9939492056453924,0.0,1.0,0.0,0.0,0.0,0.9939492056453924,0.5,0.5039388917044411,0.007354394944693329,351
naive_bayes_tau_0_3,CWE-118,0.35720654058666,0.02947567312234294,0.9878534316751637,0.8201545775816129,0.012146568324836328,0.970524326877657,0.054238156960727216,0.03605876256999069,0.055063988927368815,0.8129769327944295,0.5086645523987533,0.5551629139513756,0.21080963576448436,10585
naive_bayes_tau_0_3,CWE-190,0.37166860916860917,0.022043865626814062,0.9990989741737417,0.9762632872925728,0.00090102582625826,0.977956134373186,0.041526759478668955,0.027135738128284976,0.08532518181400718,0.9754176147539033,0.5105714199002779,0.5226048415231725,0.04037233744692959,1406
naive_bayes_tau_0_3,CWE-191,0.0,0.0,1.0,0.9971211397007419,0.0,1.0,0.0,0.0,0.0,0.9971211397007419,0.5,0.5002679328282602,0.00288039881990602,167
naive_bayes_tau_0_3,CWE-20,0.0,0.0,1.0,0.9667982514531991,0.0,1.0,0.0,0.0,0.0,0.9667982514531991,0.5,0.5045662329593312,0.03351150396550031,1926
naive_bayes_tau_0_3,CWE-269,0.0,0.0,1.0,0.9979830809316533,0.0,1.0,0.0,0.0,0.0,0.9979830809316533,0.5,0.5,0.0020169190683466502,117
naive_bayes_tau_0_3,CWE-285,0.0,0.0,1.0,0.9951214471489586,0.0,1.0,0.0,0.0,0.0,0.9951214471489586,0.5,0.5154915860700078,0.007520323344849455,283
naive_bayes_tau_0_3,CWE-287,0.0,0.0,1.0,0.9945008466118462,0.0,1.0,0.0,0.0,0.0,0.9945008466118462,0.5,0.5,0.00549915338815374,319
naive_bayes_tau_0_3,CWE-369,0.0,0.0,1.0,0.9952765883725819,0.0,1.0,0.0,0.0,0.0,0.9952765883725819,0.5,0.49993937443651515,0.004723411627418168,274
naive_bayes_tau_0_3,CWE-400,0.0,0.0,1.0,0.9900360215125452,0.0,1.0,0.0,0.0,0.0,0.9900360215125452,0.5,0.5,0.009963978487454754,578
naive_bayes_tau_0_3,CWE-404,0.0,0.0,1.0,0.9788480981824212,0.0,1.0,0.0,0.0,0.0,0.9788480981824212,0.5,0.5014766688646685,0.021213272160403564,1227
naive_bayes_tau_0_3,CWE-476,0.0,0.0,1.0,0.97098725309598,0.0,1.0,0.0,0.0,0.0,0.97098725309598,0.5,0.5091897001566832,0.03218342847005996,1683
naive_bayes_tau_0_3,CWE-662,0.0,0.0,1.0,0.9862952288936716,0.0,1.0,0.0,0.0,0.0,0.9862952288936716,0.5,0.5067401267075416,0.013900057352267691,795
naive_bayes_tau_0_3,CWE-665,0.0,0.0,1.0,0.9975693338621582,0.0,1.0,0.0,0.0,0.0,0.9975693338621582,0.5,0.49422634884482425,0.0024699785008388416,141
naive_bayes_tau_0_3,CWE-668,0.0,0.0,1.0,0.9764864049981922,0.0,1.0,0.0,0.0,0.0,0.9764864049981922,0.5,0.5724466883326778,0.032185634378264175,1364
naive_bayes_tau_0_3,CWE-704,0.0,0.0,1.0,0.9924149694505855,0.0,1.0,0.0,0.0,0.0,0.9924149694505855,0.5,0.49842927603870946,0.007570680652357281,440
naive_bayes_tau_0_3,CWE-705,0.0,0.0,1.0,0.9954489813717284,0.0,1.0,0.0,0.0,0.0,0.9954489813717284,0.5,0.5,0.004551018628271632,264
naive_bayes_tau_0_3,CWE-706,0.0,0.0,1.0,0.9860883590730094,0.0,1.0,0.0,0.0,0.0,0.9860883590730094,0.5,0.4998251771077748,0.013911640926990567,807
naive_bayes_tau_0_3,CWE-74,0.35436007953657006,0.24842416657185118,0.9925530919046045,0.9877072332595122,0.007446908095395476,0.7515758334281488,0.29205505344287325,0.2642086879684312,0.2870929714395162,0.9805201999985137,0.6204886292382279,0.6207461699240121,0.10131494637027658,938
naive_bayes_tau_0_3,CWE-754,0.0,0.0,1.0,0.9971211397007419,0.0,1.0,0.0,0.0,0.0,0.9971211397007419,0.5,0.4944720372041598,0.0028509069999639236,167
naive_bayes_tau_0_3,CWE-834,0.0,0.0,1.0,0.9939492056453924,0.0,1.0,0.0,0.0,0.0,0.9939492056453924,0.5,0.5039388917044411,0.007354394944693329,351
naive_bayes_tau_0_4,CWE-118,0.4026697636992382,0.02305148795465281,0.9922823548106473,0.8198401847831598,0.0077176451893526425,0.9769485120453473,0.04356530020819996,0.028400472597434022,0.058283002194726076,0.8154251449462899,0.50766692138265,0.5551629139513756,0.21080963576448436,10585
naive_bayes_tau_0_4,CWE-190,1.0,0.007826657580575958,1.0,0.9759474400224992,0.0,0.992173342419424,0.015507923616177682,0.009760431498307595,0.0847986851270146,0.9759519920342431,0.5039133287902879,0.5226048415231725,0.04037233744692959,1406
naive_bayes_tau_0_4,CWE-191,0.0,0.0,1.0,0.9971211397007419,0.0,1.0,0.0,0.0,0.0,0.9971211397007419,0.5,0.5002679328282602,0.00288039881990602,167
naive_bayes_tau_0_4,CWE-20,0.0,0.0,1.0,0.9667982514531991,0.0,1.0,0.0,0.0,0.0,0.9667982514531991,0.5,0.5045662329593312,0.03351150396550031,1926
naive_bayes_tau_0_4,CWE-269,0.0,0.0,1.0,0.9979830809316533,0.0,1.0,0.0,0.0,0.0,0.9979830809316533,0.5,0.5,0.0020169190683466502,117
naive_bayes_tau_0_4,CWE-285,0.0,0.0,1.0,0.9951214471489586,0.0,1.0,0.0,0.0,0.0,0.9951214471489586,0.5,0.5154915860700078,0.007520323344849455,283
naive_bayes_tau_0_4,CWE-287,0.0,0.0,1.0,0.9945008466118462,0.0,1.0,0.0,0.0,0.0,0.9945008466118462,0.5,0.5,0.00549915338815374,319
naive_bayes_tau_0_4,CWE-369,0.0,0.0,1.0,0.9952765883725819,0.0,1.0,0.0,0.0,0.0,0.9952765883725819,0.5,0.49993937443651515,0.004723411627418168,274
naive_bayes_tau_0_4,CWE-400,0.0,0.0,1.0,0.9900360215125452,0.0,1.0,0.0,0.0,0.0,0.9900360215125452,0.5,0.5,0.009963978487454754,578
naive_bayes_tau_0_4,CWE-404,0.0,0.0,1.0,0.9788480981824212,0.0,1.0,0.0,0.0,0.0,0.9788480981824212,0.5,0.5014766688646685,0.021213272160403564,1227
naive_bayes_tau_0_4,CWE-476,0.0,0.0,1.0,0.97098725309598,0.0,1.0,0.0,0.0,0.0,0.97098725309598,0.5,0.5091897001566832,0.03218342847005996,1683
naive_bayes_tau_0_4,CWE-662,0.0,0.0,1.0,0.9862952288936716,0.0,1.0,0.0,0.0,0.0,0.9862952288936716,0.5,0.5067401267075416,0.013900057352267691,795
naive_bayes_tau_0_4,CWE-665,0.0,0.0,1.0,0.9975693338621582,0.0,1.0,0.0,0.0,0.0,0.9975693338621582,0.5,0.49422634884482425,0.0024699785008388416,141
naive_bayes_tau_0_4,CWE-668,0.0,0.0,1.0,0.9764864049981922,0.0,1.0,0.0,0.0,0.0,0.9764864049981922,0.5,0.5724466883326778,0.032185634378264175,1364
naive_bayes_tau_0_4,CWE-704,0.0,0.0,1.0,0.9924149694505855,0.0,1.0,0.0,0.0,0.0,0.9924149694505855,0.5,0.49842927603870946,0.007570680652357281,440
naive_bayes_tau_0_4,CWE-705,0.0,0.0,1.0,0.9954489813717284,0.0,1.0,0.0,0.0,0.0,0.9954489813717284,0.5,0.5,0.004551018628271632,264
naive_bayes_tau_0_4,CWE-706,0.0,0.0,1.0,0.9860883590730094,0.0,1.0,0.0,0.0,0.0,0.9860883590730094,0.5,0.4998251771077748,0.013911640926990567,807
naive_bayes_tau_0_4,CWE-74,0.0,0.0,1.0,0.9838300948538075,0.0,1.0,0.0,0.0,0.0,0.9838300948538075,0.5,0.6207461699240121,0.10131494637027658,938
naive_bayes_tau_0_4,CWE-754,0.0,0.0,1.0,0.9971211397007419,0.0,1.0,0.0,0.0,0.0,0.9971211397007419,0.5,0.4944720372041598,0.0028509069999639236,167
naive_bayes_tau_0_4,CWE-834,0.0,0.0,1.0,0.9939492056453924,0.0,1.0,0.0,0.0,0.0,0.9939492056453924,0.5,0.5039388917044411,0.007354394944693329,351
naive_bayes_tau_0_5,CWE-118,0.4081696394874358,0.010203117619272556,0.996605023363222,0.8185486481041689,0.00339497663677795,0.9897968823807275,0.01989076043238039,0.012671738906184282,0.039108389278178904,0.8166145609902312,0.5034040704912472,0.5551629139513756,0.21080963576448436,10585
naive_bayes_tau_0_5,CWE-190,1.0,0.007826657580575958,1.0,0.9759474400224992,0.0,0.992173342419424,0.015507923616177682,0.009760431498307595,0.0847986851270146,0.9759519920342431,0.5039133287902879,0.5226048415231725,0.04037233744692959,1406
naive_bayes_tau_0_5,CWE-191,0.0,0.0,1.0,0.9971211397007419,0.0,1.0,0.0,0.0,0.0,0.9971211397007419,0.5,0.5002679328282602,0.00288039881990602,167
naive_bayes_tau_0_5,CWE-20,0.0,0.0,1.0,0.9667982514531991,0.0,1.0,0.0,0.0,0.0,0.9667982514531991,0.5,0.5045662329593312,0.03351150396550031,1926
naive_bayes_tau_0_5,CWE-269,0.0,0.0,1.0,0.9979830809316533,0.0,1.0,0.0,0.0,0.0,0.9979830809316533,0.5,0.5,0.0020169190683466502,117
naive_bayes_tau_0_5,CWE-285,0.0,0.0,1.0,0.9951214471489586,0.0,1.0,0.0,0.0,0.0,0.9951214471489586,0.5,0.5154915860700078,0.007520323344849455,283
naive_bayes_tau_0_5,CWE-287,0.0,0.0,1.0,0.9945008466118462,0.0,1.0,0.0,0.0,0.0,0.9945008466118462,0.5,0.5,0.00549915338815374,319
naive_bayes_tau_0_5,CWE-369,0.0,0.0,1.0,0.9952765883725819,0.0,1.0,0.0,0.0,0.0,0.9952765883725819,0.5,0.49993937443651515,0.004723411627418168,274
naive_bayes_tau_0_5,CWE-400,0.0,0.0,1.0,0.9900360215125452,0.0,1.0,0.0,0.0,0.0,0.9900360215125452,0.5,0.5,0.009963978487454754,578
naive_bayes_tau_0_5,CWE-404,0.0,0.0,1.0,0.9788480981824212,0.0,1.0,0.0,0.0,0.0,0.9788480981824212,0.5,0.5014766688646685,0.021213272160403564,1227
naive_bayes_tau_0_5,CWE-476,0.0,0.0,1.0,0.97098725309598,0.0,1.0,0.0,0.0,0.0,0.97098725309598,0.5,0.5091897001566832,0.03218342847005996,1683
naive_bayes_tau_0_5,CWE-662,0.0,0.0,1.0,0.9862952288936716,0.0,1.0,0.0,0.0,0.0,0.9862952288936716,0.5,0.5067401267075416,0.013900057352267691,795
naive_bayes_tau_0_5,CWE-665,0.0,0.0,1.0,0.9975693338621582,0.0,1.0,0.0,0.0,0.0,0.9975693338621582,0.5,0.49422634884482425,0.0024699785008388416,141
naive_bayes_tau_0_5,CWE-668,0.0,0.0,1.0,0.9764864049981922,0.0,1.0,0.0,0.0,0.0,0.9764864049981922,0.5,0.5724466883326778,0.032185634378264175,1364
naive_bayes_tau_0_5,CWE-704,0.0,0.0,1.0,0.9924149694505855,0.0,1.0,0.0,0.0,0.0,0.9924149694505855,0.5,0.49842927603870946,0.007570680652357281,440
naive_bayes_tau_0_5,CWE-705,0.0,0.0,1.0,0.9954489813717284,0.0,1.0,0.0,0.0,0.0,0.9954489813717284,0.5,0.5,0.004551018628271632,264
naive_bayes_tau_0_5,CWE-706,0.0,0.0,1.0,0.9860883590730094,0.0,1.0,0.0,0.0,0.0,0.9860883590730094,0.5,0.4998251771077748,0.013911640926990567,807
naive_bayes_tau_0_5,CWE-74,0.0,0.0,1.0,0.9838300948538075,0.0,1.0,0.0,0.0,0.0,0.9838300948538075,0.5,0.6207461699240121,0.10131494637027658,938
naive_bayes_tau_0_5,CWE-754,0.0,0.0,1.0,0.9971211397007419,0.0,1.0,0.0,0.0,0.0,0.9971211397007419,0.5,0.4944720372041598,0.0028509069999639236,167
naive_bayes_tau_0_5,CWE-834,0.0,0.0,1.0,0.9939492056453924,0.0,1.0,0.0,0.0,0.0,0.9939492056453924,0.5,0.5039388917044411,0.007354394944693329,351
naive_bayes_tau_0_6,CWE-118,0.5018026538678713,0.006613131790269249,0.9980388152905888,0.8182242317984183,0.0019611847094112354,0.9933868682097307,0.013010707270892222,0.008232256820713565,0.03729949437977727,0.8171317593133629,0.502325973540429,0.5551629139513756,0.21080963576448436,10585
naive_bayes_tau_0_6,CWE-190,0.4,0.0014234875444839856,1.0,0.9757960114794584,0.0,0.9985765124555159,0.0028368794326241132,0.0017777777777777779,0.023572313440036786,0.9757968433916702,0.500711743772242,0.5226048415231725,0.04037233744692959,1406
naive_bayes_tau_0_6,CWE-191,0.0,0.0,1.0,0.9971211397007419,0.0,1.0,0.0,0.0,0.0,0.9971211397007419,0.5,0.5002679328282602,0.00288039881990602,167
naive_bayes_tau_0_6,CWE-20,0.0,0.0,1.0,0.9667982514531991,0.0,1.0,0.0,0.0,0.0,0.9667982514531991,0.5,0.5045662329593312,0.03351150396550031,1926
naive_bayes_tau_0_6,CWE-269,0.0,0.0,1.0,0.9979830809316533,0.0,1.0,0.0,0.0,0.0,0.9979830809316533,0.5,0.5,0.0020169190683466502,117
naive_bayes_tau_0_6,CWE-285,0.0,0.0,1.0,0.9951214471489586,0.0,1.0,0.0,0.0,0.0,0.9951214471489586,0.5,0.5154915860700078,0.007520323344849455,283
naive_bayes_tau_0_6,CWE-287,0.0,0.0,1.0,0.9945008466118462,0.0,1.0,0.0,0.0,0.0,0.9945008466118462,0.5,0.5,0.00549915338815374,319
naive_bayes_tau_0_6,CWE-369,0.0,0.0,1.0,0.9952765883725819,0.0,1.0,0.0,0.0,0.0,0.9952765883725819,0.5,0.49993937443651515,0.004723411627418168,274
naive_bayes_tau_0_6,CWE-400,0.0,0.0,1.0,0.9900360215125452,0.0,1.0,0.0,0.0,0.0,0.9900360215125452,0.5,0.5,0.009963978487454754,578
naive_bayes_tau_0_6,CWE-404,0.0,0.0,1.0,0.9788480981824212,0.0,1.0,0.0,0.0,0.0,0.9788480981824212,0.5,0.5014766688646685,0.021213272160403564,1227
naive_bayes_tau_0_6,CWE-476,0.0,0.0,1.0,0.97098725309598,0.0,1.0,0.0,0.0,0.0,0.97098725309598,0.5,0.5091897001566832,0.03218342847005996,1683
naive_bayes_tau_0_6,CWE-662,0.0,0.0,1.0,0.9862952288936716,0.0,1.0,0.0,0.0,0.0,0.9862952288936716,0.5,0.5067401267075416,0.013900057352267691,795
naive_bayes_tau_0_6,CWE-665,0.0,0.0,1.0,0.9975693338621582,0.0,1.0,0.0,0.0,0.0,0.9975693338621582,0.5,0.49422634884482425,0.0024699785008388416,141
naive_bayes_tau_0_6,CWE-668,0.0,0.0,1.0,0.9764864049981922,0.0,1.0,0.0,0.0,0.0,0.9764864049981922,0.5,0.5724466883326778,0.032185634378264175,1364
naive_bayes_tau_0_6,CWE-704,0.0,0.0,1.0,0.9924149694505855,0.0,1.0,0.0,0.0,0.0,0.9924149694505855,0.5,0.49842927603870946,0.007570680652357281,440
naive_bayes_tau_0_6,CWE-705,0.0,0.0,1.0,0.9954489813717284,0.0,1.0,0.0,0.0,0.0,0.9954489813717284,0.5,0.5,0.004551018628271632,264
naive_bayes_tau_0_6,CWE-706,0.0,0.0,1.0,0.9860883590730094,0.0,1.0,0.0,0.0,0.0,0.9860883590730094,0.5,0.4998251771077748,0.013911640926990567,807
naive_bayes_tau_0_6,CWE-74,0.0,0.0,1.0,0.9838300948538075,0.0,1.0,0.0,0.0,0.0,0.9838300948538075,0.5,0.6207461699240121,0.10131494637027658,938
naive_bayes_tau_0_6,CWE-754,0.0,0.0,1.0,0.9971211397007419,0.0,1.0,0.0,0.0,0.0,0.9971211397007419,0.5,0.4944720372041598,0.0028509069999639236,167
naive_bayes_tau_0_6,CWE-834,0.0,0.0,1.0,0.9939492056453924,0.0,1.0,0.0,0.0,0.0,0.9939492056453924,0.5,0.5039388917044411,0.007354394944693329,351
naive_bayes_tau_0_7,CWE-118,0.5977596397410638,0.0049126121870571565,0.9992408821562482,0.818148859938003,0.0007591178437518145,0.9950873878129428,0.00974328273035482,0.006127879326629717,0.041444388278665825,0.8178041330360186,0.5020767471716526,0.5551629139513756,0.21080963576448436,10585
naive_bayes_tau_0_7,CWE-190,0.0,0.0,1.0,0.9757623710325916,0.0,1.0,0.0,0.0,0.0,0.9757623710325916,0.5,0.5226048415231725,0.04037233744692959,1406
naive_bayes_tau_0_7,CWE-191,0.0,0.0,1.0,0.9971211397007419,0.0,1.0,0.0,0.0,0.0,0.9971211397007419,0.5,0.5002679328282602,0.00288039881990602,167
naive_bayes_tau_0_7,CWE-20,0.0,0.0,1.0,0.9667982514531991,0.0,1.0,0.0,0.0,0.0,0.9667982514531991,0.5,0.5045662329593312,0.03351150396550031,1926
naive_bayes_tau_0_7,CWE-269,0.0,0.0,1.0,0.9979830809316533,0.0,1.0,0.0,0.0,0.0,0.9979830809316533,0.5,0.5,0.0020169190683466502,117
naive_bayes_tau_0_7,CWE-285,0.0,0.0,1.0,0.9951214471489586,0.0,1.0,0.0,0.0,0.0,0.9951214471489586,0.5,0.5154915860700078,0.007520323344849455,283
naive_bayes_tau_0_7,CWE-287,0.0,0.0,1.0,0.9945008466118462,0.0,1.0,0.0,0.0,0.0,0.9945008466118462,0.5,0.5,0.00549915338815374,319
naive_bayes_tau_0_7,CWE-369,0.0,0.0,1.0,0.9952765883725819,0.0,1.0,0.0,0.0,0.0,0.9952765883725819,0.5,0.49993937443651515,0.004723411627418168,274
naive_bayes_tau_0_7,CWE-400,0.0,0.0,1.0,0.9900360215125452,0.0,1.0,0.0,0.0,0.0,0.9900360215125452,0.5,0.5,0.009963978487454754,578
naive_bayes_tau_0_7,CWE-404,0.0,0.0,1.0,0.9788480981824212,0.0,1.0,0.0,0.0,0.0,0.9788480981824212,0.5,0.5014766688646685,0.021213272160403564,1227
naive_bayes_tau_0_7,CWE-476,0.0,0.0,1.0,0.97098725309598,0.0,1.0,0.0,0.0,0.0,0.97098725309598,0.5,0.5091897001566832,0.03218342847005996,1683
naive_bayes_tau_0_7,CWE-662,0.0,0.0,1.0,0.9862952288936716,0.0,1.0,0.0,0.0,0.0,0.9862952288936716,0.5,0.5067401267075416,0.013900057352267691,795
naive_bayes_tau_0_7,CWE-665,0.0,0.0,1.0,0.9975693338621582,0.0,1.0,0.0,0.0,0.0,0.9975693338621582,0.5,0.49422634884482425,0.0024699785008388416,141
naive_bayes_tau_0_7,CWE-668,0.0,0.0,1.0,0.9764864049981922,0.0,1.0,0.0,0.0,0.0,0.9764864049981922,0.5,0.5724466883326778,0.032185634378264175,1364
naive_bayes_tau_0_7,CWE-704,0.0,0.0,1.0,0.9924149694505855,0.0,1.0,0.0,0.0,0.0,0.9924149694505855,0.5,0.49842927603870946,0.007570680652357281,440
naive_bayes_tau_0_7,CWE-705,0.0,0.0,1.0,0.9954489813717284,0.0,1.0,0.0,0.0,0.0,0.9954489813717284,0.5,0.5,0.004551018628271632,264
naive_bayes_tau_0_7,CWE-706,0.0,0.0,1.0,0.9860883590730094,0.0,1.0,0.0,0.0,0.0,0.9860883590730094,0.5,0.4998251771077748,0.013911640926990567,807
naive_bayes_tau_0_7,CWE-74,0.0,0.0,1.0,0.9838300948538075,0.0,1.0,0.0,0.0,0.0,0.9838300948538075,0.5,0.6207461699240121,0.10131494637027658,938
naive_bayes_tau_0_7,CWE-754,0.0,0.0,1.0,0.9971211397007419,0.0,1.0,0.0,0.0,0.0,0.9971211397007419,0.5,0.4944720372041598,0.0028509069999639236,167
naive_bayes_tau_0_7,CWE-834,0.0,0.0,1.0,0.9939492056453924,0.0,1.0,0.0,0.0,0.0,0.9939492056453924,0.5,0.5039388917044411,0.007354394944693329,351
naive_bayes_tau_0_8,CWE-118,0.86,0.0015115729806329712,0.9999367444464745,0.8177444370248864,6.325555352542128e-05,0.9984884270193671,0.003017001573542021,0.0018885045250293948,0.030705553106648464,0.8177524103689157,0.5007241587135538,0.5551629139513756,0.21080963576448436,10585
naive_bayes_tau_0_8,CWE-190,0.0,0.0,1.0,0.9757623710325916,0.0,1.0,0.0,0.0,0.0,0.9757623710325916,0.5,0.5226048415231725,0.04037233744692959,1406
naive_bayes_tau_0_8,CWE-191,0.0,0.0,1.0,0.9971211397007419,0.0,1.0,0.0,0.0,0.0,0.9971211397007419,0.5,0.5002679328282602,0.00288039881990602,167
naive_bayes_tau_0_8,CWE-20,0.0,0.0,1.0,0.9667982514531991,0.0,1.0,0.0,0.0,0.0,0.9667982514531991,0.5,0.5045662329593312,0.03351150396550031,1926
naive_bayes_tau_0_8,CWE-269,0.0,0.0,1.0,0.9979830809316533,0.0,1.0,0.0,0.0,0.0,0.9979830809316533,0.5,0.5,0.0020169190683466502,117
naive_bayes_tau_0_8,CWE-285,0.0,0.0,1.0,0.9951214471489586,0.0,1.0,0.0,0.0,0.0,0.9951214471489586,0.5,0.5154915860700078,0.007520323344849455,283
naive_bayes_tau_0_8,CWE-287,0.0,0.0,1.0,0.9945008466118462,0.0,1.0,0.0,0.0,0.0,0.9945008466118462,0.5,0.5,0.00549915338815374,319
naive_bayes_tau_0_8,CWE-369,0.0,0.0,1.0,0.9952765883725819,0.0,1.0,0.0,0.0,0.0,0.9952765883725819,0.5,0.49993937443651515,0.004723411627418168,274
naive_bayes_tau_0_8,CWE-400,0.0,0.0,1.0,0.9900360215125452,0.0,1.0,0.0,0.0,0.0,0.9900360215125452,0.5,0.5,0.009963978487454754,578
naive_bayes_tau_0_8,CWE-404,0.0,0.0,1.0,0.9788480981824212,0.0,1.0,0.0,0.0,0.0,0.9788480981824212,0.5,0.5014766688646685,0.021213272160403564,1227
naive_bayes_tau_0_8,CWE-476,0.0,0.0,1.0,0.97098725309598,0.0,1.0,0.0,0.0,0.0,0.97098725309598,0.5,0.5091897001566832,0.03218342847005996,1683
naive_bayes_tau_0_8,CWE-662,0.0,0.0,1.0,0.9862952288936716,0.0,1.0,0.0,0.0,0.0,0.9862952288936716,0.5,0.5067401267075416,0.013900057352267691,795
naive_bayes_tau_0_8,CWE-665,0.0,0.0,1.0,0.9975693338621582,0.0,1.0,0.0,0.0,0.0,0.9975693338621582,0.5,0.49422634884482425,0.0024699785008388416,141
naive_bayes_tau_0_8,CWE-668,0.0,0.0,1.0,0.9764864049981922,0.0,1.0,0.0,0.0,0.0,0.9764864049981922,0.5,0.5724466883326778,0.032185634378264175,1364
naive_bayes_tau_0_8,CWE-704,0.0,0.0,1.0,0.9924149694505855,0.0,1.0,0.0,0.0,0.0,0.9924149694505855,0.5,0.49842927603870946,0.007570680652357281,440
naive_bayes_tau_0_8,CWE-705,0.0,0.0,1.0,0.9954489813717284,0.0,1.0,0.0,0.0,0.0,0.9954489813717284,0.5,0.5,0.004551018628271632,264
naive_bayes_tau_0_8,CWE-706,0.0,0.0,1.0,0.9860883590730094,0.0,1.0,0.0,0.0,0.0,0.9860883590730094,0.5,0.4998251771077748,0.013911640926990567,807
naive_bayes_tau_0_8,CWE-74,0.0,0.0,1.0,0.9838300948538075,0.0,1.0,0.0,0.0,0.0,0.9838300948538075,0.5,0.6207461699240121,0.10131494637027658,938
naive_bayes_tau_0_8,CWE-754,0.0,0.0,1.0,0.9971211397007419,0.0,1.0,0.0,0.0,0.0,0.9971211397007419,0.5,0.4944720372041598,0.0028509069999639236,167
naive_bayes_tau_0_8,CWE-834,0.0,0.0,1.0,0.9939492056453924,0.0,1.0,0.0,0.0,0.0,0.9939492056453924,0.5,0.5039388917044411,0.007354394944693329,351
naive_bayes_tau_0_9,CWE-118,0.4,0.0002834199338686821,0.9999578303716194,0.8175642973086387,4.2169628380455535e-05,0.9997165800661314,0.000566393986509039,0.0003542052039781728,0.008248331948117022,0.8175455464958639,0.5001206251527441,0.5551629139513756,0.21080963576448436,10585
naive_bayes_tau_0_9,CWE-190,0.0,0.0,1.0,0.9757623710325916,0.0,1.0,0.0,0.0,0.0,0.9757623710325916,0.5,0.5226048415231725,0.04037233744692959,1406
naive_bayes_tau_0_9,CWE-191,0.0,0.0,1.0,0.9971211397007419,0.0,1.0,0.0,0.0,0.0,0.9971211397007419,0.5,0.5002679328282602,0.00288039881990602,167
naive_bayes_tau_0_9,CWE-20,0.0,0.0,1.0,0.9667982514531991,0.0,1.0,0.0,0.0,0.0,0.9667982514531991,0.5,0.5045662329593312,0.03351150396550031,1926
naive_bayes_tau_0_9,CWE-269,0.0,0.0,1.0,0.9979830809316533,0.0,1.0,0.0,0.0,0.0,0.9979830809316533,0.5,0.5,0.0020169190683466502,117
naive_bayes_tau_0_9,CWE-285,0.0,0.0,1.0,0.9951214471489586,0.0,1.0,0.0,0.0,0.0,0.9951214471489586,0.5,0.5154915860700078,0.007520323344849455,283
naive_bayes_tau_0_9,CWE-287,0.0,0.0,1.0,0.9945008466118462,0.0,1.0,0.0,0.0,0.0,0.9945008466118462,0.5,0.5,0.00549915338815374,319
naive_bayes_tau_0_9,CWE-369,0.0,0.0,1.0,0.9952765883725819,0.0,1.0,0.0,0.0,0.0,0.9952765883725819,0.5,0.49993937443651515,0.004723411627418168,274
naive_bayes_tau_0_9,CWE-400,0.0,0.0,1.0,0.9900360215125452,0.0,1.0,0.0,0.0,0.0,0.9900360215125452,0.5,0.5,0.009963978487454754,578
naive_bayes_tau_0_9,CWE-404,0.0,0.0,1.0,0.9788480981824212,0.0,1.0,0.0,0.0,0.0,0.9788480981824212,0.5,0.5014766688646685,0.021213272160403564,1227
naive_bayes_tau_0_9,CWE-476,0.0,0.0,1.0,0.97098725309598,0.0,1.0,0.0,0.0,0.0,0.97098725309598,0.5,0.5091897001566832,0.03218342847005996,1683
naive_bayes_tau_0_9,CWE-662,0.0,0.0,1.0,0.9862952288936716,0.0,1.0,0.0,0.0,0.0,0.9862952288936716,0.5,0.5067401267075416,0.013900057352267691,795
naive_bayes_tau_0_9,CWE-665,0.0,0.0,1.0,0.9975693338621582,0.0,1.0,0.0,0.0,0.0,0.9975693338621582,0.5,0.49422634884482425,0.0024699785008388416,141
naive_bayes_tau_0_9,CWE-668,0.0,0.0,1.0,0.9764864049981922,0.0,1.0,0.0,0.0,0.0,0.9764864049981922,0.5,0.5724466883326778,0.032185634378264175,1364
naive_bayes_tau_0_9,CWE-704,0.0,0.0,1.0,0.9924149694505855,0.0,1.0,0.0,0.0,0.0,0.9924149694505855,0.5,0.49842927603870946,0.007570680652357281,440
naive_bayes_tau_0_9,CWE-705,0.0,0.0,1.0,0.9954489813717284,0.0,1.0,0.0,0.0,0.0,0.9954489813717284,0.5,0.5,0.004551018628271632,264
naive_bayes_tau_0_9,CWE-706,0.0,0.0,1.0,0.9860883590730094,0.0,1.0,0.0,0.0,0.0,0.9860883590730094,0.5,0.4998251771077748,0.013911640926990567,807
naive_bayes_tau_0_9,CWE-74,0.0,0.0,1.0,0.9838300948538075,0.0,1.0,0.0,0.0,0.0,0.9838300948538075,0.5,0.6207461699240121,0.10131494637027658,938
naive_bayes_tau_0_9,CWE-754,0.0,0.0,1.0,0.9971211397007419,0.0,1.0,0.0,0.0,0.0,0.9971211397007419,0.5,0.4944720372041598,0.0028509069999639236,167
naive_bayes_tau_0_9,CWE-834,0.0,0.0,1.0,0.9939492056453924,0.0,1.0,0.0,0.0,0.0,0.9939492056453924,0.5,0.5039388917044411,0.007354394944693329,351
bks_tau_0_1,CWE-118,0.18247181995789558,0.9998110533774209,0.00018982895046964677,0.9428571428571428,0.9998101710495304,0.0001889466225791214,0.30861875976114717,0.527367485854995,0.0021960910844454856,0.18259238901309988,0.5000004411639452,0.554771343266661,0.21208824804377593,10585
bks_tau_0_1,CWE-190,0.3167948717948718,0.02133212185457207,0.9988161606089525,0.976239894673343,0.001183839391047498,0.9786678781454279,0.03964466485566144,0.026163692763010137,0.07559579123517576,0.9751244354731471,0.5100741412317623,0.5221634605284767,0.03888337746790954,1406
bks_tau_0_1,CWE-191,0.0,0.0,1.0,0.9971211397007419,0.0,1.0,0.0,0.0,0.0,0.9971211397007419,0.5,0.5009508916481603,0.0028843229088400014,167
bks_tau_0_1,CWE-20,0.0,0.0,1.0,0.9667982514531991,0.0,1.0,0.0,0.0,0.0,0.9667982514531991,0.5,0.5045653537031796,0.033502723106381735,1926
bks_tau_0_1,CWE-269,0.0,0.0,1.0,0.9979830809316533,0.0,1.0,0.0,0.0,0.0,0.9979830809316533,0.5,0.5003627144533902,0.0020183879974090676,117
bks_tau_0_1,CWE-285,0.0,0.0,1.0,0.9951214471489586,0.0,1.0,0.0,0.0,0.0,0.9951214471489586,0.5,0.5157582706908598,0.0075216177643283606,283
bks_tau_0_1,CWE-287,0.0,0.0,1.0,0.9945008466118462,0.0,1.0,0.0,0.0,0.0,0.9945008466118462,0.5,0.5,0.00549915338815374,319
bks_tau_0_1,CWE-369,0.0,0.0,0.9999826824833319,0.9952765066739708,1.7317516668109792e-05,1.0,0.0,0.0,-0.00012813093745294235,0.9952593529365252,0.49999134124166594,0.4963293095196125,0.0046901118961318895,274
bks_tau_0_1,CWE-400,0.0,0.0,1.0,0.9900360215125452,0.0,1.0,0.0,0.0,0.0,0.9900360215125452,0.5,0.5003133894478538,0.009970155742879822,578
bks_tau_0_1,CWE-404,0.0,0.0,1.0,0.9788480981824212,0.0,1.0,0.0,0.0,0.0,0.9788480981824212,0.5,0.5010770183309612,0.021208422582101972,1227
bks_tau_0_1,CWE-476,0.18773633773633774,0.013066977532852903,0.9983133676690936,0.9713086592553164,0.0016866323309063021,0.9869330224671472,0.02441222725332306,0.016050533153686434,0.042466945484478866,0.9697288254949468,0.5056901726009733,0.5091897001566832,0.03218342847005996,1683
bks_tau_0_1,CWE-662,0.0,0.0,1.0,0.9862952288936716,0.0,1.0,0.0,0.0,0.0,0.9862952288936716,0.5,0.5067790825899903,0.01390094521336685,795
bks_tau_0_1,CWE-665,0.0,0.0,0.9999654397788145,0.9975692506422617,3.4560221185415586e-05,1.0,0.0,0.0,-0.00012916750640234805,0.997534857047816,0.49998271988940723,0.48988399126940196,0.0023982876619636634,141
bks_tau_0_1,CWE-668,0.0,0.0,1.0,0.9764864049981922,0.0,1.0,0.0,0.0,0.0,0.9764864049981922,0.5,0.5712413195432801,0.032121670496960644,1364
bks_tau_0_1,CWE-704,0.0,0.0,1.0,0.9924149694505855,0.0,1.0,0.0,0.0,0.0,0.9924149694505855,0.5,0.4985679564250338,0.007572766494135713,440
bks_tau_0_1,CWE-705,0.0,0.0,1.0,0.9954489813717284,0.0,1.0,0.0,0.0,0.0,0.9954489813717284,0.5,0.5001385258998872,0.00455227003184723,264
bks_tau_0_1,CWE-706,0.0,0.0,1.0,0.9860883590730094,0.0,1.0,0.0,0.0,0.0,0.9860883590730094,0.5,0.4992739693114726,0.013896650738767105,807
bks_tau_0_1,CWE-74,0.3599387131238693,0.24842416657185118,0.9927283276059763,0.9877093585306105,0.0072716723940236695,0.7515758334281488,0.29393524807367355,0.26482202647026065,0.2895320166534665,0.9806926078529777,0.6205762470889138,0.6210169502562316,0.10188901585747619,938
bks_tau_0_1,CWE-754,0.0,0.0,1.0,0.9971211397007419,0.0,1.0,0.0,0.0,0.0,0.9971211397007419,0.5,0.4944720372041598,0.0028509069999639236,167
bks_tau_0_1,CWE-834,0.0,0.0,1.0,0.9939492056453924,0.0,1.0,0.0,0.0,0.0,0.9939492056453924,0.5,0.5039388917044411,0.007354394944693329,351
bks_tau_0_2,CWE-118,0.2370828598447477,0.3724137931034483,0.7325194680890019,0.8394716046003537,0.267480531910998,0.6275862068965516,0.28972280016064383,0.3342529425853458,0.08962754251599585,0.6668102657004056,0.5524666305962251,0.554771343266661,0.21208824804377593,10585
bks_tau_0_2,CWE-190,0.3625019425019425,0.02133212185457207,0.9990989741737417,0.9762464363329704,0.00090102582625826,0.9786678781454279,0.04019815815006762,0.026261625718199184,0.0827366331015357,0.9754003748607906,0.5102155480141569,0.5221634605284767,0.03888337746790954,1406
bks_tau_0_2,CWE-191,0.0,0.0,1.0,0.9971211397007419,0.0,1.0,0.0,0.0,0.0,0.9971211397007419,0.5,0.5009508916481603,0.0028843229088400014,167
bks_tau_0_2,CWE-20,0.0,0.0,1.0,0.9667982514531991,0.0,1.0,0.0,0.0,0.0,0.9667982514531991,0.5,0.5045653537031796,0.033502723106381735,1926
bks_tau_0_2,CWE-269,0.0,0.0,1.0,0.9979830809316533,0.0,1.0,0.0,0.0,0.0,0.9979830809316533,0.5,0.5003627144533902,0.0020183879974090676,117
bks_tau_0_2,CWE-285,0.0,0.0,1.0,0.9951214471489586,0.0,1.0,0.0,0.0,0.0,0.9951214471489586,0.5,0.5157582706908598,0.0075216177643283606,283
bks_tau_0_2,CWE-287,0.0,0.0,1.0,0.9945008466118462,0.0,1.0,0.0,0.0,0.0,0.9945008466118462,0.5,0.5,0.00549915338815374,319
bks_tau_0_2,CWE-369,0.0,0.0,0.9999826824833319,0.9952765066739708,1.7317516668109792e-05,1.0,0.0,0.0,-0.00012813093745294235,0.9952593529365252,0.49999134124166594,0.4963293095196125,0.0046901118961318895,274
bks_tau_0_2,CWE-400,0.0,0.0,1.0,0.9900360215125452,0.0,1.0,0.0,0.0,0.0,0.9900360215125452,0.5,0.5003133894478538,0.009970155742879822,578
bks_tau_0_2,CWE-404,0.0,0.0,1.0,0.9788480981824212,0.0,1.0,0.0,0.0,0.0,0.9788480981824212,0.5,0.5010770183309612,0.021208422582101972,1227
bks_tau_0_2,CWE-476,0.0,0.0,1.0,0.97098725309598,0.0,1.0,0.0,0.0,0.0,0.97098725309598,0.5,0.5091897001566832,0.03218342847005996,1683
bks_tau_0_2,CWE-662,0.0,0.0,1.0,0.9862952288936716,0.0,1.0,0.0,0.0,0.0,0.9862952288936716,0.5,0.5067790825899903,0.01390094521336685,795
bks_tau_0_2,CWE-665,0.0,0.0,0.9999654397788145,0.9975692506422617,3.4560221185415586e-05,1.0,0.0,0.0,-0.00012916750640234805,0.997534857047816,0.49998271988940723,0.48988399126940196,0.0023982876619636634,141
bks_tau_0_2,CWE-668,0.0,0.0,1.0,0.9764864049981922,0.0,1.0,0.0,0.0,0.0,0.9764864049981922,0.5,0.5712413195432801,0.032121670496960644,1364
bks_tau_0_2,CWE-704,0.0,0.0,1.0,0.9924149694505855,0.0,1.0,0.0,0.0,0.0,0.9924149694505855,0.5,0.4985679564250338,0.007572766494135713,440
bks_tau_0_2,CWE-705,0.0,0.0,1.0,0.9954489813717284,0.0,1.0,0.0,0.0,0.0,0.9954489813717284,0.5,0.5001385258998872,0.00455227003184723,264
bks_tau_0_2,CWE-706,0.0,0.0,1.0,0.9860883590730094,0.0,1.0,0.0,0.0,0.0,0.9860883590730094,0.5,0.4992739693114726,0.013896650738767105,807
bks_tau_0_2,CWE-74,0.3599387131238693,0.24842416657185118,0.9927283276059763,0.9877093585306105,0.0072716723940236695,0.7515758334281488,0.29393524807367355,0.26482202647026065,0.2895320166534665,0.9806926078529777,0.6205762470889138,0.6210169502562316,0.10188901585747619,938
bks_tau_0_2,CWE-754,0.0,0.0,1.0,0.9971211397007419,0.0,1.0,0.0,0.0,0.0,0.9971211397007419,0.5,0.4944720372041598,0.0028509069999639236,167
bks_tau_0_2,CWE-834,0.0,0.0,1.0,0.9939492056453924,0.0,1.0,0.0,0.0,0.0,0.9939492056453924,0.5,0.5039388917044411,0.007354394944693329,351
bks_tau_0_3,CWE-118,0.525402391541632,0.015399149740198395,0.9964577730717554,0.8193071734043501,0.003542226928244641,0.9846008502598016,0.029848410064176444,0.019096812701177388,0.06305540189838515,0.8174422898703533,0.5059284614059768,0.554771343266661,0.21208824804377593,10585
bks_tau_0_3,CWE-190,0.8533333333333333,0.00853840135281795,0.9998056537102473,0.975959737005077,0.00019434628975265018,0.9914615986471821,0.016687976908907033,0.01061034966154953,0.07573130944710318,0.9757795931031165,0.5041720275315327,0.5221634605284767,0.03888337746790954,1406
bks_tau_0_3,CWE-191,0.0,0.0,1.0,0.9971211397007419,0.0,1.0,0.0,0.0,0.0,0.9971211397007419,0.5,0.5009508916481603,0.0028843229088400014,167
bks_tau_0_3,CWE-20,0.0,0.0,1.0,0.9667982514531991,0.0,1.0,0.0,0.0,0.0,0.9667982514531991,0.5,0.5045653537031796,0.033502723106381735,1926
bks_tau_0_3,CWE-269,0.0,0.0,1.0,0.9979830809316533,0.0,1.0,0.0,0.0,0.0,0.9979830809316533,0.5,0.5003627144533902,0.0020183879974090676,117
bks_tau_0_3,CWE-285,0.0,0.0,1.0,0.9951214471489586,0.0,1.0,0.0,0.0,0.0,0.9951214471489586,0.5,0.5157582706908598,0.0075216177643283606,283
bks_tau_0_3,CWE-287,0.0,0.0,1.0,0.9945008466118462,0.0,1.0,0.0,0.0,0.0,0.9945008466118462,0.5,0.5,0.00549915338815374,319
bks_tau_0_3,CWE-369,0.0,0.0,0.9999826824833319,0.9952765066739708,1.7317516668109792e-05,1.0,0.0,0.0,-0.00012813093745294235,0.9952593529365252,0.49999134124166594,0.4963293095196125,0.0046901118961318895,274
bks_tau_0_3,CWE-400,0.0,0.0,1.0,0.9900360215125452,0.0,1.0,0.0,0.0,0.0,0.9900360215125452,0.5,0.5003133894478538,0.009970155742879822,578
bks_tau_0_3,CWE-404,0.0,0.0,1.0,0.9788480981824212,0.0,1.0,0.0,0.0,0.0,0.9788480981824212,0.5,0.5010770183309612,0.021208422582101972,1227
bks_tau_0_3,CWE-476,0.0,0.0,1.0,0.97098725309598,0.0,1.0,0.0,0.0,0.0,0.97098725309598,0.5,0.5091897001566832,0.03218342847005996,1683
bks_tau_0_3,CWE-662,0.0,0.0,1.0,0.9862952288936716,0.0,1.0,0.0,0.0,0.0,0.9862952288936716,0.5,0.5067790825899903,0.01390094521336685,795
bks_tau_0_3,CWE-665,0.0,0.0,0.9999654397788145,0.9975692506422617,3.4560221185415586e-05,1.0,0.0,0.0,-0.00012916750640234805,0.997534857047816,0.49998271988940723,0.48988399126940196,0.0023982876619636634,141
bks_tau_0_3,CWE-668,0.0,0.0,1.0,0.9764864049981922,0.0,1.0,0.0,0.0,0.0,0.9764864049981922,0.5,0.5712413195432801,0.032121670496960644,1364
bks_tau_0_3,CWE-704,0.0,0.0,1.0,0.9924149694505855,0.0,1.0,0.0,0.0,0.0,0.9924149694505855,0.5,0.4985679564250338,0.007572766494135713,440
bks_tau_0_3,CWE-705,0.0,0.0,1.0,0.9954489813717284,0.0,1.0,0.0,0.0,0.0,0.9954489813717284,0.5,0.5001385258998872,0.00455227003184723,264
bks_tau_0_3,CWE-706,0.0,0.0,1.0,0.9860883590730094,0.0,1.0,0.0,0.0,0.0,0.9860883590730094,0.5,0.4992739693114726,0.013896650738767105,807
bks_tau_0_3,CWE-74,0.3599387131238693,0.24842416657185118,0.9927283276059763,0.9877093585306105,0.0072716723940236695,0.7515758334281488,0.29393524807367355,0.26482202647026065,0.2895320166534665,0.9806926078529777,0.6205762470889138,0.6210169502562316,0.10188901585747619,938
bks_tau_0_3,CWE-754,0.0,0.0,1.0,0.9971211397007419,0.0,1.0,0.0,0.0,0.0,0.9971211397007419,0.5,0.4944720372041598,0.0028509069999639236,167
bks_tau_0_3,CWE-834,0.0,0.0,1.0,0.9939492056453924,0.0,1.0,0.0,0.0,0.0,0.9939492056453924,0.5,0.5039388917044411,0.007354394944693329,351
bks_tau_0_4,CWE-118,0.6740287620860019,0.011714690599905526,0.9986715865728539,0.8190827897811234,0.0013284134271460968,0.9882853094000945,0.02301572163569112,0.014577830988299952,0.07126848823092466,0.8185799327456611,0.5051931385863797,0.554771343266661,0.21208824804377593,10585
bks_tau_0_4,CWE-190,1.0,0.0071149138083339645,1.0,0.9759306104621913,0.0,0.9928850861916662,0.014109426627176536,0.008874696093635262,0.08105157395346199,0.9759347521411303,0.503557456904167,0.5221634605284767,0.03888337746790954,1406
bks_tau_0_4,CWE-191,0.0,0.0,1.0,0.9971211397007419,0.0,1.0,0.0,0.0,0.0,0.9971211397007419,0.5,0.5009508916481603,0.0028843229088400014,167
bks_tau_0_4,CWE-20,0.0,0.0,1.0,0.9667982514531991,0.0,1.0,0.0,0.0,0.0,0.9667982514531991,0.5,0.5045653537031796,0.033502723106381735,1926
bks_tau_0_4,CWE-269,0.0,0.0,1.0,0.9979830809316533,0.0,1.0,0.0,0.0,0.0,0.9979830809316533,0.5,0.5003627144533902,0.0020183879974090676,117
bks_tau_0_4,CWE-285,0.0,0.0,1.0,0.9951214471489586,0.0,1.0,0.0,0.0,0.0,0.9951214471489586,0.5,0.5157582706908598,0.0075216177643283606,283
bks_tau_0_4,CWE-287,0.0,0.0,1.0,0.9945008466118462,0.0,1.0,0.0,0.0,0.0,0.9945008466118462,0.5,0.5,0.00549915338815374,319
bks_tau_0_4,CWE-369,0.0,0.0,1.0,0.9952765883725819,0.0,1.0,0.0,0.0,0.0,0.9952765883725819,0.5,0.4963293095196125,0.0046901118961318895,274
bks_tau_0_4,CWE-400,0.0,0.0,1.0,0.9900360215125452,0.0,1.0,0.0,0.0,0.0,0.9900360215125452,0.5,0.5003133894478538,0.009970155742879822,578
bks_tau_0_4,CWE-404,0.0,0.0,1.0,0.9788480981824212,0.0,1.0,0.0,0.0,0.0,0.9788480981824212,0.5,0.5010770183309612,0.021208422582101972,1227
bks_tau_0_4,CWE-476,0.0,0.0,1.0,0.97098725309598,0.0,1.0,0.0,0.0,0.0,0.97098725309598,0.5,0.5091897001566832,0.03218342847005996,1683
bks_tau_0_4,CWE-662,0.0,0.0,1.0,0.9862952288936716,0.0,1.0,0.0,0.0,0.0,0.9862952288936716,0.5,0.5067790825899903,0.01390094521336685,795
bks_tau_0_4,CWE-665,0.0,0.0,0.9999654397788145,0.9975692506422617,3.4560221185415586e-05,1.0,0.0,0.0,-0.00012916750640234805,0.997534857047816,0.49998271988940723,0.48988399126940196,0.0023982876619636634,141
bks_tau_0_4,CWE-668,0.0,0.0,1.0,0.9764864049981922,0.0,1.0,0.0,0.0,0.0,0.9764864049981922,0.5,0.5712413195432801,0.032121670496960644,1364
bks_tau_0_4,CWE-704,0.0,0.0,1.0,0.9924149694505855,0.0,1.0,0.0,0.0,0.0,0.9924149694505855,0.5,0.4985679564250338,0.007572766494135713,440
bks_tau_0_4,CWE-705,0.0,0.0,1.0,0.9954489813717284,0.0,1.0,0.0,0.0,0.0,0.9954489813717284,0.5,0.5001385258998872,0.00455227003184723,264
bks_tau_0_4,CWE-706,0.0,0.0,1.0,0.9860883590730094,0.0,1.0,0.0,0.0,0.0,0.9860883590730094,0.5,0.4992739693114726,0.013896650738767105,807
bks_tau_0_4,CWE-74,0.0,0.0,1.0,0.9838300948538075,0.0,1.0,0.0,0.0,0.0,0.9838300948538075,0.5,0.6210169502562316,0.10188901585747619,938
bks_tau_0_4,CWE-754,0.0,0.0,1.0,0.9971211397007419,0.0,1.0,0.0,0.0,0.0,0.9971211397007419,0.5,0.4944720372041598,0.0028509069999639236,167
bks_tau_0_4,CWE-834,0.0,0.0,1.0,0.9939492056453924,0.0,1.0,0.0,0.0,0.0,0.9939492056453924,0.5,0.5039388917044411,0.007354394944693329,351
bks_tau_0_5,CWE-118,0.6781762949109229,0.010486537553141237,0.9988402250821593,0.8189239537509632,0.0011597749178406697,0.9895134624468588,0.02062670110845765,0.013053331111551625,0.06726062799482473,0.8184937585231757,0.5046633813176503,0.554771343266661,0.21208824804377593,10585
bks_tau_0_5,CWE-190,1.0,0.0071149138083339645,1.0,0.9759306104621913,0.0,0.9928850861916662,0.014109426627176536,0.008874696093635262,0.08105157395346199,0.9759347521411303,0.503557456904167,0.5221634605284767,0.03888337746790954,1406
bks_tau_0_5,CWE-191,0.0,0.0,1.0,0.9971211397007419,0.0,1.0,0.0,0.0,0.0,0.9971211397007419,0.5,0.5009508916481603,0.0028843229088400014,167
bks_tau_0_5,CWE-20,0.0,0.0,1.0,0.9667982514531991,0.0,1.0,0.0,0.0,0.0,0.9667982514531991,0.5,0.5045653537031796,0.033502723106381735,1926
bks_tau_0_5,CWE-269,0.0,0.0,1.0,0.9979830809316533,0.0,1.0,0.0,0.0,0.0,0.9979830809316533,0.5,0.5003627144533902,0.0020183879974090676,117
bks_tau_0_5,CWE-285,0.0,0.0,1.0,0.9951214471489586,0.0,1.0,0.0,0.0,0.0,0.9951214471489586,0.5,0.5157582706908598,0.0075216177643283606,283
bks_tau_0_5,CWE-287,0.0,0.0,1.0,0.9945008466118462,0.0,1.0,0.0,0.0,0.0,0.9945008466118462,0.5,0.5,0.00549915338815374,319
bks_tau_0_5,CWE-369,0.0,0.0,1.0,0.9952765883725819,0.0,1.0,0.0,0.0,0.0,0.9952765883725819,0.5,0.4963293095196125,0.0046901118961318895,274
bks_tau_0_5,CWE-400,0.0,0.0,1.0,0.9900360215125452,0.0,1.0,0.0,0.0,0.0,0.9900360215125452,0.5,0.5003133894478538,0.009970155742879822,578
bks_tau_0_5,CWE-404,0.0,0.0,1.0,0.9788480981824212,0.0,1.0,0.0,0.0,0.0,0.9788480981824212,0.5,0.5010770183309612,0.021208422582101972,1227
bks_tau_0_5,CWE-476,0.0,0.0,1.0,0.97098725309598,0.0,1.0,0.0,0.0,0.0,0.97098725309598,0.5,0.5091897001566832,0.03218342847005996,1683
bks_tau_0_5,CWE-662,0.0,0.0,1.0,0.9862952288936716,0.0,1.0,0.0,0.0,0.0,0.9862952288936716,0.5,0.5067790825899903,0.01390094521336685,795
bks_tau_0_5,CWE-665,0.0,0.0,1.0,0.9975693338621582,0.0,1.0,0.0,0.0,0.0,0.9975693338621582,0.5,0.48988399126940196,0.0023982876619636634,141
bks_tau_0_5,CWE-668,0.0,0.0,1.0,0.9764864049981922,0.0,1.0,0.0,0.0,0.0,0.9764864049981922,0.5,0.5712413195432801,0.032121670496960644,1364
bks_tau_0_5,CWE-704,0.0,0.0,1.0,0.9924149694505855,0.0,1.0,0.0,0.0,0.0,0.9924149694505855,0.5,0.4985679564250338,0.007572766494135713,440
bks_tau_0_5,CWE-705,0.0,0.0,1.0,0.9954489813717284,0.0,1.0,0.0,0.0,0.0,0.9954489813717284,0.5,0.5001385258998872,0.00455227003184723,264
bks_tau_0_5,CWE-706,0.0,0.0,1.0,0.9860883590730094,0.0,1.0,0.0,0.0,0.0,0.9860883590730094,0.5,0.4992739693114726,0.013896650738767105,807
bks_tau_0_5,CWE-74,0.0,0.0,1.0,0.9838300948538075,0.0,1.0,0.0,0.0,0.0,0.9838300948538075,0.5,0.6210169502562316,0.10188901585747619,938
bks_tau_0_5,CWE-754,0.0,0.0,1.0,0.9971211397007419,0.0,1.0,0.0,0.0,0.0,0.9971211397007419,0.5,0.4944720372041598,0.0028509069999639236,167
bks_tau_0_5,CWE-834,0.0,0.0,1.0,0.9939492056453924,0.0,1.0,0.0,0.0,0.0,0.9939492056453924,0.5,0.5039388917044411,0.007354394944693329,351
bks_tau_0_6,CWE-118,0.7309217494639488,0.007841284837033538,0.999304155501461,0.8185964940925118,0.0006958444985388902,0.9921587151629664,0.015502681648250688,0.009773232801139934,0.06210540831927354,0.8183902730880099,0.5035727201692473,0.554771343266661,0.21208824804377593,10585
bks_tau_0_6,CWE-190,1.0,0.0071149138083339645,1.0,0.9759306104621913,0.0,0.9928850861916662,0.014109426627176536,0.008874696093635262,0.08105157395346199,0.9759347521411303,0.503557456904167,0.5221634605284767,0.03888337746790954,1406
bks_tau_0_6,CWE-191,0.0,0.0,1.0,0.9971211397007419,0.0,1.0,0.0,0.0,0.0,0.9971211397007419,0.5,0.5009508916481603,0.0028843229088400014,167
bks_tau_0_6,CWE-20,0.0,0.0,1.0,0.9667982514531991,0.0,1.0,0.0,0.0,0.0,0.9667982514531991,0.5,0.5045653537031796,0.033502723106381735,1926
bks_tau_0_6,CWE-269,0.0,0.0,1.0,0.9979830809316533,0.0,1.0,0.0,0.0,0.0,0.9979830809316533,0.5,0.5003627144533902,0.0020183879974090676,117
bks_tau_0_6,CWE-285,0.0,0.0,1.0,0.9951214471489586,0.0,1.0,0.0,0.0,0.0,0.9951214471489586,0.5,0.5157582706908598,0.0075216177643283606,283
bks_tau_0_6,CWE-287,0.0,0.0,1.0,0.9945008466118462,0.0,1.0,0.0,0.0,0.0,0.9945008466118462,0.5,0.5,0.00549915338815374,319
bks_tau_0_6,CWE-369,0.0,0.0,1.0,0.9952765883725819,0.0,1.0,0.0,0.0,0.0,0.9952765883725819,0.5,0.4963293095196125,0.0046901118961318895,274
bks_tau_0_6,CWE-400,0.0,0.0,1.0,0.9900360215125452,0.0,1.0,0.0,0.0,0.0,0.9900360215125452,0.5,0.5003133894478538,0.009970155742879822,578
bks_tau_0_6,CWE-404,0.0,0.0,1.0,0.9788480981824212,0.0,1.0,0.0,0.0,0.0,0.9788480981824212,0.5,0.5010770183309612,0.021208422582101972,1227
bks_tau_0_6,CWE-476,0.0,0.0,1.0,0.97098725309598,0.0,1.0,0.0,0.0,0.0,0.97098725309598,0.5,0.5091897001566832,0.03218342847005996,1683
bks_tau_0_6,CWE-662,0.0,0.0,1.0,0.9862952288936716,0.0,1.0,0.0,0.0,0.0,0.9862952288936716,0.5,0.5067790825899903,0.01390094521336685,795
bks_tau_0_6,CWE-665,0.0,0.0,1.0,0.9975693338621582,0.0,1.0,0.0,0.0,0.0,0.9975693338621582,0.5,0.48988399126940196,0.0023982876619636634,141
bks_tau_0_6,CWE-668,0.0,0.0,1.0,0.9764864049981922,0.0,1.0,0.0,0.0,0.0,0.9764864049981922,0.5,0.5712413195432801,0.032121670496960644,1364
bks_tau_0_6,CWE-704,0.0,0.0,1.0,0.9924149694505855,0.0,1.0,0.0,0.0,0.0,0.9924149694505855,0.5,0.4985679564250338,0.007572766494135713,440
bks_tau_0_6,CWE-705,0.0,0.0,1.0,0.9954489813717284,0.0,1.0,0.0,0.0,0.0,0.9954489813717284,0.5,0.5001385258998872,0.00455227003184723,264
bks_tau_0_6,CWE-706,0.0,0.0,1.0,0.9860883590730094,0.0,1.0,0.0,0.0,0.0,0.9860883590730094,0.5,0.4992739693114726,0.013896650738767105,807
bks_tau_0_6,CWE-74,0.0,0.0,1.0,0.9838300948538075,0.0,1.0,0.0,0.0,0.0,0.9838300948538075,0.5,0.6210169502562316,0.10188901585747619,938
bks_tau_0_6,CWE-754,0.0,0.0,1.0,0.9971211397007419,0.0,1.0,0.0,0.0,0.0,0.9971211397007419,0.5,0.4944720372041598,0.0028509069999639236,167
bks_tau_0_6,CWE-834,0.0,0.0,1.0,0.9939492056453924,0.0,1.0,0.0,0.0,0.0,0.9939492056453924,0.5,0.5039388917044411,0.007354394944693329,351
bks_tau_0_7,CWE-118,0.7979166666666666,0.0037789324515824286,0.9995994074273975,0.8180332941131565,0.00040059257260251414,0.9962210675484175,0.007471817611466559,0.004710086146706949,0.0371012313467145,0.8178902983057142,0.50168916993949,0.554771343266661,0.21208824804377593,10585
bks_tau_0_7,CWE-190,1.0,0.0071149138083339645,1.0,0.9759306104621913,0.0,0.9928850861916662,0.014109426627176536,0.008874696093635262,0.08105157395346199,0.9759347521411303,0.503557456904167,0.5221634605284767,0.03888337746790954,1406
bks_tau_0_7,CWE-191,0.0,0.0,1.0,0.9971211397007419,0.0,1.0,0.0,0.0,0.0,0.9971211397007419,0.5,0.5009508916481603,0.0028843229088400014,167
bks_tau_0_7,CWE-20,0.0,0.0,1.0,0.9667982514531991,0.0,1.0,0.0,0.0,0.0,0.9667982514531991,0.5,0.5045653537031796,0.033502723106381735,1926
bks_tau_0_7,CWE-269,0.0,0.0,1.0,0.9979830809316533,0.0,1.0,0.0,0.0,0.0,0.9979830809316533,0.5,0.5003627144533902,0.0020183879974090676,117
bks_tau_0_7,CWE-285,0.0,0.0,1.0,0.9951214471489586,0.0,1.0,0.0,0.0,0.0,0.9951214471489586,0.5,0.5157582706908598,0.0075216177643283606,283
bks_tau_0_7,CWE-287,0.0,0.0,1.0,0.9945008466118462,0.0,1.0,0.0,0.0,0.0,0.9945008466118462,0.5,0.5,0.00549915338815374,319
bks_tau_0_7,CWE-369,0.0,0.0,1.0,0.9952765883725819,0.0,1.0,0.0,0.0,0.0,0.9952765883725819,0.5,0.4963293095196125,0.0046901118961318895,274
bks_tau_0_7,CWE-400,0.0,0.0,1.0,0.9900360215125452,0.0,1.0,0.0,0.0,0.0,0.9900360215125452,0.5,0.5003133894478538,0.009970155742879822,578
bks_tau_0_7,CWE-404,0.0,0.0,1.0,0.9788480981824212,0.0,1.0,0.0,0.0,0.0,0.9788480981824212,0.5,0.5010770183309612,0.021208422582101972,1227
bks_tau_0_7,CWE-476,0.0,0.0,1.0,0.97098725309598,0.0,1.0,0.0,0.0,0.0,0.97098725309598,0.5,0.5091897001566832,0.03218342847005996,1683
bks_tau_0_7,CWE-662,0.0,0.0,1.0,0.9862952288936716,0.0,1.0,0.0,0.0,0.0,0.9862952288936716,0.5,0.5067790825899903,0.01390094521336685,795
bks_tau_0_7,CWE-665,0.0,0.0,1.0,0.9975693338621582,0.0,1.0,0.0,0.0,0.0,0.9975693338621582,0.5,0.48988399126940196,0.0023982876619636634,141
bks_tau_0_7,CWE-668,0.0,0.0,1.0,0.9764864049981922,0.0,1.0,0.0,0.0,0.0,0.9764864049981922,0.5,0.5712413195432801,0.032121670496960644,1364
bks_tau_0_7,CWE-704,0.0,0.0,1.0,0.9924149694505855,0.0,1.0,0.0,0.0,0.0,0.9924149694505855,0.5,0.4985679564250338,0.007572766494135713,440
bks_tau_0_7,CWE-705,0.0,0.0,1.0,0.9954489813717284,0.0,1.0,0.0,0.0,0.0,0.9954489813717284,0.5,0.5001385258998872,0.00455227003184723,264
bks_tau_0_7,CWE-706,0.0,0.0,1.0,0.9860883590730094,0.0,1.0,0.0,0.0,0.0,0.9860883590730094,0.5,0.4992739693114726,0.013896650738767105,807
bks_tau_0_7,CWE-74,0.0,0.0,1.0,0.9838300948538075,0.0,1.0,0.0,0.0,0.0,0.9838300948538075,0.5,0.6210169502562316,0.10188901585747619,938
bks_tau_0_7,CWE-754,0.0,0.0,1.0,0.9971211397007419,0.0,1.0,0.0,0.0,0.0,0.9971211397007419,0.5,0.4944720372041598,0.0028509069999639236,167
bks_tau_0_7,CWE-834,0.0,0.0,1.0,0.9939492056453924,0.0,1.0,0.0,0.0,0.0,0.9939492056453924,0.5,0.5039388917044411,0.007354394944693329,351
bks_tau_0_8,CWE-118,0.0,0.0,1.0,0.8175282991691996,0.0,1.0,0.0,0.0,0.0,0.8175282991691996,0.5,0.554771343266661,0.21208824804377593,10585
bks_tau_0_8,CWE-190,0.6,0.002844451174882007,1.0,0.9758296674829978,0.0,0.997155548825118,0.005658722401824424,0.003550827415729316,0.04021963161996015,0.9758313306114472,0.501422225587441,0.5221634605284767,0.03888337746790954,1406
bks_tau_0_8,CWE-191,0.0,0.0,1.0,0.9971211397007419,0.0,1.0,0.0,0.0,0.0,0.9971211397007419,0.5,0.5009508916481603,0.0028843229088400014,167
bks_tau_0_8,CWE-20,0.0,0.0,1.0,0.9667982514531991,0.0,1.0,0.0,0.0,0.0,0.9667982514531991,0.5,0.5045653537031796,0.033502723106381735,1926
bks_tau_0_8,CWE-269,0.0,0.0,1.0,0.9979830809316533,0.0,1.0,0.0,0.0,0.0,0.9979830809316533,0.5,0.5003627144533902,0.0020183879974090676,117
bks_tau_0_8,CWE-285,0.0,0.0,1.0,0.9951214471489586,0.0,1.0,0.0,0.0,0.0,0.9951214471489586,0.5,0.5157582706908598,0.0075216177643283606,283
bks_tau_0_8,CWE-287,0.0,0.0,1.0,0.9945008466118462,0.0,1.0,0.0,0.0,0.0,0.9945008466118462,0.5,0.5,0.00549915338815374,319
bks_tau_0_8,CWE-369,0.0,0.0,1.0,0.9952765883725819,0.0,1.0,0.0,0.0,0.0,0.9952765883725819,0.5,0.4963293095196125,0.0046901118961318895,274
bks_tau_0_8,CWE-400,0.0,0.0,1.0,0.9900360215125452,0.0,1.0,0.0,0.0,0.0,0.9900360215125452,0.5,0.5003133894478538,0.009970155742879822,578
bks_tau_0_8,CWE-404,0.0,0.0,1.0,0.9788480981824212,0.0,1.0,0.0,0.0,0.0,0.9788480981824212,0.5,0.5010770183309612,0.021208422582101972,1227
bks_tau_0_8,CWE-476,0.0,0.0,1.0,0.97098725309598,0.0,1.0,0.0,0.0,0.0,0.97098725309598,0.5,0.5091897001566832,0.03218342847005996,1683
bks_tau_0_8,CWE-662,0.0,0.0,1.0,0.9862952288936716,0.0,1.0,0.0,0.0,0.0,0.9862952288936716,0.5,0.5067790825899903,0.01390094521336685,795
bks_tau_0_8,CWE-665,0.0,0.0,1.0,0.9975693338621582,0.0,1.0,0.0,0.0,0.0,0.9975693338621582,0.5,0.48988399126940196,0.0023982876619636634,141
bks_tau_0_8,CWE-668,0.0,0.0,1.0,0.9764864049981922,0.0,1.0,0.0,0.0,0.0,0.9764864049981922,0.5,0.5712413195432801,0.032121670496960644,1364
bks_tau_0_8,CWE-704,0.0,0.0,1.0,0.9924149694505855,0.0,1.0,0.0,0.0,0.0,0.9924149694505855,0.5,0.4985679564250338,0.007572766494135713,440
bks_tau_0_8,CWE-705,0.0,0.0,1.0,0.9954489813717284,0.0,1.0,0.0,0.0,0.0,0.9954489813717284,0.5,0.5001385258998872,0.00455227003184723,264
bks_tau_0_8,CWE-706,0.0,0.0,1.0,0.9860883590730094,0.0,1.0,0.0,0.0,0.0,0.9860883590730094,0.5,0.4992739693114726,0.013896650738767105,807
bks_tau_0_8,CWE-74,0.0,0.0,1.0,0.9838300948538075,0.0,1.0,0.0,0.0,0.0,0.9838300948538075,0.5,0.6210169502562316,0.10188901585747619,938
bks_tau_0_8,CWE-754,0.0,0.0,1.0,0.9971211397007419,0.0,1.0,0.0,0.0,0.0,0.9971211397007419,0.5,0.4944720372041598,0.0028509069999639236,167
bks_tau_0_8,CWE-834,0.0,0.0,1.0,0.9939492056453924,0.0,1.0,0.0,0.0,0.0,0.9939492056453924,0.5,0.5039388917044411,0.007354394944693329,351
bks_tau_0_9,CWE-118,0.0,0.0,1.0,0.8175282991691996,0.0,1.0,0.0,0.0,0.0,0.8175282991691996,0.5,0.554771343266661,0.21208824804377593,10585
bks_tau_0_9,CWE-190,0.0,0.0,1.0,0.9757623710325916,0.0,1.0,0.0,0.0,0.0,0.9757623710325916,0.5,0.5221634605284767,0.03888337746790954,1406
bks_tau_0_9,CWE-191,0.0,0.0,1.0,0.9971211397007419,0.0,1.0,0.0,0.0,0.0,0.9971211397007419,0.5,0.5009508916481603,0.0028843229088400014,167
bks_tau_0_9,CWE-20,0.0,0.0,1.0,0.9667982514531991,0.0,1.0,0.0,0.0,0.0,0.9667982514531991,0.5,0.5045653537031796,0.033502723106381735,1926
bks_tau_0_9,CWE-269,0.0,0.0,1.0,0.9979830809316533,0.0,1.0,0.0,0.0,0.0,0.9979830809316533,0.5,0.5003627144533902,0.0020183879974090676,117
bks_tau_0_9,CWE-285,0.0,0.0,1.0,0.9951214471489586,0.0,1.0,0.0,0.0,0.0,0.9951214471489586,0.5,0.5157582706908598,0.0075216177643283606,283
bks_tau_0_9,CWE-287,0.0,0.0,1.0,0.9945008466118462,0.0,1.0,0.0,0.0,0.0,0.9945008466118462,0.5,0.5,0.00549915338815374,319
bks_tau_0_9,CWE-369,0.0,0.0,1.0,0.9952765883725819,0.0,1.0,0.0,0.0,0.0,0.9952765883725819,0.5,0.4963293095196125,0.0046901118961318895,274
bks_tau_0_9,CWE-400,0.0,0.0,1.0,0.9900360215125452,0.0,1.0,0.0,0.0,0.0,0.9900360215125452,0.5,0.5003133894478538,0.009970155742879822,578
bks_tau_0_9,CWE-404,0.0,0.0,1.0,0.9788480981824212,0.0,1.0,0.0,0.0,0.0,0.9788480981824212,0.5,0.5010770183309612,0.021208422582101972,1227
bks_tau_0_9,CWE-476,0.0,0.0,1.0,0.97098725309598,0.0,1.0,0.0,0.0,0.0,0.97098725309598,0.5,0.5091897001566832,0.03218342847005996,1683
bks_tau_0_9,CWE-662,0.0,0.0,1.0,0.9862952288936716,0.0,1.0,0.0,0.0,0.0,0.9862952288936716,0.5,0.5067790825899903,0.01390094521336685,795
bks_tau_0_9,CWE-665,0.0,0.0,1.0,0.9975693338621582,0.0,1.0,0.0,0.0,0.0,0.9975693338621582,0.5,0.48988399126940196,0.0023982876619636634,141
bks_tau_0_9,CWE-668,0.0,0.0,1.0,0.9764864049981922,0.0,1.0,0.0,0.0,0.0,0.9764864049981922,0.5,0.5712413195432801,0.032121670496960644,1364
bks_tau_0_9,CWE-704,0.0,0.0,1.0,0.9924149694505855,0.0,1.0,0.0,0.0,0.0,0.9924149694505855,0.5,0.4985679564250338,0.007572766494135713,440
bks_tau_0_9,CWE-705,0.0,0.0,1.0,0.9954489813717284,0.0,1.0,0.0,0.0,0.0,0.9954489813717284,0.5,0.5001385258998872,0.00455227003184723,264
bks_tau_0_9,CWE-706,0.0,0.0,1.0,0.9860883590730094,0.0,1.0,0.0,0.0,0.0,0.9860883590730094,0.5,0.4992739693114726,0.013896650738767105,807
bks_tau_0_9,CWE-74,0.0,0.0,1.0,0.9838300948538075,0.0,1.0,0.0,0.0,0.0,0.9838300948538075,0.5,0.6210169502562316,0.10188901585747619,938
bks_tau_0_9,CWE-754,0.0,0.0,1.0,0.9971211397007419,0.0,1.0,0.0,0.0,0.0,0.9971211397007419,0.5,0.4944720372041598,0.0028509069999639236,167
bks_tau_0_9,CWE-834,0.0,0.0,1.0,0.9939492056453924,0.0,1.0,0.0,0.0,0.0,0.9939492056453924,0.5,0.5039388917044411,0.007354394944693329,351
logistic_regression_tau_0_1,CWE-118,0.18247170083080055,1.0,0.0,0.0,1.0,0.0,0.30862759538726325,0.5274093562743876,0.0,0.18247170083080055,0.5,0.5551583580231805,0.21013049302514938,10585
logistic_regression_tau_0_1,CWE-190,0.02423762896740832,1.0,0.0,0.0,1.0,0.0,0.04732813304706098,0.11047728730264554,0.0,0.02423762896740832,0.5,0.5229475917590569,0.03992592301466577,1406
logistic_regression_tau_0_1,CWE-191,0.0028788602992581387,1.0,0.0,0.0,1.0,0.0,0.00574118901156348,0.014230397727540913,0.0,0.0028788602992581387,0.5,0.5009508916481603,0.0028843229088400014,167
logistic_regression_tau_0_1,CWE-20,0.033201748546801,1.0,0.0,0.0,1.0,0.0,0.06426963043561743,0.14654634230132185,0.0,0.033201748546801,0.5,0.5021361089245,0.0334088326576056,1926
logistic_regression_tau_0_1,CWE-269,0.0020169190683466502,1.0,0.0,0.0,1.0,0.0,0.004025715119810396,0.010003853157712576,0.0,0.0020169190683466502,0.5,0.5003627144533902,0.0020183879974090676,117
logistic_regression_tau_0_1,CWE-285,0.004888655415294576,1.0,0.002078691602021196,1.0,0.9979213083979788,0.0,0.0097297421417038,0.023974433722918898,0.003168574447246465,0.006947114309004183,0.5010393458010106,0.5157582706908598,0.0075216177643283606,283
logistic_regression_tau_0_1,CWE-287,0.00549915338815374,1.0,0.0,0.0,1.0,0.0,0.010938153700230322,0.02690394709650003,0.0,0.00549915338815374,0.5,0.5,0.00549915338815374,319
logistic_regression_tau_0_1,CWE-369,0.004723411627418168,1.0,0.0,0.0,1.0,0.0,0.009402409330838453,0.02317909641830872,0.0,0.004723411627418168,0.5,0.4963466270362805,0.0046901118961318895,274
logistic_regression_tau_0_1,CWE-400,0.009963978487454754,1.0,0.0,0.0,1.0,0.0,0.019731350455816983,0.04791034625651806,0.0,0.009963978487454754,0.5,0.5,0.009963978487454754,578
logistic_regression_tau_0_1,CWE-404,0.02115689834964005,0.9991836734693876,0.0010567473959858637,0.39591836734693875,0.9989432526040142,0.0008163265306122449,0.04143640931835778,0.09752444340761564,0.0010118990265753276,0.02216907487459644,0.5001202104326868,0.5016410806766494,0.021220192664948366,1227
logistic_regression_tau_0_1,CWE-476,0.02901274690402008,1.0,0.0,0.0,1.0,0.0,0.0563894761527696,0.12997945582352088,0.0,0.02901274690402008,0.5,0.5091897001566832,0.03218342847005996,1683
logistic_regression_tau_0_1,CWE-662,0.013673797912326813,0.9974842767295599,0.00022721314340644938,0.17333333333333334,0.9997727868565935,0.002515723270440252,0.026977776671348246,0.06481497976812568,-0.007404405874666678,0.01389439358521138,0.4988557449364831,0.5067266610035903,0.01390019957384669,795
logistic_regression_tau_0_1,CWE-665,0.00244050982710681,1.0,0.004043711990448824,1.0,0.9959562880095512,0.0,0.0048691340314177736,0.012084555058818783,0.0031255398183414134,0.006464551789323529,0.5020218559952244,0.4892249352206825,0.002396681902855259,141
logistic_regression_tau_0_1,CWE-668,0.023513595001807823,1.0,0.0,0.0,1.0,0.0,0.045946812868682206,0.10746079562100444,0.0,0.023513595001807823,0.5,0.5717461068715048,0.03209331078129391,1364
logistic_regression_tau_0_1,CWE-704,0.007585030549414477,1.0,0.0,0.0,1.0,0.0,0.015055861916674476,0.036808381852269305,0.0,0.007585030549414477,0.5,0.4985679564250338,0.007572766494135713,440
logistic_regression_tau_0_1,CWE-705,0.004551018628271632,1.0,0.0,0.0,1.0,0.0,0.009060799026555655,0.02234824107376775,0.0,0.004551018628271632,0.5,0.5,0.004551018628271632,264
logistic_regression_tau_0_1,CWE-706,0.013911640926990567,1.0,0.0,0.0,1.0,0.0,0.027441521470066323,0.06589153231662973,0.0,0.013911640926990567,0.5,0.4992739693114726,0.013896650738767105,807
logistic_regression_tau_0_1,CWE-74,0.016185523688973615,1.0,0.000981274203166976,1.0,0.999018725796833,0.0,0.031855447342283294,0.07600675513848174,0.003928666592654452,0.01713532140119859,0.5004906371015835,0.6208730429170247,0.10188672421624693,938
logistic_regression_tau_0_1,CWE-754,0.002879720062962348,1.0,0.00029386343993085564,0.2,0.9997061365600691,0.0,0.005742898499245254,0.014234597453730393,0.0004152806846955395,0.0031718627122191865,0.5001469317199654,0.4944720372041598,0.0028509069999639236,167
logistic_regression_tau_0_1,CWE-834,0.006050794354607701,1.0,0.0,0.0,1.0,0.0,0.012028802337117644,0.029539009169382607,0.0,0.006050794354607701,0.5,0.5039388917044411,0.007354394944693329,351
logistic_regression_tau_0_2,CWE-118,0.18247170083080055,1.0,0.0,0.0,1.0,0.0,0.30862759538726325,0.5274093562743876,0.0,0.18247170083080055,0.5,0.5551583580231805,0.21013049302514938,10585
logistic_regression_tau_0_2,CWE-190,0.02423762896740832,1.0,0.0,0.0,1.0,0.0,0.04732813304706098,0.11047728730264554,0.0,0.02423762896740832,0.5,0.5229475917590569,0.03992592301466577,1406
logistic_regression_tau_0_2,CWE-191,0.0028843229088400014,1.0,0.0019017832963206017,1.0,0.9980982167036794,0.0,0.005752051606853585,0.014257092530878266,0.002333178479710505,0.004775175916263622,0.5009508916481603,0.5009508916481603,0.0028843229088400014,167
logistic_regression_tau_0_2,CWE-20,0.033201748546801,1.0,0.0,0.0,1.0,0.0,0.06426963043561743,0.14654634230132185,0.0,0.033201748546801,0.5,0.5021361089245,0.0334088326576056,1926
logistic_regression_tau_0_2,CWE-269,0.0020169190683466502,1.0,0.0,0.0,1.0,0.0,0.004025715119810396,0.010003853157712576,0.0,0.0020169190683466502,0.5,0.5003627144533902,0.0020183879974090676,117
logistic_regression_tau_0_2,CWE-285,0.004888655415294576,1.0,0.002078691602021196,1.0,0.9979213083979788,0.0,0.0097297421417038,0.023974433722918898,0.003168574447246465,0.006947114309004183,0.5010393458010106,0.5157582706908598,0.0075216177643283606,283
logistic_regression_tau_0_2,CWE-287,0.00549915338815374,1.0,0.0,0.0,1.0,0.0,0.010938153700230322,0.02690394709650003,0.0,0.00549915338815374,0.5,0.5,0.00549915338815374,319
logistic_regression_tau_0_2,CWE-369,0.004723411627418168,1.0,0.0,0.0,1.0,0.0,0.009402409330838453,0.02317909641830872,0.0,0.004723411627418168,0.5,0.4963466270362805,0.0046901118961318895,274
logistic_regression_tau_0_2,CWE-400,0.009963978487454754,1.0,0.0,0.0,1.0,0.0,0.019731350455816983,0.04791034625651806,0.0,0.009963978487454754,0.5,0.5,0.009963978487454754,578
logistic_regression_tau_0_2,CWE-404,0.021149487678150683,0.9983706653393064,0.0015146784654215184,0.7875850340136055,0.9984853215345785,0.001629334660693546,0.041421496580912855,0.0974867497524868,0.00022278994502543514,0.022600064839315436,0.499942671902364,0.5016410806766494,0.021220192664948366,1227
logistic_regression_tau_0_2,CWE-476,0.02901274690402008,1.0,0.0,0.0,1.0,0.0,0.0563894761527696,0.12997945582352088,0.0,0.02901274690402008,0.5,0.5091897001566832,0.03218342847005996,1683
logistic_regression_tau_0_2,CWE-662,0.01367449972522725,0.9974842767295599,0.0002796469457310146,0.17777777777777776,0.999720353054269,0.002515723270440252,0.026979142549131564,0.06481813311603717,-0.00660525528969922,0.013946108806724913,0.4988819618376453,0.5067266610035903,0.01390019957384669,795
logistic_regression_tau_0_2,CWE-665,0.0024268274153773834,0.993103448275862,0.005513347520200983,0.9983870967741936,0.9944866524797991,0.006896551724137931,0.004841819579272804,0.012016644302524263,0.00023197400586061614,0.007913275194268429,0.4993083978980315,0.4892249352206825,0.002396681902855259,141
logistic_regression_tau_0_2,CWE-668,0.023499176884279056,0.9992647058823529,0.0001059135039717564,0.17142857142857143,0.9998940864960282,0.0007352941176470588,0.04591851086633257,0.1073937798834899,-0.0038781836581352133,0.02359978703766371,0.4996853096931623,0.5717461068715048,0.03209331078129391,1364
logistic_regression_tau_0_2,CWE-704,0.007570515711011796,0.9977272727272727,0.00034728251432540375,0.19047619047619047,0.9996527174856746,0.0022727272727272726,0.015027010028003208,0.036737555086174475,-0.003930097003325016,0.007912447402766191,0.4990372776207991,0.4985679564250338,0.007572766494135713,440
logistic_regression_tau_0_2,CWE-705,0.004551018628271632,1.0,0.0,0.0,1.0,0.0,0.009060799026555655,0.02234824107376775,0.0,0.004551018628271632,0.5,0.5,0.004551018628271632,264
logistic_regression_tau_0_2,CWE-706,0.013911640926990567,1.0,0.0,0.0,1.0,0.0,0.027441521470066323,0.06589153231662973,0.0,0.013911640926990567,0.5,0.4992739693114726,0.013896650738767105,807
logistic_regression_tau_0_2,CWE-74,0.016185523688973615,1.0,0.000981274203166976,1.0,0.999018725796833,0.0,0.031855447342283294,0.07600675513848174,0.003928666592654452,0.01713532140119859,0.5004906371015835,0.6208730429170247,0.10188672421624693,938
logistic_regression_tau_0_2,CWE-754,0.002848926878455701,0.9882352941176471,0.0015732370220785576,0.9885714285714287,0.9984267629779214,0.011764705882352941,0.0056814713136666434,0.014082211265444917,-0.009522218190746645,0.004413081619025231,0.49490426556986283,0.4944720372041598,0.0028509069999639236,167
logistic_regression_tau_0_2,CWE-834,0.006050794354607701,1.0,0.0,0.0,1.0,0.0,0.012028802337117644,0.029539009169382607,0.0,0.006050794354607701,0.5,0.5039388917044411,0.007354394944693329,351
logistic_regression_tau_0_3,CWE-118,0.18247170083080055,1.0,0.0,0.0,1.0,0.0,0.30862759538726325,0.5274093562743876,0.0,0.18247170083080055,0.5,0.5551583580231805,0.21013049302514938,10585
logistic_regression_tau_0_3,CWE-190,0.024214830758583543,0.9985790363696019,0.00045935001703334205,0.3708333333333333,0.9995406499829667,0.0014209636303980212,0.04728307613321234,0.11036866846317275,-0.004317271080868641,0.024651356757574305,0.4995191931933176,0.5229475917590569,0.03992592301466577,1406
logistic_regression_tau_0_3,CWE-191,0.0028843229088400014,1.0,0.0019017832963206017,1.0,0.9980982167036794,0.0,0.005752051606853585,0.014257092530878266,0.002333178479710505,0.004775175916263622,0.5009508916481603,0.5009508916481603,0.0028843229088400014,167
logistic_regression_tau_0_3,CWE-20,0.033201748546801,1.0,0.0,0.0,1.0,0.0,0.06426963043561743,0.14654634230132185,0.0,0.033201748546801,0.5,0.5021361089245,0.0334088326576056,1926
logistic_regression_tau_0_3,CWE-269,0.0020183879974090676,1.0,0.000725428906780469,1.0,0.9992745710932196,0.0,0.004028641091625471,0.010011080014468442,0.001193317412040144,0.0027408772434892323,0.5003627144533902,0.5003627144533902,0.0020183879974090676,117
logistic_regression_tau_0_3,CWE-285,0.004888740450791152,1.0,0.002096009118689306,1.0,0.9979039908813107,0.0,0.009729910550490424,0.02397484263742149,0.00318105462784603,0.0069643467749700635,0.5010480045593446,0.5157582706908598,0.0075216177643283606,283
logistic_regression_tau_0_3,CWE-287,0.00549915338815374,1.0,0.0,0.0,1.0,0.0,0.010938153700230322,0.02690394709650003,0.0,0.00549915338815374,0.5,0.5,0.00549915338815374,319
logistic_regression_tau_0_3,CWE-369,0.004723411627418168,1.0,0.0,0.0,1.0,0.0,0.009402409330838453,0.02317909641830872,0.0,0.004723411627418168,0.5,0.4963466270362805,0.0046901118961318895,274
logistic_regression_tau_0_3,CWE-400,0.009963978487454754,1.0,0.0,0.0,1.0,0.0,0.019731350455816983,0.04791034625651806,0.0,0.009963978487454754,0.5,0.5,0.009963978487454754,578
logistic_regression_tau_0_3,CWE-404,0.021202951766174396,0.9983706653393064,0.004086014506933043,0.9928414442700157,0.9959139854930671,0.001629334660693546,0.04152402843923446,0.0977138872030471,0.005850461950341407,0.025116988451838927,0.5012283399231198,0.5016410806766494,0.021220192664948366,1227
logistic_regression_tau_0_3,CWE-476,0.02901274690402008,1.0,0.0,0.0,1.0,0.0,0.0563894761527696,0.12997945582352088,0.0,0.02901274690402008,0.5,0.5091897001566832,0.03218342847005996,1683
logistic_regression_tau_0_3,CWE-662,0.01367449972522725,0.9974842767295599,0.0002796469457310146,0.17777777777777776,0.999720353054269,0.002515723270440252,0.026979142549131564,0.06481813311603717,-0.00660525528969922,0.013946108806724913,0.4988819618376453,0.5067266610035903,0.01390019957384669,795
logistic_regression_tau_0_3,CWE-665,0.0023934436540499317,0.9788177339901478,0.006014396095920102,0.992831541218638,0.9939856039040798,0.021182266009852214,0.004775207498387848,0.01185126914864141,-0.008524761184048222,0.008378643858397334,0.4924160650430339,0.4892249352206825,0.002396681902855259,141
logistic_regression_tau_0_3,CWE-668,0.023499176884279056,0.9992647058823529,0.0001059135039717564,0.17142857142857143,0.9998940864960282,0.0007352941176470588,0.04591851086633257,0.1073937798834899,-0.0038781836581352133,0.02359978703766371,0.4996853096931623,0.5717461068715048,0.03209331078129391,1364
logistic_regression_tau_0_3,CWE-704,0.007570515711011796,0.9977272727272727,0.00034728251432540375,0.19047619047619047,0.9996527174856746,0.0022727272727272726,0.015027010028003208,0.036737555086174475,-0.003930097003325016,0.007912447402766191,0.4990372776207991,0.4985679564250338,0.007572766494135713,440
logistic_regression_tau_0_3,CWE-705,0.004551018628271632,1.0,0.0,0.0,1.0,0.0,0.009060799026555655,0.02234824107376775,0.0,0.004551018628271632,0.5,0.5,0.004551018628271632,264
logistic_regression_tau_0_3,CWE-706,0.013896072428770338,0.9987577639751553,0.00010484927916120576,0.17142857142857143,0.9998951507208389,0.0012422360248447203,0.02741076556270635,0.06581736748774791,-0.005418383065631441,0.013997803256819966,0.4994313066271582,0.4992739693114726,0.013896650738767105,807
logistic_regression_tau_0_3,CWE-74,0.016185523688973615,1.0,0.000981274203166976,1.0,0.999018725796833,0.0,0.031855447342283294,0.07600675513848174,0.003928666592654452,0.01713532140119859,0.5004906371015835,0.6208730429170247,0.10188672421624693,938
logistic_regression_tau_0_3,CWE-754,0.002848926878455701,0.9882352941176471,0.0015732370220785576,0.9885714285714287,0.9984267629779214,0.011764705882352941,0.0056814713136666434,0.014082211265444917,-0.009522218190746645,0.004413081619025231,0.49490426556986283,0.4944720372041598,0.0028509069999639236,167
logistic_regression_tau_0_3,CWE-834,0.006050794354607701,1.0,0.0,0.0,1.0,0.0,0.012028802337117644,0.029539009169382607,0.0,0.006050794354607701,0.5,0.5039388917044411,0.007354394944693329,351
logistic_regression_tau_0_4,CWE-118,0.18247170083080055,1.0,0.0,0.0,1.0,0.0,0.30862759538726325,0.5274093562743876,0.0,0.18247170083080055,0.5,0.5551583580231805,0.21013049302514938,10585
logistic_regression_tau_0_4,CWE-190,0.024214830758583543,0.9985790363696019,0.00045935001703334205,0.3708333333333333,0.9995406499829667,0.0014209636303980212,0.04728307613321234,0.11036866846317275,-0.004317271080868641,0.024651356757574305,0.4995191931933176,0.5229475917590569,0.03992592301466577,1406
logistic_regression_tau_0_4,CWE-191,0.0028843229088400014,1.0,0.0019017832963206017,1.0,0.9980982167036794,0.0,0.005752051606853585,0.014257092530878266,0.002333178479710505,0.004775175916263622,0.5009508916481603,0.5009508916481603,0.0028843229088400014,167
logistic_regression_tau_0_4,CWE-20,0.033201748546801,1.0,0.0,0.0,1.0,0.0,0.06426963043561743,0.14654634230132185,0.0,0.033201748546801,0.5,0.5021361089245,0.0334088326576056,1926
logistic_regression_tau_0_4,CWE-269,0.0020183879974090676,1.0,0.000725428906780469,1.0,0.9992745710932196,0.0,0.004028641091625471,0.010011080014468442,0.001193317412040144,0.0027408772434892323,0.5003627144533902,0.5003627144533902,0.0020183879974090676,117
logistic_regression_tau_0_4,CWE-285,0.004890000597164389,1.0,0.0023558663814132355,1.0,0.9976441336185868,0.0,0.009732406514385382,0.023980905273169355,0.0033712636810682164,0.007222943694943726,0.5011779331907066,0.5157582706908598,0.0075216177643283606,283
logistic_regression_tau_0_4,CWE-287,0.00549915338815374,1.0,0.0,0.0,1.0,0.0,0.010938153700230322,0.02690394709650003,0.0,0.00549915338815374,0.5,0.5,0.00549915338815374,319
logistic_regression_tau_0_4,CWE-369,0.004723411627418168,1.0,0.0,0.0,1.0,0.0,0.009402409330838453,0.02317909641830872,0.0,0.004723411627418168,0.5,0.4963466270362805,0.0046901118961318895,274
logistic_regression_tau_0_4,CWE-400,0.009963978487454754,1.0,0.0,0.0,1.0,0.0,0.019731350455816983,0.04791034625651806,0.0,0.009963978487454754,0.5,0.5,0.009963978487454754,578
logistic_regression_tau_0_4,CWE-404,0.021204048911909298,0.9983706653393064,0.004138845360151322,0.9930769230769231,0.9958611546398487,0.001629334660693546,0.041526132531283885,0.09771854848067403,0.0059623029292851975,0.02516870367335246,0.5012547553497289,0.5016410806766494,0.021220192664948366,1227
logistic_regression_tau_0_4,CWE-476,0.02901274690402008,1.0,0.0,0.0,1.0,0.0,0.0563894761527696,0.12997945582352088,0.0,0.02901274690402008,0.5,0.5091897001566832,0.03218342847005996,1683
logistic_regression_tau_0_4,CWE-662,0.013903532391098766,0.979874213836478,0.03432696641961292,0.9918907619448755,0.9656730335803871,0.020125786163522015,0.027418027443878216,0.06578399721550582,0.009070195383394469,0.04728546297291938,0.5071005901280454,0.5067266610035903,0.01390019957384669,795
logistic_regression_tau_0_4,CWE-665,0.0023937416928935164,0.9788177339901478,0.006135430071886211,0.9929177268871925,0.9938645699281137,0.021182266009852214,0.004775800572908403,0.011852729648513288,-0.008405515943271434,0.008499375145047904,0.49247658203101696,0.4892249352206825,0.002396681902855259,141
logistic_regression_tau_0_4,CWE-668,0.023499176884279056,0.9992647058823529,0.0001059135039717564,0.17142857142857143,0.9998940864960282,0.0007352941176470588,0.04591851086633257,0.1073937798834899,-0.0038781836581352133,0.02359978703766371,0.4996853096931623,0.5717461068715048,0.03209331078129391,1364
logistic_regression_tau_0_4,CWE-704,0.007570515711011796,0.9977272727272727,0.00034728251432540375,0.19047619047619047,0.9996527174856746,0.0022727272727272726,0.015027010028003208,0.036737555086174475,-0.003930097003325016,0.007912447402766191,0.4990372776207991,0.4985679564250338,0.007572766494135713,440
logistic_regression_tau_0_4,CWE-705,0.004551018628271632,1.0,0.0,0.0,1.0,0.0,0.009060799026555655,0.02234824107376775,0.0,0.004551018628271632,0.5,0.5,0.004551018628271632,264
logistic_regression_tau_0_4,CWE-706,0.013896072428770338,0.9987577639751553,0.00010484927916120576,0.17142857142857143,0.9998951507208389,0.0012422360248447203,0.02741076556270635,0.06581736748774791,-0.005418383065631441,0.013997803256819966,0.4994313066271582,0.4992739693114726,0.013896650738767105,807
logistic_regression_tau_0_4,CWE-74,0.016185523688973615,1.0,0.000981274203166976,1.0,0.999018725796833,0.0,0.031855447342283294,0.07600675513848174,0.003928666592654452,0.01713532140119859,0.5004906371015835,0.6208730429170247,0.10188672421624693,938
logistic_regression_tau_0_4,CWE-754,0.002848926878455701,0.9882352941176471,0.0015732370220785576,0.9885714285714287,0.9984267629779214,0.011764705882352941,0.0056814713136666434,0.014082211265444917,-0.009522218190746645,0.004413081619025231,0.49490426556986283,0.4944720372041598,0.0028509069999639236,167
logistic_regression_tau_0_4,CWE-834,0.006050794354607701,1.0,0.0,0.0,1.0,0.0,0.012028802337117644,0.029539009169382607,0.0,0.006050794354607701,0.5,0.5039388917044411,0.007354394944693329,351
logistic_regression_tau_0_5,CWE-118,0.2375034432056355,0.37572035899858286,0.7307482903501243,0.8398547799149355,0.2692517096498757,0.6242796410014171,0.29103199762588156,0.33654568066627444,0.09075346300166912,0.6659656357485315,0.5532343246743536,0.5551583580231805,0.21013049302514938,10585
logistic_regression_tau_0_5,CWE-190,0.07497457369265223,0.06544004442088791,0.9800011809985646,0.9768603774528376,0.019998819001435388,0.9345599555791122,0.06976193676565914,0.0670783408797926,0.048494444010474744,0.9578342107168545,0.5227206127097263,0.5229475917590569,0.03992592301466577,1406
logistic_regression_tau_0_5,CWE-191,0.0028843229088400014,1.0,0.0019017832963206017,1.0,0.9980982167036794,0.0,0.005752051606853585,0.014257092530878266,0.002333178479710505,0.004775175916263622,0.5009508916481603,0.5009508916481603,0.0028843229088400014,167
logistic_regression_tau_0_5,CWE-20,0.037318097584925956,0.06178049929345266,0.9454024575521274,0.9670426476176655,0.054597542447872606,0.9382195007065472,0.0465137399171348,0.05460274798463113,0.005595777688622629,0.9160648883531133,0.5035914784227901,0.5021361089245,0.0334088326576056,1926
logistic_regression_tau_0_5,CWE-269,0.0012075553554568813,0.6,0.4004835909201739,0.9991896610213628,0.5995164090798262,0.4,0.0024102578726872916,0.005989539293884865,0.0007602919695316225,0.400878855618992,0.5002417954600868,0.5003627144533902,0.0020183879974090676,117
logistic_regression_tau_0_5,CWE-285,0.054077841662980984,0.0318922305764411,0.9973495152269904,0.9952633697978015,0.002650484773009511,0.9681077694235588,0.0399718892015297,0.034680130410647006,0.0379069202895936,0.9926390241788781,0.5146208729017158,0.5157582706908598,0.0075216177643283606,283
logistic_regression_tau_0_5,CWE-287,0.0011038289065194895,0.2,0.8,0.7956046755183658,0.2,0.8,0.0021955403087478556,0.005399932500843739,0.0,0.7967085044248853,0.5,0.5,0.00549915338815374,319
logistic_regression_tau_0_5,CWE-369,0.0,0.0,0.9998787488730303,0.9952760176430241,0.00012125112696968953,1.0,0.0,0.0,-0.0006707425997936457,0.9951559105949489,0.49993937443651515,0.4963466270362805,0.0046901118961318895,274
logistic_regression_tau_0_5,CWE-400,0.009963978487454754,1.0,0.0,0.0,1.0,0.0,0.019731350455816983,0.04791034625651806,0.0,0.009963978487454754,0.5,0.5,0.009963978487454754,578
logistic_regression_tau_0_5,CWE-404,0.021220205536226198,0.9983706653393064,0.004913645182199554,0.9936443883984868,0.9950863548178004,0.001629334660693546,0.04155711627280906,0.09778718047184667,0.006964651123767272,0.025927125264001333,0.5016421552607531,0.5016410806766494,0.021220192664948366,1227
logistic_regression_tau_0_5,CWE-476,0.08619273769482211,0.026730959446092977,0.9915846444995078,0.9715082000684875,0.008415355500492307,0.9732690405539071,0.040781210659642755,0.031002345378564437,0.03249567330269139,0.9635918569624273,0.5091578019728004,0.5091897001566832,0.03218342847005996,1683
logistic_regression_tau_0_5,CWE-662,0.013903532391098766,0.979874213836478,0.03432696641961292,0.9918907619448755,0.9656730335803871,0.020125786163522015,0.027418027443878216,0.06578399721550582,0.009070195383394469,0.04728546297291938,0.5071005901280454,0.5067266610035903,0.01390019957384669,795
logistic_regression_tau_0_5,CWE-665,0.0004509191814082553,0.18571428571428572,0.7959565897470888,0.9924836063028722,0.20404341025291123,0.8142857142857143,0.0008996539792387544,0.0022329096530401926,-0.011177018236109372,0.7944664084909846,0.4908354377306873,0.4892249352206825,0.002396681902855259,141
logistic_regression_tau_0_5,CWE-668,0.06087639137348129,0.2294790993320405,0.9147848967196396,0.9801210793931519,0.08521510328036033,0.7705209006679594,0.09622000312003662,0.14766417067448293,0.07690266840444135,0.8986707798149756,0.5721319980258401,0.5717461068715048,0.03209331078129391,1364
logistic_regression_tau_0_5,CWE-704,0.0015023312035917803,0.19772727272727272,0.799183371727295,0.9855889249104711,0.20081662827270494,0.8022727272727274,0.002982005141388175,0.007290095525389643,-0.006285610201435793,0.7946202185028429,0.49845532222728395,0.4985679564250338,0.007572766494135713,440
logistic_regression_tau_0_5,CWE-705,0.004551018628271632,1.0,0.0,0.0,1.0,0.0,0.009060799026555655,0.02234824107376775,0.0,0.004551018628271632,0.5,0.5,0.004551018628271632,264
logistic_regression_tau_0_5,CWE-706,0.0027588585222864037,0.19875776397515527,0.7997552034947107,0.9602865542494081,0.2002447965052892,0.8012422360248447,0.0054421768707483,0.01306869231397533,-0.007359685042924294,0.7913785983671002,0.49925648373493303,0.4992739693114726,0.013896650738767105,807
logistic_regression_tau_0_5,CWE-74,0.3537695283554677,0.24842416657185118,0.9925355726334061,0.987707020671334,0.007464427366593794,0.7515758334281488,0.2918621661613784,0.26414663398146254,0.2868384663765553,0.9805029645624572,0.6204798696026288,0.6208730429170247,0.10188672421624693,938
logistic_regression_tau_0_5,CWE-754,0.0005532025239865157,0.18823529411764706,0.799688697979052,0.9862760455576746,0.20031130202094802,0.8117647058823529,0.0011031629750926483,0.0027338744126441687,-0.012453159758690848,0.7979482370197974,0.4939619960483495,0.4944720372041598,0.0028509069999639236,167
logistic_regression_tau_0_5,CWE-834,0.0641025641025641,0.008571428571428572,0.9993063548374537,0.993996485659552,0.000693645162546425,0.9914285714285714,0.01490171211160431,0.010322442063056398,0.0210572857859078,0.9933114588318018,0.5039388917044411,0.5039388917044411,0.007354394944693329,351
logistic_regression_tau_0_6,CWE-118,0.3816577688990148,0.02720831365139348,0.9901945922492565,0.8201590862961771,0.009805407750743424,0.9727916863486066,0.05076315861793305,0.033408994096985355,0.05918745933361088,0.8144770012664072,0.508701452950325,0.5551583580231805,0.21013049302514938,10585
logistic_regression_tau_0_6,CWE-190,0.0754889247213543,0.06544004442088791,0.9801071787019477,0.9768627430824376,0.019892821298052296,0.9345599555791122,0.0699908998948219,0.0671640272381012,0.04879493584039227,0.9579376411598816,0.5227736115614178,0.5229475917590569,0.03992592301466577,1406
logistic_regression_tau_0_6,CWE-191,0.0,0.0,1.0,0.9971211397007419,0.0,1.0,0.0,0.0,0.0,0.9971211397007419,0.5,0.5009508916481603,0.0028843229088400014,167
logistic_regression_tau_0_6,CWE-20,0.02559163059163059,0.0036336720274544113,0.9962376207491468,0.9667940797565997,0.0037623792508531136,0.9963663279725455,0.006356584978773368,0.00438487865833734,-0.00035540030082592197,0.9632814719037361,0.4999356463883006,0.5021361089245,0.0334088326576056,1926
logistic_regression_tau_0_6,CWE-269,0.0,0.0,1.0,0.9979830809316533,0.0,1.0,0.0,0.0,0.0,0.9979830809316533,0.5,0.5003627144533902,0.0020183879974090676,117
logistic_regression_tau_0_6,CWE-285,0.054077841662980984,0.0318922305764411,0.9973495152269904,0.9952633697978015,0.002650484773009511,0.9681077694235588,0.0399718892015297,0.034680130410647006,0.0379069202895936,0.9926390241788781,0.5146208729017158,0.5157582706908598,0.0075216177643283606,283
logistic_regression_tau_0_6,CWE-287,0.0,0.0,1.0,0.9945008466118462,0.0,1.0,0.0,0.0,0.0,0.9945008466118462,0.5,0.5,0.00549915338815374,319
logistic_regression_tau_0_6,CWE-369,0.0,0.0,0.9998787488730303,0.9952760176430241,0.00012125112696968953,1.0,0.0,0.0,-0.0006707425997936457,0.9951559105949489,0.49993937443651515,0.4963466270362805,0.0046901118961318895,274
logistic_regression_tau_0_6,CWE-400,0.0,0.0,1.0,0.9900360215125452,0.0,1.0,0.0,0.0,0.0,0.9900360215125452,0.5,0.5,0.009963978487454754,578
logistic_regression_tau_0_6,CWE-404,0.0,0.0,1.0,0.9788480981824212,0.0,1.0,0.0,0.0,0.0,0.9788480981824212,0.5,0.5016410806766494,0.021220192664948366,1227
logistic_regression_tau_0_6,CWE-476,0.08619273769482211,0.026730959446092977,0.9915846444995078,0.9715082000684875,0.008415355500492307,0.9732690405539071,0.040781210659642755,0.031002345378564437,0.03249567330269139,0.9635918569624273,0.5091578019728004,0.5091897001566832,0.03218342847005996,1683
logistic_regression_tau_0_6,CWE-662,0.0,0.0,0.9993183146828951,0.986286005394376,0.000681685317104958,1.0,0.0,0.0,-0.0026785858419662175,0.9856228863770775,0.49965915734144756,0.5067266610035903,0.01390019957384669,795
logistic_regression_tau_0_6,CWE-665,0.0,0.0,0.9976669983528822,0.9975636642575225,0.0023330016471176758,1.0,0.0,0.0,-0.001836368465443643,0.9952419764646321,0.4988334991764411,0.4892249352206825,0.002396681902855259,141
logistic_regression_tau_0_6,CWE-668,0.06087639137348129,0.2294790993320405,0.9147848967196396,0.9801210793931519,0.08521510328036033,0.7705209006679594,0.09622000312003662,0.14766417067448293,0.07690266840444135,0.8986707798149756,0.5721319980258401,0.5717461068715048,0.03209331078129391,1364
logistic_regression_tau_0_6,CWE-704,0.0,0.0,0.9987839968358209,0.992405801238807,0.0012160031641791625,1.0,0.0,0.0,-0.002708338321064376,0.9912081902415988,0.49939199841791043,0.4985679564250338,0.007572766494135713,440
logistic_regression_tau_0_6,CWE-705,0.0,0.0,1.0,0.9954489813717284,0.0,1.0,0.0,0.0,0.0,0.9954489813717284,0.5,0.5,0.004551018628271632,264
logistic_regression_tau_0_6,CWE-706,0.0,0.0,0.9996503542155496,0.98608355580033,0.00034964578445041927,1.0,0.0,0.0,-0.0019413019772928526,0.9857435819962574,0.4998251771077748,0.4992739693114726,0.013896650738767105,807
logistic_regression_tau_0_6,CWE-74,0.3547567291819614,0.24842416657185118,0.9925706357470107,0.9877074619933994,0.007429364252989306,0.7515758334281488,0.29219810694205006,0.26425668510404793,0.28727413109556765,0.9805374592157857,0.620497401159431,0.6208730429170247,0.10188672421624693,938
logistic_regression_tau_0_6,CWE-754,0.0,0.0,0.9991182571838921,0.9971186121603239,0.0008817428161079128,1.0,0.0,0.0,-0.001419494799170835,0.9962419288502007,0.49955912859194607,0.4944720372041598,0.0028509069999639236,167
logistic_regression_tau_0_6,CWE-834,0.0641025641025641,0.008571428571428572,0.9993063548374537,0.993996485659552,0.000693645162546425,0.9914285714285714,0.01490171211160431,0.010322442063056398,0.0210572857859078,0.9933114588318018,0.5039388917044411,0.5039388917044411,0.007354394944693329,351
logistic_regression_tau_0_7,CWE-118,0.5245590657066067,0.015682569674067077,0.9966471507973587,0.8193784207034067,0.0033528492026413414,0.9843174303259328,0.030382977853106174,0.01944574334982409,0.06449549399640346,0.8176489383318097,0.5061648602357128,0.5551583580231805,0.21013049302514938,10585
logistic_regression_tau_0_7,CWE-190,0.24657067070860172,0.024179096943540042,0.9981449494544281,0.976291693407753,0.0018550505455719479,0.9758209030564599,0.044004922820872955,0.029493966293421613,0.07045047598719953,0.9745384261727598,0.5111620231989841,0.5229475917590569,0.03992592301466577,1406
logistic_regression_tau_0_7,CWE-191,0.0,0.0,1.0,0.9971211397007419,0.0,1.0,0.0,0.0,0.0,0.9971211397007419,0.5,0.5009508916481603,0.0028843229088400014,167
logistic_regression_tau_0_7,CWE-20,0.0,0.0,1.0,0.9667982514531991,0.0,1.0,0.0,0.0,0.0,0.9667982514531991,0.5,0.5021361089245,0.0334088326576056,1926
logistic_regression_tau_0_7,CWE-269,0.0,0.0,1.0,0.9979830809316533,0.0,1.0,0.0,0.0,0.0,0.9979830809316533,0.5,0.5003627144533902,0.0020183879974090676,117
logistic_regression_tau_0_7,CWE-285,0.054077841662980984,0.0318922305764411,0.9973495152269904,0.9952633697978015,0.002650484773009511,0.9681077694235588,0.0399718892015297,0.034680130410647006,0.0379069202895936,0.9926390241788781,0.5146208729017158,0.5157582706908598,0.0075216177643283606,283
logistic_regression_tau_0_7,CWE-287,0.0,0.0,1.0,0.9945008466118462,0.0,1.0,0.0,0.0,0.0,0.9945008466118462,0.5,0.5,0.00549915338815374,319
logistic_regression_tau_0_7,CWE-369,0.0,0.0,0.9998787488730303,0.9952760176430241,0.00012125112696968953,1.0,0.0,0.0,-0.0006707425997936457,0.9951559105949489,0.49993937443651515,0.4963466270362805,0.0046901118961318895,274
logistic_regression_tau_0_7,CWE-400,0.0,0.0,1.0,0.9900360215125452,0.0,1.0,0.0,0.0,0.0,0.9900360215125452,0.5,0.5,0.009963978487454754,578
logistic_regression_tau_0_7,CWE-404,0.0,0.0,1.0,0.9788480981824212,0.0,1.0,0.0,0.0,0.0,0.9788480981824212,0.5,0.5016410806766494,0.021220192664948366,1227
logistic_regression_tau_0_7,CWE-476,0.1515977238749516,0.014253921153030947,0.9969110422941048,0.9713030697934274,0.0030889577058952076,0.9857460788469691,0.025202680420891455,0.01722648026784865,0.036025747328003066,0.9684016969185938,0.5055824817235679,0.5091897001566832,0.03218342847005996,1683
logistic_regression_tau_0_7,CWE-662,0.0,0.0,0.9993183146828951,0.986286005394376,0.000681685317104958,1.0,0.0,0.0,-0.0026785858419662175,0.9856228863770775,0.49965915734144756,0.5067266610035903,0.01390019957384669,795
logistic_regression_tau_0_7,CWE-665,0.0,0.0,0.9992741875000352,0.9975675713395497,0.0007258124999648204,1.0,0.0,0.0,-0.001183957758318168,0.9968452865241098,0.4996370937500176,0.4892249352206825,0.002396681902855259,141
logistic_regression_tau_0_7,CWE-668,0.06087639137348129,0.2294790993320405,0.9147848967196396,0.9801210793931519,0.08521510328036033,0.7705209006679594,0.09622000312003662,0.14766417067448293,0.07690266840444135,0.8986707798149756,0.5721319980258401,0.5717461068715048,0.03209331078129391,1364
logistic_regression_tau_0_7,CWE-704,0.0,0.0,1.0,0.9924149694505855,0.0,1.0,0.0,0.0,0.0,0.9924149694505855,0.5,0.4985679564250338,0.007572766494135713,440
logistic_regression_tau_0_7,CWE-705,0.0,0.0,1.0,0.9954489813717284,0.0,1.0,0.0,0.0,0.0,0.9954489813717284,0.5,0.5,0.004551018628271632,264
logistic_regression_tau_0_7,CWE-706,0.0,0.0,0.9996503542155496,0.98608355580033,0.00034964578445041927,1.0,0.0,0.0,-0.0019413019772928526,0.9857435819962574,0.4998251771077748,0.4992739693114726,0.013896650738767105,807
logistic_regression_tau_0_7,CWE-74,0.357678690283213,0.24842416657185118,0.9926582382420372,0.9877085075106249,0.007341761757962692,0.7515758334281488,0.2931821334640513,0.26457759286063937,0.28854872788712493,0.980623648280527,0.6205412024069442,0.6208730429170247,0.10188672421624693,938
logistic_regression_tau_0_7,CWE-754,0.0,0.0,0.9991182571838921,0.9971186121603239,0.0008817428161079128,1.0,0.0,0.0,-0.001419494799170835,0.9962419288502007,0.49955912859194607,0.4944720372041598,0.0028509069999639236,167
logistic_regression_tau_0_7,CWE-834,0.0641025641025641,0.008571428571428572,0.9993063548374537,0.993996485659552,0.000693645162546425,0.9914285714285714,0.01490171211160431,0.010322442063056398,0.0210572857859078,0.9933114588318018,0.5039388917044411,0.5039388917044411,0.007354394944693329,351
logistic_regression_tau_0_8,CWE-118,0.45174185463659144,0.007463391591875296,0.9979755641776112,0.8183425012518368,0.0020244358223887745,0.9925366084081247,0.01465326425421123,0.00928585264926267,0.03761355145329839,0.8172352313924833,0.5027194778847432,0.5551583580231805,0.21013049302514938,10585
logistic_regression_tau_0_8,CWE-190,0.3110059676044331,0.022755609399056055,0.9987278494696088,0.9762715322335144,0.0012721505303912386,0.9772443906009439,0.042203694142252016,0.027895626542369722,0.07788051551182179,0.9750727380762735,0.5107417294343325,0.5229475917590569,0.03992592301466577,1406
logistic_regression_tau_0_8,CWE-191,0.0,0.0,1.0,0.9971211397007419,0.0,1.0,0.0,0.0,0.0,0.9971211397007419,0.5,0.5009508916481603,0.0028843229088400014,167
logistic_regression_tau_0_8,CWE-20,0.0,0.0,1.0,0.9667982514531991,0.0,1.0,0.0,0.0,0.0,0.9667982514531991,0.5,0.5021361089245,0.0334088326576056,1926
logistic_regression_tau_0_8,CWE-269,0.0,0.0,1.0,0.9979830809316533,0.0,1.0,0.0,0.0,0.0,0.9979830809316533,0.5,0.5003627144533902,0.0020183879974090676,117
logistic_regression_tau_0_8,CWE-285,0.054077841662980984,0.0318922305764411,0.9973495152269904,0.9952633697978015,0.002650484773009511,0.9681077694235588,0.0399718892015297,0.034680130410647006,0.0379069202895936,0.9926390241788781,0.5146208729017158,0.5157582706908598,0.0075216177643283606,283
logistic_regression_tau_0_8,CWE-287,0.0,0.0,1.0,0.9945008466118462,0.0,1.0,0.0,0.0,0.0,0.9945008466118462,0.5,0.5,0.00549915338815374,319
logistic_regression_tau_0_8,CWE-369,0.0,0.0,0.9998787488730303,0.9952760176430241,0.00012125112696968953,1.0,0.0,0.0,-0.0006707425997936457,0.9951559105949489,0.49993937443651515,0.4963466270362805,0.0046901118961318895,274
logistic_regression_tau_0_8,CWE-400,0.0,0.0,1.0,0.9900360215125452,0.0,1.0,0.0,0.0,0.0,0.9900360215125452,0.5,0.5,0.009963978487454754,578
logistic_regression_tau_0_8,CWE-404,0.0,0.0,1.0,0.9788480981824212,0.0,1.0,0.0,0.0,0.0,0.9788480981824212,0.5,0.5016410806766494,0.021220192664948366,1227
logistic_regression_tau_0_8,CWE-476,0.18773633773633774,0.013066977532852903,0.9983133676690936,0.9713086592553164,0.0016866323309063021,0.9869330224671472,0.02441222725332306,0.016050533153686434,0.042466945484478866,0.9697288254949468,0.5056901726009733,0.5091897001566832,0.03218342847005996,1683
logistic_regression_tau_0_8,CWE-662,0.0,0.0,0.9999475784136,0.9862945203845828,5.242158639988127e-05,1.0,0.0,0.0,-0.0005283125718589451,0.9862435255555926,0.4999737892068,0.5067266610035903,0.01390019957384669,795
logistic_regression_tau_0_8,CWE-665,0.0,0.0,0.9992741875000352,0.9975675713395497,0.0007258124999648204,1.0,0.0,0.0,-0.001183957758318168,0.9968452865241098,0.4996370937500176,0.4892249352206825,0.002396681902855259,141
logistic_regression_tau_0_8,CWE-668,0.0,0.0,1.0,0.9764864049981922,0.0,1.0,0.0,0.0,0.0,0.9764864049981922,0.5,0.5717461068715048,0.03209331078129391,1364
logistic_regression_tau_0_8,CWE-704,0.0,0.0,1.0,0.9924149694505855,0.0,1.0,0.0,0.0,0.0,0.9924149694505855,0.5,0.4985679564250338,0.007572766494135713,440
logistic_regression_tau_0_8,CWE-705,0.0,0.0,1.0,0.9954489813717284,0.0,1.0,0.0,0.0,0.0,0.9954489813717284,0.5,0.5,0.004551018628271632,264
logistic_regression_tau_0_8,CWE-706,0.0,0.0,1.0,0.9860883590730094,0.0,1.0,0.0,0.0,0.0,0.9860883590730094,0.5,0.4992739693114726,0.013896650738767105,807
logistic_regression_tau_0_8,CWE-74,0.3599387131238693,0.24842416657185118,0.9927283276059763,0.9877093585306105,0.0072716723940236695,0.7515758334281488,0.29393524807367355,0.26482202647026065,0.2895320166534665,0.9806926078529777,0.6205762470889138,0.6208730429170247,0.10188672421624693,938
logistic_regression_tau_0_8,CWE-754,0.0,0.0,0.9991182571838921,0.9971186121603239,0.0008817428161079128,1.0,0.0,0.0,-0.001419494799170835,0.9962419288502007,0.49955912859194607,0.4944720372041598,0.0028509069999639236,167
logistic_regression_tau_0_8,CWE-834,0.0641025641025641,0.008571428571428572,0.9993063548374537,0.993996485659552,0.000693645162546425,0.9914285714285714,0.01490171211160431,0.010322442063056398,0.0210572857859078,0.9933114588318018,0.5039388917044411,0.5039388917044411,0.007354394944693329,351
logistic_regression_tau_0_9,CWE-118,0.62,0.0011336797354747285,0.9999156674099059,0.817684903191175,8.433259009407972e-05,0.9988663202645253,0.0022628173328616786,0.0014163888221604415,0.02136972400621693,0.817666228729529,0.5005246735726903,0.5551583580231805,0.21013049302514938,10585
logistic_regression_tau_0_9,CWE-190,0.35922240802675587,0.022043865626814062,0.9990459534617024,0.9762620638331165,0.000954046538297567,0.977956134373186,0.04141703644641453,0.02711672954323819,0.08355212031170396,0.9753658816934034,0.5105449095442582,0.5229475917590569,0.03992592301466577,1406
logistic_regression_tau_0_9,CWE-191,0.0,0.0,1.0,0.9971211397007419,0.0,1.0,0.0,0.0,0.0,0.9971211397007419,0.5,0.5009508916481603,0.0028843229088400014,167
logistic_regression_tau_0_9,CWE-20,0.0,0.0,1.0,0.9667982514531991,0.0,1.0,0.0,0.0,0.0,0.9667982514531991,0.5,0.5021361089245,0.0334088326576056,1926
logistic_regression_tau_0_9,CWE-269,0.0,0.0,1.0,0.9979830809316533,0.0,1.0,0.0,0.0,0.0,0.9979830809316533,0.5,0.5003627144533902,0.0020183879974090676,117
logistic_regression_tau_0_9,CWE-285,0.013025210084033612,0.007080200501253133,0.9984060877439415,0.9951480705436992,0.0015939122560584631,0.9929197994987469,0.009157509157509156,0.0077850478613837384,0.0074438447133217765,0.9935698001554393,0.5027431441225974,0.5157582706908598,0.0075216177643283606,283
logistic_regression_tau_0_9,CWE-287,0.0,0.0,1.0,0.9945008466118462,0.0,1.0,0.0,0.0,0.0,0.9945008466118462,0.5,0.5,0.00549915338815374,319
logistic_regression_tau_0_9,CWE-369,0.0,0.0,0.9998787488730303,0.9952760176430241,0.00012125112696968953,1.0,0.0,0.0,-0.0006707425997936457,0.9951559105949489,0.49993937443651515,0.4963466270362805,0.0046901118961318895,274
logistic_regression_tau_0_9,CWE-400,0.0,0.0,1.0,0.9900360215125452,0.0,1.0,0.0,0.0,0.0,0.9900360215125452,0.5,0.5,0.009963978487454754,578
logistic_regression_tau_0_9,CWE-404,0.0,0.0,1.0,0.9788480981824212,0.0,1.0,0.0,0.0,0.0,0.9788480981824212,0.5,0.5016410806766494,0.021220192664948366,1227
logistic_regression_tau_0_9,CWE-476,0.0,0.0,1.0,0.97098725309598,0.0,1.0,0.0,0.0,0.0,0.97098725309598,0.5,0.5091897001566832,0.03218342847005996,1683
logistic_regression_tau_0_9,CWE-662,0.0,0.0,1.0,0.9862952288936716,0.0,1.0,0.0,0.0,0.0,0.9862952288936716,0.5,0.5067266610035903,0.01390019957384669,795
logistic_regression_tau_0_9,CWE-665,0.0,0.0,0.9992741875000352,0.9975675713395497,0.0007258124999648204,1.0,0.0,0.0,-0.001183957758318168,0.9968452865241098,0.4996370937500176,0.4892249352206825,0.002396681902855259,141
logistic_regression_tau_0_9,CWE-668,0.0,0.0,1.0,0.9764864049981922,0.0,1.0,0.0,0.0,0.0,0.9764864049981922,0.5,0.5717461068715048,0.03209331078129391,1364
logistic_regression_tau_0_9,CWE-704,0.0,0.0,1.0,0.9924149694505855,0.0,1.0,0.0,0.0,0.0,0.9924149694505855,0.5,0.4985679564250338,0.007572766494135713,440
logistic_regression_tau_0_9,CWE-705,0.0,0.0,1.0,0.9954489813717284,0.0,1.0,0.0,0.0,0.0,0.9954489813717284,0.5,0.5,0.004551018628271632,264
logistic_regression_tau_0_9,CWE-706,0.0,0.0,1.0,0.9860883590730094,0.0,1.0,0.0,0.0,0.0,0.9860883590730094,0.5,0.4992739693114726,0.013896650738767105,807
logistic_regression_tau_0_9,CWE-74,0.3599387131238693,0.24842416657185118,0.9927283276059763,0.9877093585306105,0.0072716723940236695,0.7515758334281488,0.29393524807367355,0.26482202647026065,0.2895320166534665,0.9806926078529777,0.6205762470889138,0.6208730429170247,0.10188672421624693,938
logistic_regression_tau_0_9,CWE-754,0.0,0.0,0.9991182571838921,0.9971186121603239,0.0008817428161079128,1.0,0.0,0.0,-0.001419494799170835,0.9962419288502007,0.49955912859194607,0.4944720372041598,0.0028509069999639236,167
logistic_regression_tau_0_9,CWE-834,0.0,0.0,0.9995838180044592,0.9939467049244375,0.00041618199554086487,1.0,0.0,0.0,-0.0011650568084074296,0.9935355373287612,0.4997919090022296,0.5039388917044411,0.007354394944693329,351
logistic_interactions_tau_0_1,CWE-118,0.18247170083080055,1.0,0.0,0.0,1.0,0.0,0.30862759538726325,0.5274093562743876,0.0,0.18247170083080055,0.5,0.5552099229233808,0.2122313896601291,10585
logistic_interactions_tau_0_1,CWE-190,0.02423762896740832,1.0,0.0,0.0,1.0,0.0,0.04732813304706098,0.11047728730264554,0.0,0.02423762896740832,0.5,0.5228196449456133,0.03985529013278571,1406
logistic_interactions_tau_0_1,CWE-191,0.0028788602992581387,1.0,0.0,0.0,1.0,0.0,0.00574118901156348,0.014230397727540913,0.0,0.0028788602992581387,0.5,0.5009508916481603,0.0028843229088400014,167
logistic_interactions_tau_0_1,CWE-20,0.033201748546801,1.0,0.0,0.0,1.0,0.0,0.06426963043561743,0.14654634230132185,0.0,0.033201748546801,0.5,0.5045662329593312,0.03351150396550031,1926
logistic_interactions_tau_0_1,CWE-269,0.0020169190683466502,1.0,0.0,0.0,1.0,0.0,0.004025715119810396,0.010003853157712576,0.0,0.0020169190683466502,0.5,0.5003627144533902,0.0020183879974090676,117
logistic_interactions_tau_0_1,CWE-285,0.004888655415294576,1.0,0.002078691602021196,1.0,0.9979213083979788,0.0,0.0097297421417038,0.023974433722918898,0.003168574447246465,0.006947114309004183,0.5010393458010106,0.5157582706908598,0.0075216177643283606,283
logistic_interactions_tau_0_1,CWE-287,0.00549915338815374,1.0,0.0,0.0,1.0,0.0,0.010938153700230322,0.02690394709650003,0.0,0.00549915338815374,0.5,0.5,0.00549915338815374,319
logistic_interactions_tau_0_1,CWE-369,0.004723411627418168,1.0,0.0,0.0,1.0,0.0,0.009402409330838453,0.02317909641830872,0.0,0.004723411627418168,0.5,0.4963466270362805,0.0046901118961318895,274
logistic_interactions_tau_0_1,CWE-400,0.009963978487454754,1.0,0.0,0.0,1.0,0.0,0.019731350455816983,0.04791034625651806,0.0,0.009963978487454754,0.5,0.5,0.009963978487454754,578
logistic_interactions_tau_0_1,CWE-404,0.02115689834964005,0.9991836734693876,0.0010567473959858637,0.39591836734693875,0.9989432526040142,0.0008163265306122449,0.04143640931835778,0.09752444340761564,0.0010118990265753276,0.02216907487459644,0.5001202104326868,0.5016410806766494,0.021220192664948366,1227
logistic_interactions_tau_0_1,CWE-476,0.02901274690402008,1.0,0.0,0.0,1.0,0.0,0.0563894761527696,0.12997945582352088,0.0,0.02901274690402008,0.5,0.5091897001566832,0.03218342847005996,1683
logistic_interactions_tau_0_1,CWE-662,0.013673797912326813,0.9974842767295599,0.00022721314340644938,0.17333333333333334,0.9997727868565935,0.002515723270440252,0.026977776671348246,0.06481497976812568,-0.007404405874666678,0.01389439358521138,0.4988557449364831,0.5067266610035903,0.01390019957384669,795
logistic_interactions_tau_0_1,CWE-665,0.0024277969637239378,0.993103448275862,0.005910827445763199,0.998473282442748,0.9940891725542368,0.006896551724137931,0.004843749185462306,0.012021398175419917,0.0004556281316401193,0.008309785348426049,0.49950713786081263,0.48991499504649677,0.002398365352624314,141
logistic_interactions_tau_0_1,CWE-668,0.023513595001807823,1.0,0.0,0.0,1.0,0.0,0.045946812868682206,0.10746079562100444,0.0,0.023513595001807823,0.5,0.5717461068715048,0.03209331078129391,1364
logistic_interactions_tau_0_1,CWE-704,0.007585030549414477,1.0,0.0,0.0,1.0,0.0,0.015055861916674476,0.036808381852269305,0.0,0.007585030549414477,0.5,0.4985679564250338,0.007572766494135713,440
logistic_interactions_tau_0_1,CWE-705,0.004551018628271632,1.0,0.0,0.0,1.0,0.0,0.009060799026555655,0.02234824107376775,0.0,0.004551018628271632,0.5,0.5,0.004551018628271632,264
logistic_interactions_tau_0_1,CWE-706,0.013911640926990567,1.0,0.0,0.0,1.0,0.0,0.027441521470066323,0.06589153231662973,0.0,0.013911640926990567,0.5,0.4992739693114726,0.013896650738767105,807
logistic_interactions_tau_0_1,CWE-74,0.016185523688973615,1.0,0.000981274203166976,1.0,0.999018725796833,0.0,0.031855447342283294,0.07600675513848174,0.003928666592654452,0.01713532140119859,0.5004906371015835,0.6209131325417078,0.10188736472813105,938
logistic_interactions_tau_0_1,CWE-754,0.002879720062962348,1.0,0.00029386343993085564,0.2,0.9997061365600691,0.0,0.005742898499245254,0.014234597453730393,0.0004152806846955395,0.0031718627122191865,0.5001469317199654,0.4944720372041598,0.0028509069999639236,167
logistic_interactions_tau_0_1,CWE-834,0.006050794354607701,1.0,0.0,0.0,1.0,0.0,0.012028802337117644,0.029539009169382607,0.0,0.006050794354607701,0.5,0.5039388917044411,0.007354394944693329,351
logistic_interactions_tau_0_2,CWE-118,0.18247170083080055,1.0,0.0,0.0,1.0,0.0,0.30862759538726325,0.5274093562743876,0.0,0.18247170083080055,0.5,0.5552099229233808,0.2122313896601291,10585
logistic_interactions_tau_0_2,CWE-190,0.024254361281179138,1.0,0.0007067278894417866,0.8,0.9992932721105582,0.0,0.04736003165288769,0.11054680638009398,0.003665864508333462,0.02492722473650156,0.5003533639447209,0.5228196449456133,0.03985529013278571,1406
logistic_interactions_tau_0_2,CWE-191,0.0028843229088400014,1.0,0.0019017832963206017,1.0,0.9980982167036794,0.0,0.005752051606853585,0.014257092530878266,0.002333178479710505,0.004775175916263622,0.5009508916481603,0.5009508916481603,0.0028843229088400014,167
logistic_interactions_tau_0_2,CWE-20,0.033201748546801,1.0,0.0,0.0,1.0,0.0,0.06426963043561743,0.14654634230132185,0.0,0.033201748546801,0.5,0.5045662329593312,0.03351150396550031,1926
logistic_interactions_tau_0_2,CWE-269,0.0020169190683466502,1.0,0.0,0.0,1.0,0.0,0.004025715119810396,0.010003853157712576,0.0,0.0020169190683466502,0.5,0.5003627144533902,0.0020183879974090676,117
logistic_interactions_tau_0_2,CWE-285,0.004888740450791152,1.0,0.002096009118689306,1.0,0.9979039908813107,0.0,0.009729910550490424,0.02397484263742149,0.00318105462784603,0.0069643467749700635,0.5010480045593446,0.5157582706908598,0.0075216177643283606,283
logistic_interactions_tau_0_2,CWE-287,0.00549915338815374,1.0,0.0,0.0,1.0,0.0,0.010938153700230322,0.02690394709650003,0.0,0.00549915338815374,0.5,0.5,0.00549915338815374,319
logistic_interactions_tau_0_2,CWE-369,0.004723411627418168,1.0,0.0,0.0,1.0,0.0,0.009402409330838453,0.02317909641830872,0.0,0.004723411627418168,0.5,0.4963466270362805,0.0046901118961318895,274
logistic_interactions_tau_0_2,CWE-400,0.009963978487454754,1.0,0.0,0.0,1.0,0.0,0.019731350455816983,0.04791034625651806,0.0,0.009963978487454754,0.5,0.5,0.009963978487454754,578
logistic_interactions_tau_0_2,CWE-404,0.021152400877070206,0.9983706653393064,0.0016555359352692163,0.9875850340136054,0.9983444640647308,0.001629334660693546,0.041427084446901775,0.09749913471889675,0.0009942862994672245,0.022737948327767696,0.5000131006372879,0.5016410806766494,0.021220192664948366,1227
logistic_interactions_tau_0_2,CWE-476,0.02901274690402008,1.0,0.0,0.0,1.0,0.0,0.0563894761527696,0.12997945582352088,0.0,0.02901274690402008,0.5,0.5091897001566832,0.03218342847005996,1683
logistic_interactions_tau_0_2,CWE-662,0.013673797912326813,0.9974842767295599,0.00022721314340644938,0.17333333333333334,0.9997727868565935,0.002515723270440252,0.026977776671348246,0.06481497976812568,-0.007404405874666678,0.01389439358521138,0.4988557449364831,0.5067266610035903,0.01390019957384669,795
logistic_interactions_tau_0_2,CWE-665,0.0024277969637239378,0.993103448275862,0.005910827445763199,0.998473282442748,0.9940891725542368,0.006896551724137931,0.004843749185462306,0.012021398175419917,0.0004556281316401193,0.008309785348426049,0.49950713786081263,0.48991499504649677,0.002398365352624314,141
logistic_interactions_tau_0_2,CWE-668,0.023499176884279056,0.9992647058823529,0.0001059135039717564,0.17142857142857143,0.9998940864960282,0.0007352941176470588,0.04591851086633257,0.1073937798834899,-0.0038781836581352133,0.02359978703766371,0.4996853096931623,0.5717461068715048,0.03209331078129391,1364
logistic_interactions_tau_0_2,CWE-704,0.007570515711011796,0.9977272727272727,0.00034728251432540375,0.19047619047619047,0.9996527174856746,0.0022727272727272726,0.015027010028003208,0.036737555086174475,-0.003930097003325016,0.007912447402766191,0.4990372776207991,0.4985679564250338,0.007572766494135713,440
logistic_interactions_tau_0_2,CWE-705,0.004551018628271632,1.0,0.0,0.0,1.0,0.0,0.009060799026555655,0.02234824107376775,0.0,0.004551018628271632,0.5,0.5,0.004551018628271632,264
logistic_interactions_tau_0_2,CWE-706,0.013911640926990567,1.0,0.0,0.0,1.0,0.0,0.027441521470066323,0.06589153231662973,0.0,0.013911640926990567,0.5,0.4992739693114726,0.013896650738767105,807
logistic_interactions_tau_0_2,CWE-74,0.016185523688973615,1.0,0.000981274203166976,1.0,0.999018725796833,0.0,0.031855447342283294,0.07600675513848174,0.003928666592654452,0.01713532140119859,0.5004906371015835,0.6209131325417078,0.10188736472813105,938
logistic_interactions_tau_0_2,CWE-754,0.002848926878455701,0.9882352941176471,0.0015732370220785576,0.9885714285714287,0.9984267629779214,0.011764705882352941,0.0056814713136666434,0.014082211265444917,-0.009522218190746645,0.004413081619025231,0.49490426556986283,0.4944720372041598,0.0028509069999639236,167
logistic_interactions_tau_0_2,CWE-834,0.006050794354607701,1.0,0.0,0.0,1.0,0.0,0.012028802337117644,0.029539009169382607,0.0,0.006050794354607701,0.5,0.5039388917044411,0.007354394944693329,351
logistic_interactions_tau_0_3,CWE-118,0.18247170083080055,1.0,0.0,0.0,1.0,0.0,0.30862759538726325,0.5274093562743876,0.0,0.18247170083080055,0.5,0.5552099229233808,0.2122313896601291,10585
logistic_interactions_tau_0_3,CWE-190,0.024237401115585498,0.9985790363696019,0.0014133247643237457,0.9835796387520526,0.9985866752356763,0.0014209636303980212,0.04732610398627442,0.11046243973353473,0.0008858329958195124,0.02558221299139516,0.4999961805669629,0.5228196449456133,0.03985529013278571,1406
logistic_interactions_tau_0_3,CWE-191,0.0028843229088400014,1.0,0.0019017832963206017,1.0,0.9980982167036794,0.0,0.005752051606853585,0.014257092530878266,0.002333178479710505,0.004775175916263622,0.5009508916481603,0.5009508916481603,0.0028843229088400014,167
logistic_interactions_tau_0_3,CWE-20,0.033201748546801,1.0,0.0,0.0,1.0,0.0,0.06426963043561743,0.14654634230132185,0.0,0.033201748546801,0.5,0.5045662329593312,0.03351150396550031,1926
logistic_interactions_tau_0_3,CWE-269,0.0020183879974090676,1.0,0.000725428906780469,1.0,0.9992745710932196,0.0,0.004028641091625471,0.010011080014468442,0.001193317412040144,0.0027408772434892323,0.5003627144533902,0.5003627144533902,0.0020183879974090676,117
logistic_interactions_tau_0_3,CWE-285,0.004890000597164389,1.0,0.0023558663814132355,1.0,0.9976441336185868,0.0,0.009732406514385382,0.023980905273169355,0.0033712636810682164,0.007222943694943726,0.5011779331907066,0.5157582706908598,0.0075216177643283606,283
logistic_interactions_tau_0_3,CWE-287,0.00549915338815374,1.0,0.0,0.0,1.0,0.0,0.010938153700230322,0.02690394709650003,0.0,0.00549915338815374,0.5,0.5,0.00549915338815374,319
logistic_interactions_tau_0_3,CWE-369,0.004723411627418168,1.0,0.0,0.0,1.0,0.0,0.009402409330838453,0.02317909641830872,0.0,0.004723411627418168,0.5,0.4963466270362805,0.0046901118961318895,274
logistic_interactions_tau_0_3,CWE-400,0.009963978487454754,1.0,0.0,0.0,1.0,0.0,0.019731350455816983,0.04791034625651806,0.0,0.009963978487454754,0.5,0.5,0.009963978487454754,578
logistic_interactions_tau_0_3,CWE-404,0.021201478193700548,0.9983706653393064,0.004015529925435246,0.9926396788223485,0.9959844700745648,0.001629334660693546,0.0415212031088764,0.09770763222798835,0.005729548398129144,0.02504799914518146,0.5011930976323709,0.5016410806766494,0.021220192664948366,1227
logistic_interactions_tau_0_3,CWE-476,0.02901274690402008,1.0,0.0,0.0,1.0,0.0,0.0563894761527696,0.12997945582352088,0.0,0.02901274690402008,0.5,0.5091897001566832,0.03218342847005996,1683
logistic_interactions_tau_0_3,CWE-662,0.01367449972522725,0.9974842767295599,0.0002796469457310146,0.17777777777777776,0.999720353054269,0.002515723270440252,0.026979142549131564,0.06481813311603717,-0.00660525528969922,0.013946108806724913,0.4988819618376453,0.5067266610035903,0.01390019957384669,795
logistic_interactions_tau_0_3,CWE-665,0.0023937416928935164,0.9788177339901478,0.006135430071886211,0.9929177268871925,0.9938645699281137,0.021182266009852214,0.004775800572908403,0.011852729648513288,-0.008405515943271434,0.008499375145047904,0.49247658203101696,0.48991499504649677,0.002398365352624314,141
logistic_interactions_tau_0_3,CWE-668,0.023499176884279056,0.9992647058823529,0.0001059135039717564,0.17142857142857143,0.9998940864960282,0.0007352941176470588,0.04591851086633257,0.1073937798834899,-0.0038781836581352133,0.02359978703766371,0.4996853096931623,0.5717461068715048,0.03209331078129391,1364
logistic_interactions_tau_0_3,CWE-704,0.007570515711011796,0.9977272727272727,0.00034728251432540375,0.19047619047619047,0.9996527174856746,0.0022727272727272726,0.015027010028003208,0.036737555086174475,-0.003930097003325016,0.007912447402766191,0.4990372776207991,0.4985679564250338,0.007572766494135713,440
logistic_interactions_tau_0_3,CWE-705,0.004551018628271632,1.0,0.0,0.0,1.0,0.0,0.009060799026555655,0.02234824107376775,0.0,0.004551018628271632,0.5,0.5,0.004551018628271632,264
logistic_interactions_tau_0_3,CWE-706,0.013896072428770338,0.9987577639751553,0.00010484927916120576,0.17142857142857143,0.9998951507208389,0.0012422360248447203,0.02741076556270635,0.06581736748774791,-0.005418383065631441,0.013997803256819966,0.4994313066271582,0.4992739693114726,0.013896650738767105,807
logistic_interactions_tau_0_3,CWE-74,0.016185523688973615,1.0,0.000981274203166976,1.0,0.999018725796833,0.0,0.031855447342283294,0.07600675513848174,0.003928666592654452,0.01713532140119859,0.5004906371015835,0.6209131325417078,0.10188736472813105,938
logistic_interactions_tau_0_3,CWE-754,0.002848926878455701,0.9882352941176471,0.0015732370220785576,0.9885714285714287,0.9984267629779214,0.011764705882352941,0.0056814713136666434,0.014082211265444917,-0.009522218190746645,0.004413081619025231,0.49490426556986283,0.4944720372041598,0.0028509069999639236,167
logistic_interactions_tau_0_3,CWE-834,0.006050794354607701,1.0,0.0,0.0,1.0,0.0,0.012028802337117644,0.029539009169382607,0.0,0.006050794354607701,0.5,0.5039388917044411,0.007354394944693329,351
logistic_interactions_tau_0_4,CWE-118,0.18247170083080055,1.0,0.0,0.0,1.0,0.0,0.30862759538726325,0.5274093562743876,0.0,0.18247170083080055,0.5,0.5552099229233808,0.2122313896601291,10585
logistic_interactions_tau_0_4,CWE-190,0.024237401115585498,0.9985790363696019,0.0014133247643237457,0.9835796387520526,0.9985866752356763,0.0014209636303980212,0.04732610398627442,0.11046243973353473,0.0008858329958195124,0.02558221299139516,0.4999961805669629,0.5228196449456133,0.03985529013278571,1406
logistic_interactions_tau_0_4,CWE-191,0.0028843229088400014,1.0,0.0019017832963206017,1.0,0.9980982167036794,0.0,0.005752051606853585,0.014257092530878266,0.002333178479710505,0.004775175916263622,0.5009508916481603,0.5009508916481603,0.0028843229088400014,167
logistic_interactions_tau_0_4,CWE-20,0.033201748546801,1.0,0.0,0.0,1.0,0.0,0.06426963043561743,0.14654634230132185,0.0,0.033201748546801,0.5,0.5045662329593312,0.03351150396550031,1926
logistic_interactions_tau_0_4,CWE-269,0.0020183879974090676,1.0,0.000725428906780469,1.0,0.9992745710932196,0.0,0.004028641091625471,0.010011080014468442,0.001193317412040144,0.0027408772434892323,0.5003627144533902,0.5003627144533902,0.0020183879974090676,117
logistic_interactions_tau_0_4,CWE-285,0.004890000597164389,1.0,0.0023558663814132355,1.0,0.9976441336185868,0.0,0.009732406514385382,0.023980905273169355,0.0033712636810682164,0.007222943694943726,0.5011779331907066,0.5157582706908598,0.0075216177643283606,283
logistic_interactions_tau_0_4,CWE-287,0.00549915338815374,1.0,0.0,0.0,1.0,0.0,0.010938153700230322,0.02690394709650003,0.0,0.00549915338815374,0.5,0.5,0.00549915338815374,319
logistic_interactions_tau_0_4,CWE-369,0.004723411627418168,1.0,0.0,0.0,1.0,0.0,0.009402409330838453,0.02317909641830872,0.0,0.004723411627418168,0.5,0.4963466270362805,0.0046901118961318895,274
logistic_interactions_tau_0_4,CWE-400,0.009963978487454754,1.0,0.0,0.0,1.0,0.0,0.019731350455816983,0.04791034625651806,0.0,0.009963978487454754,0.5,0.5,0.009963978487454754,578
logistic_interactions_tau_0_4,CWE-404,0.021204048911909298,0.9983706653393064,0.004138845360151322,0.9930769230769231,0.9958611546398487,0.001629334660693546,0.041526132531283885,0.09771854848067403,0.0059623029292851975,0.02516870367335246,0.5012547553497289,0.5016410806766494,0.021220192664948366,1227
logistic_interactions_tau_0_4,CWE-476,0.02901274690402008,1.0,0.0,0.0,1.0,0.0,0.0563894761527696,0.12997945582352088,0.0,0.02901274690402008,0.5,0.5091897001566832,0.03218342847005996,1683
logistic_interactions_tau_0_4,CWE-662,0.013903532391098766,0.979874213836478,0.03432696641961292,0.9918907619448755,0.9656730335803871,0.020125786163522015,0.027418027443878216,0.06578399721550582,0.009070195383394469,0.04728546297291938,0.5071005901280454,0.5067266610035903,0.01390019957384669,795
logistic_interactions_tau_0_4,CWE-665,0.002395044147576177,0.9788177339901478,0.006671067238709189,0.9929177268871925,0.9933289327612908,0.021182266009852214,0.004778392892718821,0.011859117383369224,-0.008214763190437676,0.009033719728774795,0.4927444006144285,0.48991499504649677,0.002398365352624314,141
logistic_interactions_tau_0_4,CWE-668,0.023499176884279056,0.9992647058823529,0.0001059135039717564,0.17142857142857143,0.9998940864960282,0.0007352941176470588,0.04591851086633257,0.1073937798834899,-0.0038781836581352133,0.02359978703766371,0.4996853096931623,0.5717461068715048,0.03209331078129391,1364
logistic_interactions_tau_0_4,CWE-704,0.007570515711011796,0.9977272727272727,0.00034728251432540375,0.19047619047619047,0.9996527174856746,0.0022727272727272726,0.015027010028003208,0.036737555086174475,-0.003930097003325016,0.007912447402766191,0.4990372776207991,0.4985679564250338,0.007572766494135713,440
logistic_interactions_tau_0_4,CWE-705,0.004551018628271632,1.0,0.0,0.0,1.0,0.0,0.009060799026555655,0.02234824107376775,0.0,0.004551018628271632,0.5,0.5,0.004551018628271632,264
logistic_interactions_tau_0_4,CWE-706,0.013896072428770338,0.9987577639751553,0.00010484927916120576,0.17142857142857143,0.9998951507208389,0.0012422360248447203,0.02741076556270635,0.06581736748774791,-0.005418383065631441,0.013997803256819966,0.4994313066271582,0.4992739693114726,0.013896650738767105,807
logistic_interactions_tau_0_4,CWE-74,0.016186363787069873,1.0,0.0010338565879697823,1.0,0.9989661434120303,0.0,0.03185707431685168,0.07601045925234143,0.004038520124563866,0.017187051490583853,0.5005169282939849,0.6209131325417078,0.10188736472813105,938
logistic_interactions_tau_0_4,CWE-754,0.002848926878455701,0.9882352941176471,0.0015732370220785576,0.9885714285714287,0.9984267629779214,0.011764705882352941,0.0056814713136666434,0.014082211265444917,-0.009522218190746645,0.004413081619025231,0.49490426556986283,0.4944720372041598,0.0028509069999639236,167
logistic_interactions_tau_0_4,CWE-834,0.006050794354607701,1.0,0.0,0.0,1.0,0.0,0.012028802337117644,0.029539009169382607,0.0,0.006050794354607701,0.5,0.5039388917044411,0.007354394944693329,351
logistic_interactions_tau_0_5,CWE-118,0.23727977179470366,0.37600377893245157,0.730221030903311,0.8398194654803225,0.26977896909668897,0.6239962210675485,0.2909503854404646,0.3366390517559747,0.09049769790898143,0.6655863134475034,0.5531124049178813,0.5552099229233808,0.2122313896601291,10585
logistic_interactions_tau_0_5,CWE-190,0.07446515477811928,0.06544004442088791,0.9798598444848841,0.9768571564724491,0.02014015551511599,0.9345599555791122,0.06952158678538137,0.06698525982835415,0.04817298744186112,0.9576962975157193,0.5226499444528859,0.5228196449456133,0.03985529013278571,1406
logistic_interactions_tau_0_5,CWE-191,0.0028843229088400014,1.0,0.0019017832963206017,1.0,0.9980982167036794,0.0,0.005752051606853585,0.014257092530878266,0.002333178479710505,0.004775175916263622,0.5009508916481603,0.5009508916481603,0.0028843229088400014,167
logistic_interactions_tau_0_5,CWE-20,0.03877263758102316,0.06489738241033578,0.944849725092468,0.967129841467278,0.05515027490753206,0.9351026175896642,0.04853004193343681,0.05717658448212848,0.007584168724059736,0.9156339281738338,0.5048735537514019,0.5045662329593312,0.03351150396550031,1926
logistic_interactions_tau_0_5,CWE-269,0.0012075553554568813,0.6,0.4004835909201739,0.9991896610213628,0.5995164090798262,0.4,0.0024102578726872916,0.005989539293884865,0.0007602919695316225,0.400878855618992,0.5002417954600868,0.5003627144533902,0.0020183879974090676,117
logistic_interactions_tau_0_5,CWE-285,0.054077841662980984,0.0318922305764411,0.9973495152269904,0.9952633697978015,0.002650484773009511,0.9681077694235588,0.0399718892015297,0.034680130410647006,0.0379069202895936,0.9926390241788781,0.5146208729017158,0.5157582706908598,0.0075216177643283606,283
logistic_interactions_tau_0_5,CWE-287,0.0011038289065194895,0.2,0.8,0.7956046755183658,0.2,0.8,0.0021955403087478556,0.005399932500843739,0.0,0.7967085044248853,0.5,0.5,0.00549915338815374,319
logistic_interactions_tau_0_5,CWE-369,0.0,0.0,0.9998787488730303,0.9952760176430241,0.00012125112696968953,1.0,0.0,0.0,-0.0006707425997936457,0.9951559105949489,0.49993937443651515,0.4963466270362805,0.0046901118961318895,274
logistic_interactions_tau_0_5,CWE-400,0.009963978487454754,1.0,0.0,0.0,1.0,0.0,0.019731350455816983,0.04791034625651806,0.0,0.009963978487454754,0.5,0.5,0.009963978487454754,578
logistic_interactions_tau_0_5,CWE-404,0.021220205536226198,0.9983706653393064,0.004913645182199554,0.9936443883984868,0.9950863548178004,0.001629334660693546,0.04155711627280906,0.09778718047184667,0.006964651123767272,0.025927125264001333,0.5016421552607531,0.5016410806766494,0.021220192664948366,1227
logistic_interactions_tau_0_5,CWE-476,0.08619273769482211,0.026730959446092977,0.9915846444995078,0.9715082000684875,0.008415355500492307,0.9732690405539071,0.040781210659642755,0.031002345378564437,0.03249567330269139,0.9635918569624273,0.5091578019728004,0.5091897001566832,0.03218342847005996,1683
logistic_interactions_tau_0_5,CWE-662,0.013903532391098766,0.979874213836478,0.03432696641961292,0.9918907619448755,0.9656730335803871,0.020125786163522015,0.027418027443878216,0.06578399721550582,0.009070195383394469,0.04728546297291938,0.5071005901280454,0.5067266610035903,0.01390019957384669,795
logistic_interactions_tau_0_5,CWE-665,0.0004509191814082553,0.18571428571428572,0.7966478420258681,0.9924853051196791,0.2033521579741318,0.8142857142857143,0.0008996539792387544,0.0022329096530401926,-0.010748961250195747,0.7951559790146908,0.491181063870077,0.48991499504649677,0.002398365352624314,141
logistic_interactions_tau_0_5,CWE-668,0.06087639137348129,0.2294790993320405,0.9147848967196396,0.9801210793931519,0.08521510328036033,0.7705209006679594,0.09622000312003662,0.14766417067448293,0.07690266840444135,0.8986707798149756,0.5721319980258401,0.5717461068715048,0.03209331078129391,1364
logistic_interactions_tau_0_5,CWE-704,0.0015023312035917803,0.19772727272727272,0.799183371727295,0.9855889249104711,0.20081662827270494,0.8022727272727274,0.002982005141388175,0.007290095525389643,-0.006285610201435793,0.7946202185028429,0.49845532222728395,0.4985679564250338,0.007572766494135713,440
logistic_interactions_tau_0_5,CWE-705,0.004551018628271632,1.0,0.0,0.0,1.0,0.0,0.009060799026555655,0.02234824107376775,0.0,0.004551018628271632,0.5,0.5,0.004551018628271632,264
logistic_interactions_tau_0_5,CWE-706,0.0027588585222864037,0.19875776397515527,0.7997552034947107,0.9602865542494081,0.2002447965052892,0.8012422360248447,0.0054421768707483,0.01306869231397533,-0.007359685042924294,0.7913785983671002,0.49925648373493303,0.4992739693114726,0.013896650738767105,807
logistic_interactions_tau_0_5,CWE-74,0.3599387131238693,0.24842416657185118,0.9927283276059763,0.9877093585306105,0.0072716723940236695,0.7515758334281488,0.29393524807367355,0.26482202647026065,0.2895320166534665,0.9806926078529777,0.6205762470889138,0.6209131325417078,0.10188736472813105,938
logistic_interactions_tau_0_5,CWE-754,0.0005532025239865157,0.18823529411764706,0.799688697979052,0.9862760455576746,0.20031130202094802,0.8117647058823529,0.0011031629750926483,0.0027338744126441687,-0.012453159758690848,0.7979482370197974,0.4939619960483495,0.4944720372041598,0.0028509069999639236,167
logistic_interactions_tau_0_5,CWE-834,0.0641025641025641,0.008571428571428572,0.9993063548374537,0.993996485659552,0.000693645162546425,0.9914285714285714,0.01490171211160431,0.010322442063056398,0.0210572857859078,0.9933114588318018,0.5039388917044411,0.5039388917044411,0.007354394944693329,351
logistic_interactions_tau_0_6,CWE-118,0.39091835341090553,0.026641473783656118,0.9907428219365644,0.8201548753587339,0.009257178063435697,0.9733585262163439,0.04983698661677699,0.0327355943553008,0.06045379981483985,0.8148217828204501,0.5086921478601102,0.5552099229233808,0.2122313896601291,10585
logistic_interactions_tau_0_6,CWE-190,0.0770003054271127,0.06544004442088791,0.9805664802452639,0.9768733475532848,0.019433519754735985,0.9345599555791122,0.07066136717875722,0.06741554120901996,0.049755801641290585,0.9583858189531396,0.5230032623330759,0.5228196449456133,0.03985529013278571,1406
logistic_interactions_tau_0_6,CWE-191,0.0,0.0,1.0,0.9971211397007419,0.0,1.0,0.0,0.0,0.0,0.9971211397007419,0.5,0.5009508916481603,0.0028843229088400014,167
logistic_interactions_tau_0_6,CWE-20,0.02699027748208076,0.0036336720274544113,0.9964337484728579,0.9668004049675334,0.0035662515271420057,0.9963663279725455,0.006390518199298043,0.00439120616511038,0.00016513131652619949,0.9634710884657498,0.5000337102501562,0.5045662329593312,0.03351150396550031,1926
logistic_interactions_tau_0_6,CWE-269,0.0,0.0,1.0,0.9979830809316533,0.0,1.0,0.0,0.0,0.0,0.9979830809316533,0.5,0.5003627144533902,0.0020183879974090676,117
logistic_interactions_tau_0_6,CWE-285,0.054077841662980984,0.0318922305764411,0.9973495152269904,0.9952633697978015,0.002650484773009511,0.9681077694235588,0.0399718892015297,0.034680130410647006,0.0379069202895936,0.9926390241788781,0.5146208729017158,0.5157582706908598,0.0075216177643283606,283
logistic_interactions_tau_0_6,CWE-287,0.0,0.0,1.0,0.9945008466118462,0.0,1.0,0.0,0.0,0.0,0.9945008466118462,0.5,0.5,0.00549915338815374,319
logistic_interactions_tau_0_6,CWE-369,0.0,0.0,0.9998787488730303,0.9952760176430241,0.00012125112696968953,1.0,0.0,0.0,-0.0006707425997936457,0.9951559105949489,0.49993937443651515,0.4963466270362805,0.0046901118961318895,274
logistic_interactions_tau_0_6,CWE-400,0.0,0.0,1.0,0.9900360215125452,0.0,1.0,0.0,0.0,0.0,0.9900360215125452,0.5,0.5,0.009963978487454754,578
logistic_interactions_tau_0_6,CWE-404,0.0,0.0,1.0,0.9788480981824212,0.0,1.0,0.0,0.0,0.0,0.9788480981824212,0.5,0.5016410806766494,0.021220192664948366,1227
logistic_interactions_tau_0_6,CWE-476,0.08619273769482211,0.026730959446092977,0.9915846444995078,0.9715082000684875,0.008415355500492307,0.9732690405539071,0.040781210659642755,0.031002345378564437,0.03249567330269139,0.9635918569624273,0.5091578019728004,0.5091897001566832,0.03218342847005996,1683
logistic_interactions_tau_0_6,CWE-662,0.0,0.0,0.9993183146828951,0.986286005394376,0.000681685317104958,1.0,0.0,0.0,-0.0026785858419662175,0.9856228863770775,0.49965915734144756,0.5067266610035903,0.01390019957384669,795
logistic_interactions_tau_0_6,CWE-665,0.0,0.0,0.9999654397788145,0.9975692506422617,3.4560221185415586e-05,1.0,0.0,0.0,-0.00012916750640234805,0.997534857047816,0.49998271988940723,0.48991499504649677,0.002398365352624314,141
logistic_interactions_tau_0_6,CWE-668,0.06087639137348129,0.2294790993320405,0.9147848967196396,0.9801210793931519,0.08521510328036033,0.7705209006679594,0.09622000312003662,0.14766417067448293,0.07690266840444135,0.8986707798149756,0.5721319980258401,0.5717461068715048,0.03209331078129391,1364
logistic_interactions_tau_0_6,CWE-704,0.0,0.0,0.9987839968358209,0.992405801238807,0.0012160031641791625,1.0,0.0,0.0,-0.002708338321064376,0.9912081902415988,0.49939199841791043,0.4985679564250338,0.007572766494135713,440
logistic_interactions_tau_0_6,CWE-705,0.0,0.0,1.0,0.9954489813717284,0.0,1.0,0.0,0.0,0.0,0.9954489813717284,0.5,0.5,0.004551018628271632,264
logistic_interactions_tau_0_6,CWE-706,0.0,0.0,0.9996503542155496,0.98608355580033,0.00034964578445041927,1.0,0.0,0.0,-0.0019413019772928526,0.9857435819962574,0.4998251771077748,0.4992739693114726,0.013896650738767105,807
logistic_interactions_tau_0_6,CWE-74,0.3599387131238693,0.24842416657185118,0.9927283276059763,0.9877093585306105,0.0072716723940236695,0.7515758334281488,0.29393524807367355,0.26482202647026065,0.2895320166534665,0.9806926078529777,0.6205762470889138,0.6209131325417078,0.10188736472813105,938
logistic_interactions_tau_0_6,CWE-754,0.0,0.0,0.9991182571838921,0.9971186121603239,0.0008817428161079128,1.0,0.0,0.0,-0.001419494799170835,0.9962419288502007,0.49955912859194607,0.4944720372041598,0.0028509069999639236,167
logistic_interactions_tau_0_6,CWE-834,0.0641025641025641,0.008571428571428572,0.9993063548374537,0.993996485659552,0.000693645162546425,0.9914285714285714,0.01490171211160431,0.010322442063056398,0.0210572857859078,0.9933114588318018,0.5039388917044411,0.5039388917044411,0.007354394944693329,351
logistic_interactions_tau_0_7,CWE-118,0.6351183480766058,0.012470477090222013,0.9982918374929767,0.8191399823457948,0.0017081625070232947,0.987529522909778,0.024424942277918006,0.015506112765452352,0.06924872737114647,0.818407438661743,0.5053811572915994,0.5552099229233808,0.2122313896601291,10585
logistic_interactions_tau_0_7,CWE-190,0.22621085464753588,0.029873047121475982,0.994771887261504,0.9763489144033712,0.005228112738495957,0.9701269528785239,0.04778770986655179,0.03477254196699279,0.06725992257507998,0.971384890842209,0.51232246719149,0.5228196449456133,0.03985529013278571,1406
logistic_interactions_tau_0_7,CWE-191,0.0,0.0,1.0,0.9971211397007419,0.0,1.0,0.0,0.0,0.0,0.9971211397007419,0.5,0.5009508916481603,0.0028843229088400014,167
logistic_interactions_tau_0_7,CWE-20,0.0,0.0,1.0,0.9667982514531991,0.0,1.0,0.0,0.0,0.0,0.9667982514531991,0.5,0.5045662329593312,0.03351150396550031,1926
logistic_interactions_tau_0_7,CWE-269,0.0,0.0,1.0,0.9979830809316533,0.0,1.0,0.0,0.0,0.0,0.9979830809316533,0.5,0.5003627144533902,0.0020183879974090676,117
logistic_interactions_tau_0_7,CWE-285,0.054077841662980984,0.0318922305764411,0.9973495152269904,0.9952633697978015,0.002650484773009511,0.9681077694235588,0.0399718892015297,0.034680130410647006,0.0379069202895936,0.9926390241788781,0.5146208729017158,0.5157582706908598,0.0075216177643283606,283
logistic_interactions_tau_0_7,CWE-287,0.0,0.0,1.0,0.9945008466118462,0.0,1.0,0.0,0.0,0.0,0.9945008466118462,0.5,0.5,0.00549915338815374,319
logistic_interactions_tau_0_7,CWE-369,0.0,0.0,0.9998787488730303,0.9952760176430241,0.00012125112696968953,1.0,0.0,0.0,-0.0006707425997936457,0.9951559105949489,0.49993937443651515,0.4963466270362805,0.0046901118961318895,274
logistic_interactions_tau_0_7,CWE-400,0.0,0.0,1.0,0.9900360215125452,0.0,1.0,0.0,0.0,0.0,0.9900360215125452,0.5,0.5,0.009963978487454754,578
logistic_interactions_tau_0_7,CWE-404,0.0,0.0,1.0,0.9788480981824212,0.0,1.0,0.0,0.0,0.0,0.9788480981824212,0.5,0.5016410806766494,0.021220192664948366,1227
logistic_interactions_tau_0_7,CWE-476,0.1515977238749516,0.014253921153030947,0.9969110422941048,0.9713030697934274,0.0030889577058952076,0.9857460788469691,0.025202680420891455,0.01722648026784865,0.036025747328003066,0.9684016969185938,0.5055824817235679,0.5091897001566832,0.03218342847005996,1683
logistic_interactions_tau_0_7,CWE-662,0.0,0.0,0.9993357865095746,0.9862862416183475,0.0006642134904254786,1.0,0.0,0.0,-0.0026199329138572466,0.9856401188430434,0.4996678932547873,0.5067266610035903,0.01390019957384669,795
logistic_interactions_tau_0_7,CWE-665,0.0,0.0,0.9999654397788145,0.9975692506422617,3.4560221185415586e-05,1.0,0.0,0.0,-0.00012916750640234805,0.997534857047816,0.49998271988940723,0.48991499504649677,0.002398365352624314,141
logistic_interactions_tau_0_7,CWE-668,0.06087639137348129,0.2294790993320405,0.9147848967196396,0.9801210793931519,0.08521510328036033,0.7705209006679594,0.09622000312003662,0.14766417067448293,0.07690266840444135,0.8986707798149756,0.5721319980258401,0.5717461068715048,0.03209331078129391,1364
logistic_interactions_tau_0_7,CWE-704,0.0,0.0,1.0,0.9924149694505855,0.0,1.0,0.0,0.0,0.0,0.9924149694505855,0.5,0.4985679564250338,0.007572766494135713,440
logistic_interactions_tau_0_7,CWE-705,0.0,0.0,1.0,0.9954489813717284,0.0,1.0,0.0,0.0,0.0,0.9954489813717284,0.5,0.5,0.004551018628271632,264
logistic_interactions_tau_0_7,CWE-706,0.0,0.0,0.9996503542155496,0.98608355580033,0.00034964578445041927,1.0,0.0,0.0,-0.0019413019772928526,0.9857435819962574,0.4998251771077748,0.4992739693114726,0.013896650738767105,807
logistic_interactions_tau_0_7,CWE-74,0.3599387131238693,0.24842416657185118,0.9927283276059763,0.9877093585306105,0.0072716723940236695,0.7515758334281488,0.29393524807367355,0.26482202647026065,0.2895320166534665,0.9806926078529777,0.6205762470889138,0.6209131325417078,0.10188736472813105,938
logistic_interactions_tau_0_7,CWE-754,0.0,0.0,0.9991182571838921,0.9971186121603239,0.0008817428161079128,1.0,0.0,0.0,-0.001419494799170835,0.9962419288502007,0.49955912859194607,0.4944720372041598,0.0028509069999639236,167
logistic_interactions_tau_0_7,CWE-834,0.0641025641025641,0.008571428571428572,0.9993063548374537,0.993996485659552,0.000693645162546425,0.9914285714285714,0.01490171211160431,0.010322442063056398,0.0210572857859078,0.9933114588318018,0.5039388917044411,0.5039388917044411,0.007354394944693329,351
logistic_interactions_tau_0_8,CWE-118,0.6873643694983969,0.01209258384506377,0.998755910269218,0.8191521285599729,0.0012440897307821348,0.9879074161549362,0.023747238157716496,0.015046311211064225,0.07371324361923226,0.8187178251402839,0.5054242470571408,0.5552099229233808,0.2122313896601291,10585
logistic_interactions_tau_0_8,CWE-190,0.311079939668175,0.022043865626814062,0.9987455063922323,0.97625510389357,0.0012544936077678692,0.977956134373186,0.04087532457471465,0.027020960724262445,0.07621727926221594,0.9750727321340442,0.5103946860095231,0.5228196449456133,0.03985529013278571,1406
logistic_interactions_tau_0_8,CWE-191,0.0,0.0,1.0,0.9971211397007419,0.0,1.0,0.0,0.0,0.0,0.9971211397007419,0.5,0.5009508916481603,0.0028843229088400014,167
logistic_interactions_tau_0_8,CWE-20,0.0,0.0,1.0,0.9667982514531991,0.0,1.0,0.0,0.0,0.0,0.9667982514531991,0.5,0.5045662329593312,0.03351150396550031,1926
logistic_interactions_tau_0_8,CWE-269,0.0,0.0,1.0,0.9979830809316533,0.0,1.0,0.0,0.0,0.0,0.9979830809316533,0.5,0.5003627144533902,0.0020183879974090676,117
logistic_interactions_tau_0_8,CWE-285,0.054077841662980984,0.0318922305764411,0.9973495152269904,0.9952633697978015,0.002650484773009511,0.9681077694235588,0.0399718892015297,0.034680130410647006,0.0379069202895936,0.9926390241788781,0.5146208729017158,0.5157582706908598,0.0075216177643283606,283
logistic_interactions_tau_0_8,CWE-287,0.0,0.0,1.0,0.9945008466118462,0.0,1.0,0.0,0.0,0.0,0.9945008466118462,0.5,0.5,0.00549915338815374,319
logistic_interactions_tau_0_8,CWE-369,0.0,0.0,0.9998787488730303,0.9952760176430241,0.00012125112696968953,1.0,0.0,0.0,-0.0006707425997936457,0.9951559105949489,0.49993937443651515,0.4963466270362805,0.0046901118961318895,274
logistic_interactions_tau_0_8,CWE-400,0.0,0.0,1.0,0.9900360215125452,0.0,1.0,0.0,0.0,0.0,0.9900360215125452,0.5,0.5,0.009963978487454754,578
logistic_interactions_tau_0_8,CWE-404,0.0,0.0,1.0,0.9788480981824212,0.0,1.0,0.0,0.0,0.0,0.9788480981824212,0.5,0.5016410806766494,0.021220192664948366,1227
logistic_interactions_tau_0_8,CWE-476,0.18773633773633774,0.013066977532852903,0.9983133676690936,0.9713086592553164,0.0016866323309063021,0.9869330224671472,0.02441222725332306,0.016050533153686434,0.042466945484478866,0.9697288254949468,0.5056901726009733,0.5091897001566832,0.03218342847005996,1683
logistic_interactions_tau_0_8,CWE-662,0.0,0.0,1.0,0.9862952288936716,0.0,1.0,0.0,0.0,0.0,0.9862952288936716,0.5,0.5067266610035903,0.01390019957384669,795
logistic_interactions_tau_0_8,CWE-665,0.0,0.0,0.9999654397788145,0.9975692506422617,3.4560221185415586e-05,1.0,0.0,0.0,-0.00012916750640234805,0.997534857047816,0.49998271988940723,0.48991499504649677,0.002398365352624314,141
logistic_interactions_tau_0_8,CWE-668,0.0,0.0,1.0,0.9764864049981922,0.0,1.0,0.0,0.0,0.0,0.9764864049981922,0.5,0.5717461068715048,0.03209331078129391,1364
logistic_interactions_tau_0_8,CWE-704,0.0,0.0,1.0,0.9924149694505855,0.0,1.0,0.0,0.0,0.0,0.9924149694505855,0.5,0.4985679564250338,0.007572766494135713,440
logistic_interactions_tau_0_8,CWE-705,0.0,0.0,1.0,0.9954489813717284,0.0,1.0,0.0,0.0,0.0,0.9954489813717284,0.5,0.5,0.004551018628271632,264
logistic_interactions_tau_0_8,CWE-706,0.0,0.0,1.0,0.9860883590730094,0.0,1.0,0.0,0.0,0.0,0.9860883590730094,0.5,0.4992739693114726,0.013896650738767105,807
logistic_interactions_tau_0_8,CWE-74,0.3599387131238693,0.24842416657185118,0.9927283276059763,0.9877093585306105,0.0072716723940236695,0.7515758334281488,0.29393524807367355,0.26482202647026065,0.2895320166534665,0.9806926078529777,0.6205762470889138,0.6209131325417078,0.10188736472813105,938
logistic_interactions_tau_0_8,CWE-754,0.0,0.0,0.9991182571838921,0.9971186121603239,0.0008817428161079128,1.0,0.0,0.0,-0.001419494799170835,0.9962419288502007,0.49955912859194607,0.4944720372041598,0.0028509069999639236,167
logistic_interactions_tau_0_8,CWE-834,0.0641025641025641,0.008571428571428572,0.9993063548374537,0.993996485659552,0.000693645162546425,0.9914285714285714,0.01490171211160431,0.010322442063056398,0.0210572857859078,0.9933114588318018,0.5039388917044411,0.5039388917044411,0.007354394944693329,351
logistic_interactions_tau_0_9,CWE-118,0.7405405405405405,0.005007085498346717,0.9994940066893111,0.8182012159481058,0.000505993310688945,0.9949929145016533,0.009892354253525137,0.006239613215006017,0.04402820271701811,0.8180281817992864,0.5022505460938289,0.5552099229233808,0.2122313896601291,10585
logistic_interactions_tau_0_9,CWE-190,0.35922240802675587,0.022043865626814062,0.9990459534617024,0.9762620638331165,0.000954046538297567,0.977956134373186,0.04141703644641453,0.02711672954323819,0.08355212031170396,0.9753658816934034,0.5105449095442582,0.5228196449456133,0.03985529013278571,1406
logistic_interactions_tau_0_9,CWE-191,0.0,0.0,1.0,0.9971211397007419,0.0,1.0,0.0,0.0,0.0,0.9971211397007419,0.5,0.5009508916481603,0.0028843229088400014,167
logistic_interactions_tau_0_9,CWE-20,0.0,0.0,1.0,0.9667982514531991,0.0,1.0,0.0,0.0,0.0,0.9667982514531991,0.5,0.5045662329593312,0.03351150396550031,1926
logistic_interactions_tau_0_9,CWE-269,0.0,0.0,1.0,0.9979830809316533,0.0,1.0,0.0,0.0,0.0,0.9979830809316533,0.5,0.5003627144533902,0.0020183879974090676,117
logistic_interactions_tau_0_9,CWE-285,0.03302521008403361,0.017606516290726813,0.9979385147939025,0.9951973563490896,0.002061485206097428,0.9823934837092733,0.02295061260578502,0.01941295483812792,0.021292685973270734,0.993156220972258,0.5077725155423147,0.5157582706908598,0.0075216177643283606,283
logistic_interactions_tau_0_9,CWE-287,0.0,0.0,1.0,0.9945008466118462,0.0,1.0,0.0,0.0,0.0,0.9945008466118462,0.5,0.5,0.00549915338815374,319
logistic_interactions_tau_0_9,CWE-369,0.0,0.0,0.9998787488730303,0.9952760176430241,0.00012125112696968953,1.0,0.0,0.0,-0.0006707425997936457,0.9951559105949489,0.49993937443651515,0.4963466270362805,0.0046901118961318895,274
logistic_interactions_tau_0_9,CWE-400,0.0,0.0,1.0,0.9900360215125452,0.0,1.0,0.0,0.0,0.0,0.9900360215125452,0.5,0.5,0.009963978487454754,578
logistic_interactions_tau_0_9,CWE-404,0.0,0.0,1.0,0.9788480981824212,0.0,1.0,0.0,0.0,0.0,0.9788480981824212,0.5,0.5016410806766494,0.021220192664948366,1227
logistic_interactions_tau_0_9,CWE-476,0.0,0.0,1.0,0.97098725309598,0.0,1.0,0.0,0.0,0.0,0.97098725309598,0.5,0.5091897001566832,0.03218342847005996,1683
logistic_interactions_tau_0_9,CWE-662,0.0,0.0,1.0,0.9862952288936716,0.0,1.0,0.0,0.0,0.0,0.9862952288936716,0.5,0.5067266610035903,0.01390019957384669,795
logistic_interactions_tau_0_9,CWE-665,0.0,0.0,0.9999654397788145,0.9975692506422617,3.4560221185415586e-05,1.0,0.0,0.0,-0.00012916750640234805,0.997534857047816,0.49998271988940723,0.48991499504649677,0.002398365352624314,141
logistic_interactions_tau_0_9,CWE-668,0.0,0.0,1.0,0.9764864049981922,0.0,1.0,0.0,0.0,0.0,0.9764864049981922,0.5,0.5717461068715048,0.03209331078129391,1364
logistic_interactions_tau_0_9,CWE-704,0.0,0.0,1.0,0.9924149694505855,0.0,1.0,0.0,0.0,0.0,0.9924149694505855,0.5,0.4985679564250338,0.007572766494135713,440
logistic_interactions_tau_0_9,CWE-705,0.0,0.0,1.0,0.9954489813717284,0.0,1.0,0.0,0.0,0.0,0.9954489813717284,0.5,0.5,0.004551018628271632,264
logistic_interactions_tau_0_9,CWE-706,0.0,0.0,1.0,0.9860883590730094,0.0,1.0,0.0,0.0,0.0,0.9860883590730094,0.5,0.4992739693114726,0.013896650738767105,807
logistic_interactions_tau_0_9,CWE-74,0.3599387131238693,0.24842416657185118,0.9927283276059763,0.9877093585306105,0.0072716723940236695,0.7515758334281488,0.29393524807367355,0.26482202647026065,0.2895320166534665,0.9806926078529777,0.6205762470889138,0.6209131325417078,0.10188736472813105,938
logistic_interactions_tau_0_9,CWE-754,0.0,0.0,0.9991182571838921,0.9971186121603239,0.0008817428161079128,1.0,0.0,0.0,-0.001419494799170835,0.9962419288502007,0.49955912859194607,0.4944720372041598,0.0028509069999639236,167
logistic_interactions_tau_0_9,CWE-834,0.0,0.0,0.9995838180044592,0.9939467049244375,0.00041618199554086487,1.0,0.0,0.0,-0.0011650568084074296,0.9935355373287612,0.4997919090022296,0.5039388917044411,0.007354394944693329,351
decision_tree_tau_0_1,CWE-118,0.18247170083080055,1.0,0.0,0.0,1.0,0.0,0.30862759538726325,0.5274093562743876,0.0,0.18247170083080055,0.5,0.5540807291095684,0.20855918126275436,10585
decision_tree_tau_0_1,CWE-190,0.02423762896740832,1.0,0.0,0.0,1.0,0.0,0.04732813304706098,0.11047728730264554,0.0,0.02423762896740832,0.5,0.5214094046393047,0.038596640042248734,1406
decision_tree_tau_0_1,CWE-191,0.0028843229088400014,1.0,0.0019017832963206017,1.0,0.9980982167036794,0.0,0.005752051606853585,0.014257092530878266,0.002333178479710505,0.004775175916263622,0.5009508916481603,0.5009508916481603,0.0028843229088400014,167
decision_tree_tau_0_1,CWE-20,0.0331867931361305,0.9994805194805195,5.349023803155924e-05,0.15,0.9999465097619684,0.0005194805194805195,0.064240538305496,0.14647914649947366,-0.00449597653662088,0.03323622536114336,0.4997670048592755,0.5045653537031796,0.033502723106381735,1926
decision_tree_tau_0_1,CWE-269,0.0020183879974090676,1.0,0.000725428906780469,1.0,0.9992745710932196,0.0,0.004028641091625471,0.010011080014468442,0.001193317412040144,0.0027408772434892323,0.5003627144533902,0.5003627144533902,0.0020183879974090676,117
decision_tree_tau_0_1,CWE-285,0.004890000597164389,1.0,0.0023558663814132355,1.0,0.9976441336185868,0.0,0.009732406514385382,0.023980905273169355,0.0033712636810682164,0.007222943694943726,0.5011779331907066,0.5157582706908598,0.0075216177643283606,283
decision_tree_tau_0_1,CWE-287,0.00549915338815374,1.0,0.0,0.0,1.0,0.0,0.010938153700230322,0.02690394709650003,0.0,0.00549915338815374,0.5,0.5,0.00549915338815374,319
decision_tree_tau_0_1,CWE-369,0.004706654872879232,0.9963636363636363,8.660258075690655e-05,0.16666666666666669,0.999913397419243,0.0036363636363636364,0.009369049419086862,0.023096827804440657,-0.010724704123698399,0.0047923652561028774,0.4982251194721966,0.4981731526670458,0.004706959541143575,274
decision_tree_tau_0_1,CWE-400,0.009969983284487973,1.0,0.0006093694249553033,1.0,0.9993906305750446,0.0,0.01974312458558608,0.04793811585865867,0.002409367499494533,0.010567287129641053,0.5003046847124777,0.5003046847124777,0.009969983284487973,578
decision_tree_tau_0_1,CWE-404,0.021157879783531893,0.9983706653393064,0.0019196778063048105,0.9878205128205128,0.9980803221936952,0.001629334660693546,0.04143759251043666,0.09752241785383008,0.0016707365664874272,0.02299650512705896,0.5001451715728056,0.5013238434004519,0.02120695499976013,1227
decision_tree_tau_0_1,CWE-476,0.02901274690402008,1.0,0.0,0.0,1.0,0.0,0.0563894761527696,0.12997945582352088,0.0,0.02901274690402008,0.5,0.5091897001566832,0.03218342847005996,1683
decision_tree_tau_0_1,CWE-662,0.013675208234316111,0.9974842767295599,0.00033206853213089586,0.5777777777777777,0.999667931467869,0.002515723270440252,0.026980521518117407,0.06482131707443801,-0.006076942717840275,0.013997812144803857,0.4989081726308453,0.5067794123623319,0.01390094521336685,795
decision_tree_tau_0_1,CWE-665,0.0023935575816572173,0.9788177339901478,0.006065897358878636,0.992361111111111,0.9939341026411214,0.021182266009852214,0.004775434721992435,0.01185183248645319,-0.008913866489812261,0.008430063295521949,0.4924418156745133,0.4924245355639205,0.0023962756632790157,141
decision_tree_tau_0_1,CWE-668,0.02348436671392732,0.9985321051497522,0.00019416696792021637,0.3380952380952381,0.9998058330320798,0.0014678948502477914,0.04588946238228065,0.10732514450234194,-0.008174223078703514,0.023668728781889838,0.49936313605883614,0.5712487526609518,0.032105314335813775,1364
decision_tree_tau_0_1,CWE-704,0.007572605973665195,0.9977272727272727,0.000625235245805238,0.7916666666666667,0.9993747647541948,0.0022727272727272726,0.015031127809854713,0.03674739958410202,-0.0025867026073633633,0.008188291663238055,0.49917625398653903,0.49856825240444935,0.007572766494135713,440
decision_tree_tau_0_1,CWE-705,0.00455227003184723,1.0,0.0002770517997744532,1.0,0.9997229482002256,0.0,0.009063279277560446,0.02235427702996764,0.0010429020749816867,0.004826813849591905,0.5001385258998872,0.5001385258998872,0.00455227003184723,264
decision_tree_tau_0_1,CWE-706,0.013896072428770338,0.9987577639751553,0.00010484927916120576,0.17142857142857143,0.9998951507208389,0.0012422360248447203,0.02741076556270635,0.06581736748774791,-0.005418383065631441,0.013997803256819966,0.4994313066271582,0.49925648373493303,0.013896169127517047,807
decision_tree_tau_0_1,CWE-74,0.016188593093050936,1.0,0.0011740291757371007,1.0,0.9988259708242628,0.0,0.03186139240238804,0.07602029470333962,0.00427766345845957,0.017324964691719215,0.5005870145878685,0.6210169502562316,0.10188901585747619,938
decision_tree_tau_0_1,CWE-754,0.002848926878455701,0.9882352941176471,0.0015732370220785576,0.9885714285714287,0.9984267629779214,0.011764705882352941,0.0056814713136666434,0.014082211265444917,-0.009522218190746645,0.004413081619025231,0.49490426556986283,0.4944633941618089,0.002850856425628382,167
decision_tree_tau_0_1,CWE-834,0.006050794354607701,1.0,0.0,0.0,1.0,0.0,0.012028802337117644,0.029539009169382607,0.0,0.006050794354607701,0.5,0.5039388917044411,0.007354394944693329,351
decision_tree_tau_0_2,CWE-118,0.18247170083080055,1.0,0.0,0.0,1.0,0.0,0.30862759538726325,0.5274093562743876,0.0,0.18247170083080055,0.5,0.5540807291095684,0.20855918126275436,10585
decision_tree_tau_0_2,CWE-190,0.02423762896740832,1.0,0.0,0.0,1.0,0.0,0.04732813304706098,0.11047728730264554,0.0,0.02423762896740832,0.5,0.5214094046393047,0.038596640042248734,1406
decision_tree_tau_0_2,CWE-191,0.0028843229088400014,1.0,0.0019017832963206017,1.0,0.9980982167036794,0.0,0.005752051606853585,0.014257092530878266,0.002333178479710505,0.004775175916263622,0.5009508916481603,0.5009508916481603,0.0028843229088400014,167
decision_tree_tau_0_2,CWE-20,0.0331867931361305,0.9994805194805195,5.349023803155924e-05,0.15,0.9999465097619684,0.0005194805194805195,0.064240538305496,0.14647914649947366,-0.00449597653662088,0.03323622536114336,0.4997670048592755,0.5045653537031796,0.033502723106381735,1926
decision_tree_tau_0_2,CWE-269,0.0020183879974090676,1.0,0.000725428906780469,1.0,0.9992745710932196,0.0,0.004028641091625471,0.010011080014468442,0.001193317412040144,0.0027408772434892323,0.5003627144533902,0.5003627144533902,0.0020183879974090676,117
decision_tree_tau_0_2,CWE-285,0.004890000597164389,1.0,0.0023558663814132355,1.0,0.9976441336185868,0.0,0.009732406514385382,0.023980905273169355,0.0033712636810682164,0.007222943694943726,0.5011779331907066,0.5157582706908598,0.0075216177643283606,283
decision_tree_tau_0_2,CWE-287,0.00549915338815374,1.0,0.0,0.0,1.0,0.0,0.010938153700230322,0.02690394709650003,0.0,0.00549915338815374,0.5,0.5,0.00549915338815374,319
decision_tree_tau_0_2,CWE-369,0.004706654872879232,0.9963636363636363,8.660258075690655e-05,0.16666666666666669,0.999913397419243,0.0036363636363636364,0.009369049419086862,0.023096827804440657,-0.010724704123698399,0.0047923652561028774,0.4982251194721966,0.4981731526670458,0.004706959541143575,274
decision_tree_tau_0_2,CWE-400,0.009969983284487973,1.0,0.0006093694249553033,1.0,0.9993906305750446,0.0,0.01974312458558608,0.04793811585865867,0.002409367499494533,0.010567287129641053,0.5003046847124777,0.5003046847124777,0.009969983284487973,578
decision_tree_tau_0_2,CWE-404,0.021157879783531893,0.9983706653393064,0.0019196778063048105,0.9878205128205128,0.9980803221936952,0.001629334660693546,0.04143759251043666,0.09752241785383008,0.0016707365664874272,0.02299650512705896,0.5001451715728056,0.5013238434004519,0.02120695499976013,1227
decision_tree_tau_0_2,CWE-476,0.02901274690402008,1.0,0.0,0.0,1.0,0.0,0.0563894761527696,0.12997945582352088,0.0,0.02901274690402008,0.5,0.5091897001566832,0.03218342847005996,1683
decision_tree_tau_0_2,CWE-662,0.013675208234316111,0.9974842767295599,0.00033206853213089586,0.5777777777777777,0.999667931467869,0.002515723270440252,0.026980521518117407,0.06482131707443801,-0.006076942717840275,0.013997812144803857,0.4989081726308453,0.5067794123623319,0.01390094521336685,795
decision_tree_tau_0_2,CWE-665,0.0023935575816572173,0.9788177339901478,0.006065897358878636,0.992361111111111,0.9939341026411214,0.021182266009852214,0.004775434721992435,0.01185183248645319,-0.008913866489812261,0.008430063295521949,0.4924418156745133,0.4924245355639205,0.0023962756632790157,141
decision_tree_tau_0_2,CWE-668,0.02348436671392732,0.9985321051497522,0.00019416696792021637,0.3380952380952381,0.9998058330320798,0.0014678948502477914,0.04588946238228065,0.10732514450234194,-0.008174223078703514,0.023668728781889838,0.49936313605883614,0.5712487526609518,0.032105314335813775,1364
decision_tree_tau_0_2,CWE-704,0.007572605973665195,0.9977272727272727,0.000625235245805238,0.7916666666666667,0.9993747647541948,0.0022727272727272726,0.015031127809854713,0.03674739958410202,-0.0025867026073633633,0.008188291663238055,0.49917625398653903,0.49856825240444935,0.007572766494135713,440
decision_tree_tau_0_2,CWE-705,0.00455227003184723,1.0,0.0002770517997744532,1.0,0.9997229482002256,0.0,0.009063279277560446,0.02235427702996764,0.0010429020749816867,0.004826813849591905,0.5001385258998872,0.5001385258998872,0.00455227003184723,264
decision_tree_tau_0_2,CWE-706,0.013896072428770338,0.9987577639751553,0.00010484927916120576,0.17142857142857143,0.9998951507208389,0.0012422360248447203,0.02741076556270635,0.06581736748774791,-0.005418383065631441,0.013997803256819966,0.4994313066271582,0.49925648373493303,0.013896169127517047,807
decision_tree_tau_0_2,CWE-74,0.016188593093050936,1.0,0.0011740291757371007,1.0,0.9988259708242628,0.0,0.03186139240238804,0.07602029470333962,0.00427766345845957,0.017324964691719215,0.5005870145878685,0.6210169502562316,0.10188901585747619,938
decision_tree_tau_0_2,CWE-754,0.002848926878455701,0.9882352941176471,0.0015732370220785576,0.9885714285714287,0.9984267629779214,0.011764705882352941,0.0056814713136666434,0.014082211265444917,-0.009522218190746645,0.004413081619025231,0.49490426556986283,0.4944633941618089,0.002850856425628382,167
decision_tree_tau_0_2,CWE-834,0.006050794354607701,1.0,0.0,0.0,1.0,0.0,0.012028802337117644,0.029539009169382607,0.0,0.006050794354607701,0.5,0.5039388917044411,0.007354394944693329,351
decision_tree_tau_0_3,CWE-118,0.18247170083080055,1.0,0.0,0.0,1.0,0.0,0.30862759538726325,0.5274093562743876,0.0,0.18247170083080055,0.5,0.5540807291095684,0.20855918126275436,10585
decision_tree_tau_0_3,CWE-190,0.02423762896740832,1.0,0.0,0.0,1.0,0.0,0.04732813304706098,0.11047728730264554,0.0,0.02423762896740832,0.5,0.5214094046393047,0.038596640042248734,1406
decision_tree_tau_0_3,CWE-191,0.0028843229088400014,1.0,0.0019017832963206017,1.0,0.9980982167036794,0.0,0.005752051606853585,0.014257092530878266,0.002333178479710505,0.004775175916263622,0.5009508916481603,0.5009508916481603,0.0028843229088400014,167
decision_tree_tau_0_3,CWE-20,0.0331867931361305,0.9994805194805195,5.349023803155924e-05,0.15,0.9999465097619684,0.0005194805194805195,0.064240538305496,0.14647914649947366,-0.00449597653662088,0.03323622536114336,0.4997670048592755,0.5045653537031796,0.033502723106381735,1926
decision_tree_tau_0_3,CWE-269,0.0020183879974090676,1.0,0.000725428906780469,1.0,0.9992745710932196,0.0,0.004028641091625471,0.010011080014468442,0.001193317412040144,0.0027408772434892323,0.5003627144533902,0.5003627144533902,0.0020183879974090676,117
decision_tree_tau_0_3,CWE-285,0.004890000597164389,1.0,0.0023558663814132355,1.0,0.9976441336185868,0.0,0.009732406514385382,0.023980905273169355,0.0033712636810682164,0.007222943694943726,0.5011779331907066,0.5157582706908598,0.0075216177643283606,283
decision_tree_tau_0_3,CWE-287,0.00549915338815374,1.0,0.0,0.0,1.0,0.0,0.010938153700230322,0.02690394709650003,0.0,0.00549915338815374,0.5,0.5,0.00549915338815374,319
decision_tree_tau_0_3,CWE-369,0.004706654872879232,0.9963636363636363,8.660258075690655e-05,0.16666666666666669,0.999913397419243,0.0036363636363636364,0.009369049419086862,0.023096827804440657,-0.010724704123698399,0.0047923652561028774,0.4982251194721966,0.4981731526670458,0.004706959541143575,274
decision_tree_tau_0_3,CWE-400,0.009969983284487973,1.0,0.0006093694249553033,1.0,0.9993906305750446,0.0,0.01974312458558608,0.04793811585865867,0.002409367499494533,0.010567287129641053,0.5003046847124777,0.5003046847124777,0.009969983284487973,578
decision_tree_tau_0_3,CWE-404,0.021206982658663547,0.9983706653393064,0.004279671796470841,0.9928751576292558,0.9957203282035291,0.001629334660693546,0.04153175917189267,0.09773101547117949,0.00609452968172554,0.025306555944472724,0.5013251685678887,0.5013238434004519,0.02120695499976013,1227
decision_tree_tau_0_3,CWE-476,0.02901274690402008,1.0,0.0,0.0,1.0,0.0,0.0563894761527696,0.12997945582352088,0.0,0.02901274690402008,0.5,0.5091897001566832,0.03218342847005996,1683
decision_tree_tau_0_3,CWE-662,0.013675208234316111,0.9974842767295599,0.00033206853213089586,0.5777777777777777,0.999667931467869,0.002515723270440252,0.026980521518117407,0.06482131707443801,-0.006076942717840275,0.013997812144803857,0.4989081726308453,0.5067794123623319,0.01390094521336685,795
decision_tree_tau_0_3,CWE-665,0.0023935575816572173,0.9788177339901478,0.006065897358878636,0.992361111111111,0.9939341026411214,0.021182266009852214,0.004775434721992435,0.01185183248645319,-0.008913866489812261,0.008430063295521949,0.4924418156745133,0.4924245355639205,0.0023962756632790157,141
decision_tree_tau_0_3,CWE-668,0.02348436671392732,0.9985321051497522,0.00019416696792021637,0.3380952380952381,0.9998058330320798,0.0014678948502477914,0.04588946238228065,0.10732514450234194,-0.008174223078703514,0.023668728781889838,0.49936313605883614,0.5712487526609518,0.032105314335813775,1364
decision_tree_tau_0_3,CWE-704,0.007572605973665195,0.9977272727272727,0.000625235245805238,0.7916666666666667,0.9993747647541948,0.0022727272727272726,0.015031127809854713,0.03674739958410202,-0.0025867026073633633,0.008188291663238055,0.49917625398653903,0.49856825240444935,0.007572766494135713,440
decision_tree_tau_0_3,CWE-705,0.00455227003184723,1.0,0.0002770517997744532,1.0,0.9997229482002256,0.0,0.009063279277560446,0.02235427702996764,0.0010429020749816867,0.004826813849591905,0.5001385258998872,0.5001385258998872,0.00455227003184723,264
decision_tree_tau_0_3,CWE-706,0.013896072428770338,0.9987577639751553,0.00010484927916120576,0.17142857142857143,0.9998951507208389,0.0012422360248447203,0.02741076556270635,0.06581736748774791,-0.005418383065631441,0.013997803256819966,0.4994313066271582,0.49925648373493303,0.013896169127517047,807
decision_tree_tau_0_3,CWE-74,0.016188593093050936,1.0,0.0011740291757371007,1.0,0.9988259708242628,0.0,0.03186139240238804,0.07602029470333962,0.00427766345845957,0.017324964691719215,0.5005870145878685,0.6210169502562316,0.10188901585747619,938
decision_tree_tau_0_3,CWE-754,0.002848926878455701,0.9882352941176471,0.0015732370220785576,0.9885714285714287,0.9984267629779214,0.011764705882352941,0.0056814713136666434,0.014082211265444917,-0.009522218190746645,0.004413081619025231,0.49490426556986283,0.4944633941618089,0.002850856425628382,167
decision_tree_tau_0_3,CWE-834,0.006050794354607701,1.0,0.0,0.0,1.0,0.0,0.012028802337117644,0.029539009169382607,0.0,0.006050794354607701,0.5,0.5039388917044411,0.007354394944693329,351
decision_tree_tau_0_4,CWE-118,0.18247170083080055,1.0,0.0,0.0,1.0,0.0,0.30862759538726325,0.5274093562743876,0.0,0.18247170083080055,0.5,0.5540807291095684,0.20855918126275436,10585
decision_tree_tau_0_4,CWE-190,0.02423762896740832,1.0,0.0,0.0,1.0,0.0,0.04732813304706098,0.11047728730264554,0.0,0.02423762896740832,0.5,0.5214094046393047,0.038596640042248734,1406
decision_tree_tau_0_4,CWE-191,0.0028843229088400014,1.0,0.0019017832963206017,1.0,0.9980982167036794,0.0,0.005752051606853585,0.014257092530878266,0.002333178479710505,0.004775175916263622,0.5009508916481603,0.5009508916481603,0.0028843229088400014,167
decision_tree_tau_0_4,CWE-20,0.0331867931361305,0.9994805194805195,5.349023803155924e-05,0.15,0.9999465097619684,0.0005194805194805195,0.064240538305496,0.14647914649947366,-0.00449597653662088,0.03323622536114336,0.4997670048592755,0.5045653537031796,0.033502723106381735,1926
decision_tree_tau_0_4,CWE-269,0.0020183879974090676,1.0,0.000725428906780469,1.0,0.9992745710932196,0.0,0.004028641091625471,0.010011080014468442,0.001193317412040144,0.0027408772434892323,0.5003627144533902,0.5003627144533902,0.0020183879974090676,117
decision_tree_tau_0_4,CWE-285,0.004890000597164389,1.0,0.0023558663814132355,1.0,0.9976441336185868,0.0,0.009732406514385382,0.023980905273169355,0.0033712636810682164,0.007222943694943726,0.5011779331907066,0.5157582706908598,0.0075216177643283606,283
decision_tree_tau_0_4,CWE-287,0.00549915338815374,1.0,0.0,0.0,1.0,0.0,0.010938153700230322,0.02690394709650003,0.0,0.00549915338815374,0.5,0.5,0.00549915338815374,319
decision_tree_tau_0_4,CWE-369,0.004706654872879232,0.9963636363636363,8.660258075690655e-05,0.16666666666666669,0.999913397419243,0.0036363636363636364,0.009369049419086862,0.023096827804440657,-0.010724704123698399,0.0047923652561028774,0.4982251194721966,0.4981731526670458,0.004706959541143575,274
decision_tree_tau_0_4,CWE-400,0.009969983284487973,1.0,0.0006093694249553033,1.0,0.9993906305750446,0.0,0.01974312458558608,0.04793811585865867,0.002409367499494533,0.010567287129641053,0.5003046847124777,0.5003046847124777,0.009969983284487973,578
decision_tree_tau_0_4,CWE-404,0.021206982658663547,0.9983706653393064,0.004279671796470841,0.9928751576292558,0.9957203282035291,0.001629334660693546,0.04153175917189267,0.09773101547117949,0.00609452968172554,0.025306555944472724,0.5013251685678887,0.5013238434004519,0.02120695499976013,1227
decision_tree_tau_0_4,CWE-476,0.02901274690402008,1.0,0.0,0.0,1.0,0.0,0.0563894761527696,0.12997945582352088,0.0,0.02901274690402008,0.5,0.5091897001566832,0.03218342847005996,1683
decision_tree_tau_0_4,CWE-662,0.013904278678876034,0.979874213836478,0.0343793880060128,0.9919018005494997,0.9656206119939872,0.020125786163522015,0.027419478523484343,0.06578733838791906,0.009096078895824035,0.047337166310998324,0.5071268009212454,0.5067794123623319,0.01390094521336685,795
decision_tree_tau_0_4,CWE-665,0.0023935575816572173,0.9788177339901478,0.006065897358878636,0.992361111111111,0.9939341026411214,0.021182266009852214,0.004775434721992435,0.01185183248645319,-0.008913866489812261,0.008430063295521949,0.4924418156745133,0.4924245355639205,0.0023962756632790157,141
decision_tree_tau_0_4,CWE-668,0.02348436671392732,0.9985321051497522,0.00019416696792021637,0.3380952380952381,0.9998058330320798,0.0014678948502477914,0.04588946238228065,0.10732514450234194,-0.008174223078703514,0.023668728781889838,0.49936313605883614,0.5712487526609518,0.032105314335813775,1364
decision_tree_tau_0_4,CWE-704,0.007572605973665195,0.9977272727272727,0.000625235245805238,0.7916666666666667,0.9993747647541948,0.0022727272727272726,0.015031127809854713,0.03674739958410202,-0.0025867026073633633,0.008188291663238055,0.49917625398653903,0.49856825240444935,0.007572766494135713,440
decision_tree_tau_0_4,CWE-705,0.00455227003184723,1.0,0.0002770517997744532,1.0,0.9997229482002256,0.0,0.009063279277560446,0.02235427702996764,0.0010429020749816867,0.004826813849591905,0.5001385258998872,0.5001385258998872,0.00455227003184723,264
decision_tree_tau_0_4,CWE-706,0.013896072428770338,0.9987577639751553,0.00010484927916120576,0.17142857142857143,0.9998951507208389,0.0012422360248447203,0.02741076556270635,0.06581736748774791,-0.005418383065631441,0.013997803256819966,0.4994313066271582,0.49925648373493303,0.013896169127517047,807
decision_tree_tau_0_4,CWE-74,0.016188593093050936,1.0,0.0011740291757371007,1.0,0.9988259708242628,0.0,0.03186139240238804,0.07602029470333962,0.00427766345845957,0.017324964691719215,0.5005870145878685,0.6210169502562316,0.10188901585747619,938
decision_tree_tau_0_4,CWE-754,0.002848926878455701,0.9882352941176471,0.0015732370220785576,0.9885714285714287,0.9984267629779214,0.011764705882352941,0.0056814713136666434,0.014082211265444917,-0.009522218190746645,0.004413081619025231,0.49490426556986283,0.4944633941618089,0.002850856425628382,167
decision_tree_tau_0_4,CWE-834,0.006050794354607701,1.0,0.0,0.0,1.0,0.0,0.012028802337117644,0.029539009169382607,0.0,0.006050794354607701,0.5,0.5039388917044411,0.007354394944693329,351
decision_tree_tau_0_5,CWE-118,0.23710298632683502,0.3743032593292395,0.7311700355989312,0.8396274557365786,0.2688299644010687,0.6256967406707605,0.290305383530884,0.3354744490415328,0.08996095326496595,0.6660518560249681,0.5527366474640854,0.5540807291095684,0.20855918126275436,10585
decision_tree_tau_0_5,CWE-190,0.07340202058986467,0.061881325559677944,0.9805665286370818,0.976787263004567,0.01943347136291829,0.9381186744403222,0.06706497983319232,0.06383862711962632,0.04612958801655777,0.958299672985832,0.5212239270983798,0.5214094046393047,0.038596640042248734,1406
decision_tree_tau_0_5,CWE-191,0.0028843229088400014,1.0,0.0019017832963206017,1.0,0.9980982167036794,0.0,0.005752051606853585,0.014257092530878266,0.002333178479710505,0.004775175916263622,0.5009508916481603,0.5009508916481603,0.0028843229088400014,167
decision_tree_tau_0_5,CWE-20,0.03877263758102316,0.06489738241033578,0.944849725092468,0.967129841467278,0.05515027490753206,0.9351026175896642,0.04853004193343681,0.05717658448212848,0.007584168724059736,0.9156339281738338,0.5048735537514019,0.5045653537031796,0.033502723106381735,1926
decision_tree_tau_0_5,CWE-269,0.0020183879974090676,1.0,0.000725428906780469,1.0,0.9992745710932196,0.0,0.004028641091625471,0.010011080014468442,0.001193317412040144,0.0027408772434892323,0.5003627144533902,0.5003627144533902,0.0020183879974090676,117
decision_tree_tau_0_5,CWE-285,0.054077841662980984,0.0318922305764411,0.9973495152269904,0.9952633697978015,0.002650484773009511,0.9681077694235588,0.0399718892015297,0.034680130410647006,0.0379069202895936,0.9926390241788781,0.5146208729017158,0.5157582706908598,0.0075216177643283606,283
decision_tree_tau_0_5,CWE-287,0.0022068968141375524,0.4,0.6,0.5967077434259839,0.4,0.6,0.00438957527618015,0.010796222551433959,0.0,0.5989146402401213,0.5,0.5,0.00549915338815374,319
decision_tree_tau_0_5,CWE-369,0.0009313556398758192,0.19636363636363635,0.7999826689704553,0.9628908784167999,0.2000173310295447,0.8036363636363635,0.0018539181186164276,0.004570074475287746,-0.011342365342414933,0.7971383244485196,0.4981731526670458,0.4981731526670458,0.004706959541143575,274
decision_tree_tau_0_5,CWE-400,0.009969983284487973,1.0,0.0006093694249553033,1.0,0.9993906305750446,0.0,0.01974312458558608,0.04793811585865867,0.002409367499494533,0.010567287129641053,0.5003046847124777,0.5003046847124777,0.009969983284487973,578
decision_tree_tau_0_5,CWE-404,0.021206982658663547,0.9983706653393064,0.004279671796470841,0.9928751576292558,0.9957203282035291,0.001629334660693546,0.04153175917189267,0.09773101547117949,0.00609452968172554,0.025306555944472724,0.5013251685678887,0.5013238434004519,0.02120695499976013,1227
decision_tree_tau_0_5,CWE-476,0.08619273769482211,0.026730959446092977,0.9915846444995078,0.9715082000684875,0.008415355500492307,0.9732690405539071,0.040781210659642755,0.031002345378564437,0.03249567330269139,0.9635918569624273,0.5091578019728004,0.5091897001566832,0.03218342847005996,1683
decision_tree_tau_0_5,CWE-662,0.013904278678876034,0.979874213836478,0.0343793880060128,0.9919018005494997,0.9656206119939872,0.020125786163522015,0.027419478523484343,0.06578733838791906,0.009096078895824035,0.047337166310998324,0.5071268009212454,0.5067794123623319,0.01390094521336685,795
decision_tree_tau_0_5,CWE-665,0.0004509191814082553,0.18571428571428572,0.8011748385348616,0.992496287296289,0.19882516146513843,0.8142857142857143,0.0008996539792387544,0.0022329096530401926,-0.008299224782368466,0.799672051118826,0.49344456212457366,0.4924245355639205,0.0023962756632790157,141
decision_tree_tau_0_5,CWE-668,0.060747503577883485,0.22874649859943977,0.9148731501835881,0.9801044725297807,0.08512684981641187,0.7712535014005601,0.09599474203260161,0.14727013253132518,0.07659452863810375,0.8987397215592017,0.571809824391514,0.5712487526609518,0.032105314335813775,1364
decision_tree_tau_0_5,CWE-704,0.0015023312035917803,0.19772727272727272,0.799183371727295,0.9855889249104711,0.20081662827270494,0.8022727272727274,0.002982005141388175,0.007290095525389643,-0.006285610201435793,0.7946202185028429,0.49845532222728395,0.49856825240444935,0.007572766494135713,440
decision_tree_tau_0_5,CWE-705,0.00455227003184723,1.0,0.0002770517997744532,1.0,0.9997229482002256,0.0,0.009063279277560446,0.02235427702996764,0.0010429020749816867,0.004826813849591905,0.5001385258998872,0.5001385258998872,0.00455227003184723,264
decision_tree_tau_0_5,CWE-706,0.0027588585222864037,0.19875776397515527,0.7997552034947107,0.9602865542494081,0.2002447965052892,0.8012422360248447,0.0054421768707483,0.01306869231397533,-0.007359685042924294,0.7913785983671002,0.49925648373493303,0.49925648373493303,0.013896169127517047,807
decision_tree_tau_0_5,CWE-74,0.3599387131238693,0.24842416657185118,0.9927283276059763,0.9877093585306105,0.0072716723940236695,0.7515758334281488,0.29393524807367355,0.26482202647026065,0.2895320166534665,0.9806926078529777,0.6205762470889138,0.6210169502562316,0.10188901585747619,938
decision_tree_tau_0_5,CWE-754,0.0005532025239865157,0.18823529411764706,0.799688697979052,0.9862760455576746,0.20031130202094802,0.8117647058823529,0.0011031629750926483,0.0027338744126441687,-0.012453159758690848,0.7979482370197974,0.4939619960483495,0.4944633941618089,0.002850856425628382,167
decision_tree_tau_0_5,CWE-834,0.0641025641025641,0.008571428571428572,0.9993063548374537,0.993996485659552,0.000693645162546425,0.9914285714285714,0.01490171211160431,0.010322442063056398,0.0210572857859078,0.9933114588318018,0.5039388917044411,0.5039388917044411,0.007354394944693329,351
decision_tree_tau_0_6,CWE-118,0.47413014188876257,0.015115729806329711,0.996267661816411,0.8192364598470722,0.0037323381835890285,0.9848842701936704,0.029292034233331616,0.018744355001886058,0.0577437329151835,0.8172352595746499,0.5056916958113703,0.5540807291095684,0.20855918126275436,10585
decision_tree_tau_0_6,CWE-190,0.07340202058986467,0.061881325559677944,0.9805665286370818,0.976787263004567,0.01943347136291829,0.9381186744403222,0.06706497983319232,0.06383862711962632,0.04612958801655777,0.958299672985832,0.5212239270983798,0.5214094046393047,0.038596640042248734,1406
decision_tree_tau_0_6,CWE-191,0.0,0.0,1.0,0.9971211397007419,0.0,1.0,0.0,0.0,0.0,0.9971211397007419,0.5,0.5009508916481603,0.0028843229088400014,167
decision_tree_tau_0_6,CWE-20,0.025396825396825397,0.0036336720274544113,0.9962197938483536,0.9667935069049053,0.003780206151646411,0.9963663279725455,0.0063504006868747905,0.004383700163510933,-0.0004161695257282858,0.9632642364676794,0.4999267329379039,0.5045653537031796,0.033502723106381735,1926
decision_tree_tau_0_6,CWE-269,0.0,0.0,1.0,0.9979830809316533,0.0,1.0,0.0,0.0,0.0,0.9979830809316533,0.5,0.5003627144533902,0.0020183879974090676,117
decision_tree_tau_0_6,CWE-285,0.054077841662980984,0.0318922305764411,0.9973495152269904,0.9952633697978015,0.002650484773009511,0.9681077694235588,0.0399718892015297,0.034680130410647006,0.0379069202895936,0.9926390241788781,0.5146208729017158,0.5157582706908598,0.0075216177643283606,283
decision_tree_tau_0_6,CWE-287,0.0,0.0,1.0,0.9945008466118462,0.0,1.0,0.0,0.0,0.0,0.9945008466118462,0.5,0.5,0.00549915338815374,319
decision_tree_tau_0_6,CWE-369,0.0,0.0,0.9998960663896984,0.9952760993557185,0.00010393361030157974,1.0,0.0,0.0,-0.0006176612187165333,0.9951731460310054,0.4999480331948492,0.4981731526670458,0.004706959541143575,274
decision_tree_tau_0_6,CWE-400,0.0,0.0,1.0,0.9900360215125452,0.0,1.0,0.0,0.0,0.0,0.9900360215125452,0.5,0.5003046847124777,0.009969983284487973,578
decision_tree_tau_0_6,CWE-404,0.0,0.0,1.0,0.9788480981824212,0.0,1.0,0.0,0.0,0.0,0.9788480981824212,0.5,0.5013238434004519,0.02120695499976013,1227
decision_tree_tau_0_6,CWE-476,0.08619273769482211,0.026730959446092977,0.9915846444995078,0.9715082000684875,0.008415355500492307,0.9732690405539071,0.040781210659642755,0.031002345378564437,0.03249567330269139,0.9635918569624273,0.5091578019728004,0.5091897001566832,0.03218342847005996,1683
decision_tree_tau_0_6,CWE-662,0.0,0.0,0.9993707362692948,0.9862867149225647,0.0006292637307050768,1.0,0.0,0.0,-0.002556607593552941,0.9856745897151565,0.4996853681346474,0.5067794123623319,0.01390094521336685,795
decision_tree_tau_0_6,CWE-665,0.0,0.0,0.9999654397788145,0.9975692506422617,3.4560221185415586e-05,1.0,0.0,0.0,-0.00012916750640234805,0.997534857047816,0.49998271988940723,0.4924245355639205,0.0023962756632790157,141
decision_tree_tau_0_6,CWE-668,0.060747503577883485,0.22874649859943977,0.9148731501835881,0.9801044725297807,0.08512684981641187,0.7712535014005601,0.09599474203260161,0.14727013253132518,0.07659452863810375,0.8987397215592017,0.571809824391514,0.5712487526609518,0.032105314335813775,1364
decision_tree_tau_0_6,CWE-704,0.0,0.0,0.9987839968358209,0.992405801238807,0.0012160031641791625,1.0,0.0,0.0,-0.002708338321064376,0.9912081902415988,0.49939199841791043,0.49856825240444935,0.007572766494135713,440
decision_tree_tau_0_6,CWE-705,0.0,0.0,1.0,0.9954489813717284,0.0,1.0,0.0,0.0,0.0,0.9954489813717284,0.5,0.5001385258998872,0.00455227003184723,264
decision_tree_tau_0_6,CWE-706,0.0,0.0,0.9996503542155496,0.98608355580033,0.00034964578445041927,1.0,0.0,0.0,-0.0019413019772928526,0.9857435819962574,0.4998251771077748,0.49925648373493303,0.013896169127517047,807
decision_tree_tau_0_6,CWE-74,0.3599387131238693,0.24842416657185118,0.9927283276059763,0.9877093585306105,0.0072716723940236695,0.7515758334281488,0.29393524807367355,0.26482202647026065,0.2895320166534665,0.9806926078529777,0.6205762470889138,0.6210169502562316,0.10188901585747619,938
decision_tree_tau_0_6,CWE-754,0.0,0.0,0.9991182571838921,0.9971186121603239,0.0008817428161079128,1.0,0.0,0.0,-0.001419494799170835,0.9962419288502007,0.49955912859194607,0.4944633941618089,0.002850856425628382,167
decision_tree_tau_0_6,CWE-834,0.0641025641025641,0.008571428571428572,0.9993063548374537,0.993996485659552,0.000693645162546425,0.9914285714285714,0.01490171211160431,0.010322442063056398,0.0210572857859078,0.9933114588318018,0.5039388917044411,0.5039388917044411,0.007354394944693329,351
decision_tree_tau_0_7,CWE-118,0.47413014188876257,0.015115729806329711,0.996267661816411,0.8192364598470722,0.0037323381835890285,0.9848842701936704,0.029292034233331616,0.018744355001886058,0.0577437329151835,0.8172352595746499,0.5056916958113703,0.5540807291095684,0.20855918126275436,10585
decision_tree_tau_0_7,CWE-190,0.3637156925200403,0.022043865626814062,0.9990636478456943,0.9762624693340827,0.0009363521543055527,0.977956134373186,0.041469228565825994,0.027125799805899,0.08425832867000149,0.9753831438807662,0.5105537567362542,0.5214094046393047,0.038596640042248734,1406
decision_tree_tau_0_7,CWE-191,0.0,0.0,1.0,0.9971211397007419,0.0,1.0,0.0,0.0,0.0,0.9971211397007419,0.5,0.5009508916481603,0.0028843229088400014,167
decision_tree_tau_0_7,CWE-20,0.0,0.0,0.9998395387943451,0.9667931014801795,0.00016046120565493276,1.0,0.0,0.0,-0.001438753570072699,0.9666431146774107,0.49991976939717253,0.5045653537031796,0.033502723106381735,1926
decision_tree_tau_0_7,CWE-269,0.0,0.0,1.0,0.9979830809316533,0.0,1.0,0.0,0.0,0.0,0.9979830809316533,0.5,0.5003627144533902,0.0020183879974090676,117
decision_tree_tau_0_7,CWE-285,0.054077841662980984,0.0318922305764411,0.9973495152269904,0.9952633697978015,0.002650484773009511,0.9681077694235588,0.0399718892015297,0.034680130410647006,0.0379069202895936,0.9926390241788781,0.5146208729017158,0.5157582706908598,0.0075216177643283606,283
decision_tree_tau_0_7,CWE-287,0.0,0.0,1.0,0.9945008466118462,0.0,1.0,0.0,0.0,0.0,0.9945008466118462,0.5,0.5,0.00549915338815374,319
decision_tree_tau_0_7,CWE-369,0.0,0.0,0.9998960663896984,0.9952760993557185,0.00010393361030157974,1.0,0.0,0.0,-0.0006176612187165333,0.9951731460310054,0.4999480331948492,0.4981731526670458,0.004706959541143575,274
decision_tree_tau_0_7,CWE-400,0.0,0.0,1.0,0.9900360215125452,0.0,1.0,0.0,0.0,0.0,0.9900360215125452,0.5,0.5003046847124777,0.009969983284487973,578
decision_tree_tau_0_7,CWE-404,0.0,0.0,1.0,0.9788480981824212,0.0,1.0,0.0,0.0,0.0,0.9788480981824212,0.5,0.5013238434004519,0.02120695499976013,1227
decision_tree_tau_0_7,CWE-476,0.1515977238749516,0.014253921153030947,0.9969110422941048,0.9713030697934274,0.0030889577058952076,0.9857460788469691,0.025202680420891455,0.01722648026784865,0.036025747328003066,0.9684016969185938,0.5055824817235679,0.5091897001566832,0.03218342847005996,1683
decision_tree_tau_0_7,CWE-662,0.0,0.0,0.9993707362692948,0.9862867149225647,0.0006292637307050768,1.0,0.0,0.0,-0.002556607593552941,0.9856745897151565,0.4996853681346474,0.5067794123623319,0.01390094521336685,795
decision_tree_tau_0_7,CWE-665,0.0,0.0,0.9999654397788145,0.9975692506422617,3.4560221185415586e-05,1.0,0.0,0.0,-0.00012916750640234805,0.997534857047816,0.49998271988940723,0.4924245355639205,0.0023962756632790157,141
decision_tree_tau_0_7,CWE-668,0.060954416199526296,0.22874649859943977,0.9151732914746805,0.9801108566155939,0.08482670852531936,0.7712535014005601,0.09625148089709665,0.14750968968801442,0.07687373385706345,0.8990327997869514,0.5719598950370602,0.5712487526609518,0.032105314335813775,1364
decision_tree_tau_0_7,CWE-704,0.0,0.0,1.0,0.9924149694505855,0.0,1.0,0.0,0.0,0.0,0.9924149694505855,0.5,0.49856825240444935,0.007572766494135713,440
decision_tree_tau_0_7,CWE-705,0.0,0.0,1.0,0.9954489813717284,0.0,1.0,0.0,0.0,0.0,0.9954489813717284,0.5,0.5001385258998872,0.00455227003184723,264
decision_tree_tau_0_7,CWE-706,0.0,0.0,0.9996503542155496,0.98608355580033,0.00034964578445041927,1.0,0.0,0.0,-0.0019413019772928526,0.9857435819962574,0.4998251771077748,0.49925648373493303,0.013896169127517047,807
decision_tree_tau_0_7,CWE-74,0.3599387131238693,0.24842416657185118,0.9927283276059763,0.9877093585306105,0.0072716723940236695,0.7515758334281488,0.29393524807367355,0.26482202647026065,0.2895320166534665,0.9806926078529777,0.6205762470889138,0.6210169502562316,0.10188901585747619,938
decision_tree_tau_0_7,CWE-754,0.0,0.0,0.9991182571838921,0.9971186121603239,0.0008817428161079128,1.0,0.0,0.0,-0.001419494799170835,0.9962419288502007,0.49955912859194607,0.4944633941618089,0.002850856425628382,167
decision_tree_tau_0_7,CWE-834,0.0641025641025641,0.008571428571428572,0.9993063548374537,0.993996485659552,0.000693645162546425,0.9914285714285714,0.01490171211160431,0.010322442063056398,0.0210572857859078,0.9933114588318018,0.5039388917044411,0.5039388917044411,0.007354394944693329,351
decision_tree_tau_0_8,CWE-118,0.7339806625847816,0.007841284837033538,0.9993463229083999,0.8186028750864229,0.0006536770916001907,0.9921587151629664,0.015498549881812387,0.009772569472651609,0.06222104433152115,0.818424766242843,0.5035938038727167,0.5540807291095684,0.20855918126275436,10585
decision_tree_tau_0_8,CWE-190,0.3637156925200403,0.022043865626814062,0.9990636478456943,0.9762624693340827,0.0009363521543055527,0.977956134373186,0.041469228565825994,0.027125799805899,0.08425832867000149,0.9753831438807662,0.5105537567362542,0.5214094046393047,0.038596640042248734,1406
decision_tree_tau_0_8,CWE-191,0.0,0.0,1.0,0.9971211397007419,0.0,1.0,0.0,0.0,0.0,0.9971211397007419,0.5,0.5009508916481603,0.0028843229088400014,167
decision_tree_tau_0_8,CWE-20,0.0,0.0,1.0,0.9667982514531991,0.0,1.0,0.0,0.0,0.0,0.9667982514531991,0.5,0.5045653537031796,0.033502723106381735,1926
decision_tree_tau_0_8,CWE-269,0.0,0.0,1.0,0.9979830809316533,0.0,1.0,0.0,0.0,0.0,0.9979830809316533,0.5,0.5003627144533902,0.0020183879974090676,117
decision_tree_tau_0_8,CWE-285,0.054077841662980984,0.0318922305764411,0.9973495152269904,0.9952633697978015,0.002650484773009511,0.9681077694235588,0.0399718892015297,0.034680130410647006,0.0379069202895936,0.9926390241788781,0.5146208729017158,0.5157582706908598,0.0075216177643283606,283
decision_tree_tau_0_8,CWE-287,0.0,0.0,1.0,0.9945008466118462,0.0,1.0,0.0,0.0,0.0,0.9945008466118462,0.5,0.5,0.00549915338815374,319
decision_tree_tau_0_8,CWE-369,0.0,0.0,0.9998960663896984,0.9952760993557185,0.00010393361030157974,1.0,0.0,0.0,-0.0006176612187165333,0.9951731460310054,0.4999480331948492,0.4981731526670458,0.004706959541143575,274
decision_tree_tau_0_8,CWE-400,0.0,0.0,1.0,0.9900360215125452,0.0,1.0,0.0,0.0,0.0,0.9900360215125452,0.5,0.5003046847124777,0.009969983284487973,578
decision_tree_tau_0_8,CWE-404,0.0,0.0,1.0,0.9788480981824212,0.0,1.0,0.0,0.0,0.0,0.9788480981824212,0.5,0.5013238434004519,0.02120695499976013,1227
decision_tree_tau_0_8,CWE-476,0.18773633773633774,0.013066977532852903,0.9983133676690936,0.9713086592553164,0.0016866323309063021,0.9869330224671472,0.02441222725332306,0.016050533153686434,0.042466945484478866,0.9697288254949468,0.5056901726009733,0.5091897001566832,0.03218342847005996,1683
decision_tree_tau_0_8,CWE-662,0.0,0.0,1.0,0.9862952288936716,0.0,1.0,0.0,0.0,0.0,0.9862952288936716,0.5,0.5067794123623319,0.01390094521336685,795
decision_tree_tau_0_8,CWE-665,0.0,0.0,0.9999654397788145,0.9975692506422617,3.4560221185415586e-05,1.0,0.0,0.0,-0.00012916750640234805,0.997534857047816,0.49998271988940723,0.4924245355639205,0.0023962756632790157,141
decision_tree_tau_0_8,CWE-668,0.0,0.0,1.0,0.9764864049981922,0.0,1.0,0.0,0.0,0.0,0.9764864049981922,0.5,0.5712487526609518,0.032105314335813775,1364
decision_tree_tau_0_8,CWE-704,0.0,0.0,1.0,0.9924149694505855,0.0,1.0,0.0,0.0,0.0,0.9924149694505855,0.5,0.49856825240444935,0.007572766494135713,440
decision_tree_tau_0_8,CWE-705,0.0,0.0,1.0,0.9954489813717284,0.0,1.0,0.0,0.0,0.0,0.9954489813717284,0.5,0.5001385258998872,0.00455227003184723,264
decision_tree_tau_0_8,CWE-706,0.0,0.0,1.0,0.9860883590730094,0.0,1.0,0.0,0.0,0.0,0.9860883590730094,0.5,0.49925648373493303,0.013896169127517047,807
decision_tree_tau_0_8,CWE-74,0.3599387131238693,0.24842416657185118,0.9927283276059763,0.9877093585306105,0.0072716723940236695,0.7515758334281488,0.29393524807367355,0.26482202647026065,0.2895320166534665,0.9806926078529777,0.6205762470889138,0.6210169502562316,0.10188901585747619,938
decision_tree_tau_0_8,CWE-754,0.0,0.0,0.9991182571838921,0.9971186121603239,0.0008817428161079128,1.0,0.0,0.0,-0.001419494799170835,0.9962419288502007,0.49955912859194607,0.4944633941618089,0.002850856425628382,167
decision_tree_tau_0_8,CWE-834,0.0641025641025641,0.008571428571428572,0.9993063548374537,0.993996485659552,0.000693645162546425,0.9914285714285714,0.01490171211160431,0.010322442063056398,0.0210572857859078,0.9933114588318018,0.5039388917044411,0.5039388917044411,0.007354394944693329,351
decision_tree_tau_0_9,CWE-118,0.7339806625847816,0.007841284837033538,0.9993463229083999,0.8186028750864229,0.0006536770916001907,0.9921587151629664,0.015498549881812387,0.009772569472651609,0.06222104433152115,0.818424766242843,0.5035938038727167,0.5540807291095684,0.20855918126275436,10585
decision_tree_tau_0_9,CWE-190,0.3637156925200403,0.022043865626814062,0.9990636478456943,0.9762624693340827,0.0009363521543055527,0.977956134373186,0.041469228565825994,0.027125799805899,0.08425832867000149,0.9753831438807662,0.5105537567362542,0.5214094046393047,0.038596640042248734,1406
decision_tree_tau_0_9,CWE-191,0.0,0.0,1.0,0.9971211397007419,0.0,1.0,0.0,0.0,0.0,0.9971211397007419,0.5,0.5009508916481603,0.0028843229088400014,167
decision_tree_tau_0_9,CWE-20,0.0,0.0,1.0,0.9667982514531991,0.0,1.0,0.0,0.0,0.0,0.9667982514531991,0.5,0.5045653537031796,0.033502723106381735,1926
decision_tree_tau_0_9,CWE-269,0.0,0.0,1.0,0.9979830809316533,0.0,1.0,0.0,0.0,0.0,0.9979830809316533,0.5,0.5003627144533902,0.0020183879974090676,117
decision_tree_tau_0_9,CWE-285,0.03302521008403361,0.017606516290726813,0.9979385147939025,0.9951973563490896,0.002061485206097428,0.9823934837092733,0.02295061260578502,0.01941295483812792,0.021292685973270734,0.993156220972258,0.5077725155423147,0.5157582706908598,0.0075216177643283606,283
decision_tree_tau_0_9,CWE-287,0.0,0.0,1.0,0.9945008466118462,0.0,1.0,0.0,0.0,0.0,0.9945008466118462,0.5,0.5,0.00549915338815374,319
decision_tree_tau_0_9,CWE-369,0.0,0.0,0.9998960663896984,0.9952760993557185,0.00010393361030157974,1.0,0.0,0.0,-0.0006176612187165333,0.9951731460310054,0.4999480331948492,0.4981731526670458,0.004706959541143575,274
decision_tree_tau_0_9,CWE-400,0.0,0.0,1.0,0.9900360215125452,0.0,1.0,0.0,0.0,0.0,0.9900360215125452,0.5,0.5003046847124777,0.009969983284487973,578
decision_tree_tau_0_9,CWE-404,0.0,0.0,1.0,0.9788480981824212,0.0,1.0,0.0,0.0,0.0,0.9788480981824212,0.5,0.5013238434004519,0.02120695499976013,1227
decision_tree_tau_0_9,CWE-476,0.0,0.0,1.0,0.97098725309598,0.0,1.0,0.0,0.0,0.0,0.97098725309598,0.5,0.5091897001566832,0.03218342847005996,1683
decision_tree_tau_0_9,CWE-662,0.0,0.0,1.0,0.9862952288936716,0.0,1.0,0.0,0.0,0.0,0.9862952288936716,0.5,0.5067794123623319,0.01390094521336685,795
decision_tree_tau_0_9,CWE-665,0.0,0.0,0.9999654397788145,0.9975692506422617,3.4560221185415586e-05,1.0,0.0,0.0,-0.00012916750640234805,0.997534857047816,0.49998271988940723,0.4924245355639205,0.0023962756632790157,141
decision_tree_tau_0_9,CWE-668,0.0,0.0,1.0,0.9764864049981922,0.0,1.0,0.0,0.0,0.0,0.9764864049981922,0.5,0.5712487526609518,0.032105314335813775,1364
decision_tree_tau_0_9,CWE-704,0.0,0.0,1.0,0.9924149694505855,0.0,1.0,0.0,0.0,0.0,0.9924149694505855,0.5,0.49856825240444935,0.007572766494135713,440
decision_tree_tau_0_9,CWE-705,0.0,0.0,1.0,0.9954489813717284,0.0,1.0,0.0,0.0,0.0,0.9954489813717284,0.5,0.5001385258998872,0.00455227003184723,264
decision_tree_tau_0_9,CWE-706,0.0,0.0,1.0,0.9860883590730094,0.0,1.0,0.0,0.0,0.0,0.9860883590730094,0.5,0.49925648373493303,0.013896169127517047,807
decision_tree_tau_0_9,CWE-74,0.3599387131238693,0.24842416657185118,0.9927283276059763,0.9877093585306105,0.0072716723940236695,0.7515758334281488,0.29393524807367355,0.26482202647026065,0.2895320166534665,0.9806926078529777,0.6205762470889138,0.6210169502562316,0.10188901585747619,938
decision_tree_tau_0_9,CWE-754,0.0,0.0,0.9991182571838921,0.9971186121603239,0.0008817428161079128,1.0,0.0,0.0,-0.001419494799170835,0.9962419288502007,0.49955912859194607,0.4944633941618089,0.002850856425628382,167
decision_tree_tau_0_9,CWE-834,0.03333333333333333,0.002857142857142857,0.9994970952570824,0.993963329266386,0.0005029047429175018,0.9971428571428571,0.005263157894736842,0.003496503496503497,0.008271577715806442,0.9934665777563106,0.5011771190571126,0.5039388917044411,0.007354394944693329,351
random_forest_tau_0_1,CWE-118,0.18247170083080055,1.0,0.0,0.0,1.0,0.0,0.30862759538726325,0.5274093562743876,0.0,0.18247170083080055,0.5,0.5551921699923248,0.21361359128411764,10585
random_forest_tau_0_1,CWE-190,0.02423762896740832,1.0,0.0,0.0,1.0,0.0,0.04732813304706098,0.11047728730264554,0.0,0.02423762896740832,0.5,0.5228172577263848,0.03961924309404282,1406
random_forest_tau_0_1,CWE-191,0.0028843229088400014,1.0,0.0019017832963206017,1.0,0.9980982167036794,0.0,0.005752051606853585,0.014257092530878266,0.002333178479710505,0.004775175916263622,0.5009508916481603,0.5009508916481603,0.0028843229088400014,167
random_forest_tau_0_1,CWE-20,0.0331867931361305,0.9994805194805195,5.349023803155924e-05,0.15,0.9999465097619684,0.0005194805194805195,0.064240538305496,0.14647914649947366,-0.00449597653662088,0.03323622536114336,0.4997670048592755,0.5045653537031796,0.033502723106381735,1926
random_forest_tau_0_1,CWE-269,0.0020183879974090676,1.0,0.000725428906780469,1.0,0.9992745710932196,0.0,0.004028641091625471,0.010011080014468442,0.001193317412040144,0.0027408772434892323,0.5003627144533902,0.5003627144533902,0.0020183879974090676,117
random_forest_tau_0_1,CWE-285,0.004890000597164389,1.0,0.0023558663814132355,1.0,0.9976441336185868,0.0,0.009732406514385382,0.023980905273169355,0.0033712636810682164,0.007222943694943726,0.5011779331907066,0.5157582706908598,0.0075216177643283606,283
random_forest_tau_0_1,CWE-287,0.00549915338815374,1.0,0.0,0.0,1.0,0.0,0.010938153700230322,0.02690394709650003,0.0,0.00549915338815374,0.5,0.5,0.00549915338815374,319
random_forest_tau_0_1,CWE-369,0.004723411627418168,1.0,0.0,0.0,1.0,0.0,0.009402409330838453,0.02317909641830872,0.0,0.004723411627418168,0.5,0.4981731526670458,0.004706959541143575,274
random_forest_tau_0_1,CWE-400,0.009965875351759825,1.0,0.0001915542169769726,0.6,0.9998084457830231,0.0,0.019735069426909564,0.04791911498925652,0.001063940450363877,0.010153617327068504,0.5000957771084884,0.5003046847124777,0.009969983284487973,578
random_forest_tau_0_1,CWE-404,0.021159343946324804,0.9983706653393064,0.001990162387802608,0.989010989010989,0.9980098376121974,0.001629334660693546,0.0414404001743162,0.09752863601304786,0.001973370172143129,0.02306549443371643,0.5001804138635546,0.5010765885469277,0.021208422582101972,1227
random_forest_tau_0_1,CWE-476,0.02901274690402008,1.0,0.0,0.0,1.0,0.0,0.0563894761527696,0.12997945582352088,0.0,0.02901274690402008,0.5,0.5091897001566832,0.03218342847005996,1683
random_forest_tau_0_1,CWE-662,0.013673797912326813,0.9974842767295599,0.00022721314340644938,0.17333333333333334,0.9997727868565935,0.002515723270440252,0.026977776671348246,0.06481497976812568,-0.007404405874666678,0.01389439358521138,0.4988557449364831,0.5067440229445674,0.01390045010403079,795
random_forest_tau_0_1,CWE-665,0.002442085841112488,1.0,0.004683170256293402,1.0,0.9953168297437067,0.0,0.004872270606075276,0.01209228228529056,0.00336708911961806,0.007102444262096321,0.5023415851281466,0.4899203610848401,0.0023983788701930978,141
random_forest_tau_0_1,CWE-668,0.02348436671392732,0.9985321051497522,0.00019416696792021637,0.3380952380952381,0.9998058330320798,0.0014678948502477914,0.04588946238228065,0.10732514450234194,-0.008174223078703514,0.023668728781889838,0.49936313605883614,0.5712371011745556,0.03211882839385008,1364
random_forest_tau_0_1,CWE-704,0.007572605973665195,0.9977272727272727,0.000625235245805238,0.7916666666666667,0.9993747647541948,0.0022727272727272726,0.015031127809854713,0.03674739958410202,-0.0025867026073633633,0.008188291663238055,0.49917625398653903,0.4985679564250338,0.007572766494135713,440
random_forest_tau_0_1,CWE-705,0.0045517976245905796,1.0,0.0001731826748718305,0.8,0.9998268173251281,0.0,0.00906234303568377,0.02235199899861998,0.0007348194724264237,0.0047234190537966255,0.5000865913374359,0.5001385258998872,0.00455227003184723,264
random_forest_tau_0_1,CWE-706,0.013911640926990567,1.0,0.0,0.0,1.0,0.0,0.027441521470066323,0.06589153231662973,0.0,0.013911640926990567,0.5,0.49925648373493303,0.013896169127517047,807
random_forest_tau_0_1,CWE-74,0.016186363787069873,1.0,0.0010338565879697823,1.0,0.9989661434120303,0.0,0.03185707431685168,0.07601045925234143,0.004038520124563866,0.017187051490583853,0.5005169282939849,0.6210169502562316,0.10188901585747619,938
random_forest_tau_0_1,CWE-754,0.002848926878455701,0.9882352941176471,0.0015732370220785576,0.9885714285714287,0.9984267629779214,0.011764705882352941,0.0056814713136666434,0.014082211265444917,-0.009522218190746645,0.004413081619025231,0.49490426556986283,0.4944633941618089,0.002850856425628382,167
random_forest_tau_0_1,CWE-834,0.006050794354607701,1.0,0.0,0.0,1.0,0.0,0.012028802337117644,0.029539009169382607,0.0,0.006050794354607701,0.5,0.5039388917044411,0.007354394944693329,351
random_forest_tau_0_2,CWE-118,0.18247170083080055,1.0,0.0,0.0,1.0,0.0,0.30862759538726325,0.5274093562743876,0.0,0.18247170083080055,0.5,0.5551921699923248,0.21361359128411764,10585
random_forest_tau_0_2,CWE-190,0.02423762896740832,1.0,0.0,0.0,1.0,0.0,0.04732813304706098,0.11047728730264554,0.0,0.02423762896740832,0.5,0.5228172577263848,0.03961924309404282,1406
random_forest_tau_0_2,CWE-191,0.0028843229088400014,1.0,0.0019017832963206017,1.0,0.9980982167036794,0.0,0.005752051606853585,0.014257092530878266,0.002333178479710505,0.004775175916263622,0.5009508916481603,0.5009508916481603,0.0028843229088400014,167
random_forest_tau_0_2,CWE-20,0.0331867931361305,0.9994805194805195,5.349023803155924e-05,0.15,0.9999465097619684,0.0005194805194805195,0.064240538305496,0.14647914649947366,-0.00449597653662088,0.03323622536114336,0.4997670048592755,0.5045653537031796,0.033502723106381735,1926
random_forest_tau_0_2,CWE-269,0.0020183879974090676,1.0,0.000725428906780469,1.0,0.9992745710932196,0.0,0.004028641091625471,0.010011080014468442,0.001193317412040144,0.0027408772434892323,0.5003627144533902,0.5003627144533902,0.0020183879974090676,117
random_forest_tau_0_2,CWE-285,0.004890000597164389,1.0,0.0023558663814132355,1.0,0.9976441336185868,0.0,0.009732406514385382,0.023980905273169355,0.0033712636810682164,0.007222943694943726,0.5011779331907066,0.5157582706908598,0.0075216177643283606,283
random_forest_tau_0_2,CWE-287,0.00549915338815374,1.0,0.0,0.0,1.0,0.0,0.010938153700230322,0.02690394709650003,0.0,0.00549915338815374,0.5,0.5,0.00549915338815374,319
random_forest_tau_0_2,CWE-369,0.004723411627418168,1.0,0.0,0.0,1.0,0.0,0.009402409330838453,0.02317909641830872,0.0,0.004723411627418168,0.5,0.4981731526670458,0.004706959541143575,274
random_forest_tau_0_2,CWE-400,0.009969983284487973,1.0,0.0006093694249553033,1.0,0.9993906305750446,0.0,0.01974312458558608,0.04793811585865867,0.002409367499494533,0.010567287129641053,0.5003046847124777,0.5003046847124777,0.009969983284487973,578
random_forest_tau_0_2,CWE-404,0.021159710118908555,0.9983706653393064,0.0020077757739760996,0.989010989010989,0.9979922242260238,0.001629334660693546,0.04144110239742181,0.09753019156523093,0.0020177768657799024,0.023082734326829092,0.5001892205566413,0.5010765885469277,0.021208422582101972,1227
random_forest_tau_0_2,CWE-476,0.02901274690402008,1.0,0.0,0.0,1.0,0.0,0.0563894761527696,0.12997945582352088,0.0,0.02901274690402008,0.5,0.5091897001566832,0.03218342847005996,1683
random_forest_tau_0_2,CWE-662,0.013673797912326813,0.9974842767295599,0.00022721314340644938,0.17333333333333334,0.9997727868565935,0.002515723270440252,0.026977776671348246,0.06481497976812568,-0.007404405874666678,0.01389439358521138,0.4988557449364831,0.5067440229445674,0.01390045010403079,795
random_forest_tau_0_2,CWE-665,0.002394796114091454,0.9788177339901478,0.006567479198634882,0.993015873015873,0.993432520801365,0.021182266009852214,0.0047778990704975665,0.011857899438523611,-0.008154845172702142,0.008930368075244952,0.49269260659439135,0.4899203610848401,0.0023983788701930978,141
random_forest_tau_0_2,CWE-668,0.02348436671392732,0.9985321051497522,0.00019416696792021637,0.3380952380952381,0.9998058330320798,0.0014678948502477914,0.04588946238228065,0.10732514450234194,-0.008174223078703514,0.023668728781889838,0.49936313605883614,0.5712371011745556,0.03211882839385008,1364
random_forest_tau_0_2,CWE-704,0.007572605973665195,0.9977272727272727,0.000625235245805238,0.7916666666666667,0.9993747647541948,0.0022727272727272726,0.015031127809854713,0.03674739958410202,-0.0025867026073633633,0.008188291663238055,0.49917625398653903,0.4985679564250338,0.007572766494135713,440
random_forest_tau_0_2,CWE-705,0.00455227003184723,1.0,0.0002770517997744532,1.0,0.9997229482002256,0.0,0.009063279277560446,0.02235427702996764,0.0010429020749816867,0.004826813849591905,0.5001385258998872,0.5001385258998872,0.00455227003184723,264
random_forest_tau_0_2,CWE-706,0.013896072428770338,0.9987577639751553,0.00010484927916120576,0.17142857142857143,0.9998951507208389,0.0012422360248447203,0.02741076556270635,0.06581736748774791,-0.005418383065631441,0.013997803256819966,0.4994313066271582,0.49925648373493303,0.013896169127517047,807
random_forest_tau_0_2,CWE-74,0.016186363787069873,1.0,0.0010338565879697823,1.0,0.9989661434120303,0.0,0.03185707431685168,0.07601045925234143,0.004038520124563866,0.017187051490583853,0.5005169282939849,0.6210169502562316,0.10188901585747619,938
random_forest_tau_0_2,CWE-754,0.002848926878455701,0.9882352941176471,0.0015732370220785576,0.9885714285714287,0.9984267629779214,0.011764705882352941,0.0056814713136666434,0.014082211265444917,-0.009522218190746645,0.004413081619025231,0.49490426556986283,0.4944633941618089,0.002850856425628382,167
random_forest_tau_0_2,CWE-834,0.006050794354607701,1.0,0.0,0.0,1.0,0.0,0.012028802337117644,0.029539009169382607,0.0,0.006050794354607701,0.5,0.5039388917044411,0.007354394944693329,351
random_forest_tau_0_3,CWE-118,0.18247170083080055,1.0,0.0,0.0,1.0,0.0,0.30862759538726325,0.5274093562743876,0.0,0.18247170083080055,0.5,0.5551921699923248,0.21361359128411764,10585
random_forest_tau_0_3,CWE-190,0.024243913174896582,1.0,0.000265092630022655,0.4,0.9997349073699773,0.0,0.047340112493676936,0.11050339018715923,0.0015967401274582563,0.024496285350414686,0.5001325463150114,0.5228172577263848,0.03961924309404282,1406
random_forest_tau_0_3,CWE-191,0.0028843229088400014,1.0,0.0019017832963206017,1.0,0.9980982167036794,0.0,0.005752051606853585,0.014257092530878266,0.002333178479710505,0.004775175916263622,0.5009508916481603,0.5009508916481603,0.0028843229088400014,167
random_forest_tau_0_3,CWE-20,0.0331867931361305,0.9994805194805195,5.349023803155924e-05,0.15,0.9999465097619684,0.0005194805194805195,0.064240538305496,0.14647914649947366,-0.00449597653662088,0.03323622536114336,0.4997670048592755,0.5045653537031796,0.033502723106381735,1926
random_forest_tau_0_3,CWE-269,0.0020183879974090676,1.0,0.000725428906780469,1.0,0.9992745710932196,0.0,0.004028641091625471,0.010011080014468442,0.001193317412040144,0.0027408772434892323,0.5003627144533902,0.5003627144533902,0.0020183879974090676,117
random_forest_tau_0_3,CWE-285,0.004890000597164389,1.0,0.0023558663814132355,1.0,0.9976441336185868,0.0,0.009732406514385382,0.023980905273169355,0.0033712636810682164,0.007222943694943726,0.5011779331907066,0.5157582706908598,0.0075216177643283606,283
random_forest_tau_0_3,CWE-287,0.00549915338815374,1.0,0.0,0.0,1.0,0.0,0.010938153700230322,0.02690394709650003,0.0,0.00549915338815374,0.5,0.5,0.00549915338815374,319
random_forest_tau_0_3,CWE-369,0.004723411627418168,1.0,0.0,0.0,1.0,0.0,0.009402409330838453,0.02317909641830872,0.0,0.004723411627418168,0.5,0.4981731526670458,0.004706959541143575,274
random_forest_tau_0_3,CWE-400,0.009969983284487973,1.0,0.0006093694249553033,1.0,0.9993906305750446,0.0,0.01974312458558608,0.04793811585865867,0.002409367499494533,0.010567287129641053,0.5003046847124777,0.5003046847124777,0.009969983284487973,578
random_forest_tau_0_3,CWE-404,0.02120845623113739,0.9983706653393064,0.004350156377968638,0.9930769230769231,0.9956498436220313,0.001629334660693546,0.04153458450225073,0.09773727044623824,0.006215443233937801,0.025375545251130192,0.5013604108586376,0.5010765885469277,0.021208422582101972,1227
random_forest_tau_0_3,CWE-476,0.02901274690402008,1.0,0.0,0.0,1.0,0.0,0.0563894761527696,0.12997945582352088,0.0,0.02901274690402008,0.5,0.5091897001566832,0.03218342847005996,1683
random_forest_tau_0_3,CWE-662,0.01367449972522725,0.9974842767295599,0.0002796469457310146,0.17777777777777776,0.999720353054269,0.002515723270440252,0.026979142549131564,0.06481813311603717,-0.00660525528969922,0.013946108806724913,0.4988819618376453,0.5067440229445674,0.01390045010403079,795
random_forest_tau_0_3,CWE-665,0.002394796114091454,0.9788177339901478,0.006567479198634882,0.993015873015873,0.993432520801365,0.021182266009852214,0.0047778990704975665,0.011857899438523611,-0.008154845172702142,0.008930368075244952,0.49269260659439135,0.4899203610848401,0.0023983788701930978,141
random_forest_tau_0_3,CWE-668,0.02348436671392732,0.9985321051497522,0.00019416696792021637,0.3380952380952381,0.9998058330320798,0.0014678948502477914,0.04588946238228065,0.10732514450234194,-0.008174223078703514,0.023668728781889838,0.49936313605883614,0.5712371011745556,0.03211882839385008,1364
random_forest_tau_0_3,CWE-704,0.007572605973665195,0.9977272727272727,0.000625235245805238,0.7916666666666667,0.9993747647541948,0.0022727272727272726,0.015031127809854713,0.03674739958410202,-0.0025867026073633633,0.008188291663238055,0.49917625398653903,0.4985679564250338,0.007572766494135713,440
random_forest_tau_0_3,CWE-705,0.00455227003184723,1.0,0.0002770517997744532,1.0,0.9997229482002256,0.0,0.009063279277560446,0.02235427702996764,0.0010429020749816867,0.004826813849591905,0.5001385258998872,0.5001385258998872,0.00455227003184723,264
random_forest_tau_0_3,CWE-706,0.013896072428770338,0.9987577639751553,0.00010484927916120576,0.17142857142857143,0.9998951507208389,0.0012422360248447203,0.02741076556270635,0.06581736748774791,-0.005418383065631441,0.013997803256819966,0.4994313066271582,0.49925648373493303,0.013896169127517047,807
random_forest_tau_0_3,CWE-74,0.016188593093050936,1.0,0.0011740291757371007,1.0,0.9988259708242628,0.0,0.03186139240238804,0.07602029470333962,0.00427766345845957,0.017324964691719215,0.5005870145878685,0.6210169502562316,0.10188901585747619,938
random_forest_tau_0_3,CWE-754,0.002848926878455701,0.9882352941176471,0.0015732370220785576,0.9885714285714287,0.9984267629779214,0.011764705882352941,0.0056814713136666434,0.014082211265444917,-0.009522218190746645,0.004413081619025231,0.49490426556986283,0.4944633941618089,0.002850856425628382,167
random_forest_tau_0_3,CWE-834,0.006050794354607701,1.0,0.0,0.0,1.0,0.0,0.012028802337117644,0.029539009169382607,0.0,0.006050794354607701,0.5,0.5039388917044411,0.007354394944693329,351
random_forest_tau_0_4,CWE-118,0.18247170083080055,1.0,0.0,0.0,1.0,0.0,0.30862759538726325,0.5274093562743876,0.0,0.18247170083080055,0.5,0.5551921699923248,0.21361359128411764,10585
random_forest_tau_0_4,CWE-190,0.024259791299135955,1.0,0.0009363084633932214,1.0,0.9990636915366068,0.0,0.04737038403649142,0.1105693714455305,0.004720828917988499,0.025151246794057995,0.5004681542316967,0.5228172577263848,0.03961924309404282,1406
random_forest_tau_0_4,CWE-191,0.0028843229088400014,1.0,0.0019017832963206017,1.0,0.9980982167036794,0.0,0.005752051606853585,0.014257092530878266,0.002333178479710505,0.004775175916263622,0.5009508916481603,0.5009508916481603,0.0028843229088400014,167
random_forest_tau_0_4,CWE-20,0.0331867931361305,0.9994805194805195,5.349023803155924e-05,0.15,0.9999465097619684,0.0005194805194805195,0.064240538305496,0.14647914649947366,-0.00449597653662088,0.03323622536114336,0.4997670048592755,0.5045653537031796,0.033502723106381735,1926
random_forest_tau_0_4,CWE-269,0.0020183879974090676,1.0,0.000725428906780469,1.0,0.9992745710932196,0.0,0.004028641091625471,0.010011080014468442,0.001193317412040144,0.0027408772434892323,0.5003627144533902,0.5003627144533902,0.0020183879974090676,117
random_forest_tau_0_4,CWE-285,0.004890000597164389,1.0,0.0023558663814132355,1.0,0.9976441336185868,0.0,0.009732406514385382,0.023980905273169355,0.0033712636810682164,0.007222943694943726,0.5011779331907066,0.5157582706908598,0.0075216177643283606,283
random_forest_tau_0_4,CWE-287,0.00549915338815374,1.0,0.0,0.0,1.0,0.0,0.010938153700230322,0.02690394709650003,0.0,0.00549915338815374,0.5,0.5,0.00549915338815374,319
random_forest_tau_0_4,CWE-369,0.004706654872879232,0.9963636363636363,8.660258075690655e-05,0.16666666666666669,0.999913397419243,0.0036363636363636364,0.009369049419086862,0.023096827804440657,-0.010724704123698399,0.0047923652561028774,0.4982251194721966,0.4981731526670458,0.004706959541143575,274
random_forest_tau_0_4,CWE-400,0.009969983284487973,1.0,0.0006093694249553033,1.0,0.9993906305750446,0.0,0.01974312458558608,0.04793811585865867,0.002409367499494533,0.010567287129641053,0.5003046847124777,0.5003046847124777,0.009969983284487973,578
random_forest_tau_0_4,CWE-404,0.02120845623113739,0.9983706653393064,0.004350156377968638,0.9930769230769231,0.9956498436220313,0.001629334660693546,0.04153458450225073,0.09773727044623824,0.006215443233937801,0.025375545251130192,0.5013604108586376,0.5010765885469277,0.021208422582101972,1227
random_forest_tau_0_4,CWE-476,0.02901274690402008,1.0,0.0,0.0,1.0,0.0,0.0563894761527696,0.12997945582352088,0.0,0.02901274690402008,0.5,0.5091897001566832,0.03218342847005996,1683
random_forest_tau_0_4,CWE-662,0.013903532391098766,0.979874213836478,0.03432696641961292,0.9918907619448755,0.9656730335803871,0.020125786163522015,0.027418027443878216,0.06578399721550582,0.009070195383394469,0.04728546297291938,0.5071005901280454,0.5067440229445674,0.01390045010403079,795
random_forest_tau_0_4,CWE-665,0.0023954278755605454,0.9788177339901478,0.006826682350665617,0.993015873015873,0.9931733176493344,0.021182266009852214,0.004779156479391476,0.011860997765234785,-0.008072640448385515,0.009188945668754098,0.49282220817040673,0.4899203610848401,0.0023983788701930978,141
random_forest_tau_0_4,CWE-668,0.02348436671392732,0.9985321051497522,0.00019416696792021637,0.3380952380952381,0.9998058330320798,0.0014678948502477914,0.04588946238228065,0.10732514450234194,-0.008174223078703514,0.023668728781889838,0.49936313605883614,0.5712371011745556,0.03211882839385008,1364
random_forest_tau_0_4,CWE-704,0.007572605973665195,0.9977272727272727,0.000625235245805238,0.7916666666666667,0.9993747647541948,0.0022727272727272726,0.015031127809854713,0.03674739958410202,-0.0025867026073633633,0.008188291663238055,0.49917625398653903,0.4985679564250338,0.007572766494135713,440
random_forest_tau_0_4,CWE-705,0.00455227003184723,1.0,0.0002770517997744532,1.0,0.9997229482002256,0.0,0.009063279277560446,0.02235427702996764,0.0010429020749816867,0.004826813849591905,0.5001385258998872,0.5001385258998872,0.00455227003184723,264
random_forest_tau_0_4,CWE-706,0.013896072428770338,0.9987577639751553,0.00010484927916120576,0.17142857142857143,0.9998951507208389,0.0012422360248447203,0.02741076556270635,0.06581736748774791,-0.005418383065631441,0.013997803256819966,0.4994313066271582,0.49925648373493303,0.013896169127517047,807
random_forest_tau_0_4,CWE-74,0.016188593093050936,1.0,0.0011740291757371007,1.0,0.9988259708242628,0.0,0.03186139240238804,0.07602029470333962,0.00427766345845957,0.017324964691719215,0.5005870145878685,0.6210169502562316,0.10188901585747619,938
random_forest_tau_0_4,CWE-754,0.002848926878455701,0.9882352941176471,0.0015732370220785576,0.9885714285714287,0.9984267629779214,0.011764705882352941,0.0056814713136666434,0.014082211265444917,-0.009522218190746645,0.004413081619025231,0.49490426556986283,0.4944633941618089,0.002850856425628382,167
random_forest_tau_0_4,CWE-834,0.006050794354607701,1.0,0.0,0.0,1.0,0.0,0.012028802337117644,0.029539009169382607,0.0,0.006050794354607701,0.5,0.5039388917044411,0.007354394944693329,351
random_forest_tau_0_5,CWE-118,0.23733413690476618,0.37581483230987245,0.7304318012689975,0.8398169938013995,0.2695681987310024,0.6241851676901276,0.2909343052515962,0.33653939307905645,0.0905374276309538,0.6657241731752304,0.553123316789435,0.5551921699923248,0.21361359128411764,10585
random_forest_tau_0_5,CWE-190,0.07438434306940059,0.06544004442088791,0.9798421782009867,0.9768567616793412,0.020157821799013174,0.9345599555791122,0.0694844810339899,0.06697113336194846,0.048124804642125464,0.957679059108548,0.5226411113109374,0.5228172577263848,0.03961924309404282,1406
random_forest_tau_0_5,CWE-191,0.0028843229088400014,1.0,0.0019017832963206017,1.0,0.9980982167036794,0.0,0.005752051606853585,0.014257092530878266,0.002333178479710505,0.004775175916263622,0.5009508916481603,0.5009508916481603,0.0028843229088400014,167
random_forest_tau_0_5,CWE-20,0.037318097584925956,0.06178049929345266,0.9454024575521274,0.9670426476176655,0.054597542447872606,0.9382195007065472,0.0465137399171348,0.05460274798463113,0.005595777688622629,0.9160648883531133,0.5035914784227901,0.5045653537031796,0.033502723106381735,1926
random_forest_tau_0_5,CWE-269,0.0016043807522822782,0.8,0.20051821080973334,0.9995864208168189,0.7994817891902667,0.2,0.0032023370806080836,0.007958043230892737,0.0009004184644508719,0.2017069292855364,0.5002591054048666,0.5003627144533902,0.0020183879974090676,117
random_forest_tau_0_5,CWE-285,0.054077841662980984,0.0318922305764411,0.9973495152269904,0.9952633697978015,0.002650484773009511,0.9681077694235588,0.0399718892015297,0.034680130410647006,0.0379069202895936,0.9926390241788781,0.5146208729017158,0.5157582706908598,0.0075216177643283606,283
random_forest_tau_0_5,CWE-287,0.0,0.0,1.0,0.9945008466118462,0.0,1.0,0.0,0.0,0.0,0.9945008466118462,0.5,0.5,0.00549915338815374,319
random_forest_tau_0_5,CWE-369,0.0009313556398758192,0.19636363636363635,0.7999826689704553,0.9628908784167999,0.2000173310295447,0.8036363636363635,0.0018539181186164276,0.004570074475287746,-0.011342365342414933,0.7971383244485196,0.4981731526670458,0.4981731526670458,0.004706959541143575,274
random_forest_tau_0_5,CWE-400,0.009969983284487973,1.0,0.0006093694249553033,1.0,0.9993906305750446,0.0,0.01974312458558608,0.04793811585865867,0.002409367499494533,0.010567287129641053,0.5003046847124777,0.5003046847124777,0.009969983284487973,578
random_forest_tau_0_5,CWE-404,0.02120845623113739,0.9983706653393064,0.004350156377968638,0.9930769230769231,0.9956498436220313,0.001629334660693546,0.04153458450225073,0.09773727044623824,0.006215443233937801,0.025375545251130192,0.5013604108586376,0.5010765885469277,0.021208422582101972,1227
random_forest_tau_0_5,CWE-476,0.08619273769482211,0.026730959446092977,0.9915846444995078,0.9715082000684875,0.008415355500492307,0.9732690405539071,0.040781210659642755,0.031002345378564437,0.03249567330269139,0.9635918569624273,0.5091578019728004,0.5091897001566832,0.03218342847005996,1683
random_forest_tau_0_5,CWE-662,0.013903784506916945,0.979874213836478,0.034344438246292394,0.991891948818058,0.9656555617537077,0.020125786163522015,0.027418517652617942,0.06578512591276801,0.00907683630291391,0.04730269543888525,0.5071093260413851,0.5067440229445674,0.01390045010403079,795
random_forest_tau_0_5,CWE-665,0.0004509191814082553,0.18571428571428572,0.7966478420258681,0.9924853051196791,0.2033521579741318,0.8142857142857143,0.0008996539792387544,0.0022329096530401926,-0.010748961250195747,0.7951559790146908,0.491181063870077,0.4899203610848401,0.0023983788701930978,141
random_forest_tau_0_5,CWE-668,0.060747503577883485,0.22874649859943977,0.9148731501835881,0.9801044725297807,0.08512684981641187,0.7712535014005601,0.09599474203260161,0.14727013253132518,0.07659452863810375,0.8987397215592017,0.571809824391514,0.5712371011745556,0.03211882839385008,1364
random_forest_tau_0_5,CWE-704,0.0015023312035917803,0.19772727272727272,0.799183371727295,0.9855889249104711,0.20081662827270494,0.8022727272727274,0.002982005141388175,0.007290095525389643,-0.006285610201435793,0.7946202185028429,0.49845532222728395,0.4985679564250338,0.007572766494135713,440
random_forest_tau_0_5,CWE-705,0.00455227003184723,1.0,0.0002770517997744532,1.0,0.9997229482002256,0.0,0.009063279277560446,0.02235427702996764,0.0010429020749816867,0.004826813849591905,0.5001385258998872,0.5001385258998872,0.00455227003184723,264
random_forest_tau_0_5,CWE-706,0.00832662195458332,0.5987577639751553,0.39996496925770153,0.5658572013190744,0.6000350307422985,0.4012422360248447,0.016424830367028985,0.03943924712676945,-0.006293973603030943,0.4027209682925969,0.4993613666164284,0.49925648373493303,0.013896169127517047,807
random_forest_tau_0_5,CWE-74,0.3599387131238693,0.24842416657185118,0.9927283276059763,0.9877093585306105,0.0072716723940236695,0.7515758334281488,0.29393524807367355,0.26482202647026065,0.2895320166534665,0.9806926078529777,0.6205762470889138,0.6210169502562316,0.10188901585747619,938
random_forest_tau_0_5,CWE-754,0.0005532025239865157,0.18823529411764706,0.799688697979052,0.9862760455576746,0.20031130202094802,0.8117647058823529,0.0011031629750926483,0.0027338744126441687,-0.012453159758690848,0.7979482370197974,0.4939619960483495,0.4944633941618089,0.002850856425628382,167
random_forest_tau_0_5,CWE-834,0.0641025641025641,0.008571428571428572,0.9993063548374537,0.993996485659552,0.000693645162546425,0.9914285714285714,0.01490171211160431,0.010322442063056398,0.0210572857859078,0.9933114588318018,0.5039388917044411,0.5039388917044411,0.007354394944693329,351
random_forest_tau_0_6,CWE-118,0.39093590922643007,0.025129900803023148,0.9912282096484238,0.8199976832236571,0.008771790351576075,0.9748700991969768,0.047199628006212975,0.03091114321912484,0.05867846024061592,0.8149425497602248,0.5081790552257235,0.5551921699923248,0.21361359128411764,10585
random_forest_tau_0_6,CWE-190,0.07638940317147361,0.06472830064864592,0.9806194697356817,0.9768573980873232,0.019380530264318248,0.9352716993513541,0.06998133060928495,0.06671320770595603,0.049107653287692746,0.9584202898252526,0.5226738851921638,0.5228172577263848,0.03961924309404282,1406
random_forest_tau_0_6,CWE-191,0.0,0.0,1.0,0.9971211397007419,0.0,1.0,0.0,0.0,0.0,0.9971211397007419,0.5,0.5009508916481603,0.0028843229088400014,167
random_forest_tau_0_6,CWE-20,0.025396825396825397,0.0036336720274544113,0.9962197938483536,0.9667935069049053,0.003780206151646411,0.9963663279725455,0.0063504006868747905,0.004383700163510933,-0.0004161695257282858,0.9632642364676794,0.4999267329379039,0.5045653537031796,0.033502723106381735,1926
random_forest_tau_0_6,CWE-269,0.0,0.0,1.0,0.9979830809316533,0.0,1.0,0.0,0.0,0.0,0.9979830809316533,0.5,0.5003627144533902,0.0020183879974090676,117
random_forest_tau_0_6,CWE-285,0.054077841662980984,0.0318922305764411,0.9973495152269904,0.9952633697978015,0.002650484773009511,0.9681077694235588,0.0399718892015297,0.034680130410647006,0.0379069202895936,0.9926390241788781,0.5146208729017158,0.5157582706908598,0.0075216177643283606,283
random_forest_tau_0_6,CWE-287,0.0,0.0,1.0,0.9945008466118462,0.0,1.0,0.0,0.0,0.0,0.9945008466118462,0.5,0.5,0.00549915338815374,319
random_forest_tau_0_6,CWE-369,0.0,0.0,0.9998960663896984,0.9952760993557185,0.00010393361030157974,1.0,0.0,0.0,-0.0006176612187165333,0.9951731460310054,0.4999480331948492,0.4981731526670458,0.004706959541143575,274
random_forest_tau_0_6,CWE-400,0.0,0.0,1.0,0.9900360215125452,0.0,1.0,0.0,0.0,0.0,0.9900360215125452,0.5,0.5003046847124777,0.009969983284487973,578
random_forest_tau_0_6,CWE-404,0.0,0.0,1.0,0.9788480981824212,0.0,1.0,0.0,0.0,0.0,0.9788480981824212,0.5,0.5010765885469277,0.021208422582101972,1227
random_forest_tau_0_6,CWE-476,0.08619273769482211,0.026730959446092977,0.9915846444995078,0.9715082000684875,0.008415355500492307,0.9732690405539071,0.040781210659642755,0.031002345378564437,0.03249567330269139,0.9635918569624273,0.5091578019728004,0.5091897001566832,0.03218342847005996,1683
random_forest_tau_0_6,CWE-662,0.0,0.0,0.9993707362692948,0.9862867149225647,0.0006292637307050768,1.0,0.0,0.0,-0.002556607593552941,0.9856745897151565,0.4996853681346474,0.5067440229445674,0.01390045010403079,795
random_forest_tau_0_6,CWE-665,0.0,0.0,0.9999654397788145,0.9975692506422617,3.4560221185415586e-05,1.0,0.0,0.0,-0.00012916750640234805,0.997534857047816,0.49998271988940723,0.4899203610848401,0.0023983788701930978,141
random_forest_tau_0_6,CWE-668,0.060747503577883485,0.22874649859943977,0.9148731501835881,0.9801044725297807,0.08512684981641187,0.7712535014005601,0.09599474203260161,0.14727013253132518,0.07659452863810375,0.8987397215592017,0.571809824391514,0.5712371011745556,0.03211882839385008,1364
random_forest_tau_0_6,CWE-704,0.0,0.0,0.9987839968358209,0.992405801238807,0.0012160031641791625,1.0,0.0,0.0,-0.002708338321064376,0.9912081902415988,0.49939199841791043,0.4985679564250338,0.007572766494135713,440
random_forest_tau_0_6,CWE-705,0.0,0.0,1.0,0.9954489813717284,0.0,1.0,0.0,0.0,0.0,0.9954489813717284,0.5,0.5001385258998872,0.00455227003184723,264
random_forest_tau_0_6,CWE-706,0.0,0.0,0.9996503542155496,0.98608355580033,0.00034964578445041927,1.0,0.0,0.0,-0.0019413019772928526,0.9857435819962574,0.4998251771077748,0.49925648373493303,0.013896169127517047,807
random_forest_tau_0_6,CWE-74,0.3599387131238693,0.24842416657185118,0.9927283276059763,0.9877093585306105,0.0072716723940236695,0.7515758334281488,0.29393524807367355,0.26482202647026065,0.2895320166534665,0.9806926078529777,0.6205762470889138,0.6210169502562316,0.10188901585747619,938
random_forest_tau_0_6,CWE-754,0.0,0.0,0.9991182571838921,0.9971186121603239,0.0008817428161079128,1.0,0.0,0.0,-0.001419494799170835,0.9962419288502007,0.49955912859194607,0.4944633941618089,0.002850856425628382,167
random_forest_tau_0_6,CWE-834,0.0641025641025641,0.008571428571428572,0.9993063548374537,0.993996485659552,0.000693645162546425,0.9914285714285714,0.01490171211160431,0.010322442063056398,0.0210572857859078,0.9933114588318018,0.5039388917044411,0.5039388917044411,0.007354394944693329,351
random_forest_tau_0_7,CWE-118,0.6848486462279565,0.01209258384506377,0.998734824344073,0.8191490078678889,0.0012651756559271005,0.9879074161549362,0.023744181527269488,0.015045815452294272,0.07343222796863372,0.8187005867331127,0.5054137040945683,0.5551921699923248,0.21361359128411764,10585
random_forest_tau_0_7,CWE-190,0.2493399014778325,0.02346735317129805,0.998215605228743,0.976276474182302,0.0017843947712570317,0.976532646828702,0.0428189101518139,0.02864492604361607,0.06973392320905092,0.974590135452044,0.5108414792000205,0.5228172577263848,0.03961924309404282,1406
random_forest_tau_0_7,CWE-191,0.0,0.0,1.0,0.9971211397007419,0.0,1.0,0.0,0.0,0.0,0.9971211397007419,0.5,0.5009508916481603,0.0028843229088400014,167
random_forest_tau_0_7,CWE-20,0.0,0.0,0.9998395387943451,0.9667931014801795,0.00016046120565493276,1.0,0.0,0.0,-0.001438753570072699,0.9666431146774107,0.49991976939717253,0.5045653537031796,0.033502723106381735,1926
random_forest_tau_0_7,CWE-269,0.0,0.0,1.0,0.9979830809316533,0.0,1.0,0.0,0.0,0.0,0.9979830809316533,0.5,0.5003627144533902,0.0020183879974090676,117
random_forest_tau_0_7,CWE-285,0.054077841662980984,0.0318922305764411,0.9973495152269904,0.9952633697978015,0.002650484773009511,0.9681077694235588,0.0399718892015297,0.034680130410647006,0.0379069202895936,0.9926390241788781,0.5146208729017158,0.5157582706908598,0.0075216177643283606,283
random_forest_tau_0_7,CWE-287,0.0,0.0,1.0,0.9945008466118462,0.0,1.0,0.0,0.0,0.0,0.9945008466118462,0.5,0.5,0.00549915338815374,319
random_forest_tau_0_7,CWE-369,0.0,0.0,0.9998960663896984,0.9952760993557185,0.00010393361030157974,1.0,0.0,0.0,-0.0006176612187165333,0.9951731460310054,0.4999480331948492,0.4981731526670458,0.004706959541143575,274
random_forest_tau_0_7,CWE-400,0.0,0.0,1.0,0.9900360215125452,0.0,1.0,0.0,0.0,0.0,0.9900360215125452,0.5,0.5003046847124777,0.009969983284487973,578
random_forest_tau_0_7,CWE-404,0.0,0.0,1.0,0.9788480981824212,0.0,1.0,0.0,0.0,0.0,0.9788480981824212,0.5,0.5010765885469277,0.021208422582101972,1227
random_forest_tau_0_7,CWE-476,0.1515977238749516,0.014253921153030947,0.9969110422941048,0.9713030697934274,0.0030889577058952076,0.9857460788469691,0.025202680420891455,0.01722648026784865,0.036025747328003066,0.9684016969185938,0.5055824817235679,0.5091897001566832,0.03218342847005996,1683
random_forest_tau_0_7,CWE-662,0.0,0.0,0.9993707362692948,0.9862867149225647,0.0006292637307050768,1.0,0.0,0.0,-0.002556607593552941,0.9856745897151565,0.4996853681346474,0.5067440229445674,0.01390045010403079,795
random_forest_tau_0_7,CWE-665,0.0,0.0,0.9999654397788145,0.9975692506422617,3.4560221185415586e-05,1.0,0.0,0.0,-0.00012916750640234805,0.997534857047816,0.49998271988940723,0.4899203610848401,0.0023983788701930978,141
random_forest_tau_0_7,CWE-668,0.06101914142485808,0.22874649859943977,0.9152791956314188,0.9801131739683454,0.0847208043685812,0.7712535014005601,0.09633230368250505,0.14758578453601495,0.0769648224930812,0.8991362124032906,0.5720128471154292,0.5712371011745556,0.03211882839385008,1364
random_forest_tau_0_7,CWE-704,0.0,0.0,1.0,0.9924149694505855,0.0,1.0,0.0,0.0,0.0,0.9924149694505855,0.5,0.4985679564250338,0.007572766494135713,440
random_forest_tau_0_7,CWE-705,0.0,0.0,1.0,0.9954489813717284,0.0,1.0,0.0,0.0,0.0,0.9954489813717284,0.5,0.5001385258998872,0.00455227003184723,264
random_forest_tau_0_7,CWE-706,0.0,0.0,0.9998076892325998,0.9860857097547093,0.00019231076740034236,1.0,0.0,0.0,-0.0010080261989604887,0.985898733604564,0.4999038446162999,0.49925648373493303,0.013896169127517047,807
random_forest_tau_0_7,CWE-74,0.3599387131238693,0.24842416657185118,0.9927283276059763,0.9877093585306105,0.0072716723940236695,0.7515758334281488,0.29393524807367355,0.26482202647026065,0.2895320166534665,0.9806926078529777,0.6205762470889138,0.6210169502562316,0.10188901585747619,938
random_forest_tau_0_7,CWE-754,0.0,0.0,0.9991182571838921,0.9971186121603239,0.0008817428161079128,1.0,0.0,0.0,-0.001419494799170835,0.9962419288502007,0.49955912859194607,0.4944633941618089,0.002850856425628382,167
random_forest_tau_0_7,CWE-834,0.0641025641025641,0.008571428571428572,0.9993063548374537,0.993996485659552,0.000693645162546425,0.9914285714285714,0.01490171211160431,0.010322442063056398,0.0210572857859078,0.9933114588318018,0.5039388917044411,0.5039388917044411,0.007354394944693329,351
random_forest_tau_0_8,CWE-118,0.9,0.0014170996693434106,0.9999578303716194,0.817733486037902,4.2169628380455535e-05,0.9985829003306567,0.002829121439056087,0.0017705800558410496,0.030569462693206907,0.8177524252288458,0.5006874650204814,0.5551921699923248,0.21361359128411764,10585
random_forest_tau_0_8,CWE-190,0.3681112969156447,0.022043865626814062,0.9990813078898444,0.976262881579234,0.0009186921101554422,0.977956134373186,0.04148767662301497,0.02712889122057673,0.08478533305692089,0.975400376346732,0.5105625867583293,0.5228172577263848,0.03961924309404282,1406
random_forest_tau_0_8,CWE-191,0.0,0.0,1.0,0.9971211397007419,0.0,1.0,0.0,0.0,0.0,0.9971211397007419,0.5,0.5009508916481603,0.0028843229088400014,167
random_forest_tau_0_8,CWE-20,0.0,0.0,1.0,0.9667982514531991,0.0,1.0,0.0,0.0,0.0,0.9667982514531991,0.5,0.5045653537031796,0.033502723106381735,1926
random_forest_tau_0_8,CWE-269,0.0,0.0,1.0,0.9979830809316533,0.0,1.0,0.0,0.0,0.0,0.9979830809316533,0.5,0.5003627144533902,0.0020183879974090676,117
random_forest_tau_0_8,CWE-285,0.054077841662980984,0.0318922305764411,0.9973495152269904,0.9952633697978015,0.002650484773009511,0.9681077694235588,0.0399718892015297,0.034680130410647006,0.0379069202895936,0.9926390241788781,0.5146208729017158,0.5157582706908598,0.0075216177643283606,283
random_forest_tau_0_8,CWE-287,0.0,0.0,1.0,0.9945008466118462,0.0,1.0,0.0,0.0,0.0,0.9945008466118462,0.5,0.5,0.00549915338815374,319
random_forest_tau_0_8,CWE-369,0.0,0.0,1.0,0.9952765883725819,0.0,1.0,0.0,0.0,0.0,0.9952765883725819,0.5,0.4981731526670458,0.004706959541143575,274
random_forest_tau_0_8,CWE-400,0.0,0.0,1.0,0.9900360215125452,0.0,1.0,0.0,0.0,0.0,0.9900360215125452,0.5,0.5003046847124777,0.009969983284487973,578
random_forest_tau_0_8,CWE-404,0.0,0.0,1.0,0.9788480981824212,0.0,1.0,0.0,0.0,0.0,0.9788480981824212,0.5,0.5010765885469277,0.021208422582101972,1227
random_forest_tau_0_8,CWE-476,0.18773633773633774,0.013066977532852903,0.9983133676690936,0.9713086592553164,0.0016866323309063021,0.9869330224671472,0.02441222725332306,0.016050533153686434,0.042466945484478866,0.9697288254949468,0.5056901726009733,0.5091897001566832,0.03218342847005996,1683
random_forest_tau_0_8,CWE-662,0.0,0.0,1.0,0.9862952288936716,0.0,1.0,0.0,0.0,0.0,0.9862952288936716,0.5,0.5067440229445674,0.01390045010403079,795
random_forest_tau_0_8,CWE-665,0.0,0.0,0.9999654397788145,0.9975692506422617,3.4560221185415586e-05,1.0,0.0,0.0,-0.00012916750640234805,0.997534857047816,0.49998271988940723,0.4899203610848401,0.0023983788701930978,141
random_forest_tau_0_8,CWE-668,0.0,0.0,1.0,0.9764864049981922,0.0,1.0,0.0,0.0,0.0,0.9764864049981922,0.5,0.5712371011745556,0.03211882839385008,1364
random_forest_tau_0_8,CWE-704,0.0,0.0,1.0,0.9924149694505855,0.0,1.0,0.0,0.0,0.0,0.9924149694505855,0.5,0.4985679564250338,0.007572766494135713,440
random_forest_tau_0_8,CWE-705,0.0,0.0,1.0,0.9954489813717284,0.0,1.0,0.0,0.0,0.0,0.9954489813717284,0.5,0.5001385258998872,0.00455227003184723,264
random_forest_tau_0_8,CWE-706,0.0,0.0,1.0,0.9860883590730094,0.0,1.0,0.0,0.0,0.0,0.9860883590730094,0.5,0.49925648373493303,0.013896169127517047,807
random_forest_tau_0_8,CWE-74,0.3599387131238693,0.24842416657185118,0.9927283276059763,0.9877093585306105,0.0072716723940236695,0.7515758334281488,0.29393524807367355,0.26482202647026065,0.2895320166534665,0.9806926078529777,0.6205762470889138,0.6210169502562316,0.10188901585747619,938
random_forest_tau_0_8,CWE-754,0.0,0.0,0.9991182571838921,0.9971186121603239,0.0008817428161079128,1.0,0.0,0.0,-0.001419494799170835,0.9962419288502007,0.49955912859194607,0.4944633941618089,0.002850856425628382,167
random_forest_tau_0_8,CWE-834,0.0641025641025641,0.008571428571428572,0.9993063548374537,0.993996485659552,0.000693645162546425,0.9914285714285714,0.01490171211160431,0.010322442063056398,0.0210572857859078,0.9933114588318018,0.5039388917044411,0.5039388917044411,0.007354394944693329,351
random_forest_tau_0_9,CWE-118,0.5,0.0002834199338686821,0.99997891852008,0.8175674426451867,2.1081479919890375e-05,0.9997165800661314,0.0005664831122346894,0.0003542191446741732,0.010019795135184976,0.8175627863889765,0.5001311692269744,0.5551921699923248,0.21361359128411764,10585
random_forest_tau_0_9,CWE-190,1.0,0.0071149138083339645,1.0,0.9759306104621913,0.0,0.9928850861916662,0.014109426627176536,0.008874696093635262,0.08105157395346199,0.9759347521411303,0.503557456904167,0.5228172577263848,0.03961924309404282,1406
random_forest_tau_0_9,CWE-191,0.0,0.0,1.0,0.9971211397007419,0.0,1.0,0.0,0.0,0.0,0.9971211397007419,0.5,0.5009508916481603,0.0028843229088400014,167
random_forest_tau_0_9,CWE-20,0.0,0.0,1.0,0.9667982514531991,0.0,1.0,0.0,0.0,0.0,0.9667982514531991,0.5,0.5045653537031796,0.033502723106381735,1926
random_forest_tau_0_9,CWE-269,0.0,0.0,1.0,0.9979830809316533,0.0,1.0,0.0,0.0,0.0,0.9979830809316533,0.5,0.5003627144533902,0.0020183879974090676,117
random_forest_tau_0_9,CWE-285,0.03302521008403361,0.017606516290726813,0.9979385147939025,0.9951973563490896,0.002061485206097428,0.9823934837092733,0.02295061260578502,0.01941295483812792,0.021292685973270734,0.993156220972258,0.5077725155423147,0.5157582706908598,0.0075216177643283606,283
random_forest_tau_0_9,CWE-287,0.0,0.0,1.0,0.9945008466118462,0.0,1.0,0.0,0.0,0.0,0.9945008466118462,0.5,0.5,0.00549915338815374,319
random_forest_tau_0_9,CWE-369,0.0,0.0,1.0,0.9952765883725819,0.0,1.0,0.0,0.0,0.0,0.9952765883725819,0.5,0.4981731526670458,0.004706959541143575,274
random_forest_tau_0_9,CWE-400,0.0,0.0,1.0,0.9900360215125452,0.0,1.0,0.0,0.0,0.0,0.9900360215125452,0.5,0.5003046847124777,0.009969983284487973,578
random_forest_tau_0_9,CWE-404,0.0,0.0,1.0,0.9788480981824212,0.0,1.0,0.0,0.0,0.0,0.9788480981824212,0.5,0.5010765885469277,0.021208422582101972,1227
random_forest_tau_0_9,CWE-476,0.0,0.0,1.0,0.97098725309598,0.0,1.0,0.0,0.0,0.0,0.97098725309598,0.5,0.5091897001566832,0.03218342847005996,1683
random_forest_tau_0_9,CWE-662,0.0,0.0,1.0,0.9862952288936716,0.0,1.0,0.0,0.0,0.0,0.9862952288936716,0.5,0.5067440229445674,0.01390045010403079,795
random_forest_tau_0_9,CWE-665,0.0,0.0,0.9999654397788145,0.9975692506422617,3.4560221185415586e-05,1.0,0.0,0.0,-0.00012916750640234805,0.997534857047816,0.49998271988940723,0.4899203610848401,0.0023983788701930978,141
random_forest_tau_0_9,CWE-668,0.0,0.0,1.0,0.9764864049981922,0.0,1.0,0.0,0.0,0.0,0.9764864049981922,0.5,0.5712371011745556,0.03211882839385008,1364
random_forest_tau_0_9,CWE-704,0.0,0.0,1.0,0.9924149694505855,0.0,1.0,0.0,0.0,0.0,0.9924149694505855,0.5,0.4985679564250338,0.007572766494135713,440
random_forest_tau_0_9,CWE-705,0.0,0.0,1.0,0.9954489813717284,0.0,1.0,0.0,0.0,0.0,0.9954489813717284,0.5,0.5001385258998872,0.00455227003184723,264
random_forest_tau_0_9,CWE-706,0.0,0.0,1.0,0.9860883590730094,0.0,1.0,0.0,0.0,0.0,0.9860883590730094,0.5,0.49925648373493303,0.013896169127517047,807
random_forest_tau_0_9,CWE-74,0.3599387131238693,0.24842416657185118,0.9927283276059763,0.9877093585306105,0.0072716723940236695,0.7515758334281488,0.29393524807367355,0.26482202647026065,0.2895320166534665,0.9806926078529777,0.6205762470889138,0.6210169502562316,0.10188901585747619,938
random_forest_tau_0_9,CWE-754,0.0,0.0,0.9991182571838921,0.9971186121603239,0.0008817428161079128,1.0,0.0,0.0,-0.001419494799170835,0.9962419288502007,0.49955912859194607,0.4944633941618089,0.002850856425628382,167
random_forest_tau_0_9,CWE-834,0.03333333333333333,0.002857142857142857,0.9994970952570824,0.993963329266386,0.0005029047429175018,0.9971428571428571,0.005263157894736842,0.003496503496503497,0.008271577715806442,0.9934665777563106,0.5011771190571126,0.5039388917044411,0.007354394944693329,351
gradient_boosting_tau_0_1,CWE-118,0.18247170083080055,1.0,0.0,0.0,1.0,0.0,0.30862759538726325,0.5274093562743876,0.0,0.18247170083080055,0.5,0.5550678109663412,0.2131158556921951,10585
gradient_boosting_tau_0_1,CWE-190,0.02423762896740832,1.0,0.0,0.0,1.0,0.0,0.04732813304706098,0.11047728730264554,0.0,0.02423762896740832,0.5,0.5224026450616982,0.040142627570580514,1406
gradient_boosting_tau_0_1,CWE-191,0.0028843229088400014,1.0,0.0019017832963206017,1.0,0.9980982167036794,0.0,0.005752051606853585,0.014257092530878266,0.002333178479710505,0.004775175916263622,0.5009508916481603,0.5009508916481603,0.0028843229088400014,167
gradient_boosting_tau_0_1,CWE-20,0.0331867931361305,0.9994805194805195,5.349023803155924e-05,0.15,0.9999465097619684,0.0005194805194805195,0.064240538305496,0.14647914649947366,-0.00449597653662088,0.03323622536114336,0.4997670048592755,0.5045671590320997,0.03351211668611303,1926
gradient_boosting_tau_0_1,CWE-269,0.0020183879974090676,1.0,0.000725428906780469,1.0,0.9992745710932196,0.0,0.004028641091625471,0.010011080014468442,0.001193317412040144,0.0027408772434892323,0.5003627144533902,0.5003627144533902,0.0020183879974090676,117
gradient_boosting_tau_0_1,CWE-285,0.004890000597164389,1.0,0.0023558663814132355,1.0,0.9976441336185868,0.0,0.009732406514385382,0.023980905273169355,0.0033712636810682164,0.007222943694943726,0.5011779331907066,0.5157582706908598,0.0075216177643283606,283
gradient_boosting_tau_0_1,CWE-287,0.00549915338815374,1.0,0.0,0.0,1.0,0.0,0.010938153700230322,0.02690394709650003,0.0,0.00549915338815374,0.5,0.5,0.00549915338815374,319
gradient_boosting_tau_0_1,CWE-369,0.004706654872879232,0.9963636363636363,8.660258075690655e-05,0.16666666666666669,0.999913397419243,0.0036363636363636364,0.009369049419086862,0.023096827804440657,-0.010724704123698399,0.0047923652561028774,0.4982251194721966,0.4981731526670458,0.004706959541143575,274
gradient_boosting_tau_0_1,CWE-400,0.009969983284487973,1.0,0.0006093694249553033,1.0,0.9993906305750446,0.0,0.01974312458558608,0.04793811585865867,0.002409367499494533,0.010567287129641053,0.5003046847124777,0.5003046847124777,0.009969983284487973,578
gradient_boosting_tau_0_1,CWE-404,0.021159710118908555,0.9983706653393064,0.0020077757739760996,0.989010989010989,0.9979922242260238,0.001629334660693546,0.04144110239742181,0.09753019156523093,0.0020177768657799024,0.023082734326829092,0.5001892205566413,0.5014297944718779,0.021215782659645334,1227
gradient_boosting_tau_0_1,CWE-476,0.02901274690402008,1.0,0.0,0.0,1.0,0.0,0.0563894761527696,0.12997945582352088,0.0,0.02901274690402008,0.5,0.5091897001566832,0.03218342847005996,1683
gradient_boosting_tau_0_1,CWE-662,0.013675208234316111,0.9974842767295599,0.00033206853213089586,0.5777777777777777,0.999667931467869,0.002515723270440252,0.026980521518117407,0.06482131707443801,-0.006076942717840275,0.013997812144803857,0.4989081726308453,0.5067790825899903,0.01390094521336685,795
gradient_boosting_tau_0_1,CWE-665,0.0023937416928935164,0.9788177339901478,0.006135430071886211,0.9929177268871925,0.9938645699281137,0.021182266009852214,0.004775800572908403,0.011852729648513288,-0.008405515943271434,0.008499375145047904,0.49247658203101696,0.4926610626953745,0.0024048721021166335,141
gradient_boosting_tau_0_1,CWE-668,0.02348436671392732,0.9985321051497522,0.00019416696792021637,0.3380952380952381,0.9998058330320798,0.0014678948502477914,0.04588946238228065,0.10732514450234194,-0.008174223078703514,0.023668728781889838,0.49936313605883614,0.5712698994589117,0.03214177743843154,1364
gradient_boosting_tau_0_1,CWE-704,0.007572605973665195,0.9977272727272727,0.000625235245805238,0.7916666666666667,0.9993747647541948,0.0022727272727272726,0.015031127809854713,0.03674739958410202,-0.0025867026073633633,0.008188291663238055,0.49917625398653903,0.4989330574074895,0.007575518680690595,440
gradient_boosting_tau_0_1,CWE-705,0.00455227003184723,1.0,0.0002770517997744532,1.0,0.9997229482002256,0.0,0.009063279277560446,0.02235427702996764,0.0010429020749816867,0.004826813849591905,0.5001385258998872,0.5001385258998872,0.00455227003184723,264
gradient_boosting_tau_0_1,CWE-706,0.013896072428770338,0.9987577639751553,0.00010484927916120576,0.17142857142857143,0.9998951507208389,0.0012422360248447203,0.02741076556270635,0.06581736748774791,-0.005418383065631441,0.013997803256819966,0.4994313066271582,0.49934388868205304,0.013897365722996291,807
gradient_boosting_tau_0_1,CWE-74,0.016188593093050936,1.0,0.0011740291757371007,1.0,0.9988259708242628,0.0,0.03186139240238804,0.07602029470333962,0.00427766345845957,0.017324964691719215,0.5005870145878685,0.6210169502562316,0.10188901585747619,938
gradient_boosting_tau_0_1,CWE-754,0.002848926878455701,0.9882352941176471,0.0015732370220785576,0.9885714285714287,0.9984267629779214,0.011764705882352941,0.0056814713136666434,0.014082211265444917,-0.009522218190746645,0.004413081619025231,0.49490426556986283,0.4944633941618089,0.002850856425628382,167
gradient_boosting_tau_0_1,CWE-834,0.006050794354607701,1.0,0.0,0.0,1.0,0.0,0.012028802337117644,0.029539009169382607,0.0,0.006050794354607701,0.5,0.5039388917044411,0.007354394944693329,351
gradient_boosting_tau_0_2,CWE-118,0.18247170083080055,1.0,0.0,0.0,1.0,0.0,0.30862759538726325,0.5274093562743876,0.0,0.18247170083080055,0.5,0.5550678109663412,0.2131158556921951,10585
gradient_boosting_tau_0_2,CWE-190,0.024251853030607166,1.0,0.0006006896348666149,0.6,0.9993993103651334,0.0,0.0473552497422269,0.11053638382240716,0.0029489392663859188,0.02482375568229601,0.5003003448174332,0.5224026450616982,0.040142627570580514,1406
gradient_boosting_tau_0_2,CWE-191,0.0028843229088400014,1.0,0.0019017832963206017,1.0,0.9980982167036794,0.0,0.005752051606853585,0.014257092530878266,0.002333178479710505,0.004775175916263622,0.5009508916481603,0.5009508916481603,0.0028843229088400014,167
gradient_boosting_tau_0_2,CWE-20,0.0331867931361305,0.9994805194805195,5.349023803155924e-05,0.15,0.9999465097619684,0.0005194805194805195,0.064240538305496,0.14647914649947366,-0.00449597653662088,0.03323622536114336,0.4997670048592755,0.5045671590320997,0.03351211668611303,1926
gradient_boosting_tau_0_2,CWE-269,0.0020183879974090676,1.0,0.000725428906780469,1.0,0.9992745710932196,0.0,0.004028641091625471,0.010011080014468442,0.001193317412040144,0.0027408772434892323,0.5003627144533902,0.5003627144533902,0.0020183879974090676,117
gradient_boosting_tau_0_2,CWE-285,0.004890000597164389,1.0,0.0023558663814132355,1.0,0.9976441336185868,0.0,0.009732406514385382,0.023980905273169355,0.0033712636810682164,0.007222943694943726,0.5011779331907066,0.5157582706908598,0.0075216177643283606,283
gradient_boosting_tau_0_2,CWE-287,0.00549915338815374,1.0,0.0,0.0,1.0,0.0,0.010938153700230322,0.02690394709650003,0.0,0.00549915338815374,0.5,0.5,0.00549915338815374,319
gradient_boosting_tau_0_2,CWE-369,0.004706654872879232,0.9963636363636363,8.660258075690655e-05,0.16666666666666669,0.999913397419243,0.0036363636363636364,0.009369049419086862,0.023096827804440657,-0.010724704123698399,0.0047923652561028774,0.4982251194721966,0.4981731526670458,0.004706959541143575,274
gradient_boosting_tau_0_2,CWE-400,0.009969983284487973,1.0,0.0006093694249553033,1.0,0.9993906305750446,0.0,0.01974312458558608,0.04793811585865867,0.002409367499494533,0.010567287129641053,0.5003046847124777,0.5003046847124777,0.009969983284487973,578
gradient_boosting_tau_0_2,CWE-404,0.021159710118908555,0.9983706653393064,0.0020077757739760996,0.989010989010989,0.9979922242260238,0.001629334660693546,0.04144110239742181,0.09753019156523093,0.0020177768657799024,0.023082734326829092,0.5001892205566413,0.5014297944718779,0.021215782659645334,1227
gradient_boosting_tau_0_2,CWE-476,0.02901274690402008,1.0,0.0,0.0,1.0,0.0,0.0563894761527696,0.12997945582352088,0.0,0.02901274690402008,0.5,0.5091897001566832,0.03218342847005996,1683
gradient_boosting_tau_0_2,CWE-662,0.013675208234316111,0.9974842767295599,0.00033206853213089586,0.5777777777777777,0.999667931467869,0.002515723270440252,0.026980521518117407,0.06482131707443801,-0.006076942717840275,0.013997812144803857,0.4989081726308453,0.5067790825899903,0.01390094521336685,795
gradient_boosting_tau_0_2,CWE-665,0.0023945385719687557,0.9788177339901478,0.006463705911596696,0.9929177268871925,0.9935362940884034,0.021182266009852214,0.004777386635151908,0.011856637913618589,-0.008279561784482213,0.008826858842720667,0.4926407199508723,0.4926610626953745,0.0024048721021166335,141
gradient_boosting_tau_0_2,CWE-668,0.02348436671392732,0.9985321051497522,0.00019416696792021637,0.3380952380952381,0.9998058330320798,0.0014678948502477914,0.04588946238228065,0.10732514450234194,-0.008174223078703514,0.023668728781889838,0.49936313605883614,0.5712698994589117,0.03214177743843154,1364
gradient_boosting_tau_0_2,CWE-704,0.007572605973665195,0.9977272727272727,0.000625235245805238,0.7916666666666667,0.9993747647541948,0.0022727272727272726,0.015031127809854713,0.03674739958410202,-0.0025867026073633633,0.008188291663238055,0.49917625398653903,0.4989330574074895,0.007575518680690595,440
gradient_boosting_tau_0_2,CWE-705,0.00455227003184723,1.0,0.0002770517997744532,1.0,0.9997229482002256,0.0,0.009063279277560446,0.02235427702996764,0.0010429020749816867,0.004826813849591905,0.5001385258998872,0.5001385258998872,0.00455227003184723,264
gradient_boosting_tau_0_2,CWE-706,0.013896072428770338,0.9987577639751553,0.00010484927916120576,0.17142857142857143,0.9998951507208389,0.0012422360248447203,0.02741076556270635,0.06581736748774791,-0.005418383065631441,0.013997803256819966,0.4994313066271582,0.49934388868205304,0.013897365722996291,807
gradient_boosting_tau_0_2,CWE-74,0.016188593093050936,1.0,0.0011740291757371007,1.0,0.9988259708242628,0.0,0.03186139240238804,0.07602029470333962,0.00427766345845957,0.017324964691719215,0.5005870145878685,0.6210169502562316,0.10188901585747619,938
gradient_boosting_tau_0_2,CWE-754,0.002848926878455701,0.9882352941176471,0.0015732370220785576,0.9885714285714287,0.9984267629779214,0.011764705882352941,0.0056814713136666434,0.014082211265444917,-0.009522218190746645,0.004413081619025231,0.49490426556986283,0.4944633941618089,0.002850856425628382,167
gradient_boosting_tau_0_2,CWE-834,0.006050794354607701,1.0,0.0,0.0,1.0,0.0,0.012028802337117644,0.029539009169382607,0.0,0.006050794354607701,0.5,0.5039388917044411,0.007354394944693329,351
gradient_boosting_tau_0_3,CWE-118,0.18247170083080055,1.0,0.0,0.0,1.0,0.0,0.30862759538726325,0.5274093562743876,0.0,0.18247170083080055,0.5,0.5550678109663412,0.2131158556921951,10585
gradient_boosting_tau_0_3,CWE-190,0.024236983133800873,0.9985790363696019,0.0013956584804265635,0.9835796387520526,0.9986043415195734,0.0014209636303980212,0.04732530711280888,0.1104607028678245,0.0008283718468241948,0.025564974584223982,0.4999873474250142,0.5224026450616982,0.040142627570580514,1406
gradient_boosting_tau_0_3,CWE-191,0.0028843229088400014,1.0,0.0019017832963206017,1.0,0.9980982167036794,0.0,0.005752051606853585,0.014257092530878266,0.002333178479710505,0.004775175916263622,0.5009508916481603,0.5009508916481603,0.0028843229088400014,167
gradient_boosting_tau_0_3,CWE-20,0.0331867931361305,0.9994805194805195,5.349023803155924e-05,0.15,0.9999465097619684,0.0005194805194805195,0.064240538305496,0.14647914649947366,-0.00449597653662088,0.03323622536114336,0.4997670048592755,0.5045671590320997,0.03351211668611303,1926
gradient_boosting_tau_0_3,CWE-269,0.0020183879974090676,1.0,0.000725428906780469,1.0,0.9992745710932196,0.0,0.004028641091625471,0.010011080014468442,0.001193317412040144,0.0027408772434892323,0.5003627144533902,0.5003627144533902,0.0020183879974090676,117
gradient_boosting_tau_0_3,CWE-285,0.004890000597164389,1.0,0.0023558663814132355,1.0,0.9976441336185868,0.0,0.009732406514385382,0.023980905273169355,0.0033712636810682164,0.007222943694943726,0.5011779331907066,0.5157582706908598,0.0075216177643283606,283
gradient_boosting_tau_0_3,CWE-287,0.00549915338815374,1.0,0.0,0.0,1.0,0.0,0.010938153700230322,0.02690394709650003,0.0,0.00549915338815374,0.5,0.5,0.00549915338815374,319
gradient_boosting_tau_0_3,CWE-369,0.004706654872879232,0.9963636363636363,8.660258075690655e-05,0.16666666666666669,0.999913397419243,0.0036363636363636364,0.009369049419086862,0.023096827804440657,-0.010724704123698399,0.0047923652561028774,0.4982251194721966,0.4981731526670458,0.004706959541143575,274
gradient_boosting_tau_0_3,CWE-400,0.009969983284487973,1.0,0.0006093694249553033,1.0,0.9993906305750446,0.0,0.01974312458558608,0.04793811585865867,0.002409367499494533,0.010567287129641053,0.5003046847124777,0.5003046847124777,0.009969983284487973,578
gradient_boosting_tau_0_3,CWE-404,0.02120845623113739,0.9983706653393064,0.004350156377968638,0.9930769230769231,0.9956498436220313,0.001629334660693546,0.04153458450225073,0.09773727044623824,0.006215443233937801,0.025375545251130192,0.5013604108586376,0.5014297944718779,0.021215782659645334,1227
gradient_boosting_tau_0_3,CWE-476,0.02901274690402008,1.0,0.0,0.0,1.0,0.0,0.0563894761527696,0.12997945582352088,0.0,0.02901274690402008,0.5,0.5091897001566832,0.03218342847005996,1683
gradient_boosting_tau_0_3,CWE-662,0.013675208234316111,0.9974842767295599,0.00033206853213089586,0.5777777777777777,0.999667931467869,0.002515723270440252,0.026980521518117407,0.06482131707443801,-0.006076942717840275,0.013997812144803857,0.4989081726308453,0.5067790825899903,0.01390094521336685,795
gradient_boosting_tau_0_3,CWE-665,0.0023954278755605454,0.9788177339901478,0.006826682350665617,0.993015873015873,0.9931733176493344,0.021182266009852214,0.004779156479391476,0.011860997765234785,-0.008072640448385515,0.009188945668754098,0.49282220817040673,0.4926610626953745,0.0024048721021166335,141
gradient_boosting_tau_0_3,CWE-668,0.02348436671392732,0.9985321051497522,0.00019416696792021637,0.3380952380952381,0.9998058330320798,0.0014678948502477914,0.04588946238228065,0.10732514450234194,-0.008174223078703514,0.023668728781889838,0.49936313605883614,0.5712698994589117,0.03214177743843154,1364
gradient_boosting_tau_0_3,CWE-704,0.007572605973665195,0.9977272727272727,0.000625235245805238,0.7916666666666667,0.9993747647541948,0.0022727272727272726,0.015031127809854713,0.03674739958410202,-0.0025867026073633633,0.008188291663238055,0.49917625398653903,0.4989330574074895,0.007575518680690595,440
gradient_boosting_tau_0_3,CWE-705,0.00455227003184723,1.0,0.0002770517997744532,1.0,0.9997229482002256,0.0,0.009063279277560446,0.02235427702996764,0.0010429020749816867,0.004826813849591905,0.5001385258998872,0.5001385258998872,0.00455227003184723,264
gradient_boosting_tau_0_3,CWE-706,0.013896072428770338,0.9987577639751553,0.00010484927916120576,0.17142857142857143,0.9998951507208389,0.0012422360248447203,0.02741076556270635,0.06581736748774791,-0.005418383065631441,0.013997803256819966,0.4994313066271582,0.49934388868205304,0.013897365722996291,807
gradient_boosting_tau_0_3,CWE-74,0.016188593093050936,1.0,0.0011740291757371007,1.0,0.9988259708242628,0.0,0.03186139240238804,0.07602029470333962,0.00427766345845957,0.017324964691719215,0.5005870145878685,0.6210169502562316,0.10188901585747619,938
gradient_boosting_tau_0_3,CWE-754,0.002848926878455701,0.9882352941176471,0.0015732370220785576,0.9885714285714287,0.9984267629779214,0.011764705882352941,0.0056814713136666434,0.014082211265444917,-0.009522218190746645,0.004413081619025231,0.49490426556986283,0.4944633941618089,0.002850856425628382,167
gradient_boosting_tau_0_3,CWE-834,0.006050794354607701,1.0,0.0,0.0,1.0,0.0,0.012028802337117644,0.029539009169382607,0.0,0.006050794354607701,0.5,0.5039388917044411,0.007354394944693329,351
gradient_boosting_tau_0_4,CWE-118,0.18247170083080055,1.0,0.0,0.0,1.0,0.0,0.30862759538726325,0.5274093562743876,0.0,0.18247170083080055,0.5,0.5550678109663412,0.2131158556921951,10585
gradient_boosting_tau_0_4,CWE-190,0.024221396213777686,0.99786729259736,0.0014486479708442973,0.9718149328696996,0.9985513520291557,0.002132707402640014,0.047294794020455166,0.11038898542058324,-0.0019514865075948233,0.02559944545633705,0.49965797028410214,0.5224026450616982,0.040142627570580514,1406
gradient_boosting_tau_0_4,CWE-191,0.0028843229088400014,1.0,0.0019017832963206017,1.0,0.9980982167036794,0.0,0.005752051606853585,0.014257092530878266,0.002333178479710505,0.004775175916263622,0.5009508916481603,0.5009508916481603,0.0028843229088400014,167
gradient_boosting_tau_0_4,CWE-20,0.0331867931361305,0.9994805194805195,5.349023803155924e-05,0.15,0.9999465097619684,0.0005194805194805195,0.064240538305496,0.14647914649947366,-0.00449597653662088,0.03323622536114336,0.4997670048592755,0.5045671590320997,0.03351211668611303,1926
gradient_boosting_tau_0_4,CWE-269,0.0020183879974090676,1.0,0.000725428906780469,1.0,0.9992745710932196,0.0,0.004028641091625471,0.010011080014468442,0.001193317412040144,0.0027408772434892323,0.5003627144533902,0.5003627144533902,0.0020183879974090676,117
gradient_boosting_tau_0_4,CWE-285,0.004890000597164389,1.0,0.0023558663814132355,1.0,0.9976441336185868,0.0,0.009732406514385382,0.023980905273169355,0.0033712636810682164,0.007222943694943726,0.5011779331907066,0.5157582706908598,0.0075216177643283606,283
gradient_boosting_tau_0_4,CWE-287,0.00549915338815374,1.0,0.0,0.0,1.0,0.0,0.010938153700230322,0.02690394709650003,0.0,0.00549915338815374,0.5,0.5,0.00549915338815374,319
gradient_boosting_tau_0_4,CWE-369,0.004706654872879232,0.9963636363636363,8.660258075690655e-05,0.16666666666666669,0.999913397419243,0.0036363636363636364,0.009369049419086862,0.023096827804440657,-0.010724704123698399,0.0047923652561028774,0.4982251194721966,0.4981731526670458,0.004706959541143575,274
gradient_boosting_tau_0_4,CWE-400,0.009969983284487973,1.0,0.0006093694249553033,1.0,0.9993906305750446,0.0,0.01974312458558608,0.04793811585865867,0.002409367499494533,0.010567287129641053,0.5003046847124777,0.5003046847124777,0.009969983284487973,578
gradient_boosting_tau_0_4,CWE-404,0.021211034988823124,0.9983706653393064,0.004473450081183081,0.9930769230769231,0.9955265499188168,0.001629334660693546,0.041539529261579,0.0977482201778897,0.0063597816713760556,0.02549622450291883,0.5014220577102447,0.5014297944718779,0.021215782659645334,1227
gradient_boosting_tau_0_4,CWE-476,0.02901274690402008,1.0,0.0,0.0,1.0,0.0,0.0563894761527696,0.12997945582352088,0.0,0.02901274690402008,0.5,0.5091897001566832,0.03218342847005996,1683
gradient_boosting_tau_0_4,CWE-662,0.013904278678876034,0.979874213836478,0.0343793880060128,0.9919018005494997,0.9656206119939872,0.020125786163522015,0.027419478523484343,0.06578733838791906,0.009096078895824035,0.047337166310998324,0.5071268009212454,0.5067790825899903,0.01390094521336685,795
gradient_boosting_tau_0_4,CWE-665,0.0023954278755605454,0.9788177339901478,0.006826682350665617,0.993015873015873,0.9931733176493344,0.021182266009852214,0.004779156479391476,0.011860997765234785,-0.008072640448385515,0.009188945668754098,0.49282220817040673,0.4926610626953745,0.0024048721021166335,141
gradient_boosting_tau_0_4,CWE-668,0.02348436671392732,0.9985321051497522,0.00019416696792021637,0.3380952380952381,0.9998058330320798,0.0014678948502477914,0.04588946238228065,0.10732514450234194,-0.008174223078703514,0.023668728781889838,0.49936313605883614,0.5712698994589117,0.03214177743843154,1364
gradient_boosting_tau_0_4,CWE-704,0.007572605973665195,0.9977272727272727,0.000625235245805238,0.7916666666666667,0.9993747647541948,0.0022727272727272726,0.015031127809854713,0.03674739958410202,-0.0025867026073633633,0.008188291663238055,0.49917625398653903,0.4989330574074895,0.007575518680690595,440
gradient_boosting_tau_0_4,CWE-705,0.00455227003184723,1.0,0.0002770517997744532,1.0,0.9997229482002256,0.0,0.009063279277560446,0.02235427702996764,0.0010429020749816867,0.004826813849591905,0.5001385258998872,0.5001385258998872,0.00455227003184723,264
gradient_boosting_tau_0_4,CWE-706,0.013896072428770338,0.9987577639751553,0.00010484927916120576,0.17142857142857143,0.9998951507208389,0.0012422360248447203,0.02741076556270635,0.06581736748774791,-0.005418383065631441,0.013997803256819966,0.4994313066271582,0.49934388868205304,0.013897365722996291,807
gradient_boosting_tau_0_4,CWE-74,0.016188593093050936,1.0,0.0011740291757371007,1.0,0.9988259708242628,0.0,0.03186139240238804,0.07602029470333962,0.00427766345845957,0.017324964691719215,0.5005870145878685,0.6210169502562316,0.10188901585747619,938
gradient_boosting_tau_0_4,CWE-754,0.002848926878455701,0.9882352941176471,0.0015732370220785576,0.9885714285714287,0.9984267629779214,0.011764705882352941,0.0056814713136666434,0.014082211265444917,-0.009522218190746645,0.004413081619025231,0.49490426556986283,0.4944633941618089,0.002850856425628382,167
gradient_boosting_tau_0_4,CWE-834,0.006050794354607701,1.0,0.0,0.0,1.0,0.0,0.012028802337117644,0.029539009169382607,0.0,0.006050794354607701,0.5,0.5039388917044411,0.007354394944693329,351
gradient_boosting_tau_0_5,CWE-118,0.23733413690476618,0.37581483230987245,0.7304318012689975,0.8398169938013995,0.2695681987310024,0.6241851676901276,0.2909343052515962,0.33653939307905645,0.0905374276309538,0.6657241731752304,0.553123316789435,0.5550678109663412,0.2131158556921951,10585
gradient_boosting_tau_0_5,CWE-190,0.07470596687059113,0.06472830064864592,0.9801424551004452,0.9768464968948448,0.019857544899554748,0.9352716993513541,0.06919382987175897,0.06640972260593266,0.048042410467228826,0.9579548290565671,0.5224353778745456,0.5224026450616982,0.040142627570580514,1406
gradient_boosting_tau_0_5,CWE-191,0.001140438510719876,0.4,0.6008300923236216,0.9982592179533839,0.39916990767637844,0.6,0.0022743925067169385,0.005637895792099954,0.0009676395483500359,0.600225026648433,0.5004150461618109,0.5009508916481603,0.0028843229088400014,167
gradient_boosting_tau_0_5,CWE-20,0.03877263758102316,0.06489738241033578,0.944849725092468,0.967129841467278,0.05515027490753206,0.9351026175896642,0.04853004193343681,0.05717658448212848,0.007584168724059736,0.9156339281738338,0.5048735537514019,0.5045671590320997,0.03351211668611303,1926
gradient_boosting_tau_0_5,CWE-269,0.0016043807522822782,0.8,0.20051821080973334,0.9995864208168189,0.7994817891902667,0.2,0.0032023370806080836,0.007958043230892737,0.0009004184644508719,0.2017069292855364,0.5002591054048666,0.5003627144533902,0.0020183879974090676,117
gradient_boosting_tau_0_5,CWE-285,0.054077841662980984,0.0318922305764411,0.9973495152269904,0.9952633697978015,0.002650484773009511,0.9681077694235588,0.0399718892015297,0.034680130410647006,0.0379069202895936,0.9926390241788781,0.5146208729017158,0.5157582706908598,0.0075216177643283606,283
gradient_boosting_tau_0_5,CWE-287,0.0022063259665734154,0.4,0.6,0.5967071725784197,0.4,0.6,0.004388446076638535,0.010793490252985228,0.0,0.5989134985449931,0.5,0.5,0.00549915338815374,319
gradient_boosting_tau_0_5,CWE-369,0.0028098577851425966,0.5963636363636364,0.40001729950651405,0.5647695424462151,0.5999827004934859,0.4036363636363636,0.005593359538366363,0.013789385665245965,-0.01108730106342335,0.40092979664107553,0.49819046793507515,0.4981731526670458,0.004706959541143575,274
gradient_boosting_tau_0_5,CWE-400,0.002000172428657643,0.2,0.8000870473537605,0.992035332095103,0.19991295264623957,0.8,0.003960734101579172,0.009616181712675122,0.0004172645647299225,0.7941208198579435,0.5000435236768802,0.5003046847124777,0.009969983284487973,578
gradient_boosting_tau_0_5,CWE-404,0.016987392446268457,0.7991869918699187,0.20364574191306245,0.9926996671661386,0.7963542580869376,0.20081300813008132,0.033267647588649,0.07828118408921479,0.006268336106422539,0.21625641449434654,0.5014163668914906,0.5014297944718779,0.021215782659645334,1227
gradient_boosting_tau_0_5,CWE-476,0.08619273769482211,0.026730959446092977,0.9915846444995078,0.9715082000684875,0.008415355500492307,0.9732690405539071,0.040781210659642755,0.031002345378564437,0.03249567330269139,0.9635918569624273,0.5091578019728004,0.5091897001566832,0.03218342847005996,1683
gradient_boosting_tau_0_5,CWE-662,0.013904278678876034,0.979874213836478,0.0343793880060128,0.9919018005494997,0.9656206119939872,0.020125786163522015,0.027419478523484343,0.06578733838791906,0.009096078895824035,0.047337166310998324,0.5071268009212454,0.5067790825899903,0.01390094521336685,795
gradient_boosting_tau_0_5,CWE-665,0.0009436496486957384,0.38571428571428573,0.6022809043110535,0.9959792010857088,0.3977190956889465,0.6142857142857143,0.001882693289832521,0.004672522949536383,-0.005518986995557782,0.6017407980093358,0.4939975950126696,0.4926610626953745,0.0024048721021166335,141
gradient_boosting_tau_0_5,CWE-668,0.060747503577883485,0.22874649859943977,0.9148731501835881,0.9801044725297807,0.08512684981641187,0.7712535014005601,0.09599474203260161,0.14727013253132518,0.07659452863810375,0.8987397215592017,0.571809824391514,0.5712698994589117,0.03214177743843154,1364
gradient_boosting_tau_0_5,CWE-704,0.007575358160220075,0.9977272727272727,0.0009900402488452796,0.7916666666666667,0.9990099597511547,0.0022727272727272726,0.015036549528069681,0.03676036114416885,-0.002036972772674451,0.008550329418603972,0.4993586564880591,0.4989330574074895,0.007575518680690595,440
gradient_boosting_tau_0_5,CWE-705,0.0018106540899953609,0.4,0.6002077652287987,0.9972586992408212,0.3997922347712013,0.6,0.003604988292407841,0.008892248754719683,0.0006133371884973226,0.5992752423487364,0.5001038826143993,0.5001385258998872,0.00455227003184723,264
gradient_boosting_tau_0_5,CWE-706,0.005535438672325208,0.3987577639751553,0.5999300133889507,0.9630631343994469,0.4000699866110492,0.6012422360248447,0.010919298830265226,0.02622121253291169,-0.0063744199188310825,0.597101749547931,0.49934388868205304,0.49934388868205304,0.013897365722996291,807
gradient_boosting_tau_0_5,CWE-74,0.3599387131238693,0.24842416657185118,0.9927283276059763,0.9877093585306105,0.0072716723940236695,0.7515758334281488,0.29393524807367355,0.26482202647026065,0.2895320166534665,0.9806926078529777,0.6205762470889138,0.6210169502562316,0.10188901585747619,938
gradient_boosting_tau_0_5,CWE-754,0.0005532025239865157,0.18823529411764706,0.799688697979052,0.9862760455576746,0.20031130202094802,0.8117647058823529,0.0011031629750926483,0.0027338744126441687,-0.012453159758690848,0.7979482370197974,0.4939619960483495,0.4944633941618089,0.002850856425628382,167
gradient_boosting_tau_0_5,CWE-834,0.0641025641025641,0.008571428571428572,0.9993063548374537,0.993996485659552,0.000693645162546425,0.9914285714285714,0.01490171211160431,0.010322442063056398,0.0210572857859078,0.9933114588318018,0.5039388917044411,0.5039388917044411,0.007354394944693329,351
gradient_boosting_tau_0_6,CWE-118,0.38173460789666624,0.027869626830420408,0.9899204218121416,0.8202184394690958,0.010079578187858412,0.9721303731695796,0.05190926927967685,0.03420575707735324,0.05985301225632559,0.8143735440669486,0.508895024321281,0.5550678109663412,0.2131158556921951,10585
gradient_boosting_tau_0_6,CWE-190,0.07638940317147361,0.06472830064864592,0.9806194697356817,0.9768573980873232,0.019380530264318248,0.9352716993513541,0.06998133060928495,0.06671320770595603,0.049107653287692746,0.9584202898252526,0.5226738851921638,0.5224026450616982,0.040142627570580514,1406
gradient_boosting_tau_0_6,CWE-191,0.0,0.0,1.0,0.9971211397007419,0.0,1.0,0.0,0.0,0.0,0.9971211397007419,0.5,0.5009508916481603,0.0028843229088400014,167
gradient_boosting_tau_0_6,CWE-20,0.02699027748208076,0.0036336720274544113,0.996380229607458,0.9667986720156835,0.00361977039254206,0.9963663279725455,0.006390518199298043,0.00439120616511038,9.199714615079017e-05,0.9634193464857566,0.5000069508174562,0.5045671590320997,0.03351211668611303,1926
gradient_boosting_tau_0_6,CWE-269,0.0,0.0,1.0,0.9979830809316533,0.0,1.0,0.0,0.0,0.0,0.9979830809316533,0.5,0.5003627144533902,0.0020183879974090676,117
gradient_boosting_tau_0_6,CWE-285,0.054077841662980984,0.0318922305764411,0.9973495152269904,0.9952633697978015,0.002650484773009511,0.9681077694235588,0.0399718892015297,0.034680130410647006,0.0379069202895936,0.9926390241788781,0.5146208729017158,0.5157582706908598,0.0075216177643283606,283
gradient_boosting_tau_0_6,CWE-287,0.0,0.0,1.0,0.9945008466118462,0.0,1.0,0.0,0.0,0.0,0.9945008466118462,0.5,0.5,0.00549915338815374,319
gradient_boosting_tau_0_6,CWE-369,0.0,0.0,0.9998960663896984,0.9952760993557185,0.00010393361030157974,1.0,0.0,0.0,-0.0006176612187165333,0.9951731460310054,0.4999480331948492,0.4981731526670458,0.004706959541143575,274
gradient_boosting_tau_0_6,CWE-400,0.0,0.0,1.0,0.9900360215125452,0.0,1.0,0.0,0.0,0.0,0.9900360215125452,0.5,0.5003046847124777,0.009969983284487973,578
gradient_boosting_tau_0_6,CWE-404,0.0,0.0,1.0,0.9788480981824212,0.0,1.0,0.0,0.0,0.0,0.9788480981824212,0.5,0.5014297944718779,0.021215782659645334,1227
gradient_boosting_tau_0_6,CWE-476,0.08619273769482211,0.026730959446092977,0.9915846444995078,0.9715082000684875,0.008415355500492307,0.9732690405539071,0.040781210659642755,0.031002345378564437,0.03249567330269139,0.9635918569624273,0.5091578019728004,0.5091897001566832,0.03218342847005996,1683
gradient_boosting_tau_0_6,CWE-662,0.0,0.0,0.9993707362692948,0.9862867149225647,0.0006292637307050768,1.0,0.0,0.0,-0.002556607593552941,0.9856745897151565,0.4996853681346474,0.5067790825899903,0.01390094521336685,795
gradient_boosting_tau_0_6,CWE-665,0.0,0.0,0.9999654397788145,0.9975692506422617,3.4560221185415586e-05,1.0,0.0,0.0,-0.00012916750640234805,0.997534857047816,0.49998271988940723,0.4926610626953745,0.0024048721021166335,141
gradient_boosting_tau_0_6,CWE-668,0.06089808936189389,0.22874649859943977,0.9151026964846343,0.9801093980117448,0.08489730351536569,0.7712535014005601,0.09618284489091332,0.14744732164139313,0.07680155242300232,0.8989638654621915,0.5719245975420371,0.5712698994589117,0.03214177743843154,1364
gradient_boosting_tau_0_6,CWE-704,0.0,0.0,1.0,0.9924149694505855,0.0,1.0,0.0,0.0,0.0,0.9924149694505855,0.5,0.4989330574074895,0.007575518680690595,440
gradient_boosting_tau_0_6,CWE-705,0.0,0.0,1.0,0.9954489813717284,0.0,1.0,0.0,0.0,0.0,0.9954489813717284,0.5,0.5001385258998872,0.00455227003184723,264
gradient_boosting_tau_0_6,CWE-706,0.0,0.0,0.9997377591626696,0.9860847523958093,0.0002622408373304123,1.0,0.0,0.0,-0.0014486694152462472,0.9858297740321135,0.4998688795813348,0.49934388868205304,0.013897365722996291,807
gradient_boosting_tau_0_6,CWE-74,0.3599387131238693,0.24842416657185118,0.9927283276059763,0.9877093585306105,0.0072716723940236695,0.7515758334281488,0.29393524807367355,0.26482202647026065,0.2895320166534665,0.9806926078529777,0.6205762470889138,0.6210169502562316,0.10188901585747619,938
gradient_boosting_tau_0_6,CWE-754,0.0,0.0,0.9991182571838921,0.9971186121603239,0.0008817428161079128,1.0,0.0,0.0,-0.001419494799170835,0.9962419288502007,0.49955912859194607,0.4944633941618089,0.002850856425628382,167
gradient_boosting_tau_0_6,CWE-834,0.0641025641025641,0.008571428571428572,0.9993063548374537,0.993996485659552,0.000693645162546425,0.9914285714285714,0.01490171211160431,0.010322442063056398,0.0210572857859078,0.9933114588318018,0.5039388917044411,0.5039388917044411,0.007354394944693329,351
gradient_boosting_tau_0_7,CWE-118,0.5407810563566942,0.01473783656117147,0.9968999817645375,0.8192738244607544,0.0031000182354624555,0.9852621634388286,0.028617962644890145,0.018285093717313922,0.06373064656390208,0.8176833274443348,0.5058189091628545,0.5550678109663412,0.2131158556921951,10585
gradient_boosting_tau_0_7,CWE-190,0.2526732348111659,0.02346735317129805,0.9982509596568852,0.9762772936263087,0.001749040343114907,0.976532646828702,0.04288423760567639,0.02865683718649023,0.07034527250249731,0.9746246301053727,0.5108591564140916,0.5224026450616982,0.040142627570580514,1406
gradient_boosting_tau_0_7,CWE-191,0.0,0.0,1.0,0.9971211397007419,0.0,1.0,0.0,0.0,0.0,0.9971211397007419,0.5,0.5009508916481603,0.0028843229088400014,167
gradient_boosting_tau_0_7,CWE-20,0.0,0.0,1.0,0.9667982514531991,0.0,1.0,0.0,0.0,0.0,0.9667982514531991,0.5,0.5045671590320997,0.03351211668611303,1926
gradient_boosting_tau_0_7,CWE-269,0.0,0.0,1.0,0.9979830809316533,0.0,1.0,0.0,0.0,0.0,0.9979830809316533,0.5,0.5003627144533902,0.0020183879974090676,117
gradient_boosting_tau_0_7,CWE-285,0.054077841662980984,0.0318922305764411,0.9973495152269904,0.9952633697978015,0.002650484773009511,0.9681077694235588,0.0399718892015297,0.034680130410647006,0.0379069202895936,0.9926390241788781,0.5146208729017158,0.5157582706908598,0.0075216177643283606,283
gradient_boosting_tau_0_7,CWE-287,0.0,0.0,1.0,0.9945008466118462,0.0,1.0,0.0,0.0,0.0,0.9945008466118462,0.5,0.5,0.00549915338815374,319
gradient_boosting_tau_0_7,CWE-369,0.0,0.0,0.9998960663896984,0.9952760993557185,0.00010393361030157974,1.0,0.0,0.0,-0.0006176612187165333,0.9951731460310054,0.4999480331948492,0.4981731526670458,0.004706959541143575,274
gradient_boosting_tau_0_7,CWE-400,0.0,0.0,1.0,0.9900360215125452,0.0,1.0,0.0,0.0,0.0,0.9900360215125452,0.5,0.5003046847124777,0.009969983284487973,578
gradient_boosting_tau_0_7,CWE-404,0.0,0.0,1.0,0.9788480981824212,0.0,1.0,0.0,0.0,0.0,0.9788480981824212,0.5,0.5014297944718779,0.021215782659645334,1227
gradient_boosting_tau_0_7,CWE-476,0.1515977238749516,0.014253921153030947,0.9969110422941048,0.9713030697934274,0.0030889577058952076,0.9857460788469691,0.025202680420891455,0.01722648026784865,0.036025747328003066,0.9684016969185938,0.5055824817235679,0.5091897001566832,0.03218342847005996,1683
gradient_boosting_tau_0_7,CWE-662,0.0,0.0,0.9995980227819468,0.9862897902800988,0.0004019772180531912,1.0,0.0,0.0,-0.0014847944429039282,0.9858987603796978,0.4997990113909734,0.5067790825899903,0.01390094521336685,795
gradient_boosting_tau_0_7,CWE-665,0.0,0.0,0.9999654397788145,0.9975692506422617,3.4560221185415586e-05,1.0,0.0,0.0,-0.00012916750640234805,0.997534857047816,0.49998271988940723,0.4926610626953745,0.0024048721021166335,141
gradient_boosting_tau_0_7,CWE-668,0.06111780546452143,0.22874649859943977,0.915420412084617,0.9801161627062001,0.08457958791538288,0.7712535014005601,0.09645477158996052,0.14770012610195613,0.07709742128984326,0.89927410778081,0.5720834553420284,0.5712698994589117,0.03214177743843154,1364
gradient_boosting_tau_0_7,CWE-704,0.0,0.0,1.0,0.9924149694505855,0.0,1.0,0.0,0.0,0.0,0.9924149694505855,0.5,0.4989330574074895,0.007575518680690595,440
gradient_boosting_tau_0_7,CWE-705,0.0,0.0,1.0,0.9954489813717284,0.0,1.0,0.0,0.0,0.0,0.9954489813717284,0.5,0.5001385258998872,0.00455227003184723,264
gradient_boosting_tau_0_7,CWE-706,0.0,0.0,0.9999475249256603,0.9860876360331787,5.247507433968865e-05,1.0,0.0,0.0,-0.00038295797535289617,0.9860366170930164,0.49997376246283015,0.49934388868205304,0.013897365722996291,807
gradient_boosting_tau_0_7,CWE-74,0.3599387131238693,0.24842416657185118,0.9927283276059763,0.9877093585306105,0.0072716723940236695,0.7515758334281488,0.29393524807367355,0.26482202647026065,0.2895320166534665,0.9806926078529777,0.6205762470889138,0.6210169502562316,0.10188901585747619,938
gradient_boosting_tau_0_7,CWE-754,0.0,0.0,0.9991182571838921,0.9971186121603239,0.0008817428161079128,1.0,0.0,0.0,-0.001419494799170835,0.9962419288502007,0.49955912859194607,0.4944633941618089,0.002850856425628382,167
gradient_boosting_tau_0_7,CWE-834,0.03333333333333333,0.002857142857142857,0.9994970952570824,0.993963329266386,0.0005029047429175018,0.9971428571428571,0.005263157894736842,0.003496503496503497,0.008271577715806442,0.9934665777563106,0.5011771190571126,0.5039388917044411,0.007354394944693329,351
gradient_boosting_tau_0_8,CWE-118,0.7443669467787115,0.009258384506376949,0.9992830717982256,0.8188056827130735,0.00071692820177438,0.990741615493623,0.01826816939561975,0.011533703241597406,0.06862171907719246,0.8186316345711587,0.5042707281523013,0.5550678109663412,0.2131158556921951,10585
gradient_boosting_tau_0_8,CWE-190,0.32816013696448476,0.022043865626814062,0.9988515212768417,0.9762575586152231,0.0011484787231583016,0.977956134373186,0.041058972155569584,0.02705345988058997,0.07877570290428156,0.9751761759607938,0.5104476934518278,0.5224026450616982,0.040142627570580514,1406
gradient_boosting_tau_0_8,CWE-191,0.0,0.0,1.0,0.9971211397007419,0.0,1.0,0.0,0.0,0.0,0.9971211397007419,0.5,0.5009508916481603,0.0028843229088400014,167
gradient_boosting_tau_0_8,CWE-20,0.0,0.0,1.0,0.9667982514531991,0.0,1.0,0.0,0.0,0.0,0.9667982514531991,0.5,0.5045671590320997,0.03351211668611303,1926
gradient_boosting_tau_0_8,CWE-269,0.0,0.0,1.0,0.9979830809316533,0.0,1.0,0.0,0.0,0.0,0.9979830809316533,0.5,0.5003627144533902,0.0020183879974090676,117
gradient_boosting_tau_0_8,CWE-285,0.054077841662980984,0.0318922305764411,0.9973495152269904,0.9952633697978015,0.002650484773009511,0.9681077694235588,0.0399718892015297,0.034680130410647006,0.0379069202895936,0.9926390241788781,0.5146208729017158,0.5157582706908598,0.0075216177643283606,283
gradient_boosting_tau_0_8,CWE-287,0.0,0.0,1.0,0.9945008466118462,0.0,1.0,0.0,0.0,0.0,0.9945008466118462,0.5,0.5,0.00549915338815374,319
gradient_boosting_tau_0_8,CWE-369,0.0,0.0,0.999930725431376,0.9952762629925939,6.927456862408212e-05,1.0,0.0,0.0,-0.00043632357438972027,0.9952076406843341,0.499965362715688,0.4981731526670458,0.004706959541143575,274
gradient_boosting_tau_0_8,CWE-400,0.0,0.0,1.0,0.9900360215125452,0.0,1.0,0.0,0.0,0.0,0.9900360215125452,0.5,0.5003046847124777,0.009969983284487973,578
gradient_boosting_tau_0_8,CWE-404,0.0,0.0,1.0,0.9788480981824212,0.0,1.0,0.0,0.0,0.0,0.9788480981824212,0.5,0.5014297944718779,0.021215782659645334,1227
gradient_boosting_tau_0_8,CWE-476,0.18773633773633774,0.013066977532852903,0.9983133676690936,0.9713086592553164,0.0016866323309063021,0.9869330224671472,0.02441222725332306,0.016050533153686434,0.042466945484478866,0.9697288254949468,0.5056901726009733,0.5091897001566832,0.03218342847005996,1683
gradient_boosting_tau_0_8,CWE-662,0.0,0.0,1.0,0.9862952288936716,0.0,1.0,0.0,0.0,0.0,0.9862952288936716,0.5,0.5067790825899903,0.01390094521336685,795
gradient_boosting_tau_0_8,CWE-665,0.0,0.0,0.9999654397788145,0.9975692506422617,3.4560221185415586e-05,1.0,0.0,0.0,-0.00012916750640234805,0.997534857047816,0.49998271988940723,0.4926610626953745,0.0024048721021166335,141
gradient_boosting_tau_0_8,CWE-668,0.0,0.0,1.0,0.9764864049981922,0.0,1.0,0.0,0.0,0.0,0.9764864049981922,0.5,0.5712698994589117,0.03214177743843154,1364
gradient_boosting_tau_0_8,CWE-704,0.0,0.0,1.0,0.9924149694505855,0.0,1.0,0.0,0.0,0.0,0.9924149694505855,0.5,0.4989330574074895,0.007575518680690595,440
gradient_boosting_tau_0_8,CWE-705,0.0,0.0,1.0,0.9954489813717284,0.0,1.0,0.0,0.0,0.0,0.9954489813717284,0.5,0.5001385258998872,0.00455227003184723,264
gradient_boosting_tau_0_8,CWE-706,0.0,0.0,1.0,0.9860883590730094,0.0,1.0,0.0,0.0,0.0,0.9860883590730094,0.5,0.49934388868205304,0.013897365722996291,807
gradient_boosting_tau_0_8,CWE-74,0.3599387131238693,0.24842416657185118,0.9927283276059763,0.9877093585306105,0.0072716723940236695,0.7515758334281488,0.29393524807367355,0.26482202647026065,0.2895320166534665,0.9806926078529777,0.6205762470889138,0.6210169502562316,0.10188901585747619,938
gradient_boosting_tau_0_8,CWE-754,0.0,0.0,0.9991182571838921,0.9971186121603239,0.0008817428161079128,1.0,0.0,0.0,-0.001419494799170835,0.9962419288502007,0.49955912859194607,0.4944633941618089,0.002850856425628382,167
gradient_boosting_tau_0_8,CWE-834,0.03333333333333333,0.002857142857142857,0.9994970952570824,0.993963329266386,0.0005029047429175018,0.9971428571428571,0.005263157894736842,0.003496503496503497,0.008271577715806442,0.9934665777563106,0.5011771190571126,0.5039388917044411,0.007354394944693329,351
gradient_boosting_tau_0_9,CWE-118,0.7,0.0005668398677373642,0.99997891852008,0.8176097309144061,2.1081479919890375e-05,0.9994331601322626,0.0011326988472924273,0.0007083964672603452,0.017206771017659175,0.8176145030964316,0.5002728791939088,0.5550678109663412,0.2131158556921951,10585
gradient_boosting_tau_0_9,CWE-190,0.3681112969156447,0.022043865626814062,0.9990813078898444,0.976262881579234,0.0009186921101554422,0.977956134373186,0.04148767662301497,0.02712889122057673,0.08478533305692089,0.975400376346732,0.5105625867583293,0.5224026450616982,0.040142627570580514,1406
gradient_boosting_tau_0_9,CWE-191,0.0,0.0,1.0,0.9971211397007419,0.0,1.0,0.0,0.0,0.0,0.9971211397007419,0.5,0.5009508916481603,0.0028843229088400014,167
gradient_boosting_tau_0_9,CWE-20,0.0,0.0,1.0,0.9667982514531991,0.0,1.0,0.0,0.0,0.0,0.9667982514531991,0.5,0.5045671590320997,0.03351211668611303,1926
gradient_boosting_tau_0_9,CWE-269,0.0,0.0,1.0,0.9979830809316533,0.0,1.0,0.0,0.0,0.0,0.9979830809316533,0.5,0.5003627144533902,0.0020183879974090676,117
gradient_boosting_tau_0_9,CWE-285,0.03302521008403361,0.017606516290726813,0.9979385147939025,0.9951973563490896,0.002061485206097428,0.9823934837092733,0.02295061260578502,0.01941295483812792,0.021292685973270734,0.993156220972258,0.5077725155423147,0.5157582706908598,0.0075216177643283606,283
gradient_boosting_tau_0_9,CWE-287,0.0,0.0,1.0,0.9945008466118462,0.0,1.0,0.0,0.0,0.0,0.9945008466118462,0.5,0.5,0.00549915338815374,319
gradient_boosting_tau_0_9,CWE-369,0.0,0.0,1.0,0.9952765883725819,0.0,1.0,0.0,0.0,0.0,0.9952765883725819,0.5,0.4981731526670458,0.004706959541143575,274
gradient_boosting_tau_0_9,CWE-400,0.0,0.0,1.0,0.9900360215125452,0.0,1.0,0.0,0.0,0.0,0.9900360215125452,0.5,0.5003046847124777,0.009969983284487973,578
gradient_boosting_tau_0_9,CWE-404,0.0,0.0,1.0,0.9788480981824212,0.0,1.0,0.0,0.0,0.0,0.9788480981824212,0.5,0.5014297944718779,0.021215782659645334,1227
gradient_boosting_tau_0_9,CWE-476,0.0,0.0,1.0,0.97098725309598,0.0,1.0,0.0,0.0,0.0,0.97098725309598,0.5,0.5091897001566832,0.03218342847005996,1683
gradient_boosting_tau_0_9,CWE-662,0.0,0.0,1.0,0.9862952288936716,0.0,1.0,0.0,0.0,0.0,0.9862952288936716,0.5,0.5067790825899903,0.01390094521336685,795
gradient_boosting_tau_0_9,CWE-665,0.0,0.0,0.9999654397788145,0.9975692506422617,3.4560221185415586e-05,1.0,0.0,0.0,-0.00012916750640234805,0.997534857047816,0.49998271988940723,0.4926610626953745,0.0024048721021166335,141
gradient_boosting_tau_0_9,CWE-668,0.0,0.0,1.0,0.9764864049981922,0.0,1.0,0.0,0.0,0.0,0.9764864049981922,0.5,0.5712698994589117,0.03214177743843154,1364
gradient_boosting_tau_0_9,CWE-704,0.0,0.0,1.0,0.9924149694505855,0.0,1.0,0.0,0.0,0.0,0.9924149694505855,0.5,0.4989330574074895,0.007575518680690595,440
gradient_boosting_tau_0_9,CWE-705,0.0,0.0,1.0,0.9954489813717284,0.0,1.0,0.0,0.0,0.0,0.9954489813717284,0.5,0.5001385258998872,0.00455227003184723,264
gradient_boosting_tau_0_9,CWE-706,0.0,0.0,1.0,0.9860883590730094,0.0,1.0,0.0,0.0,0.0,0.9860883590730094,0.5,0.49934388868205304,0.013897365722996291,807
gradient_boosting_tau_0_9,CWE-74,0.3599387131238693,0.24842416657185118,0.9927283276059763,0.9877093585306105,0.0072716723940236695,0.7515758334281488,0.29393524807367355,0.26482202647026065,0.2895320166534665,0.9806926078529777,0.6205762470889138,0.6210169502562316,0.10188901585747619,938
gradient_boosting_tau_0_9,CWE-754,0.0,0.0,0.9996022616015768,0.9971200101442133,0.0003977383984232629,1.0,0.0,0.0,-0.000672973162553238,0.9967245329565302,0.4998011308007884,0.4944633941618089,0.002850856425628382,167
gradient_boosting_tau_0_9,CWE-834,0.0,0.0,0.9995838180044592,0.9939467049244375,0.00041618199554086487,1.0,0.0,0.0,-0.0011650568084074296,0.9935355373287612,0.4997919090022296,0.5039388917044411,0.007354394944693329,351
xgboost_tau_0_1,CWE-118,0.18247170083080055,1.0,0.0,0.0,1.0,0.0,0.30862759538726325,0.5274093562743876,0.0,0.18247170083080055,0.5,0.5550504640599795,0.21277619102618478,10585
xgboost_tau_0_1,CWE-190,0.02423762896740832,1.0,0.0,0.0,1.0,0.0,0.04732813304706098,0.11047728730264554,0.0,0.02423762896740832,0.5,0.5229475917590569,0.03992592301466577,1406
xgboost_tau_0_1,CWE-191,0.0028816898535434328,1.0,0.0009855086550243169,1.0,0.9990144913449758,0.0,0.005746815681067439,0.01424422524938405,0.0016639070374902623,0.0038615343030173484,0.5004927543275122,0.5009508916481603,0.0028843229088400014,167
xgboost_tau_0_1,CWE-20,0.033201748546801,1.0,0.0,0.0,1.0,0.0,0.06426963043561743,0.14654634230132185,0.0,0.033201748546801,0.5,0.5021361089245,0.0334088326576056,1926
xgboost_tau_0_1,CWE-269,0.0020169190683466502,1.0,0.0,0.0,1.0,0.0,0.004025715119810396,0.010003853157712576,0.0,0.0020169190683466502,0.5,0.5003627144533902,0.0020183879974090676,117
xgboost_tau_0_1,CWE-285,0.004888655415294576,1.0,0.002078691602021196,1.0,0.9979213083979788,0.0,0.0097297421417038,0.023974433722918898,0.003168574447246465,0.006947114309004183,0.5010393458010106,0.5157582706908598,0.0075216177643283606,283
xgboost_tau_0_1,CWE-287,0.00549915338815374,1.0,0.0,0.0,1.0,0.0,0.010938153700230322,0.02690394709650003,0.0,0.00549915338815374,0.5,0.5,0.00549915338815374,319
xgboost_tau_0_1,CWE-369,0.004723411627418168,1.0,0.0,0.0,1.0,0.0,0.009402409330838453,0.02317909641830872,0.0,0.004723411627418168,0.5,0.49993937443651515,0.004723411627418168,274
xgboost_tau_0_1,CWE-400,0.009963978487454754,1.0,0.0,0.0,1.0,0.0,0.019731350455816983,0.04791034625651806,0.0,0.009963978487454754,0.5,0.5001480221999169,0.009966905881807035,578
xgboost_tau_0_1,CWE-404,0.021157024887622354,1.0,0.00024666811304700743,0.6,0.9997533318869529,0.0,0.041437353291129284,0.09753119700015211,0.0014930441057495333,0.02139334061068816,0.5001233340565235,0.5016410806766494,0.021220192664948366,1227
xgboost_tau_0_1,CWE-476,0.02901274690402008,1.0,0.0,0.0,1.0,0.0,0.0563894761527696,0.12997945582352088,0.0,0.02901274690402008,0.5,0.5091897001566832,0.03218342847005996,1683
xgboost_tau_0_1,CWE-662,0.013704771106328428,1.0,0.0,0.0,1.0,0.0,0.027038979161438603,0.06496266161504578,0.0,0.013704771106328428,0.5,0.5067266610035903,0.01390019957384669,795
xgboost_tau_0_1,CWE-665,0.0024406349025681224,1.0,0.004095515009199609,1.0,0.9959044849908004,0.0,0.004869382978008965,0.01208516852212648,0.0031520197975857243,0.00651622987766379,0.5020477575045998,0.4892291088060607,0.002396692401956746,141
xgboost_tau_0_1,CWE-668,0.023513595001807823,1.0,0.0,0.0,1.0,0.0,0.045946812868682206,0.10746079562100444,0.0,0.023513595001807823,0.5,0.5718593689135828,0.03218145847863978,1364
xgboost_tau_0_1,CWE-704,0.007585030549414477,1.0,0.0,0.0,1.0,0.0,0.015055861916674476,0.036808381852269305,0.0,0.007585030549414477,0.5,0.4986725774934945,0.0075726456853710405,440
xgboost_tau_0_1,CWE-705,0.004551018628271632,1.0,0.0,0.0,1.0,0.0,0.009060799026555655,0.02234824107376775,0.0,0.004551018628271632,0.5,0.5000346432854879,0.004551333810944718,264
xgboost_tau_0_1,CWE-706,0.013911640926990567,1.0,0.0,0.0,1.0,0.0,0.027441521470066323,0.06589153231662973,0.0,0.013911640926990567,0.5,0.49925648373493303,0.013896169127517047,807
xgboost_tau_0_1,CWE-74,0.016185523688973615,1.0,0.000981274203166976,1.0,0.999018725796833,0.0,0.031855447342283294,0.07600675513848174,0.003928666592654452,0.01713532140119859,0.5004906371015835,0.6208730429170247,0.10188672421624693,938
xgboost_tau_0_1,CWE-754,0.0028788602992581387,1.0,0.0,0.0,1.0,0.0,0.00574118901156348,0.014230397727540913,0.0,0.0028788602992581387,0.5,0.494454751119458,0.002850856425628382,167
xgboost_tau_0_1,CWE-834,0.006050794354607701,1.0,0.0,0.0,1.0,0.0,0.012028802337117644,0.029539009169382607,0.0,0.006050794354607701,0.5,0.5039388917044411,0.007354394944693329,351
xgboost_tau_0_2,CWE-118,0.18247170083080055,1.0,0.0,0.0,1.0,0.0,0.30862759538726325,0.5274093562743876,0.0,0.18247170083080055,0.5,0.5550504640599795,0.21277619102618478,10585
xgboost_tau_0_2,CWE-190,0.02423762896740832,1.0,0.0,0.0,1.0,0.0,0.04732813304706098,0.11047728730264554,0.0,0.02423762896740832,0.5,0.5229475917590569,0.03992592301466577,1406
xgboost_tau_0_2,CWE-191,0.0028843229088400014,1.0,0.0019017832963206017,1.0,0.9980982167036794,0.0,0.005752051606853585,0.014257092530878266,0.002333178479710505,0.004775175916263622,0.5009508916481603,0.5009508916481603,0.0028843229088400014,167
xgboost_tau_0_2,CWE-20,0.033201748546801,1.0,0.0,0.0,1.0,0.0,0.06426963043561743,0.14654634230132185,0.0,0.033201748546801,0.5,0.5021361089245,0.0334088326576056,1926
xgboost_tau_0_2,CWE-269,0.0020183879974090676,1.0,0.000725428906780469,1.0,0.9992745710932196,0.0,0.004028641091625471,0.010011080014468442,0.001193317412040144,0.0027408772434892323,0.5003627144533902,0.5003627144533902,0.0020183879974090676,117
xgboost_tau_0_2,CWE-285,0.004888655415294576,1.0,0.002078691602021196,1.0,0.9979213083979788,0.0,0.0097297421417038,0.023974433722918898,0.003168574447246465,0.006947114309004183,0.5010393458010106,0.5157582706908598,0.0075216177643283606,283
xgboost_tau_0_2,CWE-287,0.00549915338815374,1.0,0.0,0.0,1.0,0.0,0.010938153700230322,0.02690394709650003,0.0,0.00549915338815374,0.5,0.5,0.00549915338815374,319
xgboost_tau_0_2,CWE-369,0.004723411627418168,1.0,0.0,0.0,1.0,0.0,0.009402409330838453,0.02317909641830872,0.0,0.004723411627418168,0.5,0.49993937443651515,0.004723411627418168,274
xgboost_tau_0_2,CWE-400,0.009963978487454754,1.0,0.0,0.0,1.0,0.0,0.019731350455816983,0.04791034625651806,0.0,0.009963978487454754,0.5,0.5001480221999169,0.009966905881807035,578
xgboost_tau_0_2,CWE-404,0.02114474898705878,0.9983706653393064,0.0012857974654258205,0.7875850340136055,0.9987142025345742,0.001629334660693546,0.04141240756794375,0.09746660707792708,-0.0006825866813385175,0.02237602050031865,0.4998282314023662,0.5016410806766494,0.021220192664948366,1227
xgboost_tau_0_2,CWE-476,0.02901274690402008,1.0,0.0,0.0,1.0,0.0,0.0563894761527696,0.12997945582352088,0.0,0.02901274690402008,0.5,0.5091897001566832,0.03218342847005996,1683
xgboost_tau_0_2,CWE-662,0.013673797912326813,0.9974842767295599,0.00022721314340644938,0.17333333333333334,0.9997727868565935,0.002515723270440252,0.026977776671348246,0.06481497976812568,-0.007404405874666678,0.01389439358521138,0.4988557449364831,0.5067266610035903,0.01390019957384669,795
xgboost_tau_0_2,CWE-665,0.002407724107660929,0.9857142857142858,0.004786765768263838,0.9944444444444445,0.9952132342317361,0.014285714285714285,0.004803712152140716,0.011922111938041458,-0.00553642630895365,0.0071713309918916435,0.49525052574127476,0.4892291088060607,0.002396692401956746,141
xgboost_tau_0_2,CWE-668,0.023513595001807823,1.0,0.0,0.0,1.0,0.0,0.045946812868682206,0.10746079562100444,0.0,0.023513595001807823,0.5,0.5718593689135828,0.03218145847863978,1364
xgboost_tau_0_2,CWE-704,0.007570515711011796,0.9977272727272727,0.00034728251432540375,0.19047619047619047,0.9996527174856746,0.0022727272727272726,0.015027010028003208,0.036737555086174475,-0.003930097003325016,0.007912447402766191,0.4990372776207991,0.4986725774934945,0.0075726456853710405,440
xgboost_tau_0_2,CWE-705,0.004551018628271632,1.0,0.0,0.0,1.0,0.0,0.009060799026555655,0.02234824107376775,0.0,0.004551018628271632,0.5,0.5000346432854879,0.004551333810944718,264
xgboost_tau_0_2,CWE-706,0.013911640926990567,1.0,0.0,0.0,1.0,0.0,0.027441521470066323,0.06589153231662973,0.0,0.013911640926990567,0.5,0.49925648373493303,0.013896169127517047,807
xgboost_tau_0_2,CWE-74,0.016185523688973615,1.0,0.000981274203166976,1.0,0.999018725796833,0.0,0.031855447342283294,0.07600675513848174,0.003928666592654452,0.01713532140119859,0.5004906371015835,0.6208730429170247,0.10188672421624693,938
xgboost_tau_0_2,CWE-754,0.002848926878455701,0.9882352941176471,0.0015732370220785576,0.9885714285714287,0.9984267629779214,0.011764705882352941,0.0056814713136666434,0.014082211265444917,-0.009522218190746645,0.004413081619025231,0.49490426556986283,0.494454751119458,0.002850856425628382,167
xgboost_tau_0_2,CWE-834,0.006050794354607701,1.0,0.0,0.0,1.0,0.0,0.012028802337117644,0.029539009169382607,0.0,0.006050794354607701,0.5,0.5039388917044411,0.007354394944693329,351
xgboost_tau_0_3,CWE-118,0.18247170083080055,1.0,0.0,0.0,1.0,0.0,0.30862759538726325,0.5274093562743876,0.0,0.18247170083080055,0.5,0.5550504640599795,0.21277619102618478,10585
xgboost_tau_0_3,CWE-190,0.024227057540918466,0.9992882562277579,0.00026490066225165563,0.1875,0.9997350993377484,0.0007117437722419928,0.0473071821016191,0.11042641279117123,-0.0018510818467817696,0.024478883490930636,0.49977657844500484,0.5229475917590569,0.03992592301466577,1406
xgboost_tau_0_3,CWE-191,0.0028843229088400014,1.0,0.0019017832963206017,1.0,0.9980982167036794,0.0,0.005752051606853585,0.014257092530878266,0.002333178479710505,0.004775175916263622,0.5009508916481603,0.5009508916481603,0.0028843229088400014,167
xgboost_tau_0_3,CWE-20,0.033201748546801,1.0,0.0,0.0,1.0,0.0,0.06426963043561743,0.14654634230132185,0.0,0.033201748546801,0.5,0.5021361089245,0.0334088326576056,1926
xgboost_tau_0_3,CWE-269,0.0020183879974090676,1.0,0.000725428906780469,1.0,0.9992745710932196,0.0,0.004028641091625471,0.010011080014468442,0.001193317412040144,0.0027408772434892323,0.5003627144533902,0.5003627144533902,0.0020183879974090676,117
xgboost_tau_0_3,CWE-285,0.004890000597164389,1.0,0.0023558663814132355,1.0,0.9976441336185868,0.0,0.009732406514385382,0.023980905273169355,0.0033712636810682164,0.007222943694943726,0.5011779331907066,0.5157582706908598,0.0075216177643283606,283
xgboost_tau_0_3,CWE-287,0.00549915338815374,1.0,0.0,0.0,1.0,0.0,0.010938153700230322,0.02690394709650003,0.0,0.00549915338815374,0.5,0.5,0.00549915338815374,319
xgboost_tau_0_3,CWE-369,0.004723411627418168,1.0,0.0,0.0,1.0,0.0,0.009402409330838453,0.02317909641830872,0.0,0.004723411627418168,0.5,0.49993937443651515,0.004723411627418168,274
xgboost_tau_0_3,CWE-400,0.009964491225662706,1.0,5.223295899712719e-05,0.2,0.9999477670410029,0.0,0.01973235589877515,0.047912718113376315,0.0003218295799841895,0.010015693708968286,0.5000261164794986,0.5001480221999169,0.009966905881807035,578
xgboost_tau_0_3,CWE-404,0.02116775422963244,0.9983706653393064,0.002395050127304389,0.989010989010989,0.9976049498726957,0.001629334660693546,0.0414565306636398,0.09756437882573596,0.0025492850891063795,0.023461833727625184,0.5003828577333055,0.5016410806766494,0.021220192664948366,1227
xgboost_tau_0_3,CWE-476,0.02901274690402008,1.0,0.0,0.0,1.0,0.0,0.0563894761527696,0.12997945582352088,0.0,0.02901274690402008,0.5,0.5091897001566832,0.03218342847005996,1683
xgboost_tau_0_3,CWE-662,0.01367449972522725,0.9974842767295599,0.0002796469457310146,0.17777777777777776,0.999720353054269,0.002515723270440252,0.026979142549131564,0.06481813311603717,-0.00660525528969922,0.013946108806724913,0.4988819618376453,0.5067266610035903,0.01390019957384669,795
xgboost_tau_0_3,CWE-665,0.002407724107660929,0.9857142857142858,0.004786765768263838,0.9944444444444445,0.9952132342317361,0.014285714285714285,0.004803712152140716,0.011922111938041458,-0.00553642630895365,0.0071713309918916435,0.49525052574127476,0.4892291088060607,0.002396692401956746,141
xgboost_tau_0_3,CWE-668,0.023499176884279056,0.9992647058823529,0.0001059135039717564,0.17142857142857143,0.9998940864960282,0.0007352941176470588,0.04591851086633257,0.1073937798834899,-0.0038781836581352133,0.02359978703766371,0.4996853096931623,0.5718593689135828,0.03218145847863978,1364
xgboost_tau_0_3,CWE-704,0.007570515711011796,0.9977272727272727,0.00034728251432540375,0.19047619047619047,0.9996527174856746,0.0022727272727272726,0.015027010028003208,0.036737555086174475,-0.003930097003325016,0.007912447402766191,0.4990372776207991,0.4986725774934945,0.0075726456853710405,440
xgboost_tau_0_3,CWE-705,0.004551018628271632,1.0,0.0,0.0,1.0,0.0,0.009060799026555655,0.02234824107376775,0.0,0.004551018628271632,0.5,0.5000346432854879,0.004551333810944718,264
xgboost_tau_0_3,CWE-706,0.013896072428770338,0.9987577639751553,0.00010484927916120576,0.17142857142857143,0.9998951507208389,0.0012422360248447203,0.02741076556270635,0.06581736748774791,-0.005418383065631441,0.013997803256819966,0.4994313066271582,0.49925648373493303,0.013896169127517047,807
xgboost_tau_0_3,CWE-74,0.016185523688973615,1.0,0.000981274203166976,1.0,0.999018725796833,0.0,0.031855447342283294,0.07600675513848174,0.003928666592654452,0.01713532140119859,0.5004906371015835,0.6208730429170247,0.10188672421624693,938
xgboost_tau_0_3,CWE-754,0.002848926878455701,0.9882352941176471,0.0015732370220785576,0.9885714285714287,0.9984267629779214,0.011764705882352941,0.0056814713136666434,0.014082211265444917,-0.009522218190746645,0.004413081619025231,0.49490426556986283,0.494454751119458,0.002850856425628382,167
xgboost_tau_0_3,CWE-834,0.006050794354607701,1.0,0.0,0.0,1.0,0.0,0.012028802337117644,0.029539009169382607,0.0,0.006050794354607701,0.5,0.5039388917044411,0.007354394944693329,351
xgboost_tau_0_4,CWE-118,0.18247170083080055,1.0,0.0,0.0,1.0,0.0,0.30862759538726325,0.5274093562743876,0.0,0.18247170083080055,0.5,0.5550504640599795,0.21277619102618478,10585
xgboost_tau_0_4,CWE-190,0.024214830758583543,0.9985790363696019,0.00045935001703334205,0.3708333333333333,0.9995406499829667,0.0014209636303980212,0.04728307613321234,0.11036866846317275,-0.004317271080868641,0.024651356757574305,0.4995191931933176,0.5229475917590569,0.03992592301466577,1406
xgboost_tau_0_4,CWE-191,0.0028843229088400014,1.0,0.0019017832963206017,1.0,0.9980982167036794,0.0,0.005752051606853585,0.014257092530878266,0.002333178479710505,0.004775175916263622,0.5009508916481603,0.5009508916481603,0.0028843229088400014,167
xgboost_tau_0_4,CWE-20,0.033201748546801,1.0,0.0,0.0,1.0,0.0,0.06426963043561743,0.14654634230132185,0.0,0.033201748546801,0.5,0.5021361089245,0.0334088326576056,1926
xgboost_tau_0_4,CWE-269,0.0020183879974090676,1.0,0.000725428906780469,1.0,0.9992745710932196,0.0,0.004028641091625471,0.010011080014468442,0.001193317412040144,0.0027408772434892323,0.5003627144533902,0.5003627144533902,0.0020183879974090676,117
xgboost_tau_0_4,CWE-285,0.004890000597164389,1.0,0.0023558663814132355,1.0,0.9976441336185868,0.0,0.009732406514385382,0.023980905273169355,0.0033712636810682164,0.007222943694943726,0.5011779331907066,0.5157582706908598,0.0075216177643283606,283
xgboost_tau_0_4,CWE-287,0.00549915338815374,1.0,0.0,0.0,1.0,0.0,0.010938153700230322,0.02690394709650003,0.0,0.00549915338815374,0.5,0.5,0.00549915338815374,319
xgboost_tau_0_4,CWE-369,0.004723411627418168,1.0,0.0,0.0,1.0,0.0,0.009402409330838453,0.02317909641830872,0.0,0.004723411627418168,0.5,0.49993937443651515,0.004723411627418168,274
xgboost_tau_0_4,CWE-400,0.009966905881807035,1.0,0.0002960443998337319,0.8,0.9997039556001663,0.0,0.019737090037761203,0.04792388038646471,0.0015299417913564324,0.010257067095023432,0.5001480221999169,0.5001480221999169,0.009966905881807035,578
xgboost_tau_0_4,CWE-404,0.021212866236440423,0.9983706653393064,0.004561442582740185,0.9930769230769231,0.9954385574172597,0.001629334660693546,0.04154304181698944,0.09775600542802354,0.006434047650027724,0.02558237048380858,0.5014660539610233,0.5016410806766494,0.021220192664948366,1227
xgboost_tau_0_4,CWE-476,0.02901274690402008,1.0,0.0,0.0,1.0,0.0,0.0563894761527696,0.12997945582352088,0.0,0.02901274690402008,0.5,0.5091897001566832,0.03218342847005996,1683
xgboost_tau_0_4,CWE-662,0.013903532391098766,0.979874213836478,0.03432696641961292,0.9918907619448755,0.9656730335803871,0.020125786163522015,0.027418027443878216,0.06578399721550582,0.009070195383394469,0.04728546297291938,0.5071005901280454,0.5067266610035903,0.01390019957384669,795
xgboost_tau_0_4,CWE-665,0.002407724107660929,0.9857142857142858,0.004786765768263838,0.9944444444444445,0.9952132342317361,0.014285714285714285,0.004803712152140716,0.011922111938041458,-0.00553642630895365,0.0071713309918916435,0.49525052574127476,0.4892291088060607,0.002396692401956746,141
xgboost_tau_0_4,CWE-668,0.023499176884279056,0.9992647058823529,0.0001059135039717564,0.17142857142857143,0.9998940864960282,0.0007352941176470588,0.04591851086633257,0.1073937798834899,-0.0038781836581352133,0.02359978703766371,0.4996853096931623,0.5718593689135828,0.03218145847863978,1364
xgboost_tau_0_4,CWE-704,0.007570515711011796,0.9977272727272727,0.00034728251432540375,0.19047619047619047,0.9996527174856746,0.0022727272727272726,0.015027010028003208,0.036737555086174475,-0.003930097003325016,0.007912447402766191,0.4990372776207991,0.4986725774934945,0.0075726456853710405,440
xgboost_tau_0_4,CWE-705,0.004551333810944718,1.0,6.928657097572662e-05,0.6,0.9999307134290243,0.0,0.009061423670168559,0.02234976091919054,0.0004295648864843642,0.004619988610769561,0.5000346432854879,0.5000346432854879,0.004551333810944718,264
xgboost_tau_0_4,CWE-706,0.013896072428770338,0.9987577639751553,0.00010484927916120576,0.17142857142857143,0.9998951507208389,0.0012422360248447203,0.02741076556270635,0.06581736748774791,-0.005418383065631441,0.013997803256819966,0.4994313066271582,0.49925648373493303,0.013896169127517047,807
xgboost_tau_0_4,CWE-74,0.016185523688973615,1.0,0.000981274203166976,1.0,0.999018725796833,0.0,0.031855447342283294,0.07600675513848174,0.003928666592654452,0.01713532140119859,0.5004906371015835,0.6208730429170247,0.10188672421624693,938
xgboost_tau_0_4,CWE-754,0.002848926878455701,0.9882352941176471,0.0015732370220785576,0.9885714285714287,0.9984267629779214,0.011764705882352941,0.0056814713136666434,0.014082211265444917,-0.009522218190746645,0.004413081619025231,0.49490426556986283,0.494454751119458,0.002850856425628382,167
xgboost_tau_0_4,CWE-834,0.006050794354607701,1.0,0.0,0.0,1.0,0.0,0.012028802337117644,0.029539009169382607,0.0,0.006050794354607701,0.5,0.5039388917044411,0.007354394944693329,351
xgboost_tau_0_5,CWE-118,0.23733413690476618,0.37581483230987245,0.7304318012689975,0.8398169938013995,0.2695681987310024,0.6241851676901276,0.2909343052515962,0.33653939307905645,0.0905374276309538,0.6657241731752304,0.553123316789435,0.5550504640599795,0.21277619102618478,10585
xgboost_tau_0_5,CWE-190,0.07497457369265223,0.06544004442088791,0.9800011809985646,0.9768603774528376,0.019998819001435388,0.9345599555791122,0.06976193676565914,0.0670783408797926,0.048494444010474744,0.9578342107168545,0.5227206127097263,0.5229475917590569,0.03992592301466577,1406
xgboost_tau_0_5,CWE-191,0.0011740838283195558,0.4,0.6006742140868441,0.998293250370484,0.39932578591315593,0.6,0.0023412954637730098,0.005802295330327606,0.0008896370969001059,0.6001375994976091,0.5003371070434219,0.5009508916481603,0.0028843229088400014,167
xgboost_tau_0_5,CWE-20,0.037318097584925956,0.06178049929345266,0.9454024575521274,0.9670426476176655,0.054597542447872606,0.9382195007065472,0.0465137399171348,0.05460274798463113,0.005595777688622629,0.9160648883531133,0.5035914784227901,0.5021361089245,0.0334088326576056,1926
xgboost_tau_0_5,CWE-269,0.0012075553554568813,0.6,0.4004835909201739,0.9991896610213628,0.5995164090798262,0.4,0.0024102578726872916,0.005989539293884865,0.0007602919695316225,0.400878855618992,0.5002417954600868,0.5003627144533902,0.0020183879974090676,117
xgboost_tau_0_5,CWE-285,0.054077841662980984,0.0318922305764411,0.9973495152269904,0.9952633697978015,0.002650484773009511,0.9681077694235588,0.0399718892015297,0.034680130410647006,0.0379069202895936,0.9926390241788781,0.5146208729017158,0.5157582706908598,0.0075216177643283606,283
xgboost_tau_0_5,CWE-287,0.0,0.0,1.0,0.9945008466118462,0.0,1.0,0.0,0.0,0.0,0.9945008466118462,0.5,0.5,0.00549915338815374,319
xgboost_tau_0_5,CWE-369,0.0009305531621575047,0.2,0.7998960618924209,0.7962066509907191,0.2001039381075791,0.8,0.0018524871355060032,0.004567755032989342,-0.0005438092582550067,0.7970342493852297,0.49994803094621043,0.49993937443651515,0.004723411627418168,274
xgboost_tau_0_5,CWE-400,0.0019829295628933526,0.2,0.8000522329589972,0.9920184383372307,0.19994776704100287,0.8,0.003926925046952365,0.009536445808110123,0.0003218295799841895,0.7940525703834296,0.5000261164794986,0.5001480221999169,0.009966905881807035,578
xgboost_tau_0_5,CWE-404,0.016982184432610906,0.7983706653393065,0.20413906547970856,0.9894224342368462,0.7958609345202914,0.20162933466069352,0.0332569553513218,0.0782528159366848,0.005152832941501507,0.21672498843822155,0.5012548654095076,0.5016410806766494,0.021220192664948366,1227
xgboost_tau_0_5,CWE-476,0.08619273769482211,0.026730959446092977,0.9915846444995078,0.9715082000684875,0.008415355500492307,0.9732690405539071,0.040781210659642755,0.031002345378564437,0.03249567330269139,0.9635918569624273,0.5091578019728004,0.5091897001566832,0.03218342847005996,1683
xgboost_tau_0_5,CWE-662,0.013903532391098766,0.979874213836478,0.03432696641961292,0.9918907619448755,0.9656730335803871,0.020125786163522015,0.027418027443878216,0.06578399721550582,0.009070195383394469,0.04728546297291938,0.5071005901280454,0.5067266610035903,0.01390019957384669,795
xgboost_tau_0_5,CWE-665,0.0,0.0,0.9932786353586991,0.9975530085465085,0.006721364641300985,1.0,0.0,0.0,-0.003851912547159568,0.9908642023551695,0.49663931767934955,0.4892291088060607,0.002396692401956746,141
xgboost_tau_0_5,CWE-668,0.06087639137348129,0.2294790993320405,0.9147848967196396,0.9801210793931519,0.08521510328036033,0.7705209006679594,0.09622000312003662,0.14766417067448293,0.07690266840444135,0.8986707798149756,0.5721319980258401,0.5718593689135828,0.03218145847863978,1364
xgboost_tau_0_5,CWE-704,0.003036448017198463,0.4,0.5995311490989315,0.7954444752946009,0.4004688509010686,0.6,0.006027143236080687,0.014734824507771343,-0.000866730055115775,0.5980191628118381,0.4997655745494657,0.4986725774934945,0.0075726456853710405,440
xgboost_tau_0_5,CWE-705,0.0018268775349402245,0.4,0.6000173145182235,0.7972757801789162,0.39998268548177646,0.6,0.003637143530087984,0.008970507485980595,0.00012576882178323638,0.5991198144221606,0.5000086572591117,0.5000346432854879,0.004551333810944718,264
xgboost_tau_0_5,CWE-706,0.005552925441913862,0.3987577639751553,0.5998076785690505,0.7630813442088663,0.4001923214309495,0.6012422360248447,0.010953318221318125,0.026299662585128548,-0.0069767270675713975,0.5970184741863482,0.4992827212721028,0.49925648373493303,0.013896169127517047,807
xgboost_tau_0_5,CWE-74,0.3537695283554677,0.24842416657185118,0.9925355726334061,0.987707020671334,0.007464427366593794,0.7515758334281488,0.2918621661613784,0.26414663398146254,0.2868384663765553,0.9805029645624572,0.6204798696026288,0.6208730429170247,0.10188672421624693,938
xgboost_tau_0_5,CWE-754,0.0,0.0,0.9991182571838921,0.9971186121603239,0.0008817428161079128,1.0,0.0,0.0,-0.001419494799170835,0.9962419288502007,0.49955912859194607,0.494454751119458,0.002850856425628382,167
xgboost_tau_0_5,CWE-834,0.035764374050460644,0.40285714285714286,0.5995318024154339,0.5963945812238433,0.4004681975845661,0.5971428571428572,0.010095866436209924,0.015363207108410746,0.008477753214076173,0.5983631538438939,0.5011944726362885,0.5039388917044411,0.007354394944693329,351
xgboost_tau_0_6,CWE-118,0.38186400278258376,0.027775153519130846,0.989962638148447,0.8202103700442012,0.010037361851552962,0.9722248464808692,0.05174974688442502,0.03409269358108736,0.0597897298150909,0.8143908032842209,0.5088688958337889,0.5550504640599795,0.21277619102618478,10585
xgboost_tau_0_6,CWE-190,0.07573881561807376,0.06330481310416194,0.9807608093681329,0.9768260815845305,0.01923919063186698,0.9366951868958381,0.06888386452576818,0.06540795916018975,0.04810184394083054,0.9585237262105091,0.5220328112361475,0.5229475917590569,0.03992592301466577,1406
xgboost_tau_0_6,CWE-191,0.0,0.0,1.0,0.9971211397007419,0.0,1.0,0.0,0.0,0.0,0.9971211397007419,0.5,0.5009508916481603,0.0028843229088400014,167
xgboost_tau_0_6,CWE-20,0.017258297258297257,0.002594710988493372,0.9970575120244343,0.9667870245542334,0.0029424879755657065,0.9974052890115066,0.004509009921036647,0.0031254328145086246,-0.0009667175102174297,0.9640397004062347,0.49982611150646383,0.5021361089245,0.0334088326576056,1926
xgboost_tau_0_6,CWE-269,0.0,0.0,1.0,0.9979830809316533,0.0,1.0,0.0,0.0,0.0,0.9979830809316533,0.5,0.5003627144533902,0.0020183879974090676,117
xgboost_tau_0_6,CWE-285,0.054077841662980984,0.0318922305764411,0.9973495152269904,0.9952633697978015,0.002650484773009511,0.9681077694235588,0.0399718892015297,0.034680130410647006,0.0379069202895936,0.9926390241788781,0.5146208729017158,0.5157582706908598,0.0075216177643283606,283
xgboost_tau_0_6,CWE-287,0.0,0.0,1.0,0.9945008466118462,0.0,1.0,0.0,0.0,0.0,0.9945008466118462,0.5,0.5,0.00549915338815374,319
xgboost_tau_0_6,CWE-369,0.0,0.0,0.9998787488730303,0.9952760176430241,0.00012125112696968953,1.0,0.0,0.0,-0.0006707425997936457,0.9951559105949489,0.49993937443651515,0.49993937443651515,0.004723411627418168,274
xgboost_tau_0_6,CWE-400,0.0,0.0,1.0,0.9900360215125452,0.0,1.0,0.0,0.0,0.0,0.9900360215125452,0.5,0.5001480221999169,0.009966905881807035,578
xgboost_tau_0_6,CWE-404,0.0,0.0,1.0,0.9788480981824212,0.0,1.0,0.0,0.0,0.0,0.9788480981824212,0.5,0.5016410806766494,0.021220192664948366,1227
xgboost_tau_0_6,CWE-476,0.105073856575941,0.02138971315529179,0.9929169120188256,0.9713933317330399,0.0070830879811744265,0.9786102868447081,0.03396996211563033,0.025081091762017275,0.031377830918457625,0.9647301805222757,0.5071533125870586,0.5091897001566832,0.03218342847005996,1683
xgboost_tau_0_6,CWE-662,0.0,0.0,0.9995456011955468,0.9862890808740215,0.0004543988044530724,1.0,0.0,0.0,-0.001766926225294494,0.9858470570416188,0.4997728005977734,0.5067266610035903,0.01390019957384669,795
xgboost_tau_0_6,CWE-665,0.0,0.0,0.9947471909910417,0.9975565696488449,0.005252809008958206,1.0,0.0,0.0,-0.0030069609601432556,0.9923292144199746,0.49737359549552085,0.4892291088060607,0.002396692401956746,141
xgboost_tau_0_6,CWE-668,0.06094148999883403,0.2294790993320405,0.9148908008763778,0.9801233886368458,0.08510919912362218,0.7705209006679594,0.09630149049885928,0.14774116409043964,0.0769941915274405,0.8987741924313148,0.5721849501042092,0.5718593689135828,0.03218145847863978,1364
xgboost_tau_0_6,CWE-704,0.0,0.0,0.9997047073128366,0.9924127434119902,0.00029529268716345315,1.0,0.0,0.0,-0.0006697838334911566,0.9921219165286755,0.4998523536564183,0.4986725774934945,0.0075726456853710405,440
xgboost_tau_0_6,CWE-705,0.0,0.0,1.0,0.9954489813717284,0.0,1.0,0.0,0.0,0.0,0.9954489813717284,0.5,0.5000346432854879,0.004551333810944718,264
xgboost_tau_0_6,CWE-706,0.0,0.0,0.9996503542155496,0.98608355580033,0.00034964578445041927,1.0,0.0,0.0,-0.0019413019772928526,0.9857435819962574,0.4998251771077748,0.49925648373493303,0.013896169127517047,807
xgboost_tau_0_6,CWE-74,0.3537695283554677,0.24842416657185118,0.9925355726334061,0.987707020671334,0.007464427366593794,0.7515758334281488,0.2918621661613784,0.26414663398146254,0.2868384663765553,0.9805029645624572,0.6204798696026288,0.6208730429170247,0.10188672421624693,938
xgboost_tau_0_6,CWE-754,0.0,0.0,0.9991182571838921,0.9971186121603239,0.0008817428161079128,1.0,0.0,0.0,-0.001419494799170835,0.9962419288502007,0.49955912859194607,0.494454751119458,0.002850856425628382,167
xgboost_tau_0_6,CWE-834,0.0641025641025641,0.008571428571428572,0.9993063548374537,0.993996485659552,0.000693645162546425,0.9914285714285714,0.01490171211160431,0.010322442063056398,0.0210572857859078,0.9933114588318018,0.5039388917044411,0.5039388917044411,0.007354394944693329,351
xgboost_tau_0_7,CWE-118,0.5324306771198848,0.015115729806329711,0.9969212811711733,0.8193336279391659,0.003078718828826639,0.9848842701936704,0.029363325546664248,0.01875591133035942,0.06471742560780028,0.8177696161015012,0.5060185054887516,0.5550504640599795,0.21277619102618478,10585
xgboost_tau_0_7,CWE-190,0.28415686274509805,0.022755609399056055,0.9985688747575063,0.9762678512621807,0.0014311252424936487,0.9772443906009439,0.04194145594529567,0.027849904181431656,0.07388728759103698,0.9749176132095354,0.5106622420782811,0.5229475917590569,0.03992592301466577,1406
xgboost_tau_0_7,CWE-191,0.0,0.0,1.0,0.9971211397007419,0.0,1.0,0.0,0.0,0.0,0.9971211397007419,0.5,0.5009508916481603,0.0028843229088400014,167
xgboost_tau_0_7,CWE-20,0.0,0.0,1.0,0.9667982514531991,0.0,1.0,0.0,0.0,0.0,0.9667982514531991,0.5,0.5021361089245,0.0334088326576056,1926
xgboost_tau_0_7,CWE-269,0.0,0.0,1.0,0.9979830809316533,0.0,1.0,0.0,0.0,0.0,0.9979830809316533,0.5,0.5003627144533902,0.0020183879974090676,117
xgboost_tau_0_7,CWE-285,0.054077841662980984,0.0318922305764411,0.9973495152269904,0.9952633697978015,0.002650484773009511,0.9681077694235588,0.0399718892015297,0.034680130410647006,0.0379069202895936,0.9926390241788781,0.5146208729017158,0.5157582706908598,0.0075216177643283606,283
xgboost_tau_0_7,CWE-287,0.0,0.0,1.0,0.9945008466118462,0.0,1.0,0.0,0.0,0.0,0.9945008466118462,0.5,0.5,0.00549915338815374,319
xgboost_tau_0_7,CWE-369,0.0,0.0,0.9998787488730303,0.9952760176430241,0.00012125112696968953,1.0,0.0,0.0,-0.0006707425997936457,0.9951559105949489,0.49993937443651515,0.49993937443651515,0.004723411627418168,274
xgboost_tau_0_7,CWE-400,0.0,0.0,1.0,0.9900360215125452,0.0,1.0,0.0,0.0,0.0,0.9900360215125452,0.5,0.5001480221999169,0.009966905881807035,578
xgboost_tau_0_7,CWE-404,0.0,0.0,1.0,0.9788480981824212,0.0,1.0,0.0,0.0,0.0,0.9788480981824212,0.5,0.5016410806766494,0.021220192664948366,1227
xgboost_tau_0_7,CWE-476,0.18773633773633774,0.013066977532852903,0.9983133676690936,0.9713086592553164,0.0016866323309063021,0.9869330224671472,0.02441222725332306,0.016050533153686434,0.042466945484478866,0.9697288254949468,0.5056901726009733,0.5091897001566832,0.03218342847005996,1683
xgboost_tau_0_7,CWE-662,0.0,0.0,0.9999650502402796,0.9862947564864429,3.4949759720401925e-05,1.0,0.0,0.0,-0.000309506109772685,0.9862607580215584,0.4999825251201398,0.5067266610035903,0.01390019957384669,795
xgboost_tau_0_7,CWE-665,0.0,0.0,0.9992741875000352,0.9975675713395497,0.0007258124999648204,1.0,0.0,0.0,-0.001183957758318168,0.9968452865241098,0.4996370937500176,0.4892291088060607,0.002396692401956746,141
xgboost_tau_0_7,CWE-668,0.04813869388261276,0.18039485024779142,0.9321224393426115,0.9793191138574441,0.06787756065738842,0.8196051497522084,0.07599030917916397,0.11640673444222785,0.059598806060038326,0.9144452553155595,0.5562586447952015,0.5718593689135828,0.03218145847863978,1364
xgboost_tau_0_7,CWE-704,0.0,0.0,1.0,0.9924149694505855,0.0,1.0,0.0,0.0,0.0,0.9924149694505855,0.5,0.4986725774934945,0.0075726456853710405,440
xgboost_tau_0_7,CWE-705,0.0,0.0,1.0,0.9954489813717284,0.0,1.0,0.0,0.0,0.0,0.9954489813717284,0.5,0.5000346432854879,0.004551333810944718,264
xgboost_tau_0_7,CWE-706,0.0,0.0,0.9998601643069394,0.9860864327945402,0.00013983569306065373,1.0,0.0,0.0,-0.0006250682236075926,0.9859504755845572,0.4999300821534697,0.49925648373493303,0.013896169127517047,807
xgboost_tau_0_7,CWE-74,0.3599387131238693,0.24842416657185118,0.9927283276059763,0.9877093585306105,0.0072716723940236695,0.7515758334281488,0.29393524807367355,0.26482202647026065,0.2895320166534665,0.9806926078529777,0.6205762470889138,0.6208730429170247,0.10188672421624693,938
xgboost_tau_0_7,CWE-754,0.0,0.0,0.9991182571838921,0.9971186121603239,0.0008817428161079128,1.0,0.0,0.0,-0.001419494799170835,0.9962419288502007,0.49955912859194607,0.494454751119458,0.002850856425628382,167
xgboost_tau_0_7,CWE-834,0.03333333333333333,0.002857142857142857,0.9994970952570824,0.993963329266386,0.0005029047429175018,0.9971428571428571,0.005263157894736842,0.003496503496503497,0.008271577715806442,0.9934665777563106,0.5011771190571126,0.5039388917044411,0.007354394944693329,351
xgboost_tau_0_8,CWE-118,0.7396050420168068,0.009163911195087387,0.9992619858730807,0.8187883816750112,0.0007380141269193457,0.9908360888049126,0.018082898436842538,0.01141619442843642,0.06787856271880773,0.8185971577568164,0.504212948534084,0.5550504640599795,0.21277619102618478,10585
xgboost_tau_0_8,CWE-190,0.34100596760443314,0.022755609399056055,0.9989399760384614,0.9762764446502633,0.0010600239615384899,0.9772443906009439,0.042608637829770465,0.02796771593321437,0.0827412778257712,0.9752797059962459,0.5108477927187588,0.5229475917590569,0.03992592301466577,1406
xgboost_tau_0_8,CWE-191,0.0,0.0,1.0,0.9971211397007419,0.0,1.0,0.0,0.0,0.0,0.9971211397007419,0.5,0.5009508916481603,0.0028843229088400014,167
xgboost_tau_0_8,CWE-20,0.0,0.0,1.0,0.9667982514531991,0.0,1.0,0.0,0.0,0.0,0.9667982514531991,0.5,0.5021361089245,0.0334088326576056,1926
xgboost_tau_0_8,CWE-269,0.0,0.0,1.0,0.9979830809316533,0.0,1.0,0.0,0.0,0.0,0.9979830809316533,0.5,0.5003627144533902,0.0020183879974090676,117
xgboost_tau_0_8,CWE-285,0.013025210084033612,0.007080200501253133,0.9984060877439415,0.9951480705436992,0.0015939122560584631,0.9929197994987469,0.009157509157509156,0.0077850478613837384,0.0074438447133217765,0.9935698001554393,0.5027431441225974,0.5157582706908598,0.0075216177643283606,283
xgboost_tau_0_8,CWE-287,0.0,0.0,1.0,0.9945008466118462,0.0,1.0,0.0,0.0,0.0,0.9945008466118462,0.5,0.5,0.00549915338815374,319
xgboost_tau_0_8,CWE-369,0.0,0.0,0.9999307209340984,0.9952762614654368,6.92790659016102e-05,1.0,0.0,0.0,-0.0003624716139281936,0.9952076377142435,0.4999653604670492,0.49993937443651515,0.004723411627418168,274
xgboost_tau_0_8,CWE-400,0.0,0.0,1.0,0.9900360215125452,0.0,1.0,0.0,0.0,0.0,0.9900360215125452,0.5,0.5001480221999169,0.009966905881807035,578
xgboost_tau_0_8,CWE-404,0.0,0.0,1.0,0.9788480981824212,0.0,1.0,0.0,0.0,0.0,0.9788480981824212,0.5,0.5016410806766494,0.021220192664948366,1227
xgboost_tau_0_8,CWE-476,0.18773633773633774,0.013066977532852903,0.9983133676690936,0.9713086592553164,0.0016866323309063021,0.9869330224671472,0.02441222725332306,0.016050533153686434,0.042466945484478866,0.9697288254949468,0.5056901726009733,0.5091897001566832,0.03218342847005996,1683
xgboost_tau_0_8,CWE-662,0.0,0.0,1.0,0.9862952288936716,0.0,1.0,0.0,0.0,0.0,0.9862952288936716,0.5,0.5067266610035903,0.01390019957384669,795
xgboost_tau_0_8,CWE-665,0.0,0.0,0.9999654397788145,0.9975692506422617,3.4560221185415586e-05,1.0,0.0,0.0,-0.00012916750640234805,0.997534857047816,0.49998271988940723,0.4892291088060607,0.002396692401956746,141
xgboost_tau_0_8,CWE-668,0.0,0.0,1.0,0.9764864049981922,0.0,1.0,0.0,0.0,0.0,0.9764864049981922,0.5,0.5718593689135828,0.03218145847863978,1364
xgboost_tau_0_8,CWE-704,0.0,0.0,1.0,0.9924149694505855,0.0,1.0,0.0,0.0,0.0,0.9924149694505855,0.5,0.4986725774934945,0.0075726456853710405,440
xgboost_tau_0_8,CWE-705,0.0,0.0,1.0,0.9954489813717284,0.0,1.0,0.0,0.0,0.0,0.9954489813717284,0.5,0.5000346432854879,0.004551333810944718,264
xgboost_tau_0_8,CWE-706,0.0,0.0,1.0,0.9860883590730094,0.0,1.0,0.0,0.0,0.0,0.9860883590730094,0.5,0.49925648373493303,0.013896169127517047,807
xgboost_tau_0_8,CWE-74,0.3599387131238693,0.24842416657185118,0.9927283276059763,0.9877093585306105,0.0072716723940236695,0.7515758334281488,0.29393524807367355,0.26482202647026065,0.2895320166534665,0.9806926078529777,0.6205762470889138,0.6208730429170247,0.10188672421624693,938
xgboost_tau_0_8,CWE-754,0.0,0.0,0.9991182571838921,0.9971186121603239,0.0008817428161079128,1.0,0.0,0.0,-0.001419494799170835,0.9962419288502007,0.49955912859194607,0.494454751119458,0.002850856425628382,167
xgboost_tau_0_8,CWE-834,0.0,0.0,0.9995838180044592,0.9939467049244375,0.00041618199554086487,1.0,0.0,0.0,-0.0011650568084074296,0.9935355373287612,0.4997919090022296,0.5039388917044411,0.007354394944693329,351
xgboost_tau_0_9,CWE-118,0.5,0.0002834199338686821,0.99997891852008,0.8175674426451867,2.1081479919890375e-05,0.9997165800661314,0.0005664831122346894,0.0003542191446741732,0.010019795135184976,0.8175627863889765,0.5001311692269744,0.5550504640599795,0.21277619102618478,10585
xgboost_tau_0_9,CWE-190,0.4827797202797203,0.017079326619721866,0.9992757463144523,0.9761494850456532,0.000724253685547636,0.9829206733802781,0.032273520373839744,0.021040674928523646,0.07558159674882972,0.9754693567338965,0.5081775364670871,0.5229475917590569,0.03992592301466577,1406
xgboost_tau_0_9,CWE-191,0.0,0.0,1.0,0.9971211397007419,0.0,1.0,0.0,0.0,0.0,0.9971211397007419,0.5,0.5009508916481603,0.0028843229088400014,167
xgboost_tau_0_9,CWE-20,0.0,0.0,1.0,0.9667982514531991,0.0,1.0,0.0,0.0,0.0,0.9667982514531991,0.5,0.5021361089245,0.0334088326576056,1926
xgboost_tau_0_9,CWE-269,0.0,0.0,1.0,0.9979830809316533,0.0,1.0,0.0,0.0,0.0,0.9979830809316533,0.5,0.5003627144533902,0.0020183879974090676,117
xgboost_tau_0_9,CWE-285,0.0,0.0,1.0,0.9951214471489586,0.0,1.0,0.0,0.0,0.0,0.9951214471489586,0.5,0.5157582706908598,0.0075216177643283606,283
xgboost_tau_0_9,CWE-287,0.0,0.0,1.0,0.9945008466118462,0.0,1.0,0.0,0.0,0.0,0.9945008466118462,0.5,0.5,0.00549915338815374,319
xgboost_tau_0_9,CWE-369,0.0,0.0,0.9999826824833319,0.9952765066739708,1.7317516668109792e-05,1.0,0.0,0.0,-0.00012813093745294235,0.9952593529365252,0.49999134124166594,0.49993937443651515,0.004723411627418168,274
xgboost_tau_0_9,CWE-400,0.0,0.0,1.0,0.9900360215125452,0.0,1.0,0.0,0.0,0.0,0.9900360215125452,0.5,0.5001480221999169,0.009966905881807035,578
xgboost_tau_0_9,CWE-404,0.0,0.0,1.0,0.9788480981824212,0.0,1.0,0.0,0.0,0.0,0.9788480981824212,0.5,0.5016410806766494,0.021220192664948366,1227
xgboost_tau_0_9,CWE-476,0.0,0.0,1.0,0.97098725309598,0.0,1.0,0.0,0.0,0.0,0.97098725309598,0.5,0.5091897001566832,0.03218342847005996,1683
xgboost_tau_0_9,CWE-662,0.0,0.0,1.0,0.9862952288936716,0.0,1.0,0.0,0.0,0.0,0.9862952288936716,0.5,0.5067266610035903,0.01390019957384669,795
xgboost_tau_0_9,CWE-665,0.0,0.0,1.0,0.9975693338621582,0.0,1.0,0.0,0.0,0.0,0.9975693338621582,0.5,0.4892291088060607,0.002396692401956746,141
xgboost_tau_0_9,CWE-668,0.0,0.0,1.0,0.9764864049981922,0.0,1.0,0.0,0.0,0.0,0.9764864049981922,0.5,0.5718593689135828,0.03218145847863978,1364
xgboost_tau_0_9,CWE-704,0.0,0.0,1.0,0.9924149694505855,0.0,1.0,0.0,0.0,0.0,0.9924149694505855,0.5,0.4986725774934945,0.0075726456853710405,440
xgboost_tau_0_9,CWE-705,0.0,0.0,1.0,0.9954489813717284,0.0,1.0,0.0,0.0,0.0,0.9954489813717284,0.5,0.5000346432854879,0.004551333810944718,264
xgboost_tau_0_9,CWE-706,0.0,0.0,1.0,0.9860883590730094,0.0,1.0,0.0,0.0,0.0,0.9860883590730094,0.5,0.49925648373493303,0.013896169127517047,807
xgboost_tau_0_9,CWE-74,0.3599387131238693,0.24842416657185118,0.9927283276059763,0.9877093585306105,0.0072716723940236695,0.7515758334281488,0.29393524807367355,0.26482202647026065,0.2895320166534665,0.9806926078529777,0.6205762470889138,0.6208730429170247,0.10188672421624693,938
xgboost_tau_0_9,CWE-754,0.0,0.0,1.0,0.9971211397007419,0.0,1.0,0.0,0.0,0.0,0.9971211397007419,0.5,0.494454751119458,0.002850856425628382,167
xgboost_tau_0_9,CWE-834,0.0,0.0,1.0,0.9939492056453924,0.0,1.0,0.0,0.0,0.0,0.9939492056453924,0.5,0.5039388917044411,0.007354394944693329,351
