language,family,pattern,count,n_pos,p_vuln_empirical,n_cells,n_empty_cells,n_singleton_cells,dominant_pattern,dominant_pattern_share,family_support
c_cpp,CWE-118,000000,41181,6593,0.1600981034943299,64,30,9,000000,0.7099070833836129,10585
c_cpp,CWE-118,000001,20,7,0.35,64,30,9,000000,0.7099070833836129,10585
c_cpp,CWE-118,000010,82,15,0.18292682926829268,64,30,9,000000,0.7099070833836129,10585
c_cpp,CWE-118,000011,7,1,0.14285714285714285,64,30,9,000000,0.7099070833836129,10585
c_cpp,CWE-118,000100,102,72,0.7058823529411765,64,30,9,000000,0.7099070833836129,10585
c_cpp,CWE-118,000101,0,0,,64,30,9,000000,0.7099070833836129,10585
c_cpp,CWE-118,000110,4,4,1.0,64,30,9,000000,0.7099070833836129,10585
c_cpp,CWE-118,000111,1,1,1.0,64,30,9,000000,0.7099070833836129,10585
c_cpp,CWE-118,001000,15661,3612,0.23063661324308793,64,30,9,000000,0.7099070833836129,10585
c_cpp,CWE-118,001001,178,53,0.29775280898876405,64,30,9,000000,0.7099070833836129,10585
c_cpp,CWE-118,001010,300,64,0.21333333333333335,64,30,9,000000,0.7099070833836129,10585
c_cpp,CWE-118,001011,22,8,0.36363636363636365,64,30,9,000000,0.7099070833836129,10585
c_cpp,CWE-118,001100,108,30,0.2777777777777778,64,30,9,000000,0.7099070833836129,10585
c_cpp,CWE-118,001101,0,0,,64,30,9,000000,0.7099070833836129,10585
c_cpp,CWE-118,001110,0,0,,64,30,9,000000,0.7099070833836129,10585
c_cpp,CWE-118,001111,1,1,1.0,64,30,9,000000,0.7099070833836129,10585
c_cpp,CWE-118,010000,4,3,0.75,64,30,9,000000,0.7099070833836129,10585
c_cpp,CWE-118,010001,0,0,,64,30,9,000000,0.7099070833836129,10585
c_cpp,CWE-118,010010,0,0,,64,30,9,000000,0.7099070833836129,10585
c_cpp,CWE-118,010011,0,0,,64,30,9,000000,0.7099070833836129,10585
c_cpp,CWE-118,010100,3,3,1.0,64,30,9,000000,0.7099070833836129,10585
c_cpp,CWE-118,010101,0,0,,64,30,9,000000,0.7099070833836129,10585
c_cpp,CWE-118,010110,0,0,,64,30,9,000000,0.7099070833836129,10585
c_cpp,CWE-118,010111,0,0,,64,30,9,000000,0.7099070833836129,10585
c_cpp,CWE-118,011000,82,26,0.3170731707317073,64,30,9,000000,0.7099070833836129,10585
c_cpp,CWE-118,011001,1,0,0.0,64,30,9,000000,0.7099070833836129,10585
c_cpp,CWE-118,011010,5,0,0.0,64,30,9,000000,0.7099070833836129,10585
c_cpp,CWE-118,011011,2,0,0.0,64,30,9,000000,0.7099070833836129,10585
c_cpp,CWE-118,011100,1,0,0.0,64,30,9,000000,0.7099070833836129,10585
c_cpp,CWE-118,011101,0,0,,64,30,9,000000,0.7099070833836129,10585
c_cpp,CWE-118,011110,0,0,,64,30,9,000000,0.7099070833836129,10585
c_cpp,CWE-118,011111,0,0,,64,30,9,000000,0.7099070833836129,10585
c_cpp,CWE-118,100000,2,2,1.0,64,30,9,000000,0.7099070833836129,10585
c_cpp,CWE-118,100001,1,1,1.0,64,30,9,000000,0.7099070833836129,10585
c_cpp,CWE-118,100010,0,0,,64,30,9,000000,0.7099070833836129,10585
c_cpp,CWE-118,100011,0,0,,64,30,9,000000,0.7099070833836129,10585
c_cpp,CWE-118,100100,0,0,,64,30,9,000000,0.7099070833836129,10585
c_cpp,CWE-118,100101,0,0,,64,30,9,000000,0.7099070833836129,10585
c_cpp,CWE-118,100110,0,0,,64,30,9,000000,0.7099070833836129,10585
c_cpp,CWE-118,100111,0,0,,64,30,9,000000,0.7099070833836129,10585
c_cpp,CWE-118,101000,118,33,0.2796610169491525,64,30,9,000000,0.7099070833836129,10585
c_cpp,CWE-118,101001,3,1,0.3333333333333333,64,30,9,000000,0.7099070833836129,10585
c_cpp,CWE-118,101010,39,7,0.1794871794871795,64,30,9,000000,0.7099070833836129,10585
c_cpp,CWE-118,101011,1,0,0.0,64,30,9,000000,0.7099070833836129,10585
c_cpp,CWE-118,101100,9,7,0.7777777777777778,64,30,9,000000,0.7099070833836129,10585
c_cpp,CWE-118,101101,0,0,,64,30,9,000000,0.7099070833836129,10585
c_cpp,CWE-118,101110,7,7,1.0,64,30,9,000000,0.7099070833836129,10585
c_cpp,CWE-118,101111,0,0,,64,30,9,000000,0.7099070833836129,10585
c_cpp,CWE-118,110000,0,0,,64,30,9,000000,0.7099070833836129,10585
c_cpp,CWE-118,110001,0,0,,64,30,9,000000,0.7099070833836129,10585
c_cpp,CWE-118,110010,0,0,,64,30,9,000000,0.7099070833836129,10585
c_cpp,CWE-118,110011,1,1,1.0,64,30,9,000000,0.7099070833836129,10585
c_cpp,CWE-118,110100,0,0,,64,30,9,000000,0.7099070833836129,10585
c_cpp,CWE-118,110101,0,0,,64,30,9,000000,0.7099070833836129,10585
c_cpp,CWE-118,110110,1,0,0.0,64,30,9,000000,0.7099070833836129,10585
c_cpp,CWE-118,110111,3,3,1.0,64,30,9,000000,0.7099070833836129,10585
c_cpp,CWE-118,111000,54,29,0.5370370370370371,64,30,9,000000,0.7099070833836129,10585
c_cpp,CWE-118,111001,0,0,,64,30,9,000000,0.7099070833836129,10585
c_cpp,CWE-118,111010,4,1,0.25,64,30,9,000000,0.7099070833836129,10585
c_cpp,CWE-118,111011,0,0,,64,30,9,000000,0.7099070833836129,10585
c_cpp,CWE-118,111100,1,0,0.0,64,30,9,000000,0.7099070833836129,10585
c_cpp,CWE-118,111101,0,0,,64,30,9,000000,0.7099070833836129,10585
c_cpp,CWE-118,111110,0,0,,64,30,9,000000,0.7099070833836129,10585
c_cpp,CWE-118,111111,0,0,,64,30,9,000000,0.7099070833836129,10585
c_cpp,CWE-20,000000,54787,1800,0.03285450928139887,64,60,0,000000,0.9444568946198004,1926
c_cpp,CWE-20,000001,0,0,,64,60,0,000000,0.9444568946198004,1926
c_cpp,CWE-20,000010,0,0,,64,60,0,000000,0.9444568946198004,1926
c_cpp,CWE-20,000011,0,0,,64,60,0,000000,0.9444568946198004,1926
c_cpp,CWE-20,000100,0,0,,64,60,0,000000,0.9444568946198004,1926
c_cpp,CWE-20,000101,0,0,,64,60,0,000000,0.9444568946198004,1926
c_cpp,CWE-20,000110,0,0,,64,60,0,000000,0.9444568946198004,1926
c_cpp,CWE-20,000111,0,0,,64,60,0,000000,0.9444568946198004,1926
c_cpp,CWE-20,001000,2962,112,0.03781228899392303,64,60,0,000000,0.9444568946198004,1926
c_cpp,CWE-20,001001,0,0,,64,60,0,000000,0.9444568946198004,1926
c_cpp,CWE-20,001010,0,0,,64,60,0,000000,0.9444568946198004,1926
c_cpp,CWE-20,001011,0,0,,64,60,0,000000,0.9444568946198004,1926
c_cpp,CWE-20,001100,0,0,,64,60,0,000000,0.9444568946198004,1926
c_cpp,CWE-20,001101,0,0,,64,60,0,000000,0.9444568946198004,1926
c_cpp,CWE-20,001110,0,0,,64,60,0,000000,0.9444568946198004,1926
c_cpp,CWE-20,001111,0,0,,64,60,0,000000,0.9444568946198004,1926
c_cpp,CWE-20,010000,0,0,,64,60,0,000000,0.9444568946198004,1926
c_cpp,CWE-20,010001,0,0,,64,60,0,000000,0.9444568946198004,1926
c_cpp,CWE-20,010010,0,0,,64,60,0,000000,0.9444568946198004,1926
c_cpp,CWE-20,010011,0,0,,64,60,0,000000,0.9444568946198004,1926
c_cpp,CWE-20,010100,0,0,,64,60,0,000000,0.9444568946198004,1926
c_cpp,CWE-20,010101,0,0,,64,60,0,000000,0.9444568946198004,1926
c_cpp,CWE-20,010110,0,0,,64,60,0,000000,0.9444568946198004,1926
c_cpp,CWE-20,010111,0,0,,64,60,0,000000,0.9444568946198004,1926
c_cpp,CWE-20,011000,0,0,,64,60,0,000000,0.9444568946198004,1926
c_cpp,CWE-20,011001,0,0,,64,60,0,000000,0.9444568946198004,1926
c_cpp,CWE-20,011010,0,0,,64,60,0,000000,0.9444568946198004,1926
c_cpp,CWE-20,011011,0,0,,64,60,0,000000,0.9444568946198004,1926
c_cpp,CWE-20,011100,0,0,,64,60,0,000000,0.9444568946198004,1926
c_cpp,CWE-20,011101,0,0,,64,60,0,000000,0.9444568946198004,1926
c_cpp,CWE-20,011110,0,0,,64,60,0,000000,0.9444568946198004,1926
c_cpp,CWE-20,011111,0,0,,64,60,0,000000,0.9444568946198004,1926
c_cpp,CWE-20,100000,16,1,0.0625,64,60,0,000000,0.9444568946198004,1926
c_cpp,CWE-20,100001,0,0,,64,60,0,000000,0.9444568946198004,1926
c_cpp,CWE-20,100010,0,0,,64,60,0,000000,0.9444568946198004,1926
c_cpp,CWE-20,100011,0,0,,64,60,0,000000,0.9444568946198004,1926
c_cpp,CWE-20,100100,0,0,,64,60,0,000000,0.9444568946198004,1926
c_cpp,CWE-20,100101,0,0,,64,60,0,000000,0.9444568946198004,1926
c_cpp,CWE-20,100110,0,0,,64,60,0,000000,0.9444568946198004,1926
c_cpp,CWE-20,100111,0,0,,64,60,0,000000,0.9444568946198004,1926
c_cpp,CWE-20,101000,244,13,0.05327868852459016,64,60,0,000000,0.9444568946198004,1926
c_cpp,CWE-20,101001,0,0,,64,60,0,000000,0.9444568946198004,1926
c_cpp,CWE-20,101010,0,0,,64,60,0,000000,0.9444568946198004,1926
c_cpp,CWE-20,101011,0,0,,64,60,0,000000,0.9444568946198004,1926
c_cpp,CWE-20,101100,0,0,,64,60,0,000000,0.9444568946198004,1926
c_cpp,CWE-20,101101,0,0,,64,60,0,000000,0.9444568946198004,1926
c_cpp,CWE-20,101110,0,0,,64,60,0,000000,0.9444568946198004,1926
c_cpp,CWE-20,101111,0,0,,64,60,0,000000,0.9444568946198004,1926
c_cpp,CWE-20,110000,0,0,,64,60,0,000000,0.9444568946198004,1926
c_cpp,CWE-20,110001,0,0,,64,60,0,000000,0.9444568946198004,1926
c_cpp,CWE-20,110010,0,0,,64,60,0,000000,0.9444568946198004,1926
c_cpp,CWE-20,110011,0,0,,64,60,0,000000,0.9444568946198004,1926
c_cpp,CWE-20,110100,0,0,,64,60,0,000000,0.9444568946198004,1926
c_cpp,CWE-20,110101,0,0,,64,60,0,000000,0.9444568946198004,1926
c_cpp,CWE-20,110110,0,0,,64,60,0,000000,0.9444568946198004,1926
c_cpp,CWE-20,110111,0,0,,64,60,0,000000,0.9444568946198004,1926
c_cpp,CWE-20,111000,0,0,,64,60,0,000000,0.9444568946198004,1926
c_cpp,CWE-20,111001,0,0,,64,60,0,000000,0.9444568946198004,1926
c_cpp,CWE-20,111010,0,0,,64,60,0,000000,0.9444568946198004,1926
c_cpp,CWE-20,111011,0,0,,64,60,0,000000,0.9444568946198004,1926
c_cpp,CWE-20,111100,0,0,,64,60,0,000000,0.9444568946198004,1926
c_cpp,CWE-20,111101,0,0,,64,60,0,000000,0.9444568946198004,1926
c_cpp,CWE-20,111110,0,0,,64,60,0,000000,0.9444568946198004,1926
c_cpp,CWE-20,111111,0,0,,64,60,0,000000,0.9444568946198004,1926
c_cpp,CWE-476,000000,57490,1638,0.0284919116368064,64,61,0,000000,0.9910531124480684,1683
c_cpp,CWE-476,000001,0,0,,64,61,0,000000,0.9910531124480684,1683
c_cpp,CWE-476,000010,0,0,,64,61,0,000000,0.9910531124480684,1683
c_cpp,CWE-476,000011,0,0,,64,61,0,000000,0.9910531124480684,1683
c_cpp,CWE-476,000100,117,22,0.18803418803418803,64,61,0,000000,0.9910531124480684,1683
c_cpp,CWE-476,000101,0,0,,64,61,0,000000,0.9910531124480684,1683
c_cpp,CWE-476,000110,0,0,,64,61,0,000000,0.9910531124480684,1683
c_cpp,CWE-476,000111,0,0,,64,61,0,000000,0.9910531124480684,1683
c_cpp,CWE-476,001000,0,0,,64,61,0,000000,0.9910531124480684,1683
c_cpp,CWE-476,001001,0,0,,64,61,0,000000,0.9910531124480684,1683
c_cpp,CWE-476,001010,0,0,,64,61,0,000000,0.9910531124480684,1683
c_cpp,CWE-476,001011,0,0,,64,61,0,000000,0.9910531124480684,1683
c_cpp,CWE-476,001100,0,0,,64,61,0,000000,0.9910531124480684,1683
c_cpp,CWE-476,001101,0,0,,64,61,0,000000,0.9910531124480684,1683
c_cpp,CWE-476,001110,0,0,,64,61,0,000000,0.9910531124480684,1683
c_cpp,CWE-476,001111,0,0,,64,61,0,000000,0.9910531124480684,1683
c_cpp,CWE-476,010000,402,23,0.05721393034825871,64,61,0,000000,0.9910531124480684,1683
c_cpp,CWE-476,010001,0,0,,64,61,0,000000,0.9910531124480684,1683
c_cpp,CWE-476,010010,0,0,,64,61,0,000000,0.9910531124480684,1683
c_cpp,CWE-476,010011,0,0,,64,61,0,000000,0.9910531124480684,1683
c_cpp,CWE-476,010100,0,0,,64,61,0,000000,0.9910531124480684,1683
c_cpp,CWE-476,010101,0,0,,64,61,0,000000,0.9910531124480684,1683
c_cpp,CWE-476,010110,0,0,,64,61,0,000000,0.9910531124480684,1683
c_cpp,CWE-476,010111,0,0,,64,61,0,000000,0.9910531124480684,1683
c_cpp,CWE-476,011000,0,0,,64,61,0,000000,0.9910531124480684,1683
c_cpp,CWE-476,011001,0,0,,64,61,0,000000,0.9910531124480684,1683
c_cpp,CWE-476,011010,0,0,,64,61,0,000000,0.9910531124480684,1683
c_cpp,CWE-476,011011,0,0,,64,61,0,000000,0.9910531124480684,1683
c_cpp,CWE-476,011100,0,0,,64,61,0,000000,0.9910531124480684,1683
c_cpp,CWE-476,011101,0,0,,64,61,0,000000,0.9910531124480684,1683
c_cpp,CWE-476,011110,0,0,,64,61,0,000000,0.9910531124480684,1683
c_cpp,CWE-476,011111,0,0,,64,61,0,000000,0.9910531124480684,1683
c_cpp,CWE-476,100000,0,0,,64,61,0,000000,0.9910531124480684,1683
c_cpp,CWE-476,100001,0,0,,64,61,0,000000,0.9910531124480684,1683
c_cpp,CWE-476,100010,0,0,,64,61,0,000000,0.9910531124480684,1683
c_cpp,CWE-476,100011,0,0,,64,61,0,000000,0.9910531124480684,1683
c_cpp,CWE-476,100100,0,0,,64,61,0,000000,0.9910531124480684,1683
c_cpp,CWE-476,100101,0,0,,64,61,0,000000,0.9910531124480684,1683
c_cpp,CWE-476,100110,0,0,,64,61,0,000000,0.9910531124480684,1683
c_cpp,CWE-476,100111,0,0,,64,61,0,000000,0.9910531124480684,1683
c_cpp,CWE-476,101000,0,0,,64,61,0,000000,0.9910531124480684,1683
c_cpp,CWE-476,101001,0,0,,64,61,0,000000,0.9910531124480684,1683
c_cpp,CWE-476,101010,0,0,,64,61,0,000000,0.9910531124480684,1683
c_cpp,CWE-476,101011,0,0,,64,61,0,000000,0.9910531124480684,1683
c_cpp,CWE-476,101100,0,0,,64,61,0,000000,0.9910531124480684,1683
c_cpp,CWE-476,101101,0,0,,64,61,0,000000,0.9910531124480684,1683
c_cpp,CWE-476,101110,0,0,,64,61,0,000000,0.9910531124480684,1683
c_cpp,CWE-476,101111,0,0,,64,61,0,000000,0.9910531124480684,1683
c_cpp,CWE-476,110000,0,0,,64,61,0,000000,0.9910531124480684,1683
c_cpp,CWE-476,110001,0,0,,64,61,0,000000,0.9910531124480684,1683
c_cpp,CWE-476,110010,0,0,,64,61,0,000000,0.9910531124480684,1683
c_cpp,CWE-476,110011,0,0,,64,61,0,000000,0.9910531124480684,1683
c_cpp,CWE-476,110100,0,0,,64,61,0,000000,0.9910531124480684,1683
c_cpp,CWE-476,110101,0,0,,64,61,0,000000,0.9910531124480684,1683
c_cpp,CWE-476,110110,0,0,,64,61,0,000000,0.9910531124480684,1683
c_cpp,CWE-476,110111,0,0,,64,61,0,000000,0.9910531124480684,1683
c_cpp,CWE-476,111000,0,0,,64,61,0,000000,0.9910531124480684,1683
c_cpp,CWE-476,111001,0,0,,64,61,0,000000,0.9910531124480684,1683
c_cpp,CWE-476,111010,0,0,,64,61,0,000000,0.9910531124480684,1683
c_cpp,CWE-476,111011,0,0,,64,61,0,000000,0.9910531124480684,1683
c_cpp,CWE-476,111100,0,0,,64,61,0,000000,0.9910531124480684,1683
c_cpp,CWE-476,111101,0,0,,64,61,0,000000,0.9910531124480684,1683
c_cpp,CWE-476,111110,0,0,,64,61,0,000000,0.9910531124480684,1683
c_cpp,CWE-476,111111,0,0,,64,61,0,000000,0.9910531124480684,1683
c_cpp,CWE-190,000000,56695,1312,0.023141370491224975,64,53,2,000000,0.9773483424985778,1406
c_cpp,CWE-190,000001,0,0,,64,53,2,000000,0.9773483424985778,1406
c_cpp,CWE-190,000010,0,0,,64,53,2,000000,0.9773483424985778,1406
c_cpp,CWE-190,000011,0,0,,64,53,2,000000,0.9773483424985778,1406
c_cpp,CWE-190,000100,71,20,0.28169014084507044,64,53,2,000000,0.9773483424985778,1406
c_cpp,CWE-190,000101,0,0,,64,53,2,000000,0.9773483424985778,1406
c_cpp,CWE-190,000110,0,0,,64,53,2,000000,0.9773483424985778,1406
c_cpp,CWE-190,000111,0,0,,64,53,2,000000,0.9773483424985778,1406
c_cpp,CWE-190,001000,1039,55,0.05293551491819057,64,53,2,000000,0.9773483424985778,1406
c_cpp,CWE-190,001001,0,0,,64,53,2,000000,0.9773483424985778,1406
c_cpp,CWE-190,001010,0,0,,64,53,2,000000,0.9773483424985778,1406
c_cpp,CWE-190,001011,0,0,,64,53,2,000000,0.9773483424985778,1406
c_cpp,CWE-190,001100,10,10,1.0,64,53,2,000000,0.9773483424985778,1406
c_cpp,CWE-190,001101,0,0,,64,53,2,000000,0.9773483424985778,1406
c_cpp,CWE-190,001110,0,0,,64,53,2,000000,0.9773483424985778,1406
c_cpp,CWE-190,001111,0,0,,64,53,2,000000,0.9773483424985778,1406
c_cpp,CWE-190,010000,59,5,0.0847457627118644,64,53,2,000000,0.9773483424985778,1406
c_cpp,CWE-190,010001,0,0,,64,53,2,000000,0.9773483424985778,1406
c_cpp,CWE-190,010010,0,0,,64,53,2,000000,0.9773483424985778,1406
c_cpp,CWE-190,010011,0,0,,64,53,2,000000,0.9773483424985778,1406
c_cpp,CWE-190,010100,1,1,1.0,64,53,2,000000,0.9773483424985778,1406
c_cpp,CWE-190,010101,0,0,,64,53,2,000000,0.9773483424985778,1406
c_cpp,CWE-190,010110,0,0,,64,53,2,000000,0.9773483424985778,1406
c_cpp,CWE-190,010111,0,0,,64,53,2,000000,0.9773483424985778,1406
c_cpp,CWE-190,011000,10,1,0.1,64,53,2,000000,0.9773483424985778,1406
c_cpp,CWE-190,011001,0,0,,64,53,2,000000,0.9773483424985778,1406
c_cpp,CWE-190,011010,0,0,,64,53,2,000000,0.9773483424985778,1406
c_cpp,CWE-190,011011,0,0,,64,53,2,000000,0.9773483424985778,1406
c_cpp,CWE-190,011100,0,0,,64,53,2,000000,0.9773483424985778,1406
c_cpp,CWE-190,011101,0,0,,64,53,2,000000,0.9773483424985778,1406
c_cpp,CWE-190,011110,0,0,,64,53,2,000000,0.9773483424985778,1406
c_cpp,CWE-190,011111,0,0,,64,53,2,000000,0.9773483424985778,1406
c_cpp,CWE-190,100000,68,2,0.029411764705882353,64,53,2,000000,0.9773483424985778,1406
c_cpp,CWE-190,100001,0,0,,64,53,2,000000,0.9773483424985778,1406
c_cpp,CWE-190,100010,0,0,,64,53,2,000000,0.9773483424985778,1406
c_cpp,CWE-190,100011,0,0,,64,53,2,000000,0.9773483424985778,1406
c_cpp,CWE-190,100100,2,0,0.0,64,53,2,000000,0.9773483424985778,1406
c_cpp,CWE-190,100101,0,0,,64,53,2,000000,0.9773483424985778,1406
c_cpp,CWE-190,100110,0,0,,64,53,2,000000,0.9773483424985778,1406
c_cpp,CWE-190,100111,0,0,,64,53,2,000000,0.9773483424985778,1406
c_cpp,CWE-190,101000,53,0,0.0,64,53,2,000000,0.9773483424985778,1406
c_cpp,CWE-190,101001,0,0,,64,53,2,000000,0.9773483424985778,1406
c_cpp,CWE-190,101010,0,0,,64,53,2,000000,0.9773483424985778,1406
c_cpp,CWE-190,101011,0,0,,64,53,2,000000,0.9773483424985778,1406
c_cpp,CWE-190,101100,0,0,,64,53,2,000000,0.9773483424985778,1406
c_cpp,CWE-190,101101,0,0,,64,53,2,000000,0.9773483424985778,1406
c_cpp,CWE-190,101110,0,0,,64,53,2,000000,0.9773483424985778,1406
c_cpp,CWE-190,101111,0,0,,64,53,2,000000,0.9773483424985778,1406
c_cpp,CWE-190,110000,0,0,,64,53,2,000000,0.9773483424985778,1406
c_cpp,CWE-190,110001,0,0,,64,53,2,000000,0.9773483424985778,1406
c_cpp,CWE-190,110010,0,0,,64,53,2,000000,0.9773483424985778,1406
c_cpp,CWE-190,110011,0,0,,64,53,2,000000,0.9773483424985778,1406
c_cpp,CWE-190,110100,0,0,,64,53,2,000000,0.9773483424985778,1406
c_cpp,CWE-190,110101,0,0,,64,53,2,000000,0.9773483424985778,1406
c_cpp,CWE-190,110110,0,0,,64,53,2,000000,0.9773483424985778,1406
c_cpp,CWE-190,110111,0,0,,64,53,2,000000,0.9773483424985778,1406
c_cpp,CWE-190,111000,1,0,0.0,64,53,2,000000,0.9773483424985778,1406
c_cpp,CWE-190,111001,0,0,,64,53,2,000000,0.9773483424985778,1406
c_cpp,CWE-190,111010,0,0,,64,53,2,000000,0.9773483424985778,1406
c_cpp,CWE-190,111011,0,0,,64,53,2,000000,0.9773483424985778,1406
c_cpp,CWE-190,111100,0,0,,64,53,2,000000,0.9773483424985778,1406
c_cpp,CWE-190,111101,0,0,,64,53,2,000000,0.9773483424985778,1406
c_cpp,CWE-190,111110,0,0,,64,53,2,000000,0.9773483424985778,1406
c_cpp,CWE-190,111111,0,0,,64,53,2,000000,0.9773483424985778,1406
c_cpp,CWE-668,000000,52862,1050,0.01986303961257614,64,60,0,000000,0.9112723887672602,1364
c_cpp,CWE-668,000001,0,0,,64,60,0,000000,0.9112723887672602,1364
c_cpp,CWE-668,000010,0,0,,64,60,0,000000,0.9112723887672602,1364
c_cpp,CWE-668,000011,0,0,,64,60,0,000000,0.9112723887672602,1364
c_cpp,CWE-668,000100,0,0,,64,60,0,000000,0.9112723887672602,1364
c_cpp,CWE-668,000101,0,0,,64,60,0,000000,0.9112723887672602,1364
c_cpp,CWE-668,000110,0,0,,64,60,0,000000,0.9112723887672602,1364
c_cpp,CWE-668,000111,0,0,,64,60,0,000000,0.9112723887672602,1364
c_cpp,CWE-668,001000,5100,312,0.0611764705882353,64,60,0,000000,0.9112723887672602,1364
c_cpp,CWE-668,001001,30,1,0.03333333333333333,64,60,0,000000,0.9112723887672602,1364
c_cpp,CWE-668,001010,0,0,,64,60,0,000000,0.9112723887672602,1364
c_cpp,CWE-668,001011,0,0,,64,60,0,000000,0.9112723887672602,1364
c_cpp,CWE-668,001100,0,0,,64,60,0,000000,0.9112723887672602,1364
c_cpp,CWE-668,001101,0,0,,64,60,0,000000,0.9112723887672602,1364
c_cpp,CWE-668,001110,0,0,,64,60,0,000000,0.9112723887672602,1364
c_cpp,CWE-668,001111,0,0,,64,60,0,000000,0.9112723887672602,1364
c_cpp,CWE-668,010000,0,0,,64,60,0,000000,0.9112723887672602,1364
c_cpp,CWE-668,010001,0,0,,64,60,0,000000,0.9112723887672602,1364
c_cpp,CWE-668,010010,0,0,,64,60,0,000000,0.9112723887672602,1364
c_cpp,CWE-668,010011,0,0,,64,60,0,000000,0.9112723887672602,1364
c_cpp,CWE-668,010100,0,0,,64,60,0,000000,0.9112723887672602,1364
c_cpp,CWE-668,010101,0,0,,64,60,0,000000,0.9112723887672602,1364
c_cpp,CWE-668,010110,0,0,,64,60,0,000000,0.9112723887672602,1364
c_cpp,CWE-668,010111,0,0,,64,60,0,000000,0.9112723887672602,1364
c_cpp,CWE-668,011000,0,0,,64,60,0,000000,0.9112723887672602,1364
c_cpp,CWE-668,011001,0,0,,64,60,0,000000,0.9112723887672602,1364
c_cpp,CWE-668,011010,0,0,,64,60,0,000000,0.9112723887672602,1364
c_cpp,CWE-668,011011,0,0,,64,60,0,000000,0.9112723887672602,1364
c_cpp,CWE-668,011100,0,0,,64,60,0,000000,0.9112723887672602,1364
c_cpp,CWE-668,011101,0,0,,64,60,0,000000,0.9112723887672602,1364
c_cpp,CWE-668,011110,0,0,,64,60,0,000000,0.9112723887672602,1364
c_cpp,CWE-668,011111,0,0,,64,60,0,000000,0.9112723887672602,1364
c_cpp,CWE-668,100000,0,0,,64,60,0,000000,0.9112723887672602,1364
c_cpp,CWE-668,100001,0,0,,64,60,0,000000,0.9112723887672602,1364
c_cpp,CWE-668,100010,0,0,,64,60,0,000000,0.9112723887672602,1364
c_cpp,CWE-668,100011,0,0,,64,60,0,000000,0.9112723887672602,1364
c_cpp,CWE-668,100100,0,0,,64,60,0,000000,0.9112723887672602,1364
c_cpp,CWE-668,100101,0,0,,64,60,0,000000,0.9112723887672602,1364
c_cpp,CWE-668,100110,0,0,,64,60,0,000000,0.9112723887672602,1364
c_cpp,CWE-668,100111,0,0,,64,60,0,000000,0.9112723887672602,1364
c_cpp,CWE-668,101000,17,1,0.058823529411764705,64,60,0,000000,0.9112723887672602,1364
c_cpp,CWE-668,101001,0,0,,64,60,0,000000,0.9112723887672602,1364
c_cpp,CWE-668,101010,0,0,,64,60,0,000000,0.9112723887672602,1364
c_cpp,CWE-668,101011,0,0,,64,60,0,000000,0.9112723887672602,1364
c_cpp,CWE-668,101100,0,0,,64,60,0,000000,0.9112723887672602,1364
c_cpp,CWE-668,101101,0,0,,64,60,0,000000,0.9112723887672602,1364
c_cpp,CWE-668,101110,0,0,,64,60,0,000000,0.9112723887672602,1364
c_cpp,CWE-668,101111,0,0,,64,60,0,000000,0.9112723887672602,1364
c_cpp,CWE-668,110000,0,0,,64,60,0,000000,0.9112723887672602,1364
c_cpp,CWE-668,110001,0,0,,64,60,0,000000,0.9112723887672602,1364
c_cpp,CWE-668,110010,0,0,,64,60,0,000000,0.9112723887672602,1364
c_cpp,CWE-668,110011,0,0,,64,60,0,000000,0.9112723887672602,1364
c_cpp,CWE-668,110100,0,0,,64,60,0,000000,0.9112723887672602,1364
c_cpp,CWE-668,110101,0,0,,64,60,0,000000,0.9112723887672602,1364
c_cpp,CWE-668,110110,0,0,,64,60,0,000000,0.9112723887672602,1364
c_cpp,CWE-668,110111,0,0,,64,60,0,000000,0.9112723887672602,1364
c_cpp,CWE-668,111000,0,0,,64,60,0,000000,0.9112723887672602,1364
c_cpp,CWE-668,111001,0,0,,64,60,0,000000,0.9112723887672602,1364
c_cpp,CWE-668,111010,0,0,,64,60,0,000000,0.9112723887672602,1364
c_cpp,CWE-668,111011,0,0,,64,60,0,000000,0.9112723887672602,1364
c_cpp,CWE-668,111100,0,0,,64,60,0,000000,0.9112723887672602,1364
c_cpp,CWE-668,111101,0,0,,64,60,0,000000,0.9112723887672602,1364
c_cpp,CWE-668,111110,0,0,,64,60,0,000000,0.9112723887672602,1364
c_cpp,CWE-668,111111,0,0,,64,60,0,000000,0.9112723887672602,1364
c_cpp,CWE-404,000000,57728,1225,0.02122020509977827,64,57,1,000000,0.995155924080746,1227
c_cpp,CWE-404,000001,0,0,,64,57,1,000000,0.995155924080746,1227
c_cpp,CWE-404,000010,0,0,,64,57,1,000000,0.995155924080746,1227
c_cpp,CWE-404,000011,0,0,,64,57,1,000000,0.995155924080746,1227
c_cpp,CWE-404,000100,19,0,0.0,64,57,1,000000,0.995155924080746,1227
c_cpp,CWE-404,000101,0,0,,64,57,1,000000,0.995155924080746,1227
c_cpp,CWE-404,000110,0,0,,64,57,1,000000,0.995155924080746,1227
c_cpp,CWE-404,000111,0,0,,64,57,1,000000,0.995155924080746,1227
c_cpp,CWE-404,001000,0,0,,64,57,1,000000,0.995155924080746,1227
c_cpp,CWE-404,001001,0,0,,64,57,1,000000,0.995155924080746,1227
c_cpp,CWE-404,001010,0,0,,64,57,1,000000,0.995155924080746,1227
c_cpp,CWE-404,001011,0,0,,64,57,1,000000,0.995155924080746,1227
c_cpp,CWE-404,001100,0,0,,64,57,1,000000,0.995155924080746,1227
c_cpp,CWE-404,001101,0,0,,64,57,1,000000,0.995155924080746,1227
c_cpp,CWE-404,001110,0,0,,64,57,1,000000,0.995155924080746,1227
c_cpp,CWE-404,001111,0,0,,64,57,1,000000,0.995155924080746,1227
c_cpp,CWE-404,010000,171,1,0.005847953216374269,64,57,1,000000,0.995155924080746,1227
c_cpp,CWE-404,010001,0,0,,64,57,1,000000,0.995155924080746,1227
c_cpp,CWE-404,010010,0,0,,64,57,1,000000,0.995155924080746,1227
c_cpp,CWE-404,010011,0,0,,64,57,1,000000,0.995155924080746,1227
c_cpp,CWE-404,010100,1,0,0.0,64,57,1,000000,0.995155924080746,1227
c_cpp,CWE-404,010101,0,0,,64,57,1,000000,0.995155924080746,1227
c_cpp,CWE-404,010110,0,0,,64,57,1,000000,0.995155924080746,1227
c_cpp,CWE-404,010111,0,0,,64,57,1,000000,0.995155924080746,1227
c_cpp,CWE-404,011000,0,0,,64,57,1,000000,0.995155924080746,1227
c_cpp,CWE-404,011001,0,0,,64,57,1,000000,0.995155924080746,1227
c_cpp,CWE-404,011010,0,0,,64,57,1,000000,0.995155924080746,1227
c_cpp,CWE-404,011011,0,0,,64,57,1,000000,0.995155924080746,1227
c_cpp,CWE-404,011100,0,0,,64,57,1,000000,0.995155924080746,1227
c_cpp,CWE-404,011101,0,0,,64,57,1,000000,0.995155924080746,1227
c_cpp,CWE-404,011110,0,0,,64,57,1,000000,0.995155924080746,1227
c_cpp,CWE-404,011111,0,0,,64,57,1,000000,0.995155924080746,1227
c_cpp,CWE-404,100000,44,1,0.022727272727272728,64,57,1,000000,0.995155924080746,1227
c_cpp,CWE-404,100001,0,0,,64,57,1,000000,0.995155924080746,1227
c_cpp,CWE-404,100010,0,0,,64,57,1,000000,0.995155924080746,1227
c_cpp,CWE-404,100011,0,0,,64,57,1,000000,0.995155924080746,1227
c_cpp,CWE-404,100100,0,0,,64,57,1,000000,0.995155924080746,1227
c_cpp,CWE-404,100101,0,0,,64,57,1,000000,0.995155924080746,1227
c_cpp,CWE-404,100110,0,0,,64,57,1,000000,0.995155924080746,1227
c_cpp,CWE-404,100111,0,0,,64,57,1,000000,0.995155924080746,1227
c_cpp,CWE-404,101000,0,0,,64,57,1,000000,0.995155924080746,1227
c_cpp,CWE-404,101001,0,0,,64,57,1,000000,0.995155924080746,1227
c_cpp,CWE-404,101010,0,0,,64,57,1,000000,0.995155924080746,1227
c_cpp,CWE-404,101011,0,0,,64,57,1,000000,0.995155924080746,1227
c_cpp,CWE-404,101100,0,0,,64,57,1,000000,0.995155924080746,1227
c_cpp,CWE-404,101101,0,0,,64,57,1,000000,0.995155924080746,1227
c_cpp,CWE-404,101110,0,0,,64,57,1,000000,0.995155924080746,1227
c_cpp,CWE-404,101111,0,0,,64,57,1,000000,0.995155924080746,1227
c_cpp,CWE-404,110000,44,0,0.0,64,57,1,000000,0.995155924080746,1227
c_cpp,CWE-404,110001,0,0,,64,57,1,000000,0.995155924080746,1227
c_cpp,CWE-404,110010,0,0,,64,57,1,000000,0.995155924080746,1227
c_cpp,CWE-404,110011,0,0,,64,57,1,000000,0.995155924080746,1227
c_cpp,CWE-404,110100,2,0,0.0,64,57,1,000000,0.995155924080746,1227
c_cpp,CWE-404,110101,0,0,,64,57,1,000000,0.995155924080746,1227
c_cpp,CWE-404,110110,0,0,,64,57,1,000000,0.995155924080746,1227
c_cpp,CWE-404,110111,0,0,,64,57,1,000000,0.995155924080746,1227
c_cpp,CWE-404,111000,0,0,,64,57,1,000000,0.995155924080746,1227
c_cpp,CWE-404,111001,0,0,,64,57,1,000000,0.995155924080746,1227
c_cpp,CWE-404,111010,0,0,,64,57,1,000000,0.995155924080746,1227
c_cpp,CWE-404,111011,0,0,,64,57,1,000000,0.995155924080746,1227
c_cpp,CWE-404,111100,0,0,,64,57,1,000000,0.995155924080746,1227
c_cpp,CWE-404,111101,0,0,,64,57,1,000000,0.995155924080746,1227
c_cpp,CWE-404,111110,0,0,,64,57,1,000000,0.995155924080746,1227
c_cpp,CWE-404,111111,0,0,,64,57,1,000000,0.995155924080746,1227
c_cpp,CWE-74,000000,57294,705,0.012304953398261598,64,60,0,000000,0.987674326397628,938
c_cpp,CWE-74,000001,0,0,,64,60,0,000000,0.987674326397628,938
c_cpp,CWE-74,000010,56,0,0.0,64,60,0,000000,0.987674326397628,938
c_cpp,CWE-74,000011,0,0,,64,60,0,000000,0.987674326397628,938
c_cpp,CWE-74,000100,0,0,,64,60,0,000000,0.987674326397628,938
c_cpp,CWE-74,000101,0,0,,64,60,0,000000,0.987674326397628,938
c_cpp,CWE-74,000110,0,0,,64,60,0,000000,0.987674326397628,938
c_cpp,CWE-74,000111,0,0,,64,60,0,000000,0.987674326397628,938
c_cpp,CWE-74,001000,648,233,0.3595679012345679,64,60,0,000000,0.987674326397628,938
c_cpp,CWE-74,001001,0,0,,64,60,0,000000,0.987674326397628,938
c_cpp,CWE-74,001010,11,0,0.0,64,60,0,000000,0.987674326397628,938
c_cpp,CWE-74,001011,0,0,,64,60,0,000000,0.987674326397628,938
c_cpp,CWE-74,001100,0,0,,64,60,0,000000,0.987674326397628,938
c_cpp,CWE-74,001101,0,0,,64,60,0,000000,0.987674326397628,938
c_cpp,CWE-74,001110,0,0,,64,60,0,000000,0.987674326397628,938
c_cpp,CWE-74,001111,0,0,,64,60,0,000000,0.987674326397628,938
c_cpp,CWE-74,010000,0,0,,64,60,0,000000,0.987674326397628,938
c_cpp,CWE-74,010001,0,0,,64,60,0,000000,0.987674326397628,938
c_cpp,CWE-74,010010,0,0,,64,60,0,000000,0.987674326397628,938
c_cpp,CWE-74,010011,0,0,,64,60,0,000000,0.987674326397628,938
c_cpp,CWE-74,010100,0,0,,64,60,0,000000,0.987674326397628,938
c_cpp,CWE-74,010101,0,0,,64,60,0,000000,0.987674326397628,938
c_cpp,CWE-74,010110,0,0,,64,60,0,000000,0.987674326397628,938
c_cpp,CWE-74,010111,0,0,,64,60,0,000000,0.987674326397628,938
c_cpp,CWE-74,011000,0,0,,64,60,0,000000,0.987674326397628,938
c_cpp,CWE-74,011001,0,0,,64,60,0,000000,0.987674326397628,938
c_cpp,CWE-74,011010,0,0,,64,60,0,000000,0.987674326397628,938
c_cpp,CWE-74,011011,0,0,,64,60,0,000000,0.987674326397628,938
c_cpp,CWE-74,011100,0,0,,64,60,0,000000,0.987674326397628,938
c_cpp,CWE-74,011101,0,0,,64,60,0,000000,0.987674326397628,938
c_cpp,CWE-74,011110,0,0,,64,60,0,000000,0.987674326397628,938
c_cpp,CWE-74,011111,0,0,,64,60,0,000000,0.987674326397628,938
c_cpp,CWE-74,100000,0,0,,64,60,0,000000,0.987674326397628,938
c_cpp,CWE-74,100001,0,0,,64,60,0,000000,0.987674326397628,938
c_cpp,CWE-74,100010,0,0,,64,60,0,000000,0.987674326397628,938
c_cpp,CWE-74,100011,0,0,,64,60,0,000000,0.987674326397628,938
c_cpp,CWE-74,100100,0,0,,64,60,0,000000,0.987674326397628,938
c_cpp,CWE-74,100101,0,0,,64,60,0,000000,0.987674326397628,938
c_cpp,CWE-74,100110,0,0,,64,60,0,000000,0.987674326397628,938
c_cpp,CWE-74,100111,0,0,,64,60,0,000000,0.987674326397628,938
c_cpp,CWE-74,101000,0,0,,64,60,0,000000,0.987674326397628,938
c_cpp,CWE-74,101001,0,0,,64,60,0,000000,0.987674326397628,938
c_cpp,CWE-74,101010,0,0,,64,60,0,000000,0.987674326397628,938
c_cpp,CWE-74,101011,0,0,,64,60,0,000000,0.987674326397628,938
c_cpp,CWE-74,101100,0,0,,64,60,0,000000,0.987674326397628,938
c_cpp,CWE-74,101101,0,0,,64,60,0,000000,0.987674326397628,938
c_cpp,CWE-74,101110,0,0,,64,60,0,000000,0.987674326397628,938
c_cpp,CWE-74,101111,0,0,,64,60,0,000000,0.987674326397628,938
c_cpp,CWE-74,110000,0,0,,64,60,0,000000,0.987674326397628,938
c_cpp,CWE-74,110001,0,0,,64,60,0,000000,0.987674326397628,938
c_cpp,CWE-74,110010,0,0,,64,60,0,000000,0.987674326397628,938
c_cpp,CWE-74,110011,0,0,,64,60,0,000000,0.987674326397628,938
c_cpp,CWE-74,110100,0,0,,64,60,0,000000,0.987674326397628,938
c_cpp,CWE-74,110101,0,0,,64,60,0,000000,0.987674326397628,938
c_cpp,CWE-74,110110,0,0,,64,60,0,000000,0.987674326397628,938
c_cpp,CWE-74,110111,0,0,,64,60,0,000000,0.987674326397628,938
c_cpp,CWE-74,111000,0,0,,64,60,0,000000,0.987674326397628,938
c_cpp,CWE-74,111001,0,0,,64,60,0,000000,0.987674326397628,938
c_cpp,CWE-74,111010,0,0,,64,60,0,000000,0.987674326397628,938
c_cpp,CWE-74,111011,0,0,,64,60,0,000000,0.987674326397628,938
c_cpp,CWE-74,111100,0,0,,64,60,0,000000,0.987674326397628,938
c_cpp,CWE-74,111101,0,0,,64,60,0,000000,0.987674326397628,938
c_cpp,CWE-74,111110,0,0,,64,60,0,000000,0.987674326397628,938
c_cpp,CWE-74,111111,0,0,,64,60,0,000000,0.987674326397628,938
c_cpp,CWE-706,000000,57980,806,0.01390134529147982,64,61,0,000000,0.9995000775741695,807
c_cpp,CWE-706,000001,0,0,,64,61,0,000000,0.9995000775741695,807
c_cpp,CWE-706,000010,0,0,,64,61,0,000000,0.9995000775741695,807
c_cpp,CWE-706,000011,0,0,,64,61,0,000000,0.9995000775741695,807
c_cpp,CWE-706,000100,0,0,,64,61,0,000000,0.9995000775741695,807
c_cpp,CWE-706,000101,0,0,,64,61,0,000000,0.9995000775741695,807
c_cpp,CWE-706,000110,0,0,,64,61,0,000000,0.9995000775741695,807
c_cpp,CWE-706,000111,0,0,,64,61,0,000000,0.9995000775741695,807
c_cpp,CWE-706,001000,27,1,0.037037037037037035,64,61,0,000000,0.9995000775741695,807
c_cpp,CWE-706,001001,0,0,,64,61,0,000000,0.9995000775741695,807
c_cpp,CWE-706,001010,0,0,,64,61,0,000000,0.9995000775741695,807
c_cpp,CWE-706,001011,0,0,,64,61,0,000000,0.9995000775741695,807
c_cpp,CWE-706,001100,0,0,,64,61,0,000000,0.9995000775741695,807
c_cpp,CWE-706,001101,0,0,,64,61,0,000000,0.9995000775741695,807
c_cpp,CWE-706,001110,0,0,,64,61,0,000000,0.9995000775741695,807
c_cpp,CWE-706,001111,0,0,,64,61,0,000000,0.9995000775741695,807
c_cpp,CWE-706,010000,0,0,,64,61,0,000000,0.9995000775741695,807
c_cpp,CWE-706,010001,0,0,,64,61,0,000000,0.9995000775741695,807
c_cpp,CWE-706,010010,0,0,,64,61,0,000000,0.9995000775741695,807
c_cpp,CWE-706,010011,0,0,,64,61,0,000000,0.9995000775741695,807
c_cpp,CWE-706,010100,0,0,,64,61,0,000000,0.9995000775741695,807
c_cpp,CWE-706,010101,0,0,,64,61,0,000000,0.9995000775741695,807
c_cpp,CWE-706,010110,0,0,,64,61,0,000000,0.9995000775741695,807
c_cpp,CWE-706,010111,0,0,,64,61,0,000000,0.9995000775741695,807
c_cpp,CWE-706,011000,0,0,,64,61,0,000000,0.9995000775741695,807
c_cpp,CWE-706,011001,0,0,,64,61,0,000000,0.9995000775741695,807
c_cpp,CWE-706,011010,0,0,,64,61,0,000000,0.9995000775741695,807
c_cpp,CWE-706,011011,0,0,,64,61,0,000000,0.9995000775741695,807
c_cpp,CWE-706,011100,0,0,,64,61,0,000000,0.9995000775741695,807
c_cpp,CWE-706,011101,0,0,,64,61,0,000000,0.9995000775741695,807
c_cpp,CWE-706,011110,0,0,,64,61,0,000000,0.9995000775741695,807
c_cpp,CWE-706,011111,0,0,,64,61,0,000000,0.9995000775741695,807
c_cpp,CWE-706,100000,2,0,0.0,64,61,0,000000,0.9995000775741695,807
c_cpp,CWE-706,100001,0,0,,64,61,0,000000,0.9995000775741695,807
c_cpp,CWE-706,100010,0,0,,64,61,0,000000,0.9995000775741695,807
c_cpp,CWE-706,100011,0,0,,64,61,0,000000,0.9995000775741695,807
c_cpp,CWE-706,100100,0,0,,64,61,0,000000,0.9995000775741695,807
c_cpp,CWE-706,100101,0,0,,64,61,0,000000,0.9995000775741695,807
c_cpp,CWE-706,100110,0,0,,64,61,0,000000,0.9995000775741695,807
c_cpp,CWE-706,100111,0,0,,64,61,0,000000,0.9995000775741695,807
c_cpp,CWE-706,101000,0,0,,64,61,0,000000,0.9995000775741695,807
c_cpp,CWE-706,101001,0,0,,64,61,0,000000,0.9995000775741695,807
c_cpp,CWE-706,101010,0,0,,64,61,0,000000,0.9995000775741695,807
c_cpp,CWE-706,101011,0,0,,64,61,0,000000,0.9995000775741695,807
c_cpp,CWE-706,101100,0,0,,64,61,0,000000,0.9995000775741695,807
c_cpp,CWE-706,101101,0,0,,64,61,0,000000,0.9995000775741695,807
c_cpp,CWE-706,101110,0,0,,64,61,0,000000,0.9995000775741695,807
c_cpp,CWE-706,101111,0,0,,64,61,0,000000,0.9995000775741695,807
c_cpp,CWE-706,110000,0,0,,64,61,0,000000,0.9995000775741695,807
c_cpp,CWE-706,110001,0,0,,64,61,0,000000,0.9995000775741695,807
c_cpp,CWE-706,110010,0,0,,64,61,0,000000,0.9995000775741695,807
c_cpp,CWE-706,110011,0,0,,64,61,0,000000,0.9995000775741695,807
c_cpp,CWE-706,110100,0,0,,64,61,0,000000,0.9995000775741695,807
c_cpp,CWE-706,110101,0,0,,64,61,0,000000,0.9995000775741695,807
c_cpp,CWE-706,110110,0,0,,64,61,0,000000,0.9995000775741695,807
c_cpp,CWE-706,110111,0,0,,64,61,0,000000,0.9995000775741695,807
c_cpp,CWE-706,111000,0,0,,64,61,0,000000,0.9995000775741695,807
c_cpp,CWE-706,111001,0,0,,64,61,0,000000,0.9995000775741695,807
c_cpp,CWE-706,111010,0,0,,64,61,0,000000,0.9995000775741695,807
c_cpp,CWE-706,111011,0,0,,64,61,0,000000,0.9995000775741695,807
c_cpp,CWE-706,111100,0,0,,64,61,0,000000,0.9995000775741695,807
c_cpp,CWE-706,111101,0,0,,64,61,0,000000,0.9995000775741695,807
c_cpp,CWE-706,111110,0,0,,64,61,0,000000,0.9995000775741695,807
c_cpp,CWE-706,111111,0,0,,64,61,0,000000,0.9995000775741695,807
c_cpp,CWE-662,000000,55990,779,0.01391319878549741,64,60,0,000000,0.9651950559395955,795
c_cpp,CWE-662,000001,0,0,,64,60,0,000000,0.9651950559395955,795
c_cpp,CWE-662,000010,0,0,,64,60,0,000000,0.9651950559395955,795
c_cpp,CWE-662,000011,0,0,,64,60,0,000000,0.9651950559395955,795
c_cpp,CWE-662,000100,0,0,,64,60,0,000000,0.9651950559395955,795
c_cpp,CWE-662,000101,0,0,,64,60,0,000000,0.9651950559395955,795
c_cpp,CWE-662,000110,0,0,,64,60,0,000000,0.9651950559395955,795
c_cpp,CWE-662,000111,0,0,,64,60,0,000000,0.9651950559395955,795
c_cpp,CWE-662,001000,1962,14,0.007135575942915392,64,60,0,000000,0.9651950559395955,795
c_cpp,CWE-662,001001,0,0,,64,60,0,000000,0.9651950559395955,795
c_cpp,CWE-662,001010,0,0,,64,60,0,000000,0.9651950559395955,795
c_cpp,CWE-662,001011,0,0,,64,60,0,000000,0.9651950559395955,795
c_cpp,CWE-662,001100,0,0,,64,60,0,000000,0.9651950559395955,795
c_cpp,CWE-662,001101,0,0,,64,60,0,000000,0.9651950559395955,795
c_cpp,CWE-662,001110,0,0,,64,60,0,000000,0.9651950559395955,795
c_cpp,CWE-662,001111,0,0,,64,60,0,000000,0.9651950559395955,795
c_cpp,CWE-662,010000,0,0,,64,60,0,000000,0.9651950559395955,795
c_cpp,CWE-662,010001,0,0,,64,60,0,000000,0.9651950559395955,795
c_cpp,CWE-662,010010,0,0,,64,60,0,000000,0.9651950559395955,795
c_cpp,CWE-662,010011,0,0,,64,60,0,000000,0.9651950559395955,795
c_cpp,CWE-662,010100,0,0,,64,60,0,000000,0.9651950559395955,795
c_cpp,CWE-662,010101,0,0,,64,60,0,000000,0.9651950559395955,795
c_cpp,CWE-662,010110,0,0,,64,60,0,000000,0.9651950559395955,795
c_cpp,CWE-662,010111,0,0,,64,60,0,000000,0.9651950559395955,795
c_cpp,CWE-662,011000,0,0,,64,60,0,000000,0.9651950559395955,795
c_cpp,CWE-662,011001,0,0,,64,60,0,000000,0.9651950559395955,795
c_cpp,CWE-662,011010,0,0,,64,60,0,000000,0.9651950559395955,795
c_cpp,CWE-662,011011,0,0,,64,60,0,000000,0.9651950559395955,795
c_cpp,CWE-662,011100,0,0,,64,60,0,000000,0.9651950559395955,795
c_cpp,CWE-662,011101,0,0,,64,60,0,000000,0.9651950559395955,795
c_cpp,CWE-662,011110,0,0,,64,60,0,000000,0.9651950559395955,795
c_cpp,CWE-662,011111,0,0,,64,60,0,000000,0.9651950559395955,795
c_cpp,CWE-662,100000,6,0,0.0,64,60,0,000000,0.9651950559395955,795
c_cpp,CWE-662,100001,0,0,,64,60,0,000000,0.9651950559395955,795
c_cpp,CWE-662,100010,0,0,,64,60,0,000000,0.9651950559395955,795
c_cpp,CWE-662,100011,0,0,,64,60,0,000000,0.9651950559395955,795
c_cpp,CWE-662,100100,0,0,,64,60,0,000000,0.9651950559395955,795
c_cpp,CWE-662,100101,0,0,,64,60,0,000000,0.9651950559395955,795
c_cpp,CWE-662,100110,0,0,,64,60,0,000000,0.9651950559395955,795
c_cpp,CWE-662,100111,0,0,,64,60,0,000000,0.9651950559395955,795
c_cpp,CWE-662,101000,51,2,0.0392156862745098,64,60,0,000000,0.9651950559395955,795
c_cpp,CWE-662,101001,0,0,,64,60,0,000000,0.9651950559395955,795
c_cpp,CWE-662,101010,0,0,,64,60,0,000000,0.9651950559395955,795
c_cpp,CWE-662,101011,0,0,,64,60,0,000000,0.9651950559395955,795
c_cpp,CWE-662,101100,0,0,,64,60,0,000000,0.9651950559395955,795
c_cpp,CWE-662,101101,0,0,,64,60,0,000000,0.9651950559395955,795
c_cpp,CWE-662,101110,0,0,,64,60,0,000000,0.9651950559395955,795
c_cpp,CWE-662,101111,0,0,,64,60,0,000000,0.9651950559395955,795
c_cpp,CWE-662,110000,0,0,,64,60,0,000000,0.9651950559395955,795
c_cpp,CWE-662,110001,0,0,,64,60,0,000000,0.9651950559395955,795
c_cpp,CWE-662,110010,0,0,,64,60,0,000000,0.9651950559395955,795
c_cpp,CWE-662,110011,0,0,,64,60,0,000000,0.9651950559395955,795
c_cpp,CWE-662,110100,0,0,,64,60,0,000000,0.9651950559395955,795
c_cpp,CWE-662,110101,0,0,,64,60,0,000000,0.9651950559395955,795
c_cpp,CWE-662,110110,0,0,,64,60,0,000000,0.9651950559395955,795
c_cpp,CWE-662,110111,0,0,,64,60,0,000000,0.9651950559395955,795
c_cpp,CWE-662,111000,0,0,,64,60,0,000000,0.9651950559395955,795
c_cpp,CWE-662,111001,0,0,,64,60,0,000000,0.9651950559395955,795
c_cpp,CWE-662,111010,0,0,,64,60,0,000000,0.9651950559395955,795
c_cpp,CWE-662,111011,0,0,,64,60,0,000000,0.9651950559395955,795
c_cpp,CWE-662,111100,0,0,,64,60,0,000000,0.9651950559395955,795
c_cpp,CWE-662,111101,0,0,,64,60,0,000000,0.9651950559395955,795
c_cpp,CWE-662,111110,0,0,,64,60,0,000000,0.9651950559395955,795
c_cpp,CWE-662,111111,0,0,,64,60,0,000000,0.9651950559395955,795
c_cpp,CWE-400,000000,57973,578,0.00997015852207062,64,60,1,000000,0.9993794066437967,578
c_cpp,CWE-400,000001,0,0,,64,60,1,000000,0.9993794066437967,578
c_cpp,CWE-400,000010,0,0,,64,60,1,000000,0.9993794066437967,578
c_cpp,CWE-400,000011,0,0,,64,60,1,000000,0.9993794066437967,578
c_cpp,CWE-400,000100,0,0,,64,60,1,000000,0.9993794066437967,578
c_cpp,CWE-400,000101,0,0,,64,60,1,000000,0.9993794066437967,578
c_cpp,CWE-400,000110,0,0,,64,60,1,000000,0.9993794066437967,578
c_cpp,CWE-400,000111,0,0,,64,60,1,000000,0.9993794066437967,578
c_cpp,CWE-400,001000,16,0,0.0,64,60,1,000000,0.9993794066437967,578
c_cpp,CWE-400,001001,0,0,,64,60,1,000000,0.9993794066437967,578
c_cpp,CWE-400,001010,0,0,,64,60,1,000000,0.9993794066437967,578
c_cpp,CWE-400,001011,0,0,,64,60,1,000000,0.9993794066437967,578
c_cpp,CWE-400,001100,0,0,,64,60,1,000000,0.9993794066437967,578
c_cpp,CWE-400,001101,0,0,,64,60,1,000000,0.9993794066437967,578
c_cpp,CWE-400,001110,0,0,,64,60,1,000000,0.9993794066437967,578
c_cpp,CWE-400,001111,0,0,,64,60,1,000000,0.9993794066437967,578
c_cpp,CWE-400,010000,1,0,0.0,64,60,1,000000,0.9993794066437967,578
c_cpp,CWE-400,010001,0,0,,64,60,1,000000,0.9993794066437967,578
c_cpp,CWE-400,010010,0,0,,64,60,1,000000,0.9993794066437967,578
c_cpp,CWE-400,010011,0,0,,64,60,1,000000,0.9993794066437967,578
c_cpp,CWE-400,010100,0,0,,64,60,1,000000,0.9993794066437967,578
c_cpp,CWE-400,010101,0,0,,64,60,1,000000,0.9993794066437967,578
c_cpp,CWE-400,010110,0,0,,64,60,1,000000,0.9993794066437967,578
c_cpp,CWE-400,010111,0,0,,64,60,1,000000,0.9993794066437967,578
c_cpp,CWE-400,011000,0,0,,64,60,1,000000,0.9993794066437967,578
c_cpp,CWE-400,011001,0,0,,64,60,1,000000,0.9993794066437967,578
c_cpp,CWE-400,011010,0,0,,64,60,1,000000,0.9993794066437967,578
c_cpp,CWE-400,011011,0,0,,64,60,1,000000,0.9993794066437967,578
c_cpp,CWE-400,011100,0,0,,64,60,1,000000,0.9993794066437967,578
c_cpp,CWE-400,011101,0,0,,64,60,1,000000,0.9993794066437967,578
c_cpp,CWE-400,011110,0,0,,64,60,1,000000,0.9993794066437967,578
c_cpp,CWE-400,011111,0,0,,64,60,1,000000,0.9993794066437967,578
c_cpp,CWE-400,100000,19,0,0.0,64,60,1,000000,0.9993794066437967,578
c_cpp,CWE-400,100001,0,0,,64,60,1,000000,0.9993794066437967,578
c_cpp,CWE-400,100010,0,0,,64,60,1,000000,0.9993794066437967,578
c_cpp,CWE-400,100011,0,0,,64,60,1,000000,0.9993794066437967,578
c_cpp,CWE-400,100100,0,0,,64,60,1,000000,0.9993794066437967,578
c_cpp,CWE-400,100101,0,0,,64,60,1,000000,0.9993794066437967,578
c_cpp,CWE-400,100110,0,0,,64,60,1,000000,0.9993794066437967,578
c_cpp,CWE-400,100111,0,0,,64,60,1,000000,0.9993794066437967,578
c_cpp,CWE-400,101000,0,0,,64,60,1,000000,0.9993794066437967,578
c_cpp,CWE-400,101001,0,0,,64,60,1,000000,0.9993794066437967,578
c_cpp,CWE-400,101010,0,0,,64,60,1,000000,0.9993794066437967,578
c_cpp,CWE-400,101011,0,0,,64,60,1,000000,0.9993794066437967,578
c_cpp,CWE-400,101100,0,0,,64,60,1,000000,0.9993794066437967,578
c_cpp,CWE-400,101101,0,0,,64,60,1,000000,0.9993794066437967,578
c_cpp,CWE-400,101110,0,0,,64,60,1,000000,0.9993794066437967,578
c_cpp,CWE-400,101111,0,0,,64,60,1,000000,0.9993794066437967,578
c_cpp,CWE-400,110000,0,0,,64,60,1,000000,0.9993794066437967,578
c_cpp,CWE-400,110001,0,0,,64,60,1,000000,0.9993794066437967,578
c_cpp,CWE-400,110010,0,0,,64,60,1,000000,0.9993794066437967,578
c_cpp,CWE-400,110011,0,0,,64,60,1,000000,0.9993794066437967,578
c_cpp,CWE-400,110100,0,0,,64,60,1,000000,0.9993794066437967,578
c_cpp,CWE-400,110101,0,0,,64,60,1,000000,0.9993794066437967,578
c_cpp,CWE-400,110110,0,0,,64,60,1,000000,0.9993794066437967,578
c_cpp,CWE-400,110111,0,0,,64,60,1,000000,0.9993794066437967,578
c_cpp,CWE-400,111000,0,0,,64,60,1,000000,0.9993794066437967,578
c_cpp,CWE-400,111001,0,0,,64,60,1,000000,0.9993794066437967,578
c_cpp,CWE-400,111010,0,0,,64,60,1,000000,0.9993794066437967,578
c_cpp,CWE-400,111011,0,0,,64,60,1,000000,0.9993794066437967,578
c_cpp,CWE-400,111100,0,0,,64,60,1,000000,0.9993794066437967,578
c_cpp,CWE-400,111101,0,0,,64,60,1,000000,0.9993794066437967,578
c_cpp,CWE-400,111110,0,0,,64,60,1,000000,0.9993794066437967,578
c_cpp,CWE-400,111111,0,0,,64,60,1,000000,0.9993794066437967,578
c_cpp,CWE-704,000000,57902,439,0.0075817761044523506,64,61,0,000000,0.998155458635729,440
c_cpp,CWE-704,000001,0,0,,64,61,0,000000,0.998155458635729,440
c_cpp,CWE-704,000010,0,0,,64,61,0,000000,0.998155458635729,440
c_cpp,CWE-704,000011,0,0,,64,61,0,000000,0.998155458635729,440
c_cpp,CWE-704,000100,0,0,,64,61,0,000000,0.998155458635729,440
c_cpp,CWE-704,000101,0,0,,64,61,0,000000,0.998155458635729,440
c_cpp,CWE-704,000110,0,0,,64,61,0,000000,0.998155458635729,440
c_cpp,CWE-704,000111,0,0,,64,61,0,000000,0.998155458635729,440
c_cpp,CWE-704,001000,0,0,,64,61,0,000000,0.998155458635729,440
c_cpp,CWE-704,001001,0,0,,64,61,0,000000,0.998155458635729,440
c_cpp,CWE-704,001010,0,0,,64,61,0,000000,0.998155458635729,440
c_cpp,CWE-704,001011,0,0,,64,61,0,000000,0.998155458635729,440
c_cpp,CWE-704,001100,0,0,,64,61,0,000000,0.998155458635729,440
c_cpp,CWE-704,001101,0,0,,64,61,0,000000,0.998155458635729,440
c_cpp,CWE-704,001110,0,0,,64,61,0,000000,0.998155458635729,440
c_cpp,CWE-704,001111,0,0,,64,61,0,000000,0.998155458635729,440
c_cpp,CWE-704,010000,16,0,0.0,64,61,0,000000,0.998155458635729,440
c_cpp,CWE-704,010001,0,0,,64,61,0,000000,0.998155458635729,440
c_cpp,CWE-704,010010,0,0,,64,61,0,000000,0.998155458635729,440
c_cpp,CWE-704,010011,0,0,,64,61,0,000000,0.998155458635729,440
c_cpp,CWE-704,010100,0,0,,64,61,0,000000,0.998155458635729,440
c_cpp,CWE-704,010101,0,0,,64,61,0,000000,0.998155458635729,440
c_cpp,CWE-704,010110,0,0,,64,61,0,000000,0.998155458635729,440
c_cpp,CWE-704,010111,0,0,,64,61,0,000000,0.998155458635729,440
c_cpp,CWE-704,011000,0,0,,64,61,0,000000,0.998155458635729,440
c_cpp,CWE-704,011001,0,0,,64,61,0,000000,0.998155458635729,440
c_cpp,CWE-704,011010,0,0,,64,61,0,000000,0.998155458635729,440
c_cpp,CWE-704,011011,0,0,,64,61,0,000000,0.998155458635729,440
c_cpp,CWE-704,011100,0,0,,64,61,0,000000,0.998155458635729,440
c_cpp,CWE-704,011101,0,0,,64,61,0,000000,0.998155458635729,440
c_cpp,CWE-704,011110,0,0,,64,61,0,000000,0.998155458635729,440
c_cpp,CWE-704,011111,0,0,,64,61,0,000000,0.998155458635729,440
c_cpp,CWE-704,100000,91,1,0.01098901098901099,64,61,0,000000,0.998155458635729,440
c_cpp,CWE-704,100001,0,0,,64,61,0,000000,0.998155458635729,440
c_cpp,CWE-704,100010,0,0,,64,61,0,000000,0.998155458635729,440
c_cpp,CWE-704,100011,0,0,,64,61,0,000000,0.998155458635729,440
c_cpp,CWE-704,100100,0,0,,64,61,0,000000,0.998155458635729,440
c_cpp,CWE-704,100101,0,0,,64,61,0,000000,0.998155458635729,440
c_cpp,CWE-704,100110,0,0,,64,61,0,000000,0.998155458635729,440
c_cpp,CWE-704,100111,0,0,,64,61,0,000000,0.998155458635729,440
c_cpp,CWE-704,101000,0,0,,64,61,0,000000,0.998155458635729,440
c_cpp,CWE-704,101001,0,0,,64,61,0,000000,0.998155458635729,440
c_cpp,CWE-704,101010,0,0,,64,61,0,000000,0.998155458635729,440
c_cpp,CWE-704,101011,0,0,,64,61,0,000000,0.998155458635729,440
c_cpp,CWE-704,101100,0,0,,64,61,0,000000,0.998155458635729,440
c_cpp,CWE-704,101101,0,0,,64,61,0,000000,0.998155458635729,440
c_cpp,CWE-704,101110,0,0,,64,61,0,000000,0.998155458635729,440
c_cpp,CWE-704,101111,0,0,,64,61,0,000000,0.998155458635729,440
c_cpp,CWE-704,110000,0,0,,64,61,0,000000,0.998155458635729,440
c_cpp,CWE-704,110001,0,0,,64,61,0,000000,0.998155458635729,440
c_cpp,CWE-704,110010,0,0,,64,61,0,000000,0.998155458635729,440
c_cpp,CWE-704,110011,0,0,,64,61,0,000000,0.998155458635729,440
c_cpp,CWE-704,110100,0,0,,64,61,0,000000,0.998155458635729,440
c_cpp,CWE-704,110101,0,0,,64,61,0,000000,0.998155458635729,440
c_cpp,CWE-704,110110,0,0,,64,61,0,000000,0.998155458635729,440
c_cpp,CWE-704,110111,0,0,,64,61,0,000000,0.998155458635729,440
c_cpp,CWE-704,111000,0,0,,64,61,0,000000,0.998155458635729,440
c_cpp,CWE-704,111001,0,0,,64,61,0,000000,0.998155458635729,440
c_cpp,CWE-704,111010,0,0,,64,61,0,000000,0.998155458635729,440
c_cpp,CWE-704,111011,0,0,,64,61,0,000000,0.998155458635729,440
c_cpp,CWE-704,111100,0,0,,64,61,0,000000,0.998155458635729,440
c_cpp,CWE-704,111101,0,0,,64,61,0,000000,0.998155458635729,440
c_cpp,CWE-704,111110,0,0,,64,61,0,000000,0.998155458635729,440
c_cpp,CWE-704,111111,0,0,,64,61,0,000000,0.998155458635729,440
c_cpp,CWE-834,000000,57966,348,0.006003519304419832,64,62,0,000000,0.9992587357134238,351
c_cpp,CWE-834,000001,0,0,,64,62,0,000000,0.9992587357134238,351
c_cpp,CWE-834,000010,0,0,,64,62,0,000000,0.9992587357134238,351
c_cpp,CWE-834,000011,0,0,,64,62,0,000000,0.9992587357134238,351
c_cpp,CWE-834,000100,0,0,,64,62,0,000000,0.9992587357134238,351
c_cpp,CWE-834,000101,0,0,,64,62,0,000000,0.9992587357134238,351
c_cpp,CWE-834,000110,0,0,,64,62,0,000000,0.9992587357134238,351
c_cpp,CWE-834,000111,0,0,,64,62,0,000000,0.9992587357134238,351
c_cpp,CWE-834,001000,0,0,,64,62,0,000000,0.9992587357134238,351
c_cpp,CWE-834,001001,0,0,,64,62,0,000000,0.9992587357134238,351
c_cpp,CWE-834,001010,0,0,,64,62,0,000000,0.9992587357134238,351
c_cpp,CWE-834,001011,0,0,,64,62,0,000000,0.9992587357134238,351
c_cpp,CWE-834,001100,0,0,,64,62,0,000000,0.9992587357134238,351
c_cpp,CWE-834,001101,0,0,,64,62,0,000000,0.9992587357134238,351
c_cpp,CWE-834,001110,0,0,,64,62,0,000000,0.9992587357134238,351
c_cpp,CWE-834,001111,0,0,,64,62,0,000000,0.9992587357134238,351
c_cpp,CWE-834,010000,0,0,,64,62,0,000000,0.9992587357134238,351
c_cpp,CWE-834,010001,0,0,,64,62,0,000000,0.9992587357134238,351
c_cpp,CWE-834,010010,0,0,,64,62,0,000000,0.9992587357134238,351
c_cpp,CWE-834,010011,0,0,,64,62,0,000000,0.9992587357134238,351
c_cpp,CWE-834,010100,0,0,,64,62,0,000000,0.9992587357134238,351
c_cpp,CWE-834,010101,0,0,,64,62,0,000000,0.9992587357134238,351
c_cpp,CWE-834,010110,0,0,,64,62,0,000000,0.9992587357134238,351
c_cpp,CWE-834,010111,0,0,,64,62,0,000000,0.9992587357134238,351
c_cpp,CWE-834,011000,0,0,,64,62,0,000000,0.9992587357134238,351
c_cpp,CWE-834,011001,0,0,,64,62,0,000000,0.9992587357134238,351
c_cpp,CWE-834,011010,0,0,,64,62,0,000000,0.9992587357134238,351
c_cpp,CWE-834,011011,0,0,,64,62,0,000000,0.9992587357134238,351
c_cpp,CWE-834,011100,0,0,,64,62,0,000000,0.9992587357134238,351
c_cpp,CWE-834,011101,0,0,,64,62,0,000000,0.9992587357134238,351
c_cpp,CWE-834,011110,0,0,,64,62,0,000000,0.9992587357134238,351
c_cpp,CWE-834,011111,0,0,,64,62,0,000000,0.9992587357134238,351
c_cpp,CWE-834,100000,43,3,0.06976744186046512,64,62,0,000000,0.9992587357134238,351
c_cpp,CWE-834,100001,0,0,,64,62,0,000000,0.9992587357134238,351
c_cpp,CWE-834,100010,0,0,,64,62,0,000000,0.9992587357134238,351
c_cpp,CWE-834,100011,0,0,,64,62,0,000000,0.9992587357134238,351
c_cpp,CWE-834,100100,0,0,,64,62,0,000000,0.9992587357134238,351
c_cpp,CWE-834,100101,0,0,,64,62,0,000000,0.9992587357134238,351
c_cpp,CWE-834,100110,0,0,,64,62,0,000000,0.9992587357134238,351
c_cpp,CWE-834,100111,0,0,,64,62,0,000000,0.9992587357134238,351
c_cpp,CWE-834,101000,0,0,,64,62,0,000000,0.9992587357134238,351
c_cpp,CWE-834,101001,0,0,,64,62,0,000000,0.9992587357134238,351
c_cpp,CWE-834,101010,0,0,,64,62,0,000000,0.9992587357134238,351
c_cpp,CWE-834,101011,0,0,,64,62,0,000000,0.9992587357134238,351
c_cpp,CWE-834,101100,0,0,,64,62,0,000000,0.9992587357134238,351
c_cpp,CWE-834,101101,0,0,,64,62,0,000000,0.9992587357134238,351
c_cpp,CWE-834,101110,0,0,,64,62,0,000000,0.9992587357134238,351
c_cpp,CWE-834,101111,0,0,,64,62,0,000000,0.9992587357134238,351
c_cpp,CWE-834,110000,0,0,,64,62,0,000000,0.9992587357134238,351
c_cpp,CWE-834,110001,0,0,,64,62,0,000000,0.9992587357134238,351
c_cpp,CWE-834,110010,0,0,,64,62,0,000000,0.9992587357134238,351
c_cpp,CWE-834,110011,0,0,,64,62,0,000000,0.9992587357134238,351
c_cpp,CWE-834,110100,0,0,,64,62,0,000000,0.9992587357134238,351
c_cpp,CWE-834,110101,0,0,,64,62,0,000000,0.9992587357134238,351
c_cpp,CWE-834,110110,0,0,,64,62,0,000000,0.9992587357134238,351
c_cpp,CWE-834,110111,0,0,,64,62,0,000000,0.9992587357134238,351
c_cpp,CWE-834,111000,0,0,,64,62,0,000000,0.9992587357134238,351
c_cpp,CWE-834,111001,0,0,,64,62,0,000000,0.9992587357134238,351
c_cpp,CWE-834,111010,0,0,,64,62,0,000000,0.9992587357134238,351
c_cpp,CWE-834,111011,0,0,,64,62,0,000000,0.9992587357134238,351
c_cpp,CWE-834,111100,0,0,,64,62,0,000000,0.9992587357134238,351
c_cpp,CWE-834,111101,0,0,,64,62,0,000000,0.9992587357134238,351
c_cpp,CWE-834,111110,0,0,,64,62,0,000000,0.9992587357134238,351
c_cpp,CWE-834,111111,0,0,,64,62,0,000000,0.9992587357134238,351
c_cpp,CWE-287,000000,58008,318,0.005482002482416219,64,62,1,000000,0.999982761295661,319
c_cpp,CWE-287,000001,0,0,,64,62,1,000000,0.999982761295661,319
c_cpp,CWE-287,000010,0,0,,64,62,1,000000,0.999982761295661,319
c_cpp,CWE-287,000011,0,0,,64,62,1,000000,0.999982761295661,319
c_cpp,CWE-287,000100,0,0,,64,62,1,000000,0.999982761295661,319
c_cpp,CWE-287,000101,0,0,,64,62,1,000000,0.999982761295661,319
c_cpp,CWE-287,000110,0,0,,64,62,1,000000,0.999982761295661,319
c_cpp,CWE-287,000111,0,0,,64,62,1,000000,0.999982761295661,319
c_cpp,CWE-287,001000,0,0,,64,62,1,000000,0.999982761295661,319
c_cpp,CWE-287,001001,0,0,,64,62,1,000000,0.999982761295661,319
c_cpp,CWE-287,001010,0,0,,64,62,1,000000,0.999982761295661,319
c_cpp,CWE-287,001011,0,0,,64,62,1,000000,0.999982761295661,319
c_cpp,CWE-287,001100,0,0,,64,62,1,000000,0.999982761295661,319
c_cpp,CWE-287,001101,0,0,,64,62,1,000000,0.999982761295661,319
c_cpp,CWE-287,001110,0,0,,64,62,1,000000,0.999982761295661,319
c_cpp,CWE-287,001111,0,0,,64,62,1,000000,0.999982761295661,319
c_cpp,CWE-287,010000,0,0,,64,62,1,000000,0.999982761295661,319
c_cpp,CWE-287,010001,0,0,,64,62,1,000000,0.999982761295661,319
c_cpp,CWE-287,010010,0,0,,64,62,1,000000,0.999982761295661,319
c_cpp,CWE-287,010011,0,0,,64,62,1,000000,0.999982761295661,319
c_cpp,CWE-287,010100,0,0,,64,62,1,000000,0.999982761295661,319
c_cpp,CWE-287,010101,0,0,,64,62,1,000000,0.999982761295661,319
c_cpp,CWE-287,010110,0,0,,64,62,1,000000,0.999982761295661,319
c_cpp,CWE-287,010111,0,0,,64,62,1,000000,0.999982761295661,319
c_cpp,CWE-287,011000,0,0,,64,62,1,000000,0.999982761295661,319
c_cpp,CWE-287,011001,0,0,,64,62,1,000000,0.999982761295661,319
c_cpp,CWE-287,011010,0,0,,64,62,1,000000,0.999982761295661,319
c_cpp,CWE-287,011011,0,0,,64,62,1,000000,0.999982761295661,319
c_cpp,CWE-287,011100,0,0,,64,62,1,000000,0.999982761295661,319
c_cpp,CWE-287,011101,0,0,,64,62,1,000000,0.999982761295661,319
c_cpp,CWE-287,011110,0,0,,64,62,1,000000,0.999982761295661,319
c_cpp,CWE-287,011111,0,0,,64,62,1,000000,0.999982761295661,319
c_cpp,CWE-287,100000,1,1,1.0,64,62,1,000000,0.999982761295661,319
c_cpp,CWE-287,100001,0,0,,64,62,1,000000,0.999982761295661,319
c_cpp,CWE-287,100010,0,0,,64,62,1,000000,0.999982761295661,319
c_cpp,CWE-287,100011,0,0,,64,62,1,000000,0.999982761295661,319
c_cpp,CWE-287,100100,0,0,,64,62,1,000000,0.999982761295661,319
c_cpp,CWE-287,100101,0,0,,64,62,1,000000,0.999982761295661,319
c_cpp,CWE-287,100110,0,0,,64,62,1,000000,0.999982761295661,319
c_cpp,CWE-287,100111,0,0,,64,62,1,000000,0.999982761295661,319
c_cpp,CWE-287,101000,0,0,,64,62,1,000000,0.999982761295661,319
c_cpp,CWE-287,101001,0,0,,64,62,1,000000,0.999982761295661,319
c_cpp,CWE-287,101010,0,0,,64,62,1,000000,0.999982761295661,319
c_cpp,CWE-287,101011,0,0,,64,62,1,000000,0.999982761295661,319
c_cpp,CWE-287,101100,0,0,,64,62,1,000000,0.999982761295661,319
c_cpp,CWE-287,101101,0,0,,64,62,1,000000,0.999982761295661,319
c_cpp,CWE-287,101110,0,0,,64,62,1,000000,0.999982761295661,319
c_cpp,CWE-287,101111,0,0,,64,62,1,000000,0.999982761295661,319
c_cpp,CWE-287,110000,0,0,,64,62,1,000000,0.999982761295661,319
c_cpp,CWE-287,110001,0,0,,64,62,1,000000,0.999982761295661,319
c_cpp,CWE-287,110010,0,0,,64,62,1,000000,0.999982761295661,319
c_cpp,CWE-287,110011,0,0,,64,62,1,000000,0.999982761295661,319
c_cpp,CWE-287,110100,0,0,,64,62,1,000000,0.999982761295661,319
c_cpp,CWE-287,110101,0,0,,64,62,1,000000,0.999982761295661,319
c_cpp,CWE-287,110110,0,0,,64,62,1,000000,0.999982761295661,319
c_cpp,CWE-287,110111,0,0,,64,62,1,000000,0.999982761295661,319
c_cpp,CWE-287,111000,0,0,,64,62,1,000000,0.999982761295661,319
c_cpp,CWE-287,111001,0,0,,64,62,1,000000,0.999982761295661,319
c_cpp,CWE-287,111010,0,0,,64,62,1,000000,0.999982761295661,319
c_cpp,CWE-287,111011,0,0,,64,62,1,000000,0.999982761295661,319
c_cpp,CWE-287,111100,0,0,,64,62,1,000000,0.999982761295661,319
c_cpp,CWE-287,111101,0,0,,64,62,1,000000,0.999982761295661,319
c_cpp,CWE-287,111110,0,0,,64,62,1,000000,0.999982761295661,319
c_cpp,CWE-287,111111,0,0,,64,62,1,000000,0.999982761295661,319
c_cpp,CWE-285,000000,57711,274,0.004747795047737867,64,60,0,000000,0.9948628661069834,283
c_cpp,CWE-285,000001,0,0,,64,60,0,000000,0.9948628661069834,283
c_cpp,CWE-285,000010,0,0,,64,60,0,000000,0.9948628661069834,283
c_cpp,CWE-285,000011,0,0,,64,60,0,000000,0.9948628661069834,283
c_cpp,CWE-285,000100,0,0,,64,60,0,000000,0.9948628661069834,283
c_cpp,CWE-285,000101,0,0,,64,60,0,000000,0.9948628661069834,283
c_cpp,CWE-285,000110,0,0,,64,60,0,000000,0.9948628661069834,283
c_cpp,CWE-285,000111,0,0,,64,60,0,000000,0.9948628661069834,283
c_cpp,CWE-285,001000,120,0,0.0,64,60,0,000000,0.9948628661069834,283
c_cpp,CWE-285,001001,0,0,,64,60,0,000000,0.9948628661069834,283
c_cpp,CWE-285,001010,0,0,,64,60,0,000000,0.9948628661069834,283
c_cpp,CWE-285,001011,0,0,,64,60,0,000000,0.9948628661069834,283
c_cpp,CWE-285,001100,0,0,,64,60,0,000000,0.9948628661069834,283
c_cpp,CWE-285,001101,0,0,,64,60,0,000000,0.9948628661069834,283
c_cpp,CWE-285,001110,0,0,,64,60,0,000000,0.9948628661069834,283
c_cpp,CWE-285,001111,0,0,,64,60,0,000000,0.9948628661069834,283
c_cpp,CWE-285,010000,0,0,,64,60,0,000000,0.9948628661069834,283
c_cpp,CWE-285,010001,0,0,,64,60,0,000000,0.9948628661069834,283
c_cpp,CWE-285,010010,0,0,,64,60,0,000000,0.9948628661069834,283
c_cpp,CWE-285,010011,0,0,,64,60,0,000000,0.9948628661069834,283
c_cpp,CWE-285,010100,0,0,,64,60,0,000000,0.9948628661069834,283
c_cpp,CWE-285,010101,0,0,,64,60,0,000000,0.9948628661069834,283
c_cpp,CWE-285,010110,0,0,,64,60,0,000000,0.9948628661069834,283
c_cpp,CWE-285,010111,0,0,,64,60,0,000000,0.9948628661069834,283
c_cpp,CWE-285,011000,0,0,,64,60,0,000000,0.9948628661069834,283
c_cpp,CWE-285,011001,0,0,,64,60,0,000000,0.9948628661069834,283
c_cpp,CWE-285,011010,0,0,,64,60,0,000000,0.9948628661069834,283
c_cpp,CWE-285,011011,0,0,,64,60,0,000000,0.9948628661069834,283
c_cpp,CWE-285,011100,0,0,,64,60,0,000000,0.9948628661069834,283
c_cpp,CWE-285,011101,0,0,,64,60,0,000000,0.9948628661069834,283
c_cpp,CWE-285,011110,0,0,,64,60,0,000000,0.9948628661069834,283
c_cpp,CWE-285,011111,0,0,,64,60,0,000000,0.9948628661069834,283
c_cpp,CWE-285,100000,162,9,0.05555555555555555,64,60,0,000000,0.9948628661069834,283
c_cpp,CWE-285,100001,0,0,,64,60,0,000000,0.9948628661069834,283
c_cpp,CWE-285,100010,0,0,,64,60,0,000000,0.9948628661069834,283
c_cpp,CWE-285,100011,0,0,,64,60,0,000000,0.9948628661069834,283
c_cpp,CWE-285,100100,0,0,,64,60,0,000000,0.9948628661069834,283
c_cpp,CWE-285,100101,0,0,,64,60,0,000000,0.9948628661069834,283
c_cpp,CWE-285,100110,0,0,,64,60,0,000000,0.9948628661069834,283
c_cpp,CWE-285,100111,0,0,,64,60,0,000000,0.9948628661069834,283
c_cpp,CWE-285,101000,16,0,0.0,64,60,0,000000,0.9948628661069834,283
c_cpp,CWE-285,101001,0,0,,64,60,0,000000,0.9948628661069834,283
c_cpp,CWE-285,101010,0,0,,64,60,0,000000,0.9948628661069834,283
c_cpp,CWE-285,101011,0,0,,64,60,0,000000,0.9948628661069834,283
c_cpp,CWE-285,101100,0,0,,64,60,0,000000,0.9948628661069834,283
c_cpp,CWE-285,101101,0,0,,64,60,0,000000,0.9948628661069834,283
c_cpp,CWE-285,101110,0,0,,64,60,0,000000,0.9948628661069834,283
c_cpp,CWE-285,101111,0,0,,64,60,0,000000,0.9948628661069834,283
c_cpp,CWE-285,110000,0,0,,64,60,0,000000,0.9948628661069834,283
c_cpp,CWE-285,110001,0,0,,64,60,0,000000,0.9948628661069834,283
c_cpp,CWE-285,110010,0,0,,64,60,0,000000,0.9948628661069834,283
c_cpp,CWE-285,110011,0,0,,64,60,0,000000,0.9948628661069834,283
c_cpp,CWE-285,110100,0,0,,64,60,0,000000,0.9948628661069834,283
c_cpp,CWE-285,110101,0,0,,64,60,0,000000,0.9948628661069834,283
c_cpp,CWE-285,110110,0,0,,64,60,0,000000,0.9948628661069834,283
c_cpp,CWE-285,110111,0,0,,64,60,0,000000,0.9948628661069834,283
c_cpp,CWE-285,111000,0,0,,64,60,0,000000,0.9948628661069834,283
c_cpp,CWE-285,111001,0,0,,64,60,0,000000,0.9948628661069834,283
c_cpp,CWE-285,111010,0,0,,64,60,0,000000,0.9948628661069834,283
c_cpp,CWE-285,111011,0,0,,64,60,0,000000,0.9948628661069834,283
c_cpp,CWE-285,111100,0,0,,64,60,0,000000,0.9948628661069834,283
c_cpp,CWE-285,111101,0,0,,64,60,0,000000,0.9948628661069834,283
c_cpp,CWE-285,111110,0,0,,64,60,0,000000,0.9948628661069834,283
c_cpp,CWE-285,111111,0,0,,64,60,0,000000,0.9948628661069834,283
c_cpp,CWE-369,000000,57993,272,0.004690221233597159,64,60,0,000000,0.9997241807305763,274
c_cpp,CWE-369,000001,0,0,,64,60,0,000000,0.9997241807305763,274
c_cpp,CWE-369,000010,0,0,,64,60,0,000000,0.9997241807305763,274
c_cpp,CWE-369,000011,0,0,,64,60,0,000000,0.9997241807305763,274
c_cpp,CWE-369,000100,2,1,0.5,64,60,0,000000,0.9997241807305763,274
c_cpp,CWE-369,000101,0,0,,64,60,0,000000,0.9997241807305763,274
c_cpp,CWE-369,000110,0,0,,64,60,0,000000,0.9997241807305763,274
c_cpp,CWE-369,000111,0,0,,64,60,0,000000,0.9997241807305763,274
c_cpp,CWE-369,001000,0,0,,64,60,0,000000,0.9997241807305763,274
c_cpp,CWE-369,001001,0,0,,64,60,0,000000,0.9997241807305763,274
c_cpp,CWE-369,001010,0,0,,64,60,0,000000,0.9997241807305763,274
c_cpp,CWE-369,001011,0,0,,64,60,0,000000,0.9997241807305763,274
c_cpp,CWE-369,001100,0,0,,64,60,0,000000,0.9997241807305763,274
c_cpp,CWE-369,001101,0,0,,64,60,0,000000,0.9997241807305763,274
c_cpp,CWE-369,001110,0,0,,64,60,0,000000,0.9997241807305763,274
c_cpp,CWE-369,001111,0,0,,64,60,0,000000,0.9997241807305763,274
c_cpp,CWE-369,010000,12,1,0.08333333333333333,64,60,0,000000,0.9997241807305763,274
c_cpp,CWE-369,010001,0,0,,64,60,0,000000,0.9997241807305763,274
c_cpp,CWE-369,010010,0,0,,64,60,0,000000,0.9997241807305763,274
c_cpp,CWE-369,010011,0,0,,64,60,0,000000,0.9997241807305763,274
c_cpp,CWE-369,010100,0,0,,64,60,0,000000,0.9997241807305763,274
c_cpp,CWE-369,010101,0,0,,64,60,0,000000,0.9997241807305763,274
c_cpp,CWE-369,010110,0,0,,64,60,0,000000,0.9997241807305763,274
c_cpp,CWE-369,010111,0,0,,64,60,0,000000,0.9997241807305763,274
c_cpp,CWE-369,011000,0,0,,64,60,0,000000,0.9997241807305763,274
c_cpp,CWE-369,011001,0,0,,64,60,0,000000,0.9997241807305763,274
c_cpp,CWE-369,011010,0,0,,64,60,0,000000,0.9997241807305763,274
c_cpp,CWE-369,011011,0,0,,64,60,0,000000,0.9997241807305763,274
c_cpp,CWE-369,011100,0,0,,64,60,0,000000,0.9997241807305763,274
c_cpp,CWE-369,011101,0,0,,64,60,0,000000,0.9997241807305763,274
c_cpp,CWE-369,011110,0,0,,64,60,0,000000,0.9997241807305763,274
c_cpp,CWE-369,011111,0,0,,64,60,0,000000,0.9997241807305763,274
c_cpp,CWE-369,100000,2,0,0.0,64,60,0,000000,0.9997241807305763,274
c_cpp,CWE-369,100001,0,0,,64,60,0,000000,0.9997241807305763,274
c_cpp,CWE-369,100010,0,0,,64,60,0,000000,0.9997241807305763,274
c_cpp,CWE-369,100011,0,0,,64,60,0,000000,0.9997241807305763,274
c_cpp,CWE-369,100100,0,0,,64,60,0,000000,0.9997241807305763,274
c_cpp,CWE-369,100101,0,0,,64,60,0,000000,0.9997241807305763,274
c_cpp,CWE-369,100110,0,0,,64,60,0,000000,0.9997241807305763,274
c_cpp,CWE-369,100111,0,0,,64,60,0,000000,0.9997241807305763,274
c_cpp,CWE-369,101000,0,0,,64,60,0,000000,0.9997241807305763,274
c_cpp,CWE-369,101001,0,0,,64,60,0,000000,0.9997241807305763,274
c_cpp,CWE-369,101010,0,0,,64,60,0,000000,0.9997241807305763,274
c_cpp,CWE-369,101011,0,0,,64,60,0,000000,0.9997241807305763,274
c_cpp,CWE-369,101100,0,0,,64,60,0,000000,0.9997241807305763,274
c_cpp,CWE-369,101101,0,0,,64,60,0,000000,0.9997241807305763,274
c_cpp,CWE-369,101110,0,0,,64,60,0,000000,0.9997241807305763,274
c_cpp,CWE-369,101111,0,0,,64,60,0,000000,0.9997241807305763,274
c_cpp,CWE-369,110000,0,0,,64,60,0,000000,0.9997241807305763,274
c_cpp,CWE-369,110001,0,0,,64,60,0,000000,0.9997241807305763,274
c_cpp,CWE-369,110010,0,0,,64,60,0,000000,0.9997241807305763,274
c_cpp,CWE-369,110011,0,0,,64,60,0,000000,0.9997241807305763,274
c_cpp,CWE-369,110100,0,0,,64,60,0,000000,0.9997241807305763,274
c_cpp,CWE-369,110101,0,0,,64,60,0,000000,0.9997241807305763,274
c_cpp,CWE-369,110110,0,0,,64,60,0,000000,0.9997241807305763,274
c_cpp,CWE-369,110111,0,0,,64,60,0,000000,0.9997241807305763,274
c_cpp,CWE-369,111000,0,0,,64,60,0,000000,0.9997241807305763,274
c_cpp,CWE-369,111001,0,0,,64,60,0,000000,0.9997241807305763,274
c_cpp,CWE-369,111010,0,0,,64,60,0,000000,0.9997241807305763,274
c_cpp,CWE-369,111011,0,0,,64,60,0,000000,0.9997241807305763,274
c_cpp,CWE-369,111100,0,0,,64,60,0,000000,0.9997241807305763,274
c_cpp,CWE-369,111101,0,0,,64,60,0,000000,0.9997241807305763,274
c_cpp,CWE-369,111110,0,0,,64,60,0,000000,0.9997241807305763,274
c_cpp,CWE-369,111111,0,0,,64,60,0,000000,0.9997241807305763,274
c_cpp,CWE-705,000000,57993,264,0.0045522735502560654,64,62,0,000000,0.9997241807305763,264
c_cpp,CWE-705,000001,0,0,,64,62,0,000000,0.9997241807305763,264
c_cpp,CWE-705,000010,0,0,,64,62,0,000000,0.9997241807305763,264
c_cpp,CWE-705,000011,0,0,,64,62,0,000000,0.9997241807305763,264
c_cpp,CWE-705,000100,0,0,,64,62,0,000000,0.9997241807305763,264
c_cpp,CWE-705,000101,0,0,,64,62,0,000000,0.9997241807305763,264
c_cpp,CWE-705,000110,0,0,,64,62,0,000000,0.9997241807305763,264
c_cpp,CWE-705,000111,0,0,,64,62,0,000000,0.9997241807305763,264
c_cpp,CWE-705,001000,16,0,0.0,64,62,0,000000,0.9997241807305763,264
c_cpp,CWE-705,001001,0,0,,64,62,0,000000,0.9997241807305763,264
c_cpp,CWE-705,001010,0,0,,64,62,0,000000,0.9997241807305763,264
c_cpp,CWE-705,001011,0,0,,64,62,0,000000,0.9997241807305763,264
c_cpp,CWE-705,001100,0,0,,64,62,0,000000,0.9997241807305763,264
c_cpp,CWE-705,001101,0,0,,64,62,0,000000,0.9997241807305763,264
c_cpp,CWE-705,001110,0,0,,64,62,0,000000,0.9997241807305763,264
c_cpp,CWE-705,001111,0,0,,64,62,0,000000,0.9997241807305763,264
c_cpp,CWE-705,010000,0,0,,64,62,0,000000,0.9997241807305763,264
c_cpp,CWE-705,010001,0,0,,64,62,0,000000,0.9997241807305763,264
c_cpp,CWE-705,010010,0,0,,64,62,0,000000,0.9997241807305763,264
c_cpp,CWE-705,010011,0,0,,64,62,0,000000,0.9997241807305763,264
c_cpp,CWE-705,010100,0,0,,64,62,0,000000,0.9997241807305763,264
c_cpp,CWE-705,010101,0,0,,64,62,0,000000,0.9997241807305763,264
c_cpp,CWE-705,010110,0,0,,64,62,0,000000,0.9997241807305763,264
c_cpp,CWE-705,010111,0,0,,64,62,0,000000,0.9997241807305763,264
c_cpp,CWE-705,011000,0,0,,64,62,0,000000,0.9997241807305763,264
c_cpp,CWE-705,011001,0,0,,64,62,0,000000,0.9997241807305763,264
c_cpp,CWE-705,011010,0,0,,64,62,0,000000,0.9997241807305763,264
c_cpp,CWE-705,011011,0,0,,64,62,0,000000,0.9997241807305763,264
c_cpp,CWE-705,011100,0,0,,64,62,0,000000,0.9997241807305763,264
c_cpp,CWE-705,011101,0,0,,64,62,0,000000,0.9997241807305763,264
c_cpp,CWE-705,011110,0,0,,64,62,0,000000,0.9997241807305763,264
c_cpp,CWE-705,011111,0,0,,64,62,0,000000,0.9997241807305763,264
c_cpp,CWE-705,100000,0,0,,64,62,0,000000,0.9997241807305763,264
c_cpp,CWE-705,100001,0,0,,64,62,0,000000,0.9997241807305763,264
c_cpp,CWE-705,100010,0,0,,64,62,0,000000,0.9997241807305763,264
c_cpp,CWE-705,100011,0,0,,64,62,0,000000,0.9997241807305763,264
c_cpp,CWE-705,100100,0,0,,64,62,0,000000,0.9997241807305763,264
c_cpp,CWE-705,100101,0,0,,64,62,0,000000,0.9997241807305763,264
c_cpp,CWE-705,100110,0,0,,64,62,0,000000,0.9997241807305763,264
c_cpp,CWE-705,100111,0,0,,64,62,0,000000,0.9997241807305763,264
c_cpp,CWE-705,101000,0,0,,64,62,0,000000,0.9997241807305763,264
c_cpp,CWE-705,101001,0,0,,64,62,0,000000,0.9997241807305763,264
c_cpp,CWE-705,101010,0,0,,64,62,0,000000,0.9997241807305763,264
c_cpp,CWE-705,101011,0,0,,64,62,0,000000,0.9997241807305763,264
c_cpp,CWE-705,101100,0,0,,64,62,0,000000,0.9997241807305763,264
c_cpp,CWE-705,101101,0,0,,64,62,0,000000,0.9997241807305763,264
c_cpp,CWE-705,101110,0,0,,64,62,0,000000,0.9997241807305763,264
c_cpp,CWE-705,101111,0,0,,64,62,0,000000,0.9997241807305763,264
c_cpp,CWE-705,110000,0,0,,64,62,0,000000,0.9997241807305763,264
c_cpp,CWE-705,110001,0,0,,64,62,0,000000,0.9997241807305763,264
c_cpp,CWE-705,110010,0,0,,64,62,0,000000,0.9997241807305763,264
c_cpp,CWE-705,110011,0,0,,64,62,0,000000,0.9997241807305763,264
c_cpp,CWE-705,110100,0,0,,64,62,0,000000,0.9997241807305763,264
c_cpp,CWE-705,110101,0,0,,64,62,0,000000,0.9997241807305763,264
c_cpp,CWE-705,110110,0,0,,64,62,0,000000,0.9997241807305763,264
c_cpp,CWE-705,110111,0,0,,64,62,0,000000,0.9997241807305763,264
c_cpp,CWE-705,111000,0,0,,64,62,0,000000,0.9997241807305763,264
c_cpp,CWE-705,111001,0,0,,64,62,0,000000,0.9997241807305763,264
c_cpp,CWE-705,111010,0,0,,64,62,0,000000,0.9997241807305763,264
c_cpp,CWE-705,111011,0,0,,64,62,0,000000,0.9997241807305763,264
c_cpp,CWE-705,111100,0,0,,64,62,0,000000,0.9997241807305763,264
c_cpp,CWE-705,111101,0,0,,64,62,0,000000,0.9997241807305763,264
c_cpp,CWE-705,111110,0,0,,64,62,0,000000,0.9997241807305763,264
c_cpp,CWE-705,111111,0,0,,64,62,0,000000,0.9997241807305763,264
c_cpp,CWE-191,000000,57899,167,0.002884333062747198,64,61,0,000000,0.998103742522712,167
c_cpp,CWE-191,000001,0,0,,64,61,0,000000,0.998103742522712,167
c_cpp,CWE-191,000010,0,0,,64,61,0,000000,0.998103742522712,167
c_cpp,CWE-191,000011,0,0,,64,61,0,000000,0.998103742522712,167
c_cpp,CWE-191,000100,57,0,0.0,64,61,0,000000,0.998103742522712,167
c_cpp,CWE-191,000101,0,0,,64,61,0,000000,0.998103742522712,167
c_cpp,CWE-191,000110,0,0,,64,61,0,000000,0.998103742522712,167
c_cpp,CWE-191,000111,0,0,,64,61,0,000000,0.998103742522712,167
c_cpp,CWE-191,001000,0,0,,64,61,0,000000,0.998103742522712,167
c_cpp,CWE-191,001001,0,0,,64,61,0,000000,0.998103742522712,167
c_cpp,CWE-191,001010,0,0,,64,61,0,000000,0.998103742522712,167
c_cpp,CWE-191,001011,0,0,,64,61,0,000000,0.998103742522712,167
c_cpp,CWE-191,001100,0,0,,64,61,0,000000,0.998103742522712,167
c_cpp,CWE-191,001101,0,0,,64,61,0,000000,0.998103742522712,167
c_cpp,CWE-191,001110,0,0,,64,61,0,000000,0.998103742522712,167
c_cpp,CWE-191,001111,0,0,,64,61,0,000000,0.998103742522712,167
c_cpp,CWE-191,010000,0,0,,64,61,0,000000,0.998103742522712,167
c_cpp,CWE-191,010001,0,0,,64,61,0,000000,0.998103742522712,167
c_cpp,CWE-191,010010,0,0,,64,61,0,000000,0.998103742522712,167
c_cpp,CWE-191,010011,0,0,,64,61,0,000000,0.998103742522712,167
c_cpp,CWE-191,010100,0,0,,64,61,0,000000,0.998103742522712,167
c_cpp,CWE-191,010101,0,0,,64,61,0,000000,0.998103742522712,167
c_cpp,CWE-191,010110,0,0,,64,61,0,000000,0.998103742522712,167
c_cpp,CWE-191,010111,0,0,,64,61,0,000000,0.998103742522712,167
c_cpp,CWE-191,011000,0,0,,64,61,0,000000,0.998103742522712,167
c_cpp,CWE-191,011001,0,0,,64,61,0,000000,0.998103742522712,167
c_cpp,CWE-191,011010,0,0,,64,61,0,000000,0.998103742522712,167
c_cpp,CWE-191,011011,0,0,,64,61,0,000000,0.998103742522712,167
c_cpp,CWE-191,011100,0,0,,64,61,0,000000,0.998103742522712,167
c_cpp,CWE-191,011101,0,0,,64,61,0,000000,0.998103742522712,167
c_cpp,CWE-191,011110,0,0,,64,61,0,000000,0.998103742522712,167
c_cpp,CWE-191,011111,0,0,,64,61,0,000000,0.998103742522712,167
c_cpp,CWE-191,100000,53,0,0.0,64,61,0,000000,0.998103742522712,167
c_cpp,CWE-191,100001,0,0,,64,61,0,000000,0.998103742522712,167
c_cpp,CWE-191,100010,0,0,,64,61,0,000000,0.998103742522712,167
c_cpp,CWE-191,100011,0,0,,64,61,0,000000,0.998103742522712,167
c_cpp,CWE-191,100100,0,0,,64,61,0,000000,0.998103742522712,167
c_cpp,CWE-191,100101,0,0,,64,61,0,000000,0.998103742522712,167
c_cpp,CWE-191,100110,0,0,,64,61,0,000000,0.998103742522712,167
c_cpp,CWE-191,100111,0,0,,64,61,0,000000,0.998103742522712,167
c_cpp,CWE-191,101000,0,0,,64,61,0,000000,0.998103742522712,167
c_cpp,CWE-191,101001,0,0,,64,61,0,000000,0.998103742522712,167
c_cpp,CWE-191,101010,0,0,,64,61,0,000000,0.998103742522712,167
c_cpp,CWE-191,101011,0,0,,64,61,0,000000,0.998103742522712,167
c_cpp,CWE-191,101100,0,0,,64,61,0,000000,0.998103742522712,167
c_cpp,CWE-191,101101,0,0,,64,61,0,000000,0.998103742522712,167
c_cpp,CWE-191,101110,0,0,,64,61,0,000000,0.998103742522712,167
c_cpp,CWE-191,101111,0,0,,64,61,0,000000,0.998103742522712,167
c_cpp,CWE-191,110000,0,0,,64,61,0,000000,0.998103742522712,167
c_cpp,CWE-191,110001,0,0,,64,61,0,000000,0.998103742522712,167
c_cpp,CWE-191,110010,0,0,,64,61,0,000000,0.998103742522712,167
c_cpp,CWE-191,110011,0,0,,64,61,0,000000,0.998103742522712,167
c_cpp,CWE-191,110100,0,0,,64,61,0,000000,0.998103742522712,167
c_cpp,CWE-191,110101,0,0,,64,61,0,000000,0.998103742522712,167
c_cpp,CWE-191,110110,0,0,,64,61,0,000000,0.998103742522712,167
c_cpp,CWE-191,110111,0,0,,64,61,0,000000,0.998103742522712,167
c_cpp,CWE-191,111000,0,0,,64,61,0,000000,0.998103742522712,167
c_cpp,CWE-191,111001,0,0,,64,61,0,000000,0.998103742522712,167
c_cpp,CWE-191,111010,0,0,,64,61,0,000000,0.998103742522712,167
c_cpp,CWE-191,111011,0,0,,64,61,0,000000,0.998103742522712,167
c_cpp,CWE-191,111100,0,0,,64,61,0,000000,0.998103742522712,167
c_cpp,CWE-191,111101,0,0,,64,61,0,000000,0.998103742522712,167
c_cpp,CWE-191,111110,0,0,,64,61,0,000000,0.998103742522712,167
c_cpp,CWE-191,111111,0,0,,64,61,0,000000,0.998103742522712,167
c_cpp,CWE-754,000000,57865,165,0.002851464615916357,64,61,0,000000,0.9975176265751866,167
c_cpp,CWE-754,000001,0,0,,64,61,0,000000,0.9975176265751866,167
c_cpp,CWE-754,000010,0,0,,64,61,0,000000,0.9975176265751866,167
c_cpp,CWE-754,000011,0,0,,64,61,0,000000,0.9975176265751866,167
c_cpp,CWE-754,000100,0,0,,64,61,0,000000,0.9975176265751866,167
c_cpp,CWE-754,000101,0,0,,64,61,0,000000,0.9975176265751866,167
c_cpp,CWE-754,000110,0,0,,64,61,0,000000,0.9975176265751866,167
c_cpp,CWE-754,000111,0,0,,64,61,0,000000,0.9975176265751866,167
c_cpp,CWE-754,001000,0,0,,64,61,0,000000,0.9975176265751866,167
c_cpp,CWE-754,001001,0,0,,64,61,0,000000,0.9975176265751866,167
c_cpp,CWE-754,001010,0,0,,64,61,0,000000,0.9975176265751866,167
c_cpp,CWE-754,001011,0,0,,64,61,0,000000,0.9975176265751866,167
c_cpp,CWE-754,001100,0,0,,64,61,0,000000,0.9975176265751866,167
c_cpp,CWE-754,001101,0,0,,64,61,0,000000,0.9975176265751866,167
c_cpp,CWE-754,001110,0,0,,64,61,0,000000,0.9975176265751866,167
c_cpp,CWE-754,001111,0,0,,64,61,0,000000,0.9975176265751866,167
c_cpp,CWE-754,010000,75,0,0.0,64,61,0,000000,0.9975176265751866,167
c_cpp,CWE-754,010001,0,0,,64,61,0,000000,0.9975176265751866,167
c_cpp,CWE-754,010010,0,0,,64,61,0,000000,0.9975176265751866,167
c_cpp,CWE-754,010011,0,0,,64,61,0,000000,0.9975176265751866,167
c_cpp,CWE-754,010100,0,0,,64,61,0,000000,0.9975176265751866,167
c_cpp,CWE-754,010101,0,0,,64,61,0,000000,0.9975176265751866,167
c_cpp,CWE-754,010110,0,0,,64,61,0,000000,0.9975176265751866,167
c_cpp,CWE-754,010111,0,0,,64,61,0,000000,0.9975176265751866,167
c_cpp,CWE-754,011000,0,0,,64,61,0,000000,0.9975176265751866,167
c_cpp,CWE-754,011001,0,0,,64,61,0,000000,0.9975176265751866,167
c_cpp,CWE-754,011010,0,0,,64,61,0,000000,0.9975176265751866,167
c_cpp,CWE-754,011011,0,0,,64,61,0,000000,0.9975176265751866,167
c_cpp,CWE-754,011100,0,0,,64,61,0,000000,0.9975176265751866,167
c_cpp,CWE-754,011101,0,0,,64,61,0,000000,0.9975176265751866,167
c_cpp,CWE-754,011110,0,0,,64,61,0,000000,0.9975176265751866,167
c_cpp,CWE-754,011111,0,0,,64,61,0,000000,0.9975176265751866,167
c_cpp,CWE-754,100000,69,2,0.028985507246376812,64,61,0,000000,0.9975176265751866,167
c_cpp,CWE-754,100001,0,0,,64,61,0,000000,0.9975176265751866,167
c_cpp,CWE-754,100010,0,0,,64,61,0,000000,0.9975176265751866,167
c_cpp,CWE-754,100011,0,0,,64,61,0,000000,0.9975176265751866,167
c_cpp,CWE-754,100100,0,0,,64,61,0,000000,0.9975176265751866,167
c_cpp,CWE-754,100101,0,0,,64,61,0,000000,0.9975176265751866,167
c_cpp,CWE-754,100110,0,0,,64,61,0,000000,0.9975176265751866,167
c_cpp,CWE-754,100111,0,0,,64,61,0,000000,0.9975176265751866,167
c_cpp,CWE-754,101000,0,0,,64,61,0,000000,0.9975176265751866,167
c_cpp,CWE-754,101001,0,0,,64,61,0,000000,0.9975176265751866,167
c_cpp,CWE-754,101010,0,0,,64,61,0,000000,0.9975176265751866,167
c_cpp,CWE-754,101011,0,0,,64,61,0,000000,0.9975176265751866,167
c_cpp,CWE-754,101100,0,0,,64,61,0,000000,0.9975176265751866,167
c_cpp,CWE-754,101101,0,0,,64,61,0,000000,0.9975176265751866,167
c_cpp,CWE-754,101110,0,0,,64,61,0,000000,0.9975176265751866,167
c_cpp,CWE-754,101111,0,0,,64,61,0,000000,0.9975176265751866,167
c_cpp,CWE-754,110000,0,0,,64,61,0,000000,0.9975176265751866,167
c_cpp,CWE-754,110001,0,0,,64,61,0,000000,0.9975176265751866,167
c_cpp,CWE-754,110010,0,0,,64,61,0,000000,0.9975176265751866,167
c_cpp,CWE-754,110011,0,0,,64,61,0,000000,0.9975176265751866,167
c_cpp,CWE-754,110100,0,0,,64,61,0,000000,0.9975176265751866,167
c_cpp,CWE-754,110101,0,0,,64,61,0,000000,0.9975176265751866,167
c_cpp,CWE-754,110110,0,0,,64,61,0,000000,0.9975176265751866,167
c_cpp,CWE-754,110111,0,0,,64,61,0,000000,0.9975176265751866,167
c_cpp,CWE-754,111000,0,0,,64,61,0,000000,0.9975176265751866,167
c_cpp,CWE-754,111001,0,0,,64,61,0,000000,0.9975176265751866,167
c_cpp,CWE-754,111010,0,0,,64,61,0,000000,0.9975176265751866,167
c_cpp,CWE-754,111011,0,0,,64,61,0,000000,0.9975176265751866,167
c_cpp,CWE-754,111100,0,0,,64,61,0,000000,0.9975176265751866,167
c_cpp,CWE-754,111101,0,0,,64,61,0,000000,0.9975176265751866,167
c_cpp,CWE-754,111110,0,0,,64,61,0,000000,0.9975176265751866,167
c_cpp,CWE-754,111111,0,0,,64,61,0,000000,0.9975176265751866,167
c_cpp,CWE-665,000000,57262,138,0.002409975201704446,64,57,0,000000,0.9871226878587805,141
c_cpp,CWE-665,000001,0,0,,64,57,0,000000,0.9871226878587805,141
c_cpp,CWE-665,000010,0,0,,64,57,0,000000,0.9871226878587805,141
c_cpp,CWE-665,000011,0,0,,64,57,0,000000,0.9871226878587805,141
c_cpp,CWE-665,000100,220,0,0.0,64,57,0,000000,0.9871226878587805,141
c_cpp,CWE-665,000101,0,0,,64,57,0,000000,0.9871226878587805,141
c_cpp,CWE-665,000110,0,0,,64,57,0,000000,0.9871226878587805,141
c_cpp,CWE-665,000111,0,0,,64,57,0,000000,0.9871226878587805,141
c_cpp,CWE-665,001000,0,0,,64,57,0,000000,0.9871226878587805,141
c_cpp,CWE-665,001001,0,0,,64,57,0,000000,0.9871226878587805,141
c_cpp,CWE-665,001010,0,0,,64,57,0,000000,0.9871226878587805,141
c_cpp,CWE-665,001011,0,0,,64,57,0,000000,0.9871226878587805,141
c_cpp,CWE-665,001100,0,0,,64,57,0,000000,0.9871226878587805,141
c_cpp,CWE-665,001101,0,0,,64,57,0,000000,0.9871226878587805,141
c_cpp,CWE-665,001110,0,0,,64,57,0,000000,0.9871226878587805,141
c_cpp,CWE-665,001111,0,0,,64,57,0,000000,0.9871226878587805,141
c_cpp,CWE-665,010000,426,1,0.002347417840375587,64,57,0,000000,0.9871226878587805,141
c_cpp,CWE-665,010001,0,0,,64,57,0,000000,0.9871226878587805,141
c_cpp,CWE-665,010010,0,0,,64,57,0,000000,0.9871226878587805,141
c_cpp,CWE-665,010011,0,0,,64,57,0,000000,0.9871226878587805,141
c_cpp,CWE-665,010100,4,0,0.0,64,57,0,000000,0.9871226878587805,141
c_cpp,CWE-665,010101,0,0,,64,57,0,000000,0.9871226878587805,141
c_cpp,CWE-665,010110,0,0,,64,57,0,000000,0.9871226878587805,141
c_cpp,CWE-665,010111,0,0,,64,57,0,000000,0.9871226878587805,141
c_cpp,CWE-665,011000,0,0,,64,57,0,000000,0.9871226878587805,141
c_cpp,CWE-665,011001,0,0,,64,57,0,000000,0.9871226878587805,141
c_cpp,CWE-665,011010,0,0,,64,57,0,000000,0.9871226878587805,141
c_cpp,CWE-665,011011,0,0,,64,57,0,000000,0.9871226878587805,141
c_cpp,CWE-665,011100,0,0,,64,57,0,000000,0.9871226878587805,141
c_cpp,CWE-665,011101,0,0,,64,57,0,000000,0.9871226878587805,141
c_cpp,CWE-665,011110,0,0,,64,57,0,000000,0.9871226878587805,141
c_cpp,CWE-665,011111,0,0,,64,57,0,000000,0.9871226878587805,141
c_cpp,CWE-665,100000,52,0,0.0,64,57,0,000000,0.9871226878587805,141
c_cpp,CWE-665,100001,0,0,,64,57,0,000000,0.9871226878587805,141
c_cpp,CWE-665,100010,0,0,,64,57,0,000000,0.9871226878587805,141
c_cpp,CWE-665,100011,0,0,,64,57,0,000000,0.9871226878587805,141
c_cpp,CWE-665,100100,40,0,0.0,64,57,0,000000,0.9871226878587805,141
c_cpp,CWE-665,100101,0,0,,64,57,0,000000,0.9871226878587805,141
c_cpp,CWE-665,100110,0,0,,64,57,0,000000,0.9871226878587805,141
c_cpp,CWE-665,100111,0,0,,64,57,0,000000,0.9871226878587805,141
c_cpp,CWE-665,101000,0,0,,64,57,0,000000,0.9871226878587805,141
c_cpp,CWE-665,101001,0,0,,64,57,0,000000,0.9871226878587805,141
c_cpp,CWE-665,101010,0,0,,64,57,0,000000,0.9871226878587805,141
c_cpp,CWE-665,101011,0,0,,64,57,0,000000,0.9871226878587805,141
c_cpp,CWE-665,101100,0,0,,64,57,0,000000,0.9871226878587805,141
c_cpp,CWE-665,101101,0,0,,64,57,0,000000,0.9871226878587805,141
c_cpp,CWE-665,101110,0,0,,64,57,0,000000,0.9871226878587805,141
c_cpp,CWE-665,101111,0,0,,64,57,0,000000,0.9871226878587805,141
c_cpp,CWE-665,110000,5,2,0.4,64,57,0,000000,0.9871226878587805,141
c_cpp,CWE-665,110001,0,0,,64,57,0,000000,0.9871226878587805,141
c_cpp,CWE-665,110010,0,0,,64,57,0,000000,0.9871226878587805,141
c_cpp,CWE-665,110011,0,0,,64,57,0,000000,0.9871226878587805,141
c_cpp,CWE-665,110100,0,0,,64,57,0,000000,0.9871226878587805,141
c_cpp,CWE-665,110101,0,0,,64,57,0,000000,0.9871226878587805,141
c_cpp,CWE-665,110110,0,0,,64,57,0,000000,0.9871226878587805,141
c_cpp,CWE-665,110111,0,0,,64,57,0,000000,0.9871226878587805,141
c_cpp,CWE-665,111000,0,0,,64,57,0,000000,0.9871226878587805,141
c_cpp,CWE-665,111001,0,0,,64,57,0,000000,0.9871226878587805,141
c_cpp,CWE-665,111010,0,0,,64,57,0,000000,0.9871226878587805,141
c_cpp,CWE-665,111011,0,0,,64,57,0,000000,0.9871226878587805,141
c_cpp,CWE-665,111100,0,0,,64,57,0,000000,0.9871226878587805,141
c_cpp,CWE-665,111101,0,0,,64,57,0,000000,0.9871226878587805,141
c_cpp,CWE-665,111110,0,0,,64,57,0,000000,0.9871226878587805,141
c_cpp,CWE-665,111111,0,0,,64,57,0,000000,0.9871226878587805,141
c_cpp,CWE-269,000000,57967,117,0.002018389773491814,64,62,0,000000,0.9992759744177627,117
c_cpp,CWE-269,000001,0,0,,64,62,0,000000,0.9992759744177627,117
c_cpp,CWE-269,000010,0,0,,64,62,0,000000,0.9992759744177627,117
c_cpp,CWE-269,000011,0,0,,64,62,0,000000,0.9992759744177627,117
c_cpp,CWE-269,000100,0,0,,64,62,0,000000,0.9992759744177627,117
c_cpp,CWE-269,000101,0,0,,64,62,0,000000,0.9992759744177627,117
c_cpp,CWE-269,000110,0,0,,64,62,0,000000,0.9992759744177627,117
c_cpp,CWE-269,000111,0,0,,64,62,0,000000,0.9992759744177627,117
c_cpp,CWE-269,001000,42,0,0.0,64,62,0,000000,0.9992759744177627,117
c_cpp,CWE-269,001001,0,0,,64,62,0,000000,0.9992759744177627,117
c_cpp,CWE-269,001010,0,0,,64,62,0,000000,0.9992759744177627,117
c_cpp,CWE-269,001011,0,0,,64,62,0,000000,0.9992759744177627,117
c_cpp,CWE-269,001100,0,0,,64,62,0,000000,0.9992759744177627,117
c_cpp,CWE-269,001101,0,0,,64,62,0,000000,0.9992759744177627,117
c_cpp,CWE-269,001110,0,0,,64,62,0,000000,0.9992759744177627,117
c_cpp,CWE-269,001111,0,0,,64,62,0,000000,0.9992759744177627,117
c_cpp,CWE-269,010000,0,0,,64,62,0,000000,0.9992759744177627,117
c_cpp,CWE-269,010001,0,0,,64,62,0,000000,0.9992759744177627,117
c_cpp,CWE-269,010010,0,0,,64,62,0,000000,0.9992759744177627,117
c_cpp,CWE-269,010011,0,0,,64,62,0,000000,0.9992759744177627,117
c_cpp,CWE-269,010100,0,0,,64,62,0,000000,0.9992759744177627,117
c_cpp,CWE-269,010101,0,0,,64,62,0,000000,0.9992759744177627,117
c_cpp,CWE-269,010110,0,0,,64,62,0,000000,0.9992759744177627,117
c_cpp,CWE-269,010111,0,0,,64,62,0,000000,0.9992759744177627,117
c_cpp,CWE-269,011000,0,0,,64,62,0,000000,0.9992759744177627,117
c_cpp,CWE-269,011001,0,0,,64,62,0,000000,0.9992759744177627,117
c_cpp,CWE-269,011010,0,0,,64,62,0,000000,0.9992759744177627,117
c_cpp,CWE-269,011011,0,0,,64,62,0,000000,0.9992759744177627,117
c_cpp,CWE-269,011100,0,0,,64,62,0,000000,0.9992759744177627,117
c_cpp,CWE-269,011101,0,0,,64,62,0,000000,0.9992759744177627,117
c_cpp,CWE-269,011110,0,0,,64,62,0,000000,0.9992759744177627,117
c_cpp,CWE-269,011111,0,0,,64,62,0,000000,0.9992759744177627,117
c_cpp,CWE-269,100000,0,0,,64,62,0,000000,0.9992759744177627,117
c_cpp,CWE-269,100001,0,0,,64,62,0,000000,0.9992759744177627,117
c_cpp,CWE-269,100010,0,0,,64,62,0,000000,0.9992759744177627,117
c_cpp,CWE-269,100011,0,0,,64,62,0,000000,0.9992759744177627,117
c_cpp,CWE-269,100100,0,0,,64,62,0,000000,0.9992759744177627,117
c_cpp,CWE-269,100101,0,0,,64,62,0,000000,0.9992759744177627,117
c_cpp,CWE-269,100110,0,0,,64,62,0,000000,0.9992759744177627,117
c_cpp,CWE-269,100111,0,0,,64,62,0,000000,0.9992759744177627,117
c_cpp,CWE-269,101000,0,0,,64,62,0,000000,0.9992759744177627,117
c_cpp,CWE-269,101001,0,0,,64,62,0,000000,0.9992759744177627,117
c_cpp,CWE-269,101010,0,0,,64,62,0,000000,0.9992759744177627,117
c_cpp,CWE-269,101011,0,0,,64,62,0,000000,0.9992759744177627,117
c_cpp,CWE-269,101100,0,0,,64,62,0,000000,0.9992759744177627,117
c_cpp,CWE-269,101101,0,0,,64,62,0,000000,0.9992759744177627,117
c_cpp,CWE-269,101110,0,0,,64,62,0,000000,0.9992759744177627,117
c_cpp,CWE-269,101111,0,0,,64,62,0,000000,0.9992759744177627,117
c_cpp,CWE-269,110000,0,0,,64,62,0,000000,0.9992759744177627,117
c_cpp,CWE-269,110001,0,0,,64,62,0,000000,0.9992759744177627,117
c_cpp,CWE-269,110010,0,0,,64,62,0,000000,0.9992759744177627,117
c_cpp,CWE-269,110011,0,0,,64,62,0,000000,0.9992759744177627,117
c_cpp,CWE-269,110100,0,0,,64,62,0,000000,0.9992759744177627,117
c_cpp,CWE-269,110101,0,0,,64,62,0,000000,0.9992759744177627,117
c_cpp,CWE-269,110110,0,0,,64,62,0,000000,0.9992759744177627,117
c_cpp,CWE-269,110111,0,0,,64,62,0,000000,0.9992759744177627,117
c_cpp,CWE-269,111000,0,0,,64,62,0,000000,0.9992759744177627,117
c_cpp,CWE-269,111001,0,0,,64,62,0,000000,0.9992759744177627,117
c_cpp,CWE-269,111010,0,0,,64,62,0,000000,0.9992759744177627,117
c_cpp,CWE-269,111011,0,0,,64,62,0,000000,0.9992759744177627,117
c_cpp,CWE-269,111100,0,0,,64,62,0,000000,0.9992759744177627,117
c_cpp,CWE-269,111101,0,0,,64,62,0,000000,0.9992759744177627,117
c_cpp,CWE-269,111110,0,0,,64,62,0,000000,0.9992759744177627,117
c_cpp,CWE-269,111111,0,0,,64,62,0,000000,0.9992759744177627,117
java,CWE-74,000,6471,549,0.08484005563282336,8,4,0,000,0.7405584802014191,1427
java,CWE-74,001,524,194,0.3702290076335878,8,4,0,000,0.7405584802014191,1427
java,CWE-74,010,0,0,,8,4,0,000,0.7405584802014191,1427
java,CWE-74,011,0,0,,8,4,0,000,0.7405584802014191,1427
java,CWE-74,100,784,63,0.08035714285714286,8,4,0,000,0.7405584802014191,1427
java,CWE-74,101,959,621,0.6475495307612096,8,4,0,000,0.7405584802014191,1427
java,CWE-74,110,0,0,,8,4,0,000,0.7405584802014191,1427
java,CWE-74,111,0,0,,8,4,0,000,0.7405584802014191,1427
java,CWE-668,000,8136,1079,0.13262045231071778,8,5,1,000,0.9311055161364157,1097
java,CWE-668,001,1,0,0.0,8,5,1,000,0.9311055161364157,1097
java,CWE-668,010,0,0,,8,5,1,000,0.9311055161364157,1097
java,CWE-668,011,0,0,,8,5,1,000,0.9311055161364157,1097
java,CWE-668,100,601,18,0.029950083194675542,8,5,1,000,0.9311055161364157,1097
java,CWE-668,101,0,0,,8,5,1,000,0.9311055161364157,1097
java,CWE-668,110,0,0,,8,5,1,000,0.9311055161364157,1097
java,CWE-668,111,0,0,,8,5,1,000,0.9311055161364157,1097
java,CWE-287,000,8620,575,0.06670533642691415,8,4,0,000,0.9864957656214237,623
java,CWE-287,001,6,5,0.8333333333333334,8,4,0,000,0.9864957656214237,623
java,CWE-287,010,0,0,,8,4,0,000,0.9864957656214237,623
java,CWE-287,011,0,0,,8,4,0,000,0.9864957656214237,623
java,CWE-287,100,110,41,0.37272727272727274,8,4,0,000,0.9864957656214237,623
java,CWE-287,101,2,2,1.0,8,4,0,000,0.9864957656214237,623
java,CWE-287,110,0,0,,8,4,0,000,0.9864957656214237,623
java,CWE-287,111,0,0,,8,4,0,000,0.9864957656214237,623
java,CWE-345,000,8671,498,0.057432822050513206,8,5,0,000,0.9923323414969101,530
java,CWE-345,001,11,0,0.0,8,5,0,000,0.9923323414969101,530
java,CWE-345,010,0,0,,8,5,0,000,0.9923323414969101,530
java,CWE-345,011,0,0,,8,5,0,000,0.9923323414969101,530
java,CWE-345,100,56,32,0.5714285714285714,8,5,0,000,0.9923323414969101,530
java,CWE-345,101,0,0,,8,5,0,000,0.9923323414969101,530
java,CWE-345,110,0,0,,8,5,0,000,0.9923323414969101,530
java,CWE-345,111,0,0,,8,5,0,000,0.9923323414969101,530
java,CWE-311,000,8221,203,0.024692859749422213,8,4,0,000,0.9408331425955596,386
java,CWE-311,001,291,105,0.36082474226804123,8,4,0,000,0.9408331425955596,386
java,CWE-311,010,0,0,,8,4,0,000,0.9408331425955596,386
java,CWE-311,011,0,0,,8,4,0,000,0.9408331425955596,386
java,CWE-311,100,65,6,0.09230769230769231,8,4,0,000,0.9408331425955596,386
java,CWE-311,101,161,72,0.4472049689440994,8,4,0,000,0.9408331425955596,386
java,CWE-311,110,0,0,,8,4,0,000,0.9408331425955596,386
java,CWE-311,111,0,0,,8,4,0,000,0.9408331425955596,386
java,CWE-327,000,8360,87,0.010406698564593302,8,1,1,000,0.9567406729228657,350
java,CWE-327,001,39,10,0.2564102564102564,8,1,1,000,0.9567406729228657,350
java,CWE-327,010,1,0,0.0,8,1,1,000,0.9567406729228657,350
java,CWE-327,011,15,13,0.8666666666666667,8,1,1,000,0.9567406729228657,350
java,CWE-327,100,217,139,0.6405529953917051,8,1,1,000,0.9567406729228657,350
java,CWE-327,101,95,92,0.968421052631579,8,1,1,000,0.9567406729228657,350
java,CWE-327,110,0,0,,8,1,1,000,0.9567406729228657,350
java,CWE-327,111,11,9,0.8181818181818182,8,1,1,000,0.9567406729228657,350
java,CWE-20,000,7180,327,0.045543175487465185,8,6,0,000,0.8216983291371023,340
java,CWE-20,001,0,0,,8,6,0,000,0.8216983291371023,340
java,CWE-20,010,0,0,,8,6,0,000,0.8216983291371023,340
java,CWE-20,011,0,0,,8,6,0,000,0.8216983291371023,340
java,CWE-20,100,1558,13,0.00834403080872914,8,6,0,000,0.8216983291371023,340
java,CWE-20,101,0,0,,8,6,0,000,0.8216983291371023,340
java,CWE-20,110,0,0,,8,6,0,000,0.8216983291371023,340
java,CWE-20,111,0,0,,8,6,0,000,0.8216983291371023,340
java,CWE-923,000,8737,331,0.03788485750257525,8,6,1,000,0.9998855573357748,331
java,CWE-923,001,0,0,,8,6,1,000,0.9998855573357748,331
java,CWE-923,010,0,0,,8,6,1,000,0.9998855573357748,331
java,CWE-923,011,0,0,,8,6,1,000,0.9998855573357748,331
java,CWE-923,100,1,0,0.0,8,6,1,000,0.9998855573357748,331
java,CWE-923,101,0,0,,8,6,1,000,0.9998855573357748,331
java,CWE-923,110,0,0,,8,6,1,000,0.9998855573357748,331
java,CWE-923,111,0,0,,8,6,1,000,0.9998855573357748,331
java,CWE-706,000,8458,169,0.01998108299834476,8,4,0,000,0.9679560540169375,298
java,CWE-706,001,240,113,0.4708333333333333,8,4,0,000,0.9679560540169375,298
java,CWE-706,010,0,0,,8,4,0,000,0.9679560540169375,298
java,CWE-706,011,0,0,,8,4,0,000,0.9679560540169375,298
java,CWE-706,100,13,0,0.0,8,4,0,000,0.9679560540169375,298
java,CWE-706,101,27,16,0.5925925925925926,8,4,0,000,0.9679560540169375,298
java,CWE-706,110,0,0,,8,4,0,000,0.9679560540169375,298
java,CWE-706,111,0,0,,8,4,0,000,0.9679560540169375,298
java,CWE-285,000,8638,289,0.03345681870803427,8,4,0,000,0.9885557335774777,291
java,CWE-285,001,70,1,0.014285714285714285,8,4,0,000,0.9885557335774777,291
java,CWE-285,010,0,0,,8,4,0,000,0.9885557335774777,291
java,CWE-285,011,0,0,,8,4,0,000,0.9885557335774777,291
java,CWE-285,100,22,1,0.045454545454545456,8,4,0,000,0.9885557335774777,291
java,CWE-285,101,8,0,0.0,8,4,0,000,0.9885557335774777,291
java,CWE-285,110,0,0,,8,4,0,000,0.9885557335774777,291
java,CWE-285,111,0,0,,8,4,0,000,0.9885557335774777,291
java,CWE-610,000,8584,175,0.02038676607642125,8,4,0,000,0.9823758297093156,267
java,CWE-610,001,140,85,0.6071428571428571,8,4,0,000,0.9823758297093156,267
java,CWE-610,010,0,0,,8,4,0,000,0.9823758297093156,267
java,CWE-610,011,0,0,,8,4,0,000,0.9823758297093156,267
java,CWE-610,100,9,2,0.2222222222222222,8,4,0,000,0.9823758297093156,267
java,CWE-610,101,5,5,1.0,8,4,0,000,0.9823758297093156,267
java,CWE-610,110,0,0,,8,4,0,000,0.9823758297093156,267
java,CWE-610,111,0,0,,8,4,0,000,0.9823758297093156,267
java,CWE-400,000,8733,251,0.028741555021184015,8,6,0,000,0.9994277866788739,252
java,CWE-400,001,0,0,,8,6,0,000,0.9994277866788739,252
java,CWE-400,010,0,0,,8,6,0,000,0.9994277866788739,252
java,CWE-400,011,0,0,,8,6,0,000,0.9994277866788739,252
java,CWE-400,100,5,1,0.2,8,6,0,000,0.9994277866788739,252
java,CWE-400,101,0,0,,8,6,0,000,0.9994277866788739,252
java,CWE-400,110,0,0,,8,6,0,000,0.9994277866788739,252
java,CWE-400,111,0,0,,8,6,0,000,0.9994277866788739,252
java,CWE-330,000,8499,31,0.0036474879397576185,8,4,0,000,0.9726482032501717,250
java,CWE-330,001,19,0,0.0,8,4,0,000,0.9726482032501717,250
java,CWE-330,010,0,0,,8,4,0,000,0.9726482032501717,250
java,CWE-330,011,0,0,,8,4,0,000,0.9726482032501717,250
java,CWE-330,100,2,1,0.5,8,4,0,000,0.9726482032501717,250
java,CWE-330,101,218,218,1.0,8,4,0,000,0.9726482032501717,250
java,CWE-330,110,0,0,,8,4,0,000,0.9726482032501717,250
java,CWE-330,111,0,0,,8,4,0,000,0.9726482032501717,250
java,CWE-190,000,8728,136,0.015582034830430797,8,6,0,000,0.9988555733577478,140
java,CWE-190,001,0,0,,8,6,0,000,0.9988555733577478,140
java,CWE-190,010,0,0,,8,6,0,000,0.9988555733577478,140
java,CWE-190,011,0,0,,8,6,0,000,0.9988555733577478,140
java,CWE-190,100,10,4,0.4,8,6,0,000,0.9988555733577478,140
java,CWE-190,101,0,0,,8,6,0,000,0.9988555733577478,140
java,CWE-190,110,0,0,,8,6,0,000,0.9988555733577478,140
java,CWE-190,111,0,0,,8,6,0,000,0.9988555733577478,140
java,CWE-913,000,8659,80,0.009238942141124841,8,5,0,000,0.9909590295262074,107
java,CWE-913,001,76,26,0.34210526315789475,8,5,0,000,0.9909590295262074,107
java,CWE-913,010,0,0,,8,5,0,000,0.9909590295262074,107
java,CWE-913,011,0,0,,8,5,0,000,0.9909590295262074,107
java,CWE-913,100,3,1,0.3333333333333333,8,5,0,000,0.9909590295262074,107
java,CWE-913,101,0,0,,8,5,0,000,0.9909590295262074,107
java,CWE-913,110,0,0,,8,5,0,000,0.9909590295262074,107
java,CWE-913,111,0,0,,8,5,0,000,0.9909590295262074,107
python,CWE-74,0000,8523,902,0.10583128006570457,16,4,0,0000,0.7971380471380471,1679
python,CWE-74,0001,193,70,0.3626943005181347,16,4,0,0000,0.7971380471380471,1679
python,CWE-74,0010,0,0,,16,4,0,0000,0.7971380471380471,1679
python,CWE-74,0011,0,0,,16,4,0,0000,0.7971380471380471,1679
python,CWE-74,0100,195,27,0.13846153846153847,16,4,0,0000,0.7971380471380471,1679
python,CWE-74,0101,39,18,0.46153846153846156,16,4,0,0000,0.7971380471380471,1679
python,CWE-74,0110,0,0,,16,4,0,0000,0.7971380471380471,1679
python,CWE-74,0111,0,0,,16,4,0,0000,0.7971380471380471,1679
python,CWE-74,1000,696,198,0.28448275862068967,16,4,0,0000,0.7971380471380471,1679
python,CWE-74,1001,328,236,0.7195121951219512,16,4,0,0000,0.7971380471380471,1679
python,CWE-74,1010,46,4,0.08695652173913043,16,4,0,0000,0.7971380471380471,1679
python,CWE-74,1011,250,68,0.272,16,4,0,0000,0.7971380471380471,1679
python,CWE-74,1100,92,7,0.07608695652173914,16,4,0,0000,0.7971380471380471,1679
python,CWE-74,1101,277,122,0.4404332129963899,16,4,0,0000,0.7971380471380471,1679
python,CWE-74,1110,4,4,1.0,16,4,0,0000,0.7971380471380471,1679
python,CWE-74,1111,49,23,0.46938775510204084,16,4,0,0000,0.7971380471380471,1679
python,CWE-668,0000,8848,1033,0.116749547920434,16,4,1,0000,0.8275346053123831,1504
python,CWE-668,0001,16,0,0.0,16,4,1,0000,0.8275346053123831,1504
python,CWE-668,0010,614,161,0.26221498371335505,16,4,1,0000,0.8275346053123831,1504
python,CWE-668,0011,1,0,0.0,16,4,1,0000,0.8275346053123831,1504
python,CWE-668,0100,920,177,0.1923913043478261,16,4,1,0000,0.8275346053123831,1504
python,CWE-668,0101,77,47,0.6103896103896104,16,4,1,0000,0.8275346053123831,1504
python,CWE-668,0110,78,15,0.19230769230769232,16,4,1,0000,0.8275346053123831,1504
python,CWE-668,0111,2,1,0.5,16,4,1,0000,0.8275346053123831,1504
python,CWE-668,1000,44,21,0.4772727272727273,16,4,1,0000,0.8275346053123831,1504
python,CWE-668,1001,0,0,,16,4,1,0000,0.8275346053123831,1504
python,CWE-668,1010,70,45,0.6428571428571429,16,4,1,0000,0.8275346053123831,1504
python,CWE-668,1011,0,0,,16,4,1,0000,0.8275346053123831,1504
python,CWE-668,1100,16,1,0.0625,16,4,1,0000,0.8275346053123831,1504
python,CWE-668,1101,0,0,,16,4,1,0000,0.8275346053123831,1504
python,CWE-668,1110,6,3,0.5,16,4,1,0000,0.8275346053123831,1504
python,CWE-668,1111,0,0,,16,4,1,0000,0.8275346053123831,1504
python,CWE-287,0000,10022,709,0.07074436240271403,16,9,0,0000,0.9373363262252151,984
python,CWE-287,0001,17,2,0.11764705882352941,16,9,0,0000,0.9373363262252151,984
python,CWE-287,0010,0,0,,16,9,0,0000,0.9373363262252151,984
python,CWE-287,0011,0,0,,16,9,0,0000,0.9373363262252151,984
python,CWE-287,0100,27,15,0.5555555555555556,16,9,0,0000,0.9373363262252151,984
python,CWE-287,0101,0,0,,16,9,0,0000,0.9373363262252151,984
python,CWE-287,0110,0,0,,16,9,0,0000,0.9373363262252151,984
python,CWE-287,0111,0,0,,16,9,0,0000,0.9373363262252151,984
python,CWE-287,1000,484,200,0.4132231404958678,16,9,0,0000,0.9373363262252151,984
python,CWE-287,1001,12,1,0.08333333333333333,16,9,0,0000,0.9373363262252151,984
python,CWE-287,1010,0,0,,16,9,0,0000,0.9373363262252151,984
python,CWE-287,1011,0,0,,16,9,0,0000,0.9373363262252151,984
python,CWE-287,1100,113,49,0.4336283185840708,16,9,0,0000,0.9373363262252151,984
python,CWE-287,1101,17,8,0.47058823529411764,16,9,0,0000,0.9373363262252151,984
python,CWE-287,1110,0,0,,16,9,0,0000,0.9373363262252151,984
python,CWE-287,1111,0,0,,16,9,0,0000,0.9373363262252151,984
python,CWE-345,0000,10687,644,0.060260129128848136,16,13,0,0000,0.9995323606434717,647
python,CWE-345,0001,2,0,0.0,16,13,0,0000,0.9995323606434717,647
python,CWE-345,0010,0,0,,16,13,0,0000,0.9995323606434717,647
python,CWE-345,0011,0,0,,16,13,0,0000,0.9995323606434717,647
python,CWE-345,0100,3,3,1.0,16,13,0,0000,0.9995323606434717,647
python,CWE-345,0101,0,0,,16,13,0,0000,0.9995323606434717,647
python,CWE-345,0110,0,0,,16,13,0,0000,0.9995323606434717,647
python,CWE-345,0111,0,0,,16,13,0,0000,0.9995323606434717,647
python,CWE-345,1000,0,0,,16,13,0,0000,0.9995323606434717,647
python,CWE-345,1001,0,0,,16,13,0,0000,0.9995323606434717,647
python,CWE-345,1010,0,0,,16,13,0,0000,0.9995323606434717,647
python,CWE-345,1011,0,0,,16,13,0,0000,0.9995323606434717,647
python,CWE-345,1100,0,0,,16,13,0,0000,0.9995323606434717,647
python,CWE-345,1101,0,0,,16,13,0,0000,0.9995323606434717,647
python,CWE-345,1110,0,0,,16,13,0,0000,0.9995323606434717,647
python,CWE-345,1111,0,0,,16,13,0,0000,0.9995323606434717,647
python,CWE-706,0000,10421,431,0.04135879474138758,16,10,0,0000,0.9746539468761691,505
python,CWE-706,0001,21,1,0.047619047619047616,16,10,0,0000,0.9746539468761691,505
python,CWE-706,0010,0,0,,16,10,0,0000,0.9746539468761691,505
python,CWE-706,0011,0,0,,16,10,0,0000,0.9746539468761691,505
python,CWE-706,0100,201,53,0.263681592039801,16,10,0,0000,0.9746539468761691,505
python,CWE-706,0101,15,8,0.5333333333333333,16,10,0,0000,0.9746539468761691,505
python,CWE-706,0110,0,0,,16,10,0,0000,0.9746539468761691,505
python,CWE-706,0111,0,0,,16,10,0,0000,0.9746539468761691,505
python,CWE-706,1000,17,1,0.058823529411764705,16,10,0,0000,0.9746539468761691,505
python,CWE-706,1001,0,0,,16,10,0,0000,0.9746539468761691,505
python,CWE-706,1010,0,0,,16,10,0,0000,0.9746539468761691,505
python,CWE-706,1011,0,0,,16,10,0,0000,0.9746539468761691,505
python,CWE-706,1100,17,11,0.6470588235294118,16,10,0,0000,0.9746539468761691,505
python,CWE-706,1101,0,0,,16,10,0,0000,0.9746539468761691,505
python,CWE-706,1110,0,0,,16,10,0,0000,0.9746539468761691,505
python,CWE-706,1111,0,0,,16,10,0,0000,0.9746539468761691,505
python,CWE-610,0000,10335,398,0.038509917755200775,16,12,0,0000,0.9666105499438833,477
python,CWE-610,0001,250,45,0.18,16,12,0,0000,0.9666105499438833,477
python,CWE-610,0010,0,0,,16,12,0,0000,0.9666105499438833,477
python,CWE-610,0011,0,0,,16,12,0,0000,0.9666105499438833,477
python,CWE-610,0100,54,13,0.24074074074074073,16,12,0,0000,0.9666105499438833,477
python,CWE-610,0101,53,21,0.39622641509433965,16,12,0,0000,0.9666105499438833,477
python,CWE-610,0110,0,0,,16,12,0,0000,0.9666105499438833,477
python,CWE-610,0111,0,0,,16,12,0,0000,0.9666105499438833,477
python,CWE-610,1000,0,0,,16,12,0,0000,0.9666105499438833,477
python,CWE-610,1001,0,0,,16,12,0,0000,0.9666105499438833,477
python,CWE-610,1010,0,0,,16,12,0,0000,0.9666105499438833,477
python,CWE-610,1011,0,0,,16,12,0,0000,0.9666105499438833,477
python,CWE-610,1100,0,0,,16,12,0,0000,0.9666105499438833,477
python,CWE-610,1101,0,0,,16,12,0,0000,0.9666105499438833,477
python,CWE-610,1110,0,0,,16,12,0,0000,0.9666105499438833,477
python,CWE-610,1111,0,0,,16,12,0,0000,0.9666105499438833,477
python,CWE-20,0000,8848,366,0.041365280289330925,16,12,0,0000,0.8275346053123831,460
python,CWE-20,0001,0,0,,16,12,0,0000,0.8275346053123831,460
python,CWE-20,0010,0,0,,16,12,0,0000,0.8275346053123831,460
python,CWE-20,0011,0,0,,16,12,0,0000,0.8275346053123831,460
python,CWE-20,0100,1581,56,0.03542061986084757,16,12,0,0000,0.8275346053123831,460
python,CWE-20,0101,0,0,,16,12,0,0000,0.8275346053123831,460
python,CWE-20,0110,0,0,,16,12,0,0000,0.8275346053123831,460
python,CWE-20,0111,0,0,,16,12,0,0000,0.8275346053123831,460
python,CWE-20,1000,163,35,0.2147239263803681,16,12,0,0000,0.8275346053123831,460
python,CWE-20,1001,0,0,,16,12,0,0000,0.8275346053123831,460
python,CWE-20,1010,0,0,,16,12,0,0000,0.8275346053123831,460
python,CWE-20,1011,0,0,,16,12,0,0000,0.8275346053123831,460
python,CWE-20,1100,100,3,0.03,16,12,0,0000,0.8275346053123831,460
python,CWE-20,1101,0,0,,16,12,0,0000,0.8275346053123831,460
python,CWE-20,1110,0,0,,16,12,0,0000,0.8275346053123831,460
python,CWE-20,1111,0,0,,16,12,0,0000,0.8275346053123831,460
python,CWE-311,0000,10177,336,0.03301562346467525,16,11,0,0000,0.9518331462775907,392
python,CWE-311,0001,357,45,0.12605042016806722,16,11,0,0000,0.9518331462775907,392
python,CWE-311,0010,0,0,,16,11,0,0000,0.9518331462775907,392
python,CWE-311,0011,0,0,,16,11,0,0000,0.9518331462775907,392
python,CWE-311,0100,131,4,0.030534351145038167,16,11,0,0000,0.9518331462775907,392
python,CWE-311,0101,22,5,0.22727272727272727,16,11,0,0000,0.9518331462775907,392
python,CWE-311,0110,0,0,,16,11,0,0000,0.9518331462775907,392
python,CWE-311,0111,0,0,,16,11,0,0000,0.9518331462775907,392
python,CWE-311,1000,0,0,,16,11,0,0000,0.9518331462775907,392
python,CWE-311,1001,5,2,0.4,16,11,0,0000,0.9518331462775907,392
python,CWE-311,1010,0,0,,16,11,0,0000,0.9518331462775907,392
python,CWE-311,1011,0,0,,16,11,0,0000,0.9518331462775907,392
python,CWE-311,1100,0,0,,16,11,0,0000,0.9518331462775907,392
python,CWE-311,1101,0,0,,16,11,0,0000,0.9518331462775907,392
python,CWE-311,1110,0,0,,16,11,0,0000,0.9518331462775907,392
python,CWE-311,1111,0,0,,16,11,0,0000,0.9518331462775907,392
python,CWE-285,0000,10617,341,0.032118300838278234,16,11,0,0000,0.9929854096520763,366
python,CWE-285,0001,17,0,0.0,16,11,0,0000,0.9929854096520763,366
python,CWE-285,0010,0,0,,16,11,0,0000,0.9929854096520763,366
python,CWE-285,0011,0,0,,16,11,0,0000,0.9929854096520763,366
python,CWE-285,0100,22,2,0.09090909090909091,16,11,0,0000,0.9929854096520763,366
python,CWE-285,0101,0,0,,16,11,0,0000,0.9929854096520763,366
python,CWE-285,0110,0,0,,16,11,0,0000,0.9929854096520763,366
python,CWE-285,0111,0,0,,16,11,0,0000,0.9929854096520763,366
python,CWE-285,1000,0,0,,16,11,0,0000,0.9929854096520763,366
python,CWE-285,1001,0,0,,16,11,0,0000,0.9929854096520763,366
python,CWE-285,1010,0,0,,16,11,0,0000,0.9929854096520763,366
python,CWE-285,1011,0,0,,16,11,0,0000,0.9929854096520763,366
python,CWE-285,1100,2,2,1.0,16,11,0,0000,0.9929854096520763,366
python,CWE-285,1101,34,21,0.6176470588235294,16,11,0,0000,0.9929854096520763,366
python,CWE-285,1110,0,0,,16,11,0,0000,0.9929854096520763,366
python,CWE-285,1111,0,0,,16,11,0,0000,0.9929854096520763,366
python,CWE-923,0000,10691,345,0.03227013375736601,16,14,1,0000,0.9999064721286943,346
python,CWE-923,0001,0,0,,16,14,1,0000,0.9999064721286943,346
python,CWE-923,0010,0,0,,16,14,1,0000,0.9999064721286943,346
python,CWE-923,0011,0,0,,16,14,1,0000,0.9999064721286943,346
python,CWE-923,0100,1,1,1.0,16,14,1,0000,0.9999064721286943,346
python,CWE-923,0101,0,0,,16,14,1,0000,0.9999064721286943,346
python,CWE-923,0110,0,0,,16,14,1,0000,0.9999064721286943,346
python,CWE-923,0111,0,0,,16,14,1,0000,0.9999064721286943,346
python,CWE-923,1000,0,0,,16,14,1,0000,0.9999064721286943,346
python,CWE-923,1001,0,0,,16,14,1,0000,0.9999064721286943,346
python,CWE-923,1010,0,0,,16,14,1,0000,0.9999064721286943,346
python,CWE-923,1011,0,0,,16,14,1,0000,0.9999064721286943,346
python,CWE-923,1100,0,0,,16,14,1,0000,0.9999064721286943,346
python,CWE-923,1101,0,0,,16,14,1,0000,0.9999064721286943,346
python,CWE-923,1110,0,0,,16,14,1,0000,0.9999064721286943,346
python,CWE-923,1111,0,0,,16,14,1,0000,0.9999064721286943,346
python,CWE-400,0000,10226,314,0.030706043418736555,16,12,0,0000,0.9564160119715676,343
python,CWE-400,0001,2,0,0.0,16,12,0,0000,0.9564160119715676,343
python,CWE-400,0010,0,0,,16,12,0,0000,0.9564160119715676,343
python,CWE-400,0011,0,0,,16,12,0,0000,0.9564160119715676,343
python,CWE-400,0100,48,8,0.16666666666666666,16,12,0,0000,0.9564160119715676,343
python,CWE-400,0101,0,0,,16,12,0,0000,0.9564160119715676,343
python,CWE-400,0110,0,0,,16,12,0,0000,0.9564160119715676,343
python,CWE-400,0111,0,0,,16,12,0,0000,0.9564160119715676,343
python,CWE-400,1000,416,21,0.05048076923076923,16,12,0,0000,0.9564160119715676,343
python,CWE-400,1001,0,0,,16,12,0,0000,0.9564160119715676,343
python,CWE-400,1010,0,0,,16,12,0,0000,0.9564160119715676,343
python,CWE-400,1011,0,0,,16,12,0,0000,0.9564160119715676,343
python,CWE-400,1100,0,0,,16,12,0,0000,0.9564160119715676,343
python,CWE-400,1101,0,0,,16,12,0,0000,0.9564160119715676,343
python,CWE-400,1110,0,0,,16,12,0,0000,0.9564160119715676,343
python,CWE-400,1111,0,0,,16,12,0,0000,0.9564160119715676,343
python,CWE-669,0000,10648,248,0.02329075882794891,16,14,0,0000,0.9958847736625515,248
python,CWE-669,0001,0,0,,16,14,0,0000,0.9958847736625515,248
python,CWE-669,0010,44,0,0.0,16,14,0,0000,0.9958847736625515,248
python,CWE-669,0011,0,0,,16,14,0,0000,0.9958847736625515,248
python,CWE-669,0100,0,0,,16,14,0,0000,0.9958847736625515,248
python,CWE-669,0101,0,0,,16,14,0,0000,0.9958847736625515,248
python,CWE-669,0110,0,0,,16,14,0,0000,0.9958847736625515,248
python,CWE-669,0111,0,0,,16,14,0,0000,0.9958847736625515,248
python,CWE-669,1000,0,0,,16,14,0,0000,0.9958847736625515,248
python,CWE-669,1001,0,0,,16,14,0,0000,0.9958847736625515,248
python,CWE-669,1010,0,0,,16,14,0,0000,0.9958847736625515,248
python,CWE-669,1011,0,0,,16,14,0,0000,0.9958847736625515,248
python,CWE-669,1100,0,0,,16,14,0,0000,0.9958847736625515,248
python,CWE-669,1101,0,0,,16,14,0,0000,0.9958847736625515,248
python,CWE-669,1110,0,0,,16,14,0,0000,0.9958847736625515,248
python,CWE-669,1111,0,0,,16,14,0,0000,0.9958847736625515,248
python,CWE-913,0000,10394,132,0.012699634404464115,16,9,1,0000,0.9721286943509165,205
python,CWE-913,0001,212,21,0.09905660377358491,16,9,1,0000,0.9721286943509165,205
python,CWE-913,0010,0,0,,16,9,1,0000,0.9721286943509165,205
python,CWE-913,0011,0,0,,16,9,1,0000,0.9721286943509165,205
python,CWE-913,0100,1,1,1.0,16,9,1,0000,0.9721286943509165,205
python,CWE-913,0101,27,24,0.8888888888888888,16,9,1,0000,0.9721286943509165,205
python,CWE-913,0110,0,0,,16,9,1,0000,0.9721286943509165,205
python,CWE-913,0111,0,0,,16,9,1,0000,0.9721286943509165,205
python,CWE-913,1000,3,1,0.3333333333333333,16,9,1,0000,0.9721286943509165,205
python,CWE-913,1001,42,17,0.40476190476190477,16,9,1,0000,0.9721286943509165,205
python,CWE-913,1010,0,0,,16,9,1,0000,0.9721286943509165,205
python,CWE-913,1011,0,0,,16,9,1,0000,0.9721286943509165,205
python,CWE-913,1100,0,0,,16,9,1,0000,0.9721286943509165,205
python,CWE-913,1101,13,9,0.6923076923076923,16,9,1,0000,0.9721286943509165,205
python,CWE-913,1110,0,0,,16,9,1,0000,0.9721286943509165,205
python,CWE-913,1111,0,0,,16,9,1,0000,0.9721286943509165,205
python,CWE-327,0000,10319,42,0.004070161837387344,16,8,0,0000,0.9651141040029929,163
python,CWE-327,0001,17,0,0.0,16,8,0,0000,0.9651141040029929,163
python,CWE-327,0010,0,0,,16,8,0,0000,0.9651141040029929,163
python,CWE-327,0011,0,0,,16,8,0,0000,0.9651141040029929,163
python,CWE-327,0100,98,6,0.061224489795918366,16,8,0,0000,0.9651141040029929,163
python,CWE-327,0101,3,0,0.0,16,8,0,0000,0.9651141040029929,163
python,CWE-327,0110,0,0,,16,8,0,0000,0.9651141040029929,163
python,CWE-327,0111,0,0,,16,8,0,0000,0.9651141040029929,163
python,CWE-327,1000,34,20,0.5882352941176471,16,8,0,0000,0.9651141040029929,163
python,CWE-327,1001,117,74,0.6324786324786325,16,8,0,0000,0.9651141040029929,163
python,CWE-327,1010,0,0,,16,8,0,0000,0.9651141040029929,163
python,CWE-327,1011,0,0,,16,8,0,0000,0.9651141040029929,163
python,CWE-327,1100,9,3,0.3333333333333333,16,8,0,0000,0.9651141040029929,163
python,CWE-327,1101,95,18,0.18947368421052632,16,8,0,0000,0.9651141040029929,163
python,CWE-327,1110,0,0,,16,8,0,0000,0.9651141040029929,163
python,CWE-327,1111,0,0,,16,8,0,0000,0.9651141040029929,163
python,CWE-330,0000,10431,52,0.004985140446745279,16,13,0,0000,0.9755892255892256,150
python,CWE-330,0001,0,0,,16,13,0,0000,0.9755892255892256,150
python,CWE-330,0010,0,0,,16,13,0,0000,0.9755892255892256,150
python,CWE-330,0011,0,0,,16,13,0,0000,0.9755892255892256,150
python,CWE-330,0100,0,0,,16,13,0,0000,0.9755892255892256,150
python,CWE-330,0101,0,0,,16,13,0,0000,0.9755892255892256,150
python,CWE-330,0110,0,0,,16,13,0,0000,0.9755892255892256,150
python,CWE-330,0111,0,0,,16,13,0,0000,0.9755892255892256,150
python,CWE-330,1000,245,93,0.3795918367346939,16,13,0,0000,0.9755892255892256,150
python,CWE-330,1001,0,0,,16,13,0,0000,0.9755892255892256,150
python,CWE-330,1010,0,0,,16,13,0,0000,0.9755892255892256,150
python,CWE-330,1011,0,0,,16,13,0,0000,0.9755892255892256,150
python,CWE-330,1100,16,5,0.3125,16,13,0,0000,0.9755892255892256,150
python,CWE-330,1101,0,0,,16,13,0,0000,0.9755892255892256,150
python,CWE-330,1110,0,0,,16,13,0,0000,0.9755892255892256,150
python,CWE-330,1111,0,0,,16,13,0,0000,0.9755892255892256,150
